time,actual,Persistence,Seasonal naive (1 week),SARIMAX,LSTM,TCN
2013-12-16 00:00:00,232.18988,252.53775,276.07938,257.35786504847107,286.97843497702155,260.8944684061398
2013-12-16 00:10:00,246.45064,232.18988,245.93452,243.5700394367333,266.244303239268,207.634470291315
2013-12-16 00:20:00,214.63658,246.45064,226.85709,246.97729083213142,248.27937929394076,243.29089919355087
2013-12-16 00:30:00,219.90701,214.63658,231.07928,227.252778036335,230.33427417178638,222.3816867984273
2013-12-16 00:40:00,268.1309,219.90701,236.20422,228.09590959093478,217.54462317159195,238.52151358969328
2013-12-16 00:50:00,221.68805,268.1309,176.40648,254.74813551922006,217.58042276986754,248.2564484887477
2013-12-16 01:00:00,222.30826,221.68805,213.44171,234.76525807116838,215.26806764915676,226.43166697512152
2013-12-16 01:10:00,211.72433,222.30826,208.62811,235.37416751068815,213.68434388930584,219.86469284525054
2013-12-16 01:20:00,228.3671,211.72433,341.9561,220.79457154617907,210.86972052857217,215.38037773058292
2013-12-16 01:30:00,209.08351,228.3671,349.9486,229.7489588413389,211.46875580293658,232.1142563490019
2013-12-16 01:40:00,192.91374,209.08351,244.39297,217.79787916192808,209.93261247677867,213.59168748384616
2013-12-16 01:50:00,192.76501,192.91374,172.3614,205.7111463342173,204.9540057181267,197.9950348265964
2013-12-16 02:00:00,206.97308,192.76501,219.67459,198.97570364649394,199.59501135683604,197.48806890979196
2013-12-16 02:10:00,234.10466,206.97308,205.7273,204.64993179528832,197.82856783837545,207.65950739494843
2013-12-16 02:20:00,206.42862,234.10466,150.59215,223.44044340475708,202.95624951792132,220.24724037196862
2013-12-16 02:30:00,206.32529,206.42862,187.87727,212.18471636531763,205.61201430897384,201.31678056639984
2013-12-16 02:40:00,195.2828,206.32529,191.42,210.74109374067757,207.1865642640438,205.75211763300013
2013-12-16 02:50:00,187.51591,195.2828,149.00557,197.91305611068765,205.54504729740455,194.21528400820205
2013-12-16 03:00:00,169.92992,187.51591,184.53839,189.82911629201476,200.95358139996566,194.92950789579314
2013-12-16 03:10:00,193.78354,169.92992,205.91734,174.21163020623524,191.86345843701864,171.34082775779166
2013-12-16 03:20:00,169.874,193.78354,165.02663,184.04523479865085,187.36067426453943,185.22527781515112
2013-12-16 03:30:00,167.73363,169.874,165.94577,169.33249732717118,180.4740110832098,174.34499624238197
2013-12-16 03:40:00,196.84103,167.73363,183.0683,167.0806327324637,173.72170624358563,178.42384901143052
2013-12-16 03:50:00,163.31662,196.84103,168.22723,180.0572421705546,173.680821806654,195.14595869755095
2013-12-16 04:00:00,164.88988,163.31662,163.94128,163.45960282745693,170.1212980995079,177.6211374505869
2013-12-16 04:10:00,213.83914,164.88988,190.2076,163.24601510595318,166.40849752415113,170.75326636912587
2013-12-16 04:20:00,168.66272,213.83914,164.9776,187.19358697825857,171.86898238550947,197.19247561315893
2013-12-16 04:30:00,166.91852,168.66272,161.67197,168.66053443290903,172.3686293495133,173.84496261452963
2013-12-16 04:40:00,187.45837,166.91852,183.61081,168.2615203862779,170.70055642137066,176.32928802021348
2013-12-16 04:50:00,171.63751,187.45837,146.1726,174.32908186664724,172.14557679285096,179.12018761389245
2013-12-16 05:00:00,169.25966,171.63751,163.21098,168.63837330220196,171.64919160895616,172.19238545913336
2013-12-16 05:10:00,178.00412,169.25966,198.71889,168.85554626752034,170.34584390922345,170.34560677366662
2013-12-16 05:20:00,168.92126,178.00412,161.78714,172.6379158886876,171.00027385361872,172.46863587631339
2013-12-16 05:30:00,171.16241,168.92126,182.7754,169.45529394812996,171.16594640873714,171.09703456117202
2013-12-16 05:40:00,205.22343,171.16241,179.76599,172.44951546005274,172.43273682305687,175.21253597908478
2013-12-16 05:50:00,189.87572,205.22343,189.95084,194.67237115163314,181.41362876410804,194.39798321911985
2013-12-16 06:00:00,199.52766,189.87572,200.40225,193.92430977939827,190.95315073265337,188.21805019639635
2013-12-16 06:10:00,182.89713,199.52766,191.18205,206.238263307762,204.08735846886177,206.96209725201194
2013-12-16 06:20:00,229.88231,182.89713,205.05429,196.54876444876135,213.93443843878987,198.53062640747717
2013-12-16 06:30:00,194.64496,229.88231,243.02533,229.13996341844557,232.10101029869335,244.1444500256772
2013-12-16 06:40:00,224.58917,194.64496,275.2578,213.95529264942326,244.2385722769822,218.61632673806164
2013-12-16 06:50:00,237.17328,224.58917,240.74446,239.95435502514235,260.12742441898826,256.8360290234092
2013-12-16 07:00:00,303.32068,237.17328,290.9145,250.8450401816591,278.72947921470234,265.68246800541016
2013-12-16 07:10:00,308.52097,303.32068,344.05566,307.90353223142336,311.87320723531013,324.14827929805153
2013-12-16 07:20:00,344.40997,308.52097,395.54498,331.9899409760862,350.2763893872985,337.6606245300003
2013-12-16 07:30:00,428.8805,344.40997,489.76227,376.70544391464784,395.743009075867,385.9955857369854
2013-12-16 07:40:00,472.67004,428.8805,523.5113,447.8146993415008,458.12097271986886,454.28113440339934
2013-12-16 07:50:00,609.2558,472.67004,586.66754,509.1819581745672,530.8613465910049,508.7012774053562
2013-12-16 08:00:00,728.3173,609.2558,731.9736,637.7226685406495,629.5067667890746,628.6104443742023
2013-12-16 08:10:00,860.0231,728.3173,873.18,764.9901145824896,753.8110075855551,783.416702539217
2013-12-16 08:20:00,1125.8514,860.0231,981.89557,921.3754066714449,902.2278771514807,934.102495648436
2013-12-16 08:30:00,1168.1613,1125.8514,1163.3973,1166.389532749212,1096.0364470948193,1186.9284951258471
2013-12-16 08:40:00,1387.155,1168.1613,1381.5403,1289.7276113474238,1289.0028633138197,1243.406447099773
2013-12-16 08:50:00,1756.5063,1387.155,1767.5266,1516.8775194226478,1489.8646355972162,1493.0437166133738
2013-12-16 09:00:00,2052.4333,1756.5063,1991.6282,1827.5500603354897,1726.8856467790574,1808.1855585978676
2013-12-16 09:10:00,2183.5962,2052.4333,2270.6963,2161.693921878767,1990.5213064202178,2049.596350506875
2013-12-16 09:20:00,2043.3542,2183.5962,2436.95,2395.799741899866,2235.039875112792,2255.028226765428
2013-12-16 09:30:00,2211.981,2043.3542,2475.4377,2367.6116391112323,2370.9787042094217,2114.51731702875
2013-12-16 09:40:00,2340.4595,2211.981,2788.9126,2469.392306652035,2447.6272672370924,2261.45917393861
2013-12-16 09:50:00,2499.4402,2340.4595,2681.9104,2546.09154534426,2488.7453980705914,2362.3676350480705
2013-12-16 10:00:00,2422.3499,2499.4402,2658.678,2695.7081550021417,2526.374602939792,2492.5561554585443
2013-12-16 10:10:00,2569.7798,2422.3499,2825.1472,2673.69082424279,2529.059583100389,2409.7203959526487
2013-12-16 10:20:00,2579.7612,2569.7798,2854.311,2766.738503444408,2545.281984171807,2566.58896993096
2013-12-16 10:30:00,2654.054,2579.7612,2969.631,2761.3547113050586,2562.1325090706287,2598.1141883233963
2013-12-16 10:40:00,2848.7236,2654.054,2935.6755,2816.6058496353253,2591.9086941407995,2649.9176024451936
2013-12-16 10:50:00,2786.2073,2848.7236,3031.4636,2938.677724617131,2660.9583286176253,2743.0589347080213
2013-12-16 11:00:00,2861.6458,2786.2073,3144.189,2923.3226520304615,2721.28433304893,2752.521424035298
2013-12-16 11:10:00,2811.427,2861.6458,3214.7363,2975.336482632328,2784.386623916261,2866.369707502202
2013-12-16 11:20:00,2873.9028,2811.427,3120.809,2923.501126217505,2824.45732275815,2784.197364157132
2013-12-16 11:30:00,2930.763,2873.9028,3138.472,2951.032938629189,2859.483377559349,2873.3924223965973
2013-12-16 11:40:00,3040.112,2930.763,3048.4841,2975.267448277229,2894.7248620070122,2926.936833257819
2013-12-16 11:50:00,3118.577,3040.112,3230.4604,3055.292315750301,2944.0463237267763,2984.310762236387
2013-12-16 12:00:00,2854.6624,3118.577,3164.477,3126.1288482160285,3004.176900351706,3070.9736128625755
2013-12-16 12:10:00,2981.6665,2854.6624,3393.2017,2977.2801364950974,3000.9231922351823,2886.1309592644297
2013-12-16 12:20:00,3125.8438,2981.6665,3336.7927,3022.03261830758,3001.4126532780424,3011.291237603391
2013-12-16 12:30:00,3391.409,3125.8438,3409.2473,3089.585864249011,3027.501487614293,3129.087942077819
2013-12-16 12:40:00,3522.35,3391.409,3823.8647,3308.4831673038266,3109.119772232321,3336.872025280918
2013-12-16 12:50:00,3438.2263,3522.35,3724.2676,3470.0253577022104,3222.654545553524,3420.796606538246
2013-12-16 13:00:00,3530.8872,3438.2263,3743.409,3491.580476551394,3312.730488856763,3414.054522937981
2013-12-16 13:10:00,3249.5356,3530.8872,3872.8955,3564.5164559274535,3393.4973847497727,3504.308542057841
2013-12-16 13:20:00,3270.1116,3249.5356,3649.3113,3385.6597971205288,3390.199072993228,3309.576056329994
2013-12-16 13:30:00,3355.1326,3270.1116,3863.2632,3370.2695549204172,3356.3850023218833,3324.1371957994525
2013-12-16 13:40:00,3163.86,3355.1326,3894.021,3387.309381914817,3327.770855802443,3288.519318206791
2013-12-16 13:50:00,3426.3616,3163.86,3508.3252,3285.11239061696,3263.388542925166,3093.674994014262
2013-12-16 14:00:00,3390.7327,3426.3616,3526.2969,3442.256138808239,3252.854164912466,3223.0499729843796
2013-12-16 14:10:00,3217.6748,3390.7327,3614.6162,3436.934041556367,3254.284201746434,3170.159329195778
2013-12-16 14:20:00,3293.2998,3217.6748,3404.4192,3364.529657751888,3228.534262722408,3134.7364137469403
2013-12-16 14:30:00,3250.9749,3293.2998,3273.331,3377.914284260452,3214.756173796942,3192.4156037162275
2013-12-16 14:40:00,2988.6758,3250.9749,3082.7793,3332.390971016326,3197.072877830465,3160.567479630991
2013-12-16 14:50:00,2891.0244,2988.6758,3062.046,3158.7722794549463,3127.5926843900515,2962.8607160895
2013-12-16 15:00:00,2885.945,2891.0244,3186.2708,3034.2627009617754,3034.3132163584332,2857.337430187294
2013-12-16 15:10:00,3058.1343,2885.945,3026.7527,2963.4676884114483,2948.575727216881,2846.210856482208
2013-12-16 15:20:00,2785.3394,3058.1343,3134.2349,3050.2865781909036,2915.454490083358,2933.7268747388466
2013-12-16 15:30:00,3014.1555,2785.3394,3156.0156,2892.199354393074,2853.2504987262614,2736.4509218819785
2013-12-16 15:40:00,2961.3494,3014.1555,3131.0845,3012.692637820832,2842.831206857337,2896.3578947398137
2013-12-16 15:50:00,2770.283,2961.3494,3036.9766,2961.4117614599427,2839.999496843037,2853.751206981316
2013-12-16 16:00:00,2893.5415,2770.283,3062.7144,2854.7639625421502,2804.6461236322416,2760.5437585972695
2013-12-16 16:10:00,3021.9102,2893.5415,3103.106,2879.968160117631,2788.980566757835,2920.5779062287206
2013-12-16 16:20:00,3028.2185,3021.9102,3020.9905,2937.824831941539,2802.919906060632,2994.599320624184
2013-12-16 16:30:00,3020.55,3028.2185,3159.5354,2973.8180497667677,2824.0476124040956,3027.9301835222727
2013-12-16 16:40:00,2886.4556,3020.55,2995.249,2979.1166911887217,2841.359155412986,2980.44095765141
2013-12-16 16:50:00,2971.2048,2886.4556,3248.5044,2880.1744032568336,2825.314349217387,2883.871703275996
2013-12-16 17:00:00,2918.5886,2971.2048,3000.53,2897.2608415866707,2813.2943875438873,2945.093757231137
2013-12-16 17:10:00,2771.4988,2918.5886,2873.7368,2845.173953272744,2788.8012907591424,2864.3741019868157
2013-12-16 17:20:00,2934.1199,2771.4988,2749.4233,2746.579005253495,2733.0436719829368,2774.5844436138395
2013-12-16 17:30:00,2954.7515,2934.1199,2749.5051,2805.174696304352,2705.2234112377955,2825.3836834077706
2013-12-16 17:40:00,2941.6685,2954.7515,2881.8267,2813.13363689621,2690.8381018570876,2837.346828916527
2013-12-16 17:50:00,2747.2112,2941.6685,2945.499,2828.991729489803,2680.2950432129255,2788.171493451953
2013-12-16 18:00:00,2658.7869,2747.2112,2983.1672,2701.784448554207,2635.150894292933,2640.6052687646397
2013-12-16 18:10:00,2650.0586,2658.7869,2645.0142,2606.0765479515244,2568.3297696060376,2561.4982519003374
2013-12-16 18:20:00,2317.725,2650.0586,2781.8098,2550.9834299638937,2501.5416084593653,2470.3710303565526
2013-12-16 18:30:00,2560.4683,2317.725,2494.2607,2322.083669397609,2379.7891184869845,2207.5161680024107
2013-12-16 18:40:00,2174.4463,2560.4683,2094.783,2413.8254933134167,2311.156971346259,2295.906044672094
2013-12-16 18:50:00,2060.1047,2174.4463,2029.7944,2159.0933067028295,2195.7097258893705,2026.88859744506
2013-12-16 19:00:00,2025.3452,2060.1047,2030.2725,2058.887019524621,2070.4657771355505,1916.9124336191026
2013-12-16 19:10:00,1840.871,2025.3452,1825.442,1959.8586080422908,1959.8308751420502,1843.1971236772238
2013-12-16 19:20:00,1864.1748,1840.871,1704.1217,1819.4819434410024,1840.6350003930809,1690.6182132170861
2013-12-16 19:30:00,1815.9197,1864.1748,1528.3425,1797.5101723337534,1749.9377569321312,1697.3966170820647
2013-12-16 19:40:00,1556.177,1815.9197,1483.5333,1742.0473321647978,1677.9652720065376,1624.0987242714016
2013-12-16 19:50:00,1483.828,1556.177,1483.4307,1572.5256212401525,1579.4733427548633,1461.3946229935725
2013-12-16 20:00:00,1350.4186,1483.828,1221.8053,1476.2610893838519,1481.7205151398211,1391.0178695894547
2013-12-16 20:10:00,1286.6216,1350.4186,1334.3075,1340.746508836315,1378.0171630308491,1282.1144741379858
2013-12-16 20:20:00,1215.8221,1286.6216,1260.217,1266.895892843389,1283.0485252774308,1234.5131519241738
2013-12-16 20:30:00,1162.7462,1215.8221,1206.863,1190.943195461894,1197.935088360591,1171.2810933412293
2013-12-16 20:40:00,1167.4231,1162.7462,1146.9244,1135.4934719309485,1125.2387486311884,1135.1653001127836
2013-12-16 20:50:00,962.3014,1167.4231,1149.4872,1117.9912100397269,1073.9917947888298,1136.9334431737072
2013-12-16 21:00:00,951.89545,962.3014,1049.0072,979.6564072469866,1002.6533650689563,982.4811640619239
2013-12-16 21:10:00,927.24634,951.89545,900.2009,940.0536335092536,940.6406275124257,976.0641427486037
2013-12-16 21:20:00,875.95105,927.24634,871.76575,892.0272401137827,889.6133427299613,944.9151640333187
2013-12-16 21:30:00,853.0675,875.95105,921.22363,854.1864995616785,844.2297007462371,863.793507618369
2013-12-16 21:40:00,817.6552,853.0675,896.57965,827.5603976992413,807.31584587972,833.348968106673
2013-12-16 21:50:00,764.6574,817.6552,817.8085,793.8685626957292,775.4089131349258,809.9641116104174
2013-12-16 22:00:00,819.1555,764.6574,795.5941,751.5380809666112,743.06280822095,767.4027971501606
2013-12-16 22:10:00,746.0707,819.1555,838.5775,771.3872592320769,728.077669089174,789.0104971764467
2013-12-16 22:20:00,672.63776,746.0707,798.9358,727.7053508170723,709.6818667846854,733.6008159097703
2013-12-16 22:30:00,686.4749,672.63776,725.1203,678.3873723828536,681.4225464317503,675.489813851014
2013-12-16 22:40:00,691.5769,686.4749,769.7224,665.1843898839497,658.6918638410424,669.7123946000437
2013-12-16 22:50:00,721.8354,691.5769,701.9041,660.417266624678,643.3401448291825,668.0570066528958
2013-12-16 23:00:00,670.4379,721.8354,668.13574,684.0010098476839,640.0802418926444,676.1703394963334
2013-12-16 23:10:00,651.57837,670.4379,726.3212,659.8901474560932,634.0169986228086,636.5671510050531
2013-12-16 23:20:00,609.9294,651.57837,673.22754,646.0380264028876,626.061691600155,613.8600342970194
2013-12-16 23:30:00,588.9925,609.9294,752.71844,610.0514996383084,611.2798692434568,575.0411593916449
2013-12-16 23:40:00,525.4099,588.9925,867.2728,588.4654734825076,593.0313574067023,548.9919446669663
2013-12-16 23:50:00,516.77344,525.4099,619.88666,538.8253168384731,564.1256060949371,501.513644711664
2013-12-17 00:00:00,467.06073,516.77344,644.2115,520.8157406630695,535.8856763466413,483.9922248543988
2013-12-17 00:10:00,495.03104,467.06073,661.13904,478.397486538613,498.03979651833197,550.9248158846452
2013-12-17 00:20:00,440.19058,495.03104,591.2548,487.74783426600976,464.74997161161195,483.1523878120367
2013-12-17 00:30:00,458.8445,440.19058,540.81055,450.0661247513911,436.43029691098536,440.98382969628875
2013-12-17 00:40:00,489.79425,458.8445,601.8876,458.14305666092935,421.54026043749434,468.38922915303544
2013-12-17 00:50:00,408.49872,489.79425,534.22125,472.47013864278523,421.3037550261721,468.67861385373766
2013-12-17 01:00:00,388.28894,408.49872,541.08356,428.60308964397854,414.25277814585115,419.77905627321627
2013-12-17 01:10:00,415.64603,388.28894,536.30084,406.1294567121198,403.9148935164315,399.17226705542726
2013-12-17 01:20:00,387.5084,415.64603,433.90784,407.34289881932665,399.8118232906413,411.6247979966135
2013-12-17 01:30:00,314.92847,387.5084,418.36877,390.17688487819936,393.7940477028924,394.6635106368726
2013-12-17 01:40:00,360.4596,314.92847,460.4586,340.31771929656094,373.85770658302334,340.5615958121337
2013-12-17 01:50:00,302.23495,360.4596,398.83795,352.4855068388132,362.58314256664147,363.87270785263627
2013-12-17 02:00:00,288.7284,302.23495,398.1834,309.8901154732485,344.38387416952395,318.7536055069481
2013-12-17 02:10:00,350.71536,288.7284,422.07727,297.18359129104203,325.305525237225,309.6053265779488
2013-12-17 02:20:00,315.43918,350.71536,398.2468,322.68852466108757,321.55069793420205,341.67104926056766
2013-12-17 02:30:00,325.187,315.43918,421.91888,308.017261199836,318.19287057617674,322.7981844616375
2013-12-17 02:40:00,376.63162,325.187,428.82968,317.0218958242757,318.68749374244686,332.14245546216966
2013-12-17 02:50:00,344.88116,376.63162,385.66125,342.1837560606715,330.16271198237405,360.376800120173
2013-12-17 03:00:00,306.31808,344.88116,410.02798,331.75623810277364,339.04330729084654,334.8569771096387
2013-12-17 03:10:00,379.13046,306.31808,477.56613,308.5238653908068,337.91344526138874,310.346994850806
2013-12-17 03:20:00,325.17874,379.13046,357.63818,339.57542835893094,346.414881537589,359.74456077694015
2013-12-17 03:30:00,319.2871,325.17874,367.98383,311.5103546581279,346.14196518145275,330.81437643910414
2013-12-17 03:40:00,333.00015,319.2871,467.186,309.39228860011343,341.26567208425826,330.7955760595529
2013-12-17 03:50:00,284.91956,333.00015,382.32745,307.4747195464771,337.5107863316624,333.7855016880275
2013-12-17 04:00:00,282.09207,284.91956,364.37384,278.49755870314743,324.4678776988412,304.13202518277933
2013-12-17 04:10:00,316.85693,282.09207,419.83234,270.5938418375599,309.94492017416985,292.79681641845394
2013-12-17 04:20:00,279.53867,316.85693,373.24265,283.293285279886,304.178331595039,311.2476249894409
2013-12-17 04:30:00,316.08957,279.53867,377.11298,266.5262299740556,295.748719253314,287.5342218064188
2013-12-17 04:40:00,313.36972,316.08957,409.1055,288.4590296198623,295.6434084920897,311.30735049006364
2013-12-17 04:50:00,296.68118,313.36972,352.69434,287.9691047058578,298.6597221482223,305.9322644059805
2013-12-17 05:00:00,290.39072,296.68118,394.31927,284.8747996757878,299.9408545373727,301.09423742283684
2013-12-17 05:10:00,339.114,290.39072,442.62045,279.5298534824825,299.3375007119695,292.3856541325083
2013-12-17 05:20:00,308.09247,339.114,371.55872,307.2105536250655,307.19868752456466,325.65373907863676
2013-12-17 05:30:00,294.46112,308.09247,394.11264,298.4161382555982,311.5772405854992,291.4247556889284
2013-12-17 05:40:00,315.0319,294.46112,445.37726,295.52756398096614,311.61897599465203,284.79989383101116
2013-12-17 05:50:00,331.99133,315.0319,408.03943,304.4735061919046,314.1307596234185,302.0831261343959
2013-12-17 06:00:00,317.041,331.99133,436.78827,320.0623686795937,320.8764162338303,313.97392932228774
2013-12-17 06:10:00,330.7334,317.041,462.7917,321.2664463340768,326.6012071654795,306.67598250509417
2013-12-17 06:20:00,338.5261,330.7334,374.1717,334.7115299159569,335.3769849260849,319.5080031231042
2013-12-17 06:30:00,311.98495,338.5261,411.68982,344.158827324184,347.42003396589706,330.7487238106225
2013-12-17 06:40:00,377.2446,311.98495,554.008,334.6502268959992,355.6727592911986,320.8942003446574
2013-12-17 06:50:00,364.60797,377.2446,422.6603,379.23191974101894,377.49285960608336,368.22074804638453
2013-12-17 07:00:00,463.99982,364.60797,521.6469,383.28538421241456,402.20964715894405,362.3913122170197
2013-12-17 07:10:00,515.5596,463.99982,610.34106,465.53297869843794,449.03171923300835,453.97953210097853
2013-12-17 07:20:00,516.2354,515.5596,605.98047,523.134064738823,514.4214195495241,509.3177597880127
2013-12-17 07:30:00,538.05585,516.2354,710.80786,561.9856576392766,584.6715679387764,534.6741322052537
2013-12-17 07:40:00,723.5852,538.05585,720.6791,593.3222162426671,654.1970910536972,575.3246634649971
2013-12-17 07:50:00,763.5819,723.5852,789.74915,729.5978920543366,755.2479791913215,759.248472026814
2013-12-17 08:00:00,728.24445,763.5819,841.2559,807.4984634419815,866.3723800306672,814.5825986524142
2013-12-17 08:10:00,929.1893,728.24445,956.50635,836.3721975211855,956.3712739978973,866.261478808409
2013-12-17 08:20:00,1197.8625,929.1893,1218.9791,982.9513562362945,1067.8258933652141,1068.528488770666
2013-12-17 08:30:00,1237.7401,1197.8625,1382.5034,1202.1920629545712,1226.1727094893006,1364.2297621813343
2013-12-17 08:40:00,1657.8984,1237.7401,1705.9255,1340.7108741293923,1390.2450680391676,1430.213374642942
2013-12-17 08:50:00,1860.2917,1657.8984,1912.6588,1699.6223131576276,1618.9135124670136,1799.1023157619215
2013-12-17 09:00:00,2083.8604,1860.2917,2249.3953,1935.1361932556995,1879.8537006516474,1996.8773544833407
2013-12-17 09:10:00,2054.5942,2083.8604,2400.3564,2226.8143203404384,2154.874750575854,2191.9907709815857
2013-12-17 09:20:00,2340.449,2054.5942,2539.6401,2285.1507518164426,2366.697782136206,2215.946574256263
2013-12-17 09:30:00,2494.3694,2340.449,2770.318,2512.500422770772,2554.816393564775,2422.3266630592952
2013-12-17 09:40:00,2697.0933,2494.3694,3009.702,2654.0921583007257,2705.790406808997,2535.951116157029
2013-12-17 09:50:00,2653.805,2697.0933,2820.3381,2864.9185868973814,2836.1196606671424,2675.681321881375
2013-12-17 10:00:00,2913.4268,2653.805,3073.12,2882.407031607917,2905.0200913455665,2647.009510144475
2013-12-17 10:10:00,2943.0493,2913.4268,3108.1572,3066.881763359276,2977.983083479884,2854.328245826338
2013-12-17 10:20:00,2912.6917,2943.0493,2928.0945,3102.379910677764,3030.5773433194777,2908.191957098561
2013-12-17 10:30:00,2882.792,2912.6917,3088.049,3109.5481366800545,3051.4550350171903,2931.4647506344945
2013-12-17 10:40:00,2897.9875,2882.792,3266.7996,3061.7271751112007,3043.8022759631335,2911.5474819232822
2013-12-17 10:50:00,3178.6436,2897.9875,3105.3557,3035.553043080535,3025.600045676427,2770.746405550822
2013-12-17 11:00:00,2957.539,3178.6436,3462.975,3194.552645212822,3060.8461280696106,3011.0957148670436
2013-12-17 11:10:00,3091.1826,2957.539,3348.6824,3080.9812338017528,3063.289880316342,2978.849157382059
2013-12-17 11:20:00,2935.6855,3091.1826,3118.5852,3159.602823242001,3084.8430021101644,3038.465407148947
2013-12-17 11:30:00,3038.8823,2935.6855,3280.457,3025.452756857685,3075.7309557027065,2965.43297614345
2013-12-17 11:40:00,3033.9995,3038.8823,3413.7861,3074.4248855703772,3080.5398180414054,3043.239815818488
2013-12-17 11:50:00,3046.005,3033.9995,3309.9812,3051.5988715074564,3087.1456746548834,3071.7873385756134
2013-12-17 12:00:00,3170.3352,3046.005,3290.3904,3068.335692117075,3097.098507533532,3104.115982965774
2013-12-17 12:10:00,3287.0544,3170.3352,3776.5876,3144.1733068335616,3131.938450269342,3211.070151854361
2013-12-17 12:20:00,3273.398,3287.0544,3575.1233,3240.6639628608614,3191.9664002313957,3290.7474356131356
2013-12-17 12:30:00,3428.1892,3273.398,3868.0183,3274.963981513316,3247.872319176069,3311.177704069363
2013-12-17 12:40:00,3300.2437,3428.1892,3637.4717,3394.553765047512,3321.732829053559,3383.8714450854627
2013-12-17 12:50:00,3524.26,3300.2437,3817.0593,3341.175008261326,3359.614677492961,3353.657985909713
2013-12-17 13:00:00,3532.3972,3524.26,4082.4956,3495.686337937054,3419.0476568936565,3529.096974986533
2013-12-17 13:10:00,3420.4387,3532.3972,3859.2788,3526.3090939540143,3469.980530942041,3494.6574905040807
2013-12-17 13:20:00,3283.0588,3420.4387,3974.8708,3502.52355029585,3483.372255125958,3395.3364911888334
2013-12-17 13:30:00,3427.2715,3283.0588,3688.9468,3400.8316154204117,3449.635043308983,3360.3085621479227
2013-12-17 13:40:00,3333.6228,3427.2715,3805.796,3459.9364107464335,3430.731678491482,3449.0410547930555
2013-12-17 13:50:00,3423.7214,3333.6228,3894.6758,3408.483166246167,3396.859390995843,3368.971173079761
2013-12-17 14:00:00,3479.524,3423.7214,3811.0085,3483.3521101480897,3382.1692779272234,3414.762614221743
2013-12-17 14:10:00,3253.9463,3479.524,3629.133,3525.9930990887774,3385.691367024055,3455.4477386589365
2013-12-17 14:20:00,3157.2212,3253.9463,3697.1533,3406.5806660775324,3350.943371992335,3314.796482302397
2013-12-17 14:30:00,3336.7227,3157.2212,3382.6753,3312.9298294689743,3291.956064711632,3242.102426162341
2013-12-17 14:40:00,3390.992,3336.7227,3475.0176,3376.6111492553164,3268.804447413951,3341.3241850888926
2013-12-17 14:50:00,3404.924,3390.992,3332.1655,3427.3352255739183,3269.0010810554845,3380.013596419369
2013-12-17 15:00:00,3288.246,3404.924,3371.7673,3476.7592066409147,3280.441759821921,3383.575322561441
2013-12-17 15:10:00,3316.8,3288.246,3388.5874,3406.7793967062676,3271.431227480983,3267.798038715337
2013-12-17 15:20:00,3067.6777,3316.8,3393.719,3400.5121264494965,3261.4537342563935,3265.7790585924727
2013-12-17 15:30:00,3504.3923,3067.6777,3186.8455,3211.244527969892,3200.6538692012673,3080.8910508295594
2013-12-17 15:40:00,3546.8486,3504.3923,3201.1042,3446.2059378693416,3214.537671548949,3332.349089016583
2013-12-17 15:50:00,3474.9421,3546.8486,3245.4646,3498.2166674130494,3251.1105683526816,3297.719407763001
2013-12-17 16:00:00,3474.5676,3474.9421,3246.5747,3527.8261517083915,3276.8099525353077,3205.818099214082
2013-12-17 16:10:00,3764.53,3474.5676,3324.0134,3508.8094007262744,3291.880289000731,3283.763814379167
2013-12-17 16:20:00,3574.8708,3764.53,3021.1975,3667.792889768084,3345.773564636725,3404.523322312388
2013-12-17 16:30:00,3395.2378,3574.8708,3019.6475,3584.49375059238,3362.393996510693,3306.733387210277
2013-12-17 16:40:00,3378.8628,3395.2378,3190.8296,3469.2804437600216,3327.303335046856,3197.927644650723
2013-12-17 16:50:00,3221.6948,3378.8628,3021.987,3383.0423204410436,3272.1182734615613,3191.9365942111735
2013-12-17 17:00:00,3290.868,3221.6948,3179.2832,3236.6313321749335,3184.1535904503344,3109.4202423713077
2013-12-17 17:10:00,3329.6926,3290.868,2976.75,3239.3699860623483,3111.56691589339,3157.0182981163143
2013-12-17 17:20:00,3222.8572,3329.6926,3187.8835,3239.1650387251466,3059.881798266086,3158.641481925188
2013-12-17 17:30:00,3108.7495,3222.8572,2789.059,3180.755532068814,3004.26367066539,3052.0335943295827
2013-12-17 17:40:00,2915.6516,3108.7495,3138.1567,3087.717995222512,2937.1979617089214,2953.020390444401
2013-12-17 17:50:00,2874.3008,2915.6516,2807.501,2920.284506378509,2842.4817956907455,2778.200930565814
2013-12-17 18:00:00,2772.029,2874.3008,2642.5994,2837.251274657138,2748.3002460535504,2732.93861774307
2013-12-17 18:10:00,2927.0054,2772.029,2803.002,2729.8765296645706,2651.235231449895,2645.4992066198947
2013-12-17 18:20:00,2516.4592,2927.0054,2459.8784,2798.8422049823434,2598.0193967052664,2697.2422843756735
2013-12-17 18:30:00,2449.7654,2516.4592,2346.2654,2545.175638680861,2494.1395078536216,2416.727714975609
2013-12-17 18:40:00,2397.9624,2449.7654,2350.6692,2455.851641257778,2386.1242877192353,2347.9499586987235
2013-12-17 18:50:00,2353.126,2397.9624,2046.2084,2347.3842462271473,2285.973248602385,2243.219660342406
2013-12-17 19:00:00,2134.7422,2353.126,1970.6299,2298.790756665189,2199.174180888618,2195.532807772466
2013-12-17 19:10:00,2112.6353,2134.7422,2018.0936,2143.165620532135,2094.679891837707,2029.9245462664373
2013-12-17 19:20:00,1947.939,2112.6353,1925.8717,2085.0361590682514,2003.30155054135,1987.7290346087957
2013-12-17 19:30:00,1829.2688,1947.939,1726.6337,1941.9412643813935,1903.6490524371793,1860.829051682998
2013-12-17 19:40:00,1907.5634,1829.2688,1777.698,1834.471884609319,1801.2697534064268,1772.0656306571225
2013-12-17 19:50:00,1698.4342,1907.5634,1543.2426,1837.7136032046722,1732.7890558881604,1788.5364678543474
2013-12-17 20:00:00,1633.7745,1698.4342,1498.7781,1699.2050643568036,1651.297147296803,1629.6513106377959
2013-12-17 20:10:00,1544.1361,1633.7745,1489.2349,1634.6069926377404,1573.3812294502554,1565.0246245371095
2013-12-17 20:20:00,1431.9977,1544.1361,1361.1584,1533.8364228515115,1496.0924176634915,1477.9200540865334
2013-12-17 20:30:00,1385.2743,1431.9977,1210.2972,1436.247447992912,1414.9407392988824,1392.8497744074843
2013-12-17 20:40:00,1527.569,1385.2743,1291.0726,1373.0953677099271,1341.5177385517002,1344.81399159086
2013-12-17 20:50:00,1436.9327,1527.569,1233.8784,1434.6924776380583,1309.684116240882,1416.6640876450363
2013-12-17 21:00:00,1300.8354,1436.9327,1094.7842,1395.1399317682913,1283.1932079343308,1339.7535893185482
2013-12-17 21:10:00,1182.8038,1300.8354,1126.535,1315.7658720808538,1243.1076967258796,1249.353382912155
2013-12-17 21:20:00,1130.9697,1182.8038,1064.3871,1202.499688620063,1185.9556190736807,1160.1810997736757
2013-12-17 21:30:00,1155.9694,1130.9697,939.28357,1128.802534559601,1124.9725227798579,1089.2365398813165
2013-12-17 21:40:00,1180.3082,1155.9694,1055.847,1117.314336964281,1078.9755311165072,1095.8528430247577
2013-12-17 21:50:00,978.6412,1180.3082,911.88196,1128.5203228113337,1051.1929670023985,1107.7268126816662
2013-12-17 22:00:00,988.71124,978.6412,977.26953,1008.0448690245773,1000.2442761173999,961.9107239139641
2013-12-17 22:10:00,1085.068,988.71124,1018.9928,985.5559063170784,956.2632046731848,962.0618716403811
2013-12-17 22:20:00,1033.1768,1085.068,990.019,1016.2588386873224,939.1252386785332,1004.2377653979735
2013-12-17 22:30:00,944.34955,1033.1768,940.1659,1004.4321232861096,926.628518860747,958.596676977003
2013-12-17 22:40:00,942.01935,944.34955,865.2565,956.4153504619709,904.9782022760587,889.742313023793
2013-12-17 22:50:00,967.8114,942.01935,779.14954,933.6418119738098,884.9712874699122,868.5486449416147
2013-12-17 23:00:00,1005.8289,967.8114,696.9023,937.2488593282045,873.6815271408782,863.5808249327398
2013-12-17 23:10:00,907.1661,1005.8289,730.4628,967.6773402284452,874.4313287601743,872.8608449040765
2013-12-17 23:20:00,756.8508,907.1661,765.42554,918.4232918891593,863.1884472670923,799.9743712691044
2013-12-17 23:30:00,723.3758,756.8508,663.6351,809.8009617432624,821.8058900657144,701.3948751788965
2013-12-17 23:40:00,765.8622,723.3758,667.4697,750.1500807551697,771.798188157027,668.7680037529931
2013-12-17 23:50:00,716.9842,765.8622,690.7701,750.515124553485,736.0914147023722,682.3746181333001
2013-12-18 00:00:00,661.3385,716.9842,559.17334,723.1136035439409,703.2798160321014,639.7643270111788
2013-12-18 00:10:00,632.7722,661.3385,619.6598,686.9094406333593,627.8252110662273,704.9955306091242
2013-12-18 00:20:00,580.1305,632.7722,583.0513,652.1595898669483,571.8902007284008,599.759973823447
2013-12-18 00:30:00,556.2925,580.1305,533.50867,604.5229707826978,532.8288816986668,587.3372231837307
2013-12-18 00:40:00,602.6932,556.2925,569.07336,575.815320312034,508.54522677158263,552.3336971843452
2013-12-18 00:50:00,549.747,602.6932,581.9292,593.5388864068856,505.1351071620963,598.8464249068018
2013-12-18 01:00:00,485.12848,549.747,545.35425,563.6073504645809,504.29123626223344,558.522795198507
2013-12-18 01:10:00,531.8049,485.12848,482.79617,518.4153630241489,495.793130348917,491.4342086828062
2013-12-18 01:20:00,523.7163,531.8049,525.0744,528.9334985055475,495.3541066924057,511.3036261631308
2013-12-18 01:30:00,457.69116,523.7163,425.48038,520.1943225565781,496.28948659835766,520.833774221747
2013-12-18 01:40:00,520.6367,457.69116,409.66486,481.9823360165502,485.93376449637867,475.67819252203316
2013-12-18 01:50:00,493.67102,520.6367,425.38522,508.33547413433405,485.04286987180683,508.8689979721781
2013-12-18 02:00:00,406.3178,493.67102,397.72202,489.21079031946215,482.2232548038934,487.54797212044656
2013-12-18 02:10:00,450.19852,406.3178,483.91452,434.96754556503856,462.732800643602,425.26647603583416
2013-12-18 02:20:00,436.3538,450.19852,429.68826,442.42831934833663,449.7995971656059,444.7280649391232
2013-12-18 02:30:00,380.04153,436.3538,337.49707,424.6757630362548,438.0803355676469,434.79180425516375
2013-12-18 02:40:00,439.22012,380.04153,400.18402,390.85069098393353,418.68886670057805,398.1894532511194
2013-12-18 02:50:00,414.0453,439.22012,391.16016,413.8411023294278,411.8679379272469,431.79498469660246
2013-12-18 03:00:00,377.93063,414.0453,326.25812,396.7433830513972,406.22028818625034,415.0299937845204
2013-12-18 03:10:00,423.2731,377.93063,381.71393,377.1645512827731,396.37307325549386,393.44837335632104
2013-12-18 03:20:00,431.6105,423.2731,375.24277,392.85782536881067,395.56308206044673,424.15159337203846
2013-12-18 03:30:00,381.568,431.6105,319.0267,397.5073933711549,399.71912174715027,430.1600950283645
2013-12-18 03:40:00,433.5383,381.568,391.66833,373.8635138421159,396.64106387195795,391.4640766115959
2013-12-18 03:50:00,402.70056,433.5383,376.21207,396.8451249918181,401.33574233346843,423.3402482730017
2013-12-18 04:00:00,372.7359,402.70056,308.36282,377.792964297269,402.2564802833279,405.71475372826217
2013-12-18 04:10:00,415.75565,372.7359,372.93994,361.8019269511202,396.3107937992282,388.71710929727374
2013-12-18 04:20:00,406.3473,415.75565,383.0605,377.673760313923,396.8650528780983,410.0836373618112
2013-12-18 04:30:00,371.60526,406.3473,297.95532,374.5638705163728,397.82884766373775,410.09439126525643
2013-12-18 04:40:00,420.7162,371.60526,356.9537,359.38488954555964,392.83803678183824,381.5328006154225
2013-12-18 04:50:00,392.8665,420.7162,364.51663,382.8016378496319,396.0658249331169,404.1159791048198
2013-12-18 05:00:00,370.8636,392.8665,312.10104,370.34969944528336,396.7773505613739,392.44792732868075
2013-12-18 05:10:00,419.274,370.8636,384.06335,362.1555621138751,393.0523554884574,376.28245644803815
2013-12-18 05:20:00,399.49872,419.274,381.5939,386.11788964603704,397.7468192464714,405.61675875580744
2013-12-18 05:30:00,368.65482,399.49872,343.93573,381.93662837358187,401.50177337747965,401.2563110353678
2013-12-18 05:40:00,424.9937,368.65482,395.71906,370.658754924418,399.3144182869433,380.9098088973381
2013-12-18 05:50:00,428.42404,424.9937,398.45816,401.3153654386336,406.6711777454396,419.94867734519875
2013-12-18 06:00:00,389.51395,428.42404,354.03497,412.74300661951565,417.6608472052494,429.3860528927904
2013-12-18 06:10:00,434.3549,389.51395,395.13437,403.1332892480928,422.382905587937,402.0393430084539
2013-12-18 06:20:00,427.3218,434.3549,396.44852,431.0908773872633,434.1194799704504,440.24921617754546
2013-12-18 06:30:00,394.56573,427.3218,364.00824,433.3473416984405,446.4619049879146,441.9562580214154
2013-12-18 06:40:00,496.37943,394.56573,452.62628,423.5408765145394,452.4928261452253,426.19644086979156
2013-12-18 06:50:00,473.81973,496.37943,492.35718,488.9666889753216,477.64562218978557,501.20517400712043
2013-12-18 07:00:00,486.70123,473.81973,463.61295,493.6541688856102,505.1231306312651,486.79801679890807
2013-12-18 07:10:00,599.9542,486.70123,555.06165,524.2792434339933,536.6134041872272,518.0688521674963
2013-12-18 07:20:00,525.7067,599.9542,565.39594,604.652670205942,591.4708755799411,612.5842800918999
2013-12-18 07:30:00,586.37915,525.7067,533.3812,584.8216280995902,636.950801981196,586.2196230175599
2013-12-18 07:40:00,784.0884,586.37915,777.6621,640.9145395631621,689.7267467541217,668.5134548578302
2013-12-18 07:50:00,714.16705,784.0884,904.48895,776.3831351638538,781.2741458042482,844.5455500809951
2013-12-18 08:00:00,779.42487,714.16705,812.20245,789.4119987474022,866.1965262737796,832.9780958393402
2013-12-18 08:10:00,981.38135,779.42487,1016.8386,867.5239599684903,954.4191800682306,950.8209176559188
2013-12-18 08:20:00,1149.291,981.38135,1204.3873,1009.1916029607137,1075.3361561193767,1158.7491449351132
2013-12-18 08:30:00,1348.9604,1149.291,1464.5023,1184.0812223929804,1228.8570477518133,1348.6863563420218
2013-12-18 08:40:00,1568.053,1348.9604,1682.7236,1405.4903975090003,1418.1766263171105,1529.1257713289028
2013-12-18 08:50:00,1768.0126,1568.053,2065.8184,1635.4763332877365,1641.0177075985207,1742.5150830009184
2013-12-18 09:00:00,2023.6375,1768.0126,2095.5393,1860.8280197256656,1882.9762454912807,1927.3012426592306
2013-12-18 09:10:00,2272.9028,2023.6375,2579.7139,2119.8316264494474,2139.9239035050377,2144.4858936427836
2013-12-18 09:20:00,2444.1504,2272.9028,2469.0522,2376.6423237856884,2399.517410485845,2366.5255958745743
2013-12-18 09:30:00,2440.6448,2444.1504,2808.0854,2585.939418488372,2634.434488992351,2503.3263794157333
2013-12-18 09:40:00,2575.3638,2440.6448,2834.619,2650.347655405308,2795.139869434523,2524.3075037940603
2013-12-18 09:50:00,2680.1409,2575.3638,2883.2156,2754.926151969317,2903.5669237861457,2687.331212108616
2013-12-18 10:00:00,2715.6216,2680.1409,3156.2393,2828.4502746979233,2971.3519710034952,2760.798561346278
2013-12-18 10:10:00,2921.397,2715.6216,3191.8455,2873.4923124717675,3001.818099542212,2800.4824829141226
2013-12-18 10:20:00,2777.683,2921.397,3008.322,3012.225104829035,3044.075942797148,2972.603418599381
2013-12-18 10:30:00,2773.9456,2777.683,3253.7097,2933.7205881857763,3043.8492074167752,2888.7984795871293
2013-12-18 10:40:00,2989.9443,2773.9456,3167.403,2915.340834225626,3025.807023422048,2908.4471191018733
2013-12-18 10:50:00,2846.941,2989.9443,3287.4407,3006.7751131147315,3044.746332136921,3146.8941539691164
2013-12-18 11:00:00,2811.0322,2846.941,3249.8015,2928.2643918189333,3041.9513741351666,3079.9444862834575
2013-12-18 11:10:00,3279.4287,2811.0322,3271.0713,2895.0770566048586,3028.273446992424,3025.036349497764
2013-12-18 11:20:00,3163.4817,3279.4287,3329.848,3143.1061829674295,3103.4655495203256,3346.550343938073
2013-12-18 11:30:00,3015.9001,3163.4817,3005.5173,3132.1470151237277,3173.098231072308,3241.236559518623
2013-12-18 11:40:00,3284.274,3015.9001,3142.5615,3084.0213832285467,3204.3411590823953,3153.9442853317573
2013-12-18 11:50:00,3299.7688,3284.274,3158.8928,3198.336836758745,3267.586576138706,3369.8594437404286
2013-12-18 12:00:00,2981.0393,3299.7688,3256.498,3221.3704822060226,3327.232526192005,3405.779643104205
2013-12-18 12:10:00,3214.531,2981.0393,3270.32,3058.1146273799027,3309.508499353135,3238.283793410183
2013-12-18 12:20:00,3171.6145,3214.531,3288.2725,3151.7900220092047,3315.323441112661,3456.33328408511
2013-12-18 12:30:00,3339.469,3171.6145,3452.629,3111.115008745331,3312.023410445179,3449.556388262395
2013-12-18 12:40:00,3410.1052,3339.469,4244.994,3252.2319622810023,3338.9414689212235,3561.479008482521
2013-12-18 12:50:00,3605.2388,3410.1052,4260.2275,3322.965249198394,3382.3161727085544,3634.3131063591873
2013-12-18 13:00:00,3426.0024,3605.2388,3750.691,3493.9762695981644,3459.1392586963198,3770.2099735649113
2013-12-18 13:10:00,3416.0273,3426.0024,3767.8079,3433.859540309534,3497.717867472305,3626.868359219104
2013-12-18 13:20:00,3399.9404,3416.0273,3813.6316,3436.6594693612774,3513.2751255649705,3627.2464173647923
2013-12-18 13:30:00,3227.8003,3399.9404,3723.6978,3402.4319339866547,3508.8712615437485,3597.225115436442
2013-12-18 13:40:00,3338.3108,3227.8003,3712.067,3293.581394217775,3460.242899732723,3423.877822681084
2013-12-18 13:50:00,3355.9119,3338.3108,3390.4854,3339.627848060049,3425.795878413578,3454.1716015462375
2013-12-18 14:00:00,3166.157,3355.9119,3612.8962,3348.103719724833,3401.3405987044516,3440.1434870266335
2013-12-18 14:10:00,3369.87,3166.157,3613.8252,3252.204142381625,3348.473811703094,3259.832241135338
2013-12-18 14:20:00,3113.4395,3369.87,3753.6797,3358.303965539375,3336.273539266605,3370.904595569812
2013-12-18 14:30:00,3275.354,3113.4395,3554.43,3197.5196867234326,3287.8145500367714,3177.3112445707875
2013-12-18 14:40:00,3055.2415,3275.354,3301.1077,3293.9717428580398,3270.3828190070585,3237.8478253477406
2013-12-18 14:50:00,2968.3508,3055.2415,3585.7346,3134.4824394063157,3220.8816674690875,3062.1439001058443
2013-12-18 15:00:00,2976.4426,2968.3508,3514.889,3063.101973391842,3155.840006735249,2977.8039495049275
2013-12-18 15:10:00,2978.9148,2976.4426,3426.4248,3012.4797849332044,3097.9723010658886,2947.0438192988986
2013-12-18 15:20:00,2843.1064,2978.9148,3320.781,2995.3476497674446,3051.946770303969,2949.966848453075
2013-12-18 15:30:00,2873.2676,2843.1064,3710.0723,2901.76710355789,2992.407244888272,2829.380941991606
2013-12-18 15:40:00,3034.583,2873.2676,3245.2976,2889.9607856197467,2946.3808581663916,2821.129226294127
2013-12-18 15:50:00,2952.284,3034.583,3554.6401,2966.316583495335,2940.0480186364534,2909.7851911138487
2013-12-18 16:00:00,2992.3245,2952.284,3284.458,2938.406405421679,2930.8040200086757,2829.2684994718943
2013-12-18 16:10:00,3030.435,2992.3245,3351.186,2966.917300714263,2929.6172431420223,2859.387126163909
2013-12-18 16:20:00,2983.1575,3030.435,3570.2234,2973.3091718261244,2934.081763590526,2885.02429178047
2013-12-18 16:30:00,2836.9736,2983.1575,3497.139,2945.7856128434673,2927.0798536757366,2864.4101810517946
2013-12-18 16:40:00,2978.4666,2836.9736,3293.5796,2839.331052091259,2887.2681478651602,2755.784172608431
2013-12-18 16:50:00,3022.2869,2978.4666,3403.468,2885.322669767179,2865.3496407333664,2825.568378356152
2013-12-18 17:00:00,2991.5867,3022.2869,3537.1838,2902.763697920774,2853.3948771198297,2850.5223152500125
2013-12-18 17:10:00,2801.4204,2991.5867,3291.1863,2906.2677559258746,2837.876178207619,2801.985695356159
2013-12-18 17:20:00,2843.474,2801.4204,3294.8696,2779.273579563887,2787.258539889277,2684.3424346245165
2013-12-18 17:30:00,2739.0618,2843.474,3221.8635,2761.062717840957,2739.2478328310544,2715.3584813868906
2013-12-18 17:40:00,2828.4387,2739.0618,3089.9514,2665.7369961286045,2676.599012835417,2632.491104917203
2013-12-18 17:50:00,2639.4653,2828.4387,2833.1003,2705.0864212369484,2633.586727310994,2681.7762812605984
2013-12-18 18:00:00,2697.9636,2639.4653,2840.237,2581.0429366043395,2567.9187185112855,2563.0747263050453
2013-12-18 18:10:00,2509.298,2697.9636,2752.0376,2596.732674492572,2516.8446246971325,2559.4363322787153
2013-12-18 18:20:00,2373.9258,2509.298,2414.8872,2455.969309772661,2443.3024623464867,2412.81117185328
2013-12-18 18:30:00,2274.869,2373.9258,2488.2773,2346.404843826442,2352.5663641480046,2324.2824341197365
2013-12-18 18:40:00,2122.945,2274.869,2273.6748,2231.213383213383,2254.4782877116772,2232.291144012502
2013-12-18 18:50:00,2104.6555,2122.945,2159.5952,2097.1349808597224,2144.5692675870164,2114.6757680921833
2013-12-18 19:00:00,1954.2174,2104.6555,2318.6895,2044.7856056814412,2049.3025610422105,2077.951001179703
2013-12-18 19:10:00,1900.604,1954.2174,1939.919,1923.4516910053746,1949.7004074618717,1946.4241495089366
2013-12-18 19:20:00,1830.8048,1900.604,1945.4906,1862.0198679715809,1860.466126568639,1890.482322062055
2013-12-18 19:30:00,1645.0162,1830.8048,1910.2908,1786.1338517509764,1779.684464936527,1811.0026545142555
2013-12-18 19:40:00,1657.5729,1645.0162,1762.2177,1648.3994163312218,1685.2324714039953,1663.2630970469008
2013-12-18 19:50:00,1499.5961,1657.5729,1644.4066,1615.109440141194,1609.206733741914,1649.9923534825703
2013-12-18 20:00:00,1415.3047,1499.5961,1674.3566,1488.7174437585295,1525.0232405797958,1513.532303663419
2013-12-18 20:10:00,1484.5228,1415.3047,1552.7039,1410.799483446086,1441.967795953126,1442.5076375643825
2013-12-18 20:20:00,1344.5981,1484.5228,1487.666,1415.531382394916,1387.8089333694654,1452.6651733915808
2013-12-18 20:30:00,1296.4247,1344.5981,1455.7689,1326.1705944655002,1328.8589429840818,1339.4203596243326
2013-12-18 20:40:00,1235.2767,1296.4247,1289.6373,1283.151415491362,1273.9444376459332,1291.2769021378776
2013-12-18 20:50:00,1203.8081,1235.2767,1262.0618,1214.7511631926811,1220.4298895327845,1234.0342044896754
2013-12-18 21:00:00,1060.9435,1203.8081,1341.0243,1177.0161752907525,1172.748396604532,1200.0136530330208
2013-12-18 21:10:00,1170.2113,1060.9435,1188.1857,1070.9458709432004,1110.9360667644432,1092.6643288477967
2013-12-18 21:20:00,993.60364,1170.2113,1358.6355,1110.6178178156697,1076.9758532820492,1146.846444602448
2013-12-18 21:30:00,968.93866,993.60364,1139.7738,995.3650571778421,1026.6302566941279,1013.4761188194334
2013-12-18 21:40:00,1047.5737,968.93866,1067.8315,967.7171964965762,979.1635577739203,995.78462648986
2013-12-18 21:50:00,1083.4265,1047.5737,1082.353,985.592591520099,954.6938351073172,1020.5920651598444
2013-12-18 22:00:00,916.08826,1083.4265,923.44904,1017.9859169508211,947.991786841196,1028.252954620099
2013-12-18 22:10:00,1061.1027,916.08826,953.3142,932.597647178204,921.8708640177317,912.4891157036956
2013-12-18 22:20:00,863.02856,1061.1027,826.1804,1002.3320408461948,920.0375034560046,996.4450622617121
2013-12-18 22:30:00,815.0375,863.02856,816.2497,876.4300844871362,891.2978064945441,862.1870128939868
2013-12-18 22:40:00,800.18884,815.0375,835.46796,836.6019411914101,852.0638418421531,833.3516850646052
2013-12-18 22:50:00,839.25116,800.18884,768.98474,791.4993011797056,813.1019837557004,804.8061936217508
2013-12-18 23:00:00,747.428,839.25116,798.61926,807.7422487940065,788.0497978284433,822.8624162031107
2013-12-18 23:10:00,753.55945,747.428,701.0339,755.7869788245102,756.4987136272384,752.534774062642
2013-12-18 23:20:00,731.6779,753.55945,829.9903,752.6786810810647,731.5707887846257,751.1290824099692
2013-12-18 23:30:00,626.659,731.6779,696.2265,727.3111158196444,709.8685738966741,725.3170234117474
2013-12-18 23:40:00,700.3663,626.659,726.57916,657.7298087792894,674.8950708464787,652.016239774165
2013-12-18 23:50:00,573.64374,700.3663,682.36914,686.124578284533,656.5701361620924,692.852705617607
2013-12-19 00:00:00,551.97705,573.64374,611.50256,601.0089155494627,623.6711905446609,596.89089005101
2013-12-19 00:10:00,509.2812,551.97705,611.83923,578.3626742360951,554.5335677251871,543.0003206420579
2013-12-19 00:20:00,505.89673,509.2812,602.83734,528.2560550122154,503.53058416348915,513.7450745831277
2013-12-19 00:30:00,428.34677,505.89673,572.9258,516.2377202727835,470.5731816849391,506.606802351671
2013-12-19 00:40:00,451.18958,428.34677,589.8599,457.5713364252019,440.5168910054247,454.8920647418869
2013-12-19 00:50:00,433.8096,451.18958,515.5683,459.35859809333147,425.0032841139852,481.63918923603103
2013-12-19 01:00:00,382.50235,433.8096,454.60318,439.5619976995598,416.1661453561726,460.6602191564183
2013-12-19 01:10:00,425.52,382.50235,542.1632,406.0540628026211,404.1218716178217,414.1240668527426
2013-12-19 01:20:00,422.1245,425.52,431.64197,422.10460010096386,402.12514245323047,442.6077542529195
2013-12-19 01:30:00,365.89777,422.1245,422.7875,418.22903808133697,403.6017699509921,433.565017874641
2013-12-19 01:40:00,390.98126,365.89777,467.1225,387.03119496585254,396.5446510133559,393.351108003902
2013-12-19 01:50:00,364.15405,390.98126,413.82062,392.02582783089986,392.7470336459511,416.02307986907925
2013-12-19 02:00:00,346.4092,364.15405,414.0229,368.32164451809854,385.06813931637055,394.18360444610073
2013-12-19 02:10:00,363.6704,346.4092,451.2489,354.6286619880457,374.1326225243546,379.03755054487334
2013-12-19 02:20:00,336.38782,363.6704,392.54187,356.49361590016224,367.1165872957137,389.70115600122983
2013-12-19 02:30:00,334.36816,336.38782,402.98483,337.1962567889823,357.46057009436737,367.5030994424972
2013-12-19 02:40:00,341.22464,334.36816,445.1554,332.0986938864387,348.6992400943532,368.67719068211136
2013-12-19 02:50:00,362.49945,341.22464,375.6043,329.64141151832297,343.1466390692514,376.0914616552901
2013-12-19 03:00:00,318.2502,362.49945,386.63605,341.59228202463817,343.7252041428404,392.2564751118861
2013-12-19 03:10:00,352.77246,318.2502,409.80145,316.6913307444424,338.7177299496151,359.6235066448681
2013-12-19 03:20:00,335.25732,352.77246,375.53616,332.2173779336649,339.5122064099509,386.68039710769904
2013-12-19 03:30:00,325.40125,335.25732,375.90295,318.48112876406975,338.83379523770293,367.5212196532105
2013-12-19 03:40:00,332.80957,325.40125,400.9672,313.62648444193235,336.31981059931053,361.9530708608584
2013-12-19 03:50:00,322.70392,332.80957,361.84726,312.4909055680102,334.96300754404893,365.24106009775613
2013-12-19 04:00:00,294.57678,322.70392,353.20392,305.03418951010354,332.3469376284898,356.0560534576489
2013-12-19 04:10:00,348.22983,294.57678,390.0122,286.5121714016221,324.5138075825021,334.4330442605711
2013-12-19 04:20:00,315.64874,348.22983,358.34814,312.06285489611764,326.3551194830332,370.5368803000466
2013-12-19 04:30:00,298.32684,315.64874,364.88416,297.173005702886,325.51056001807194,348.11145533519215
2013-12-19 04:40:00,366.72327,298.32684,372.5951,290.247948250932,321.5002852576226,334.9939333139101
2013-12-19 04:50:00,309.5078,366.72327,348.94357,323.72767748496227,329.58674202039634,376.36518945568463
2013-12-19 05:00:00,294.11905,309.5078,354.05392,299.4519147079482,330.6985297423548,339.50884295859294
2013-12-19 05:10:00,335.91272,294.11905,378.588,292.9211234993763,327.126097982507,328.1172382417126
2013-12-19 05:20:00,328.00903,335.91272,375.91113,309.2688260270944,330.4413773322963,343.85638090164394
2013-12-19 05:30:00,307.71188,328.00903,348.8511,311.7095878935037,334.47105831299217,362.13946674914655
2013-12-19 05:40:00,398.04947,307.71188,388.7876,307.6095026238527,335.28604501870234,334.6484777611564
2013-12-19 05:50:00,327.98383,398.04947,389.31107,361.3435111577894,352.0105191649318,396.66877502562045
2013-12-19 06:00:00,329.04965,327.98383,365.49173,333.990292151636,360.33059490341486,352.0625586085942
2013-12-19 06:10:00,384.1742,329.04965,414.06406,341.97953026042535,366.4408073221934,354.23645471980495
2013-12-19 06:20:00,277.47937,384.1742,364.88428,370.25047585938125,382.16886990426593,387.780861828272
2013-12-19 06:30:00,274.72568,277.47937,365.6472,312.6265374826227,377.3927104837225,318.4360816147929
2013-12-19 06:40:00,325.9572,274.72568,427.11465,304.75933457422485,368.1173628843721,318.2512562132834
2013-12-19 06:50:00,334.89874,325.9572,401.78748,325.1608371841962,371.78780263014573,356.11462001542463
2013-12-19 07:00:00,386.31302,334.89874,461.42535,344.73391880694373,384.5094328739739,370.7893435799982
2013-12-19 07:10:00,424.3793,386.31302,629.75574,395.75355563687896,414.3134972158794,418.40783793926636
2013-12-19 07:20:00,477.29263,424.3793,476.47272,438.06892731656933,459.79010576045084,462.2529920243245
2013-12-19 07:30:00,715.128,477.29263,553.3329,497.39523027871587,522.3105575675397,521.6579553678627
2013-12-19 07:40:00,884.726,715.128,690.89044,676.0442867031749,634.4778836141676,723.5877873876991
2013-12-19 07:50:00,785.541,884.726,723.0951,857.216896954772,795.5784963560428,879.3988030165268
2013-12-19 08:00:00,678.9755,785.541,790.5578,889.5158881795701,948.9403565309339,838.7701625995235
2013-12-19 08:10:00,819.58746,678.9755,965.3027,825.6906344611925,1044.1751275338167,860.8961074187096
2013-12-19 08:20:00,879.0157,819.58746,1147.6617,892.2372097337633,1125.4233590568172,1026.8529246315768
2013-12-19 08:30:00,1063.2784,879.0157,1346.1465,942.6175018661854,1189.5109659218679,1089.45762262972
2013-12-19 08:40:00,1343.3223,1063.2784,1696.7518,1114.5598594463397,1274.2284454026756,1274.2209707038635
2013-12-19 08:50:00,1527.7472,1343.3223,2050.4805,1354.9398427672256,1409.713732326794,1532.0979898921385
2013-12-19 09:00:00,1859.0157,1527.7472,2252.875,1581.4021846947974,1583.3297664145412,1698.4603033395351
2013-12-19 09:10:00,1937.3192,1859.0157,2388.326,1903.7662730255415,1813.2620099244234,2020.412496863712
2013-12-19 09:20:00,2040.3126,1937.3192,2244.7144,2058.6005722488753,2045.3649540366143,2119.2382712790013
2013-12-19 09:30:00,2293.7756,2040.3126,2694.9998,2203.014555815554,2253.9010694099156,2233.1955331040554
2013-12-19 09:40:00,2391.542,2293.7756,2891.175,2396.5058268993853,2453.3031002571806,2431.5860271943848
2013-12-19 09:50:00,2310.9873,2391.542,2669.509,2515.2269762438295,2614.4341197010826,2529.5731885842124
2013-12-19 10:00:00,2419.8958,2310.9873,3044.6382,2506.4473171957175,2695.7343584433556,2467.74940425521
2013-12-19 10:10:00,2641.6396,2419.8958,2881.6555,2560.591671059783,2739.208570698767,2582.9678593074937
2013-12-19 10:20:00,2614.3936,2641.6396,2858.532,2690.2615433633173,2790.785475865782,2711.4486459032514
2013-12-19 10:30:00,2709.894,2614.3936,3054.1497,2710.482213980436,2819.8025148958004,2692.9584672023516
2013-12-19 10:40:00,2891.0874,2709.894,3245.2678,2785.1545404211447,2851.206438514048,2769.244310051911
2013-12-19 10:50:00,2683.944,2891.0874,3211.1035,2891.7552045090874,2908.32395643002,2913.1210440592295
2013-12-19 11:00:00,2721.842,2683.944,3167.5945,2782.4429161087724,2919.846707140068,2759.070560478567
2013-12-19 11:10:00,2922.3674,2721.842,3685.8828,2780.288435896805,2922.0218166176787,2796.2491126558853
2013-12-19 11:20:00,2925.5017,2922.3674,3145.2349,2861.1986953831347,2955.6072170129964,2929.1114977114494
2013-12-19 11:30:00,2795.0598,2925.5017,3320.9858,2889.5125382975543,2991.9822771722256,2958.7758256845586
2013-12-19 11:40:00,2981.7651,2795.0598,3355.4397,2826.3744214697645,2998.3247157209926,2927.0626908567274
2013-12-19 11:50:00,2826.961,2981.7651,3107.702,2911.2465644708404,3029.9002029047147,3096.8489935684065
2013-12-19 12:00:00,2799.4988,2826.961,3160.2832,2814.1382904467855,3030.0831277737334,2995.597077234925
2013-12-19 12:10:00,3123.9639,2799.4988,3265.9905,2794.5231179788093,3015.7577094938833,2998.841105064876
2013-12-19 12:20:00,3150.1438,3123.9639,3192.5342,2962.7051147268003,3058.843373415834,3220.7578683019506
2013-12-19 12:30:00,3046.8457,3150.1438,3716.7053,3031.0028629969315,3115.0548691971667,3237.439334338622
2013-12-19 12:40:00,3468.6465,3046.8457,3289.129,3028.1235017165172,3148.3193273023576,3180.434960646421
2013-12-19 12:50:00,3090.9265,3468.6465,3166.2246,3280.167628202886,3243.488998142476,3450.5790437284895
2013-12-19 13:00:00,3197.6743,3090.9265,3704.276,3102.565692165237,3265.713813707747,3227.498896526699
2013-12-19 13:10:00,3417.0127,3197.6743,3747.4702,3182.093684630211,3281.1784369710963,3303.141341332367
2013-12-19 13:20:00,2906.8586,3417.0127,3643.8262,3282.1450287650378,3322.3489085661427,3429.4616877666494
2013-12-19 13:30:00,3040.736,2906.8586,3588.603,3016.025039808286,3260.397901978582,3050.608932105178
2013-12-19 13:40:00,3329.926,3040.736,3581.3933,3057.3896710257145,3206.388316070585,3137.2725232464445
2013-12-19 13:50:00,3320.1162,3329.926,3650.208,3184.7675517893476,3209.5636102276794,3265.4741208625633
2013-12-19 14:00:00,3093.6794,3320.1162,3730.5176,3262.079447731455,3226.1850133766197,3256.045055494328
2013-12-19 14:10:00,3205.8438,3093.6794,3513.4746,3168.994269627844,3205.131745519544,3120.193506146332
2013-12-19 14:20:00,2994.403,3205.8438,3587.7686,3203.788556139876,3197.0270560040994,3185.6696542598147
2013-12-19 14:30:00,2840.9158,2994.403,3530.8586,3049.9233437531952,3149.8108106096965,3059.3210183723863
2013-12-19 14:40:00,2868.2761,2840.9158,3593.4714,2930.584807339718,3069.8220924960183,2937.5437012928874
2013-12-19 14:50:00,2783.3262,2868.2761,3327.393,2885.747505189751,2998.181470872968,2928.9238533706807
2013-12-19 15:00:00,2646.1895,2783.3262,3343.565,2806.9080418383305,2924.2118816588422,2877.163895150825
2013-12-19 15:10:00,2663.997,2646.1895,3391.646,2702.737394725016,2838.8704384490798,2766.6895513734135
2013-12-19 15:20:00,2644.556,2663.997,3200.0273,2670.7740639029403,2771.212178386035,2757.4903539956667
2013-12-19 15:30:00,2672.2568,2644.556,3090.5044,2631.8129742293777,2717.6409847656946,2739.0687782799905
2013-12-19 15:40:00,2697.133,2672.2568,3372.3027,2641.6012209515807,2684.4083105394343,2732.752260266846
2013-12-19 15:50:00,2690.9583,2697.133,3388.8025,2650.5093254083235,2667.9593987190597,2736.5085674421025
2013-12-19 16:00:00,2776.7083,2690.9583,3331.8894,2646.4640472279525,2658.099891504785,2732.021790251125
2013-12-19 16:10:00,2705.3882,2776.7083,3287.2761,2693.7916613700327,2665.4355287028684,2879.1552777441307
2013-12-19 16:20:00,2695.6719,2705.3882,3628.3857,2652.5678981325245,2660.947348748268,2814.852766713792
2013-12-19 16:30:00,2693.8855,2695.6719,3514.6807,2638.0878718040344,2649.089598504482,2834.9736741314755
2013-12-19 16:40:00,2853.3987,2693.8855,3188.418,2613.3049354734076,2631.604533440151,2798.351020040276
2013-12-19 16:50:00,2749.047,2853.3987,3206.2322,2700.0395509778614,2637.317888771956,2883.9343321253577
2013-12-19 17:00:00,3048.158,2749.047,3375.474,2653.3853513130407,2625.9845314073896,2815.415217276302
2013-12-19 17:10:00,3068.6235,3048.158,3211.142,2836.1477697466585,2656.944451054031,2951.004211366277
2013-12-19 17:20:00,3087.5913,3068.6235,3238.3196,2874.3159513636047,2691.565163403454,2936.490024203127
2013-12-19 17:30:00,3060.1067,3087.5913,3205.115,2933.2634067488348,2720.874811023046,2938.83962978598
2013-12-19 17:40:00,2897.219,3060.1067,3120.2217,2916.0455177241906,2732.619918563336,2892.939452581729
2013-12-19 17:50:00,2815.6306,2897.219,2936.5264,2807.6754932875338,2702.975987683576,2779.148338084493
2013-12-19 18:00:00,2529.0251,2815.6306,2766.5771,2720.755080172232,2645.838202802727,2705.02425652908
2013-12-19 18:10:00,2245.4712,2529.0251,2604.0144,2498.591897047632,2534.923072346422,2506.16811456061
2013-12-19 18:20:00,2233.3381,2245.4712,2433.6719,2256.448944015891,2376.069676438487,2281.9255343547447
2013-12-19 18:30:00,2286.0046,2233.3381,2555.4153,2159.2888745499863,2231.9130094351494,2249.6159692906504
2013-12-19 18:40:00,2205.617,2286.0046,2385.589,2144.650109982135,2126.955168963676,2217.857118827923
2013-12-19 18:50:00,1936.1971,2205.617,2203.5886,2102.2656014320733,2041.3905701221765,2105.293016444941
2013-12-19 19:00:00,1866.63,1936.1971,2159.7373,1928.20006756116,1935.9600676201849,1905.6853059059674
2013-12-19 19:10:00,1681.9674,1866.63,2062.6765,1828.7585781689381,1836.9117992391332,1812.6902135581613
2013-12-19 19:20:00,1652.0215,1681.9674,1893.613,1661.3674563883599,1726.6369669923301,1645.231214011147
2013-12-19 19:30:00,1538.9087,1652.0215,1753.394,1602.3031916075618,1631.8600004752482,1586.1888048715234
2013-12-19 19:40:00,1475.5173,1538.9087,1936.6428,1499.0981526209985,1540.902375760104,1491.1546322409695
2013-12-19 19:50:00,1352.842,1475.5173,2226.283,1436.6466213391882,1460.2309100837795,1430.1910040908106
2013-12-19 20:00:00,1158.3793,1352.842,1802.0859,1332.2499831945217,1378.3737625831823,1334.6553813822677
2013-12-19 20:10:00,1261.2252,1158.3793,1656.9246,1178.4251732475775,1278.8912086106156,1193.198544613041
2013-12-19 20:20:00,1102.825,1261.2252,1722.0911,1193.135411819263,1214.816086217602,1241.0437970278258
2013-12-19 20:30:00,1114.7931,1102.825,1700.2056,1081.826343769735,1145.248021228083,1118.3907517180107
2013-12-19 20:40:00,1173.9224,1114.7931,1690.7418,1079.4885442962236,1093.3844397698974,1116.1541339839755
2013-12-19 20:50:00,1068.9015,1173.9224,1755.2751,1092.9228099604354,1066.8035801219653,1136.572827907577
2013-12-19 21:00:00,939.7295,1068.9015,1609.5397,1040.5396964843542,1036.9613833389876,1050.006069093939
2013-12-19 21:10:00,1005.54706,939.7295,1541.2902,950.2681524471709,991.1813428534592,965.4212438621297
2013-12-19 21:20:00,993.1734,1005.54706,1549.9976,954.8478706420589,961.2581134847007,993.6651431369387
2013-12-19 21:30:00,919.0538,993.1734,1445.869,938.2286787357408,938.4407546747165,976.0138733761248
2013-12-19 21:40:00,906.56165,919.0538,1480.2122,901.5368992704396,910.5043979718671,911.3035898362903
2013-12-19 21:50:00,883.32166,906.56165,1387.0493,880.1883070471147,884.8522388592322,900.2004979219346
2013-12-19 22:00:00,956.2233,883.32166,1163.2698,852.943932112422,860.4581930496298,869.1616141249525
2013-12-19 22:10:00,833.2599,956.2233,1282.6284,892.797505226382,853.0544587651674,909.9712672442188
2013-12-19 22:20:00,928.9671,833.2599,1168.8207,826.3340751643098,831.9176382194316,824.0703844730662
2013-12-19 22:30:00,825.77673,928.9671,1316.5188,878.5917244241497,827.4430263721018,897.2719887567815
2013-12-19 22:40:00,843.0537,825.77673,1245.0737,812.7613684979655,810.9146533413108,824.9849195421966
2013-12-19 22:50:00,873.6688,843.0537,1059.853,824.0318146479697,797.4086446757445,828.5132737603606
2013-12-19 23:00:00,799.6934,873.6688,1170.3188,831.8503144497765,791.4030019100426,854.7585741091788
2013-12-19 23:10:00,756.8203,799.6934,1056.9801,796.1553293688949,776.4261155749339,792.4166997553743
2013-12-19 23:20:00,680.18646,756.8203,1088.7491,763.5633728864008,754.1819211174868,767.5185746957462
2013-12-19 23:30:00,654.8073,680.18646,1055.6084,697.5133316944829,719.2254596360802,700.8921626153615
2013-12-19 23:40:00,658.9542,654.8073,876.25336,663.8160036336982,682.1655438118875,674.6220592208317
2013-12-19 23:50:00,670.3719,658.9542,858.83167,652.3168796970988,652.0327555360913,665.713787289601
2013-12-20 00:00:00,609.7657,670.3719,799.4636,658.4059531000532,632.1181072355444,667.0599779252323
2013-12-20 00:10:00,572.6031,609.7657,680.00616,624.0643904624645,595.0464678119708,475.3252913804817
2013-12-20 00:20:00,546.6251,572.6031,709.6009,592.7513370449018,570.6623725559092,454.8379806363219
2013-12-20 00:30:00,445.5345,546.6251,808.2946,561.1132619355519,548.9864523548821,547.7511225502467
2013-12-20 00:40:00,416.47784,445.5345,763.7378,483.47877717318437,514.9322995216273,480.2629713213439
2013-12-20 00:50:00,437.19077,416.47784,623.329,443.41552651193206,479.9153934612145,453.50591876874336
2013-12-20 01:00:00,388.0955,437.19077,565.2172,436.8381349156605,456.4685121536213,472.9941362358743
2013-12-20 01:10:00,445.26297,388.0955,567.85,403.50310571836326,432.4823497630904,424.0397904036162
2013-12-20 01:20:00,432.44376,445.26297,526.4194,435.14958118832493,425.49992307515373,470.07846006960676
2013-12-20 01:30:00,399.51376,432.44376,511.06027,428.3384669646878,424.1699608481354,435.48326557221594
2013-12-20 01:40:00,385.19986,399.51376,521.1609,413.85447357073303,420.49853092488394,416.02117869619735
2013-12-20 01:50:00,376.388,385.19986,763.11884,395.51300084556453,414.40736554000927,402.18592628721785
2013-12-20 02:00:00,302.2584,376.388,511.27463,380.61390258958136,406.52331767705505,403.48514097391467
2013-12-20 02:10:00,334.0398,302.2584,536.55066,325.6497911888847,382.94766884177403,357.6114146850394
2013-12-20 02:20:00,321.2563,334.0398,493.5455,331.14432096416795,365.69847613814494,380.1600494898173
2013-12-20 02:30:00,274.6669,321.2563,436.42453,314.96574062040787,350.4183364075432,362.85970310960346
2013-12-20 02:40:00,295.47778,274.6669,469.09525,286.0796859120395,329.4895111735808,318.80365825409814
2013-12-20 02:50:00,303.47922,295.47778,443.4157,288.0237692639078,315.8021095691687,342.50278176401577
2013-12-20 03:00:00,269.95355,303.47922,439.27502,287.3605955657538,308.766151603696,350.0038685569947
2013-12-20 03:10:00,264.63657,269.95355,437.45016,269.6264612230622,299.54663978917375,319.89454210905586
2013-12-20 03:20:00,304.62817,264.63657,417.25034,260.477935390222,291.009871548005,310.444678946513
2013-12-20 03:30:00,258.48502,304.62817,425.89124,277.20484343958435,292.08212974784266,337.3335065115322
2013-12-20 03:40:00,254.43987,258.48502,416.7361,253.71488087221366,287.7784738925269,295.1920267281565
2013-12-20 03:50:00,292.40668,254.43987,390.56473,248.96504500753468,282.21097528288203,286.0254477427486
2013-12-20 04:00:00,244.99835,292.40668,422.24258,263.2927976492356,284.3082709920179,318.00707783380045
2013-12-20 04:10:00,281.62976,244.99835,412.79962,239.75442595088896,279.41215305413266,276.0762294675575
2013-12-20 04:20:00,310.6495,281.62976,414.70383,260.18766155501504,280.7160008455872,302.0436177130385
2013-12-20 04:30:00,270.8539,310.6495,401.36664,275.87315136908023,289.1099493039227,322.032606286188
2013-12-20 04:40:00,288.6706,270.8539,405.09634,263.7820131143621,291.80332738510845,285.1191838866078
2013-12-20 04:50:00,311.6656,288.6706,397.5815,273.6916370683144,295.83231816068246,301.7039461015554
2013-12-20 05:00:00,340.30853,311.6656,394.987,285.4335793017681,303.61733173060827,316.91122260515044
2013-12-20 05:10:00,257.40024,340.30853,405.10483,311.5855971517913,316.9896343212,339.9030733523711
2013-12-20 05:20:00,263.83505,257.40024,408.2998,269.82765092079364,313.769203100971,277.29642372370324
2013-12-20 05:30:00,236.5824,263.83505,397.3356,267.0460213106439,306.82961342455224,298.9760822328754
2013-12-20 05:40:00,278.82315,236.5824,387.08923,240.54817165318005,293.05741291405593,274.2946266268304
2013-12-20 05:50:00,284.65662,278.82315,396.80704,266.25571688739666,289.2935009199759,303.13839915561897
2013-12-20 06:00:00,254.3376,284.65662,410.0318,275.9035413723983,292.3277960290493,312.22663598046654
2013-12-20 06:10:00,276.81293,254.3376,399.1504,268.17793049300474,294.1013116255575,289.9446943345623
2013-12-20 06:20:00,281.8144,276.81293,398.33182,282.13184492679153,302.92299987307854,306.82697375936243
2013-12-20 06:30:00,239.26897,281.8144,416.51047,287.8984433071931,316.804334968994,315.4449899321473
2013-12-20 06:40:00,286.4895,239.26897,431.2732,267.135259094509,323.56948761666393,283.9725321527233
2013-12-20 06:50:00,352.1236,286.4895,467.59067,296.0544811621535,340.5653404170876,337.580313006407
2013-12-20 07:00:00,332.02835,352.1236,536.4737,343.8392060039011,375.5658557924227,398.7653387340724
2013-12-20 07:10:00,333.04712,332.02835,527.4266,358.55929259419224,412.7430273674046,393.6820451847614
2013-12-20 07:20:00,385.95535,333.04712,565.5849,372.4447664789083,448.9372061988879,408.8913896044318
2013-12-20 07:30:00,387.94476,385.95535,583.7432,409.7737098189534,493.71491236680276,469.26179799509805
2013-12-20 07:40:00,561.61523,387.94476,738.5306,426.09731278496696,536.4076230149758,477.02137470542544
2013-12-20 07:50:00,627.85767,561.61523,736.6141,559.6939039504953,614.0628921462787,652.5480018011438
2013-12-20 08:00:00,701.8379,627.85767,772.816,647.2192763158068,713.3381848632699,728.3138561873772
2013-12-20 08:10:00,829.52094,701.8379,941.6675,759.7818183663717,829.4246209109557,814.7313394311283
2013-12-20 08:20:00,994.8754,829.52094,1180.9034,882.866579401757,966.2803451880749,956.4097246807216
2013-12-20 08:30:00,1025.4429,994.8754,1349.8344,1044.3743067500855,1127.791987484946,1125.8420844806365
2013-12-20 08:40:00,1384.3286,1025.4429,1637.9188,1132.3258509443697,1278.3597847336318,1200.3500419531401
2013-12-20 08:50:00,1571.4778,1384.3286,1893.405,1423.5974079887278,1473.913189214843,1534.1475504654547
2013-12-20 09:00:00,1814.9303,1571.4778,2107.0254,1633.9555269626487,1689.5388830619163,1697.993291096386
2013-12-20 09:10:00,2100.2092,1814.9303,2433.9775,1923.4397502647123,1924.029589743213,1953.5175825361976
2013-12-20 09:20:00,2204.1826,2100.2092,2575.4023,2204.332155961274,2175.978006417344,2155.6035847934872
2013-12-20 09:30:00,2249.3416,2204.1826,2659.6443,2377.184007660218,2399.1745298569435,2314.2550732025275
2013-12-20 09:40:00,2339.186,2249.3416,3142.161,2472.428869541199,2560.829113874487,2418.306510156666
2013-12-20 09:50:00,2431.0935,2339.186,3253.2834,2544.773546521002,2664.684851653917,2544.638080770044
2013-12-20 10:00:00,2359.0098,2431.0935,3359.4065,2612.9575221314076,2724.9432159265784,2650.0948599696317
2013-12-20 10:10:00,2436.4668,2359.0098,3022.315,2573.8539033580923,2724.376941636389,2595.444983010032
2013-12-20 10:20:00,2569.6575,2436.4668,3082.0562,2606.593391175638,2709.21546849474,2629.6381081235018
2013-12-20 10:30:00,2629.2473,2569.6575,3058.277,2673.9820249219124,2712.581241003877,2734.281479209814
2013-12-20 10:40:00,2746.3516,2629.2473,2916.8823,2729.9438102323606,2732.0817158584505,2787.131428152989
2013-12-20 10:50:00,2668.5208,2746.3516,3021.5364,2820.4182115880767,2779.122989220916,2841.0136269749537
2013-12-20 11:00:00,2748.2458,2668.5208,3243.3452,2778.1419493489125,2813.1392079959764,2777.29124057475
2013-12-20 11:10:00,2844.245,2748.2458,3167.5994,2816.5101946705095,2854.570624523071,2832.0163247371206
2013-12-20 11:20:00,2771.4475,2844.245,3047.7698,2860.7568038251575,2908.597447787218,2914.567598545276
2013-12-20 11:30:00,2981.772,2771.4475,3121.0283,2827.9010367748924,2941.2581816612887,2861.9454087364534
2013-12-20 11:40:00,3096.7256,2981.772,3108.1877,2953.2113203710287,3002.177310696056,3011.5972986707543
2013-12-20 11:50:00,2980.4053,3096.7256,3030.7083,3039.6473415441315,3080.4990107322637,3124.0350660268496
2013-12-20 12:00:00,2922.0237,2980.4053,3131.748,3013.639557198588,3126.555051891735,3079.5886799769473
2013-12-20 12:10:00,3167.6196,2922.0237,3090.581,2967.2832829245494,3138.970082842472,3060.421413350948
2013-12-20 12:20:00,3094.633,3167.6196,3161.2383,3089.6934625180766,3181.2555742444765,3262.965493364786
2013-12-20 12:30:00,3288.548,3094.633,3170.4456,3075.1673110603074,3205.351000760024,3207.9421317637916
2013-12-20 12:40:00,3428.2275,3288.548,3392.6174,3229.596926774823,3255.9821262100672,3346.4173558339103
2013-12-20 12:50:00,3247.311,3428.2275,3380.4434,3342.4422753847125,3328.305658660708,3445.1949652541393
2013-12-20 13:00:00,3309.42,3247.311,3383.32,3289.5768102052475,3357.623564558976,3333.2638985339768
2013-12-20 13:10:00,3445.0588,3309.42,3526.3325,3326.5253701740144,3376.8669785343527,3358.1923335601464
2013-12-20 13:20:00,3121.759,3445.0588,3477.346,3399.5137374542924,3407.6764632516033,3473.3873634356114
2013-12-20 13:30:00,3351.352,3121.759,3264.6975,3229.531668755131,3367.3430410153373,3268.263588433066
2013-12-20 13:40:00,3261.4307,3351.352,3512.8005,3351.075054002205,3355.7750015808897,3384.4137912163114
2013-12-20 13:50:00,3091.6462,3261.4307,3178.9375,3284.369279470291,3330.6959761548305,3281.2546789612984
2013-12-20 14:00:00,3273.6484,3091.6462,3551.357,3201.2984725090905,3272.9440562379714,3141.0627988522583
2013-12-20 14:10:00,3073.1973,3273.6484,3323.306,3278.564845527664,3250.151953239234,3207.175925088322
2013-12-20 14:20:00,3069.32,3073.1973,3122.6624,3153.2562145691277,3200.726850542797,3067.092707847586
2013-12-20 14:30:00,2959.3398,3069.32,3014.8074,3147.166254647895,3153.9196285885146,3047.0051886714455
2013-12-20 14:40:00,3132.4456,2959.3398,3064.3345,3039.2667231335163,3093.569518776797,2926.3743540547493
2013-12-20 14:50:00,2841.3792,3132.4456,2799.5884,3129.397723021404,3073.251253282517,3082.4148610120806
2013-12-20 15:00:00,2857.4458,2841.3792,3067.5605,2946.1040290117885,3011.6764349034156,2856.099758179562
2013-12-20 15:10:00,2897.9282,2857.4458,2877.0627,2928.8693246573876,2955.2227709367044,2871.3171015587386
2013-12-20 15:20:00,2816.0342,2897.9282,2977.0366,2902.3096111964314,2915.476016856719,2864.668968349604
2013-12-20 15:30:00,2770.797,2816.0342,2901.4243,2850.951159781187,2871.940725443816,2816.320264796414
2013-12-20 15:40:00,3127.0876,2770.797,3032.021,2804.432094499317,2827.2213523497076,2771.5131068420174
2013-12-20 15:50:00,2878.534,3127.0876,2991.5554,2997.5905755366366,2852.635887894813,2985.7946001515074
2013-12-20 16:00:00,3007.1934,2878.534,3018.2166,2884.3135584173,2848.4338143061136,2821.6359422813784
2013-12-20 16:10:00,2896.5752,3007.1934,2935.418,2972.449705218576,2860.9902892719633,3022.9040579440784
2013-12-20 16:20:00,2922.5242,2896.5752,3001.385,2870.2581507150353,2850.514267717705,2891.015133950665
2013-12-20 16:30:00,2883.4846,2922.5242,2816.8564,2876.614408745017,2836.01187756793,2921.3264174598103
2013-12-20 16:40:00,2909.8333,2883.4846,2856.8745,2825.5379748017444,2809.8250533071287,2839.7084022625463
2013-12-20 16:50:00,2684.6575,2909.8333,2928.029,2827.6440382168466,2785.0645575161807,2834.3753095832017
2013-12-20 17:00:00,2849.299,2684.6575,2820.5566,2671.5237255002353,2719.705678162981,2632.2875843583406
2013-12-20 17:10:00,2931.25,2849.299,2787.7178,2730.1030191008845,2681.5625458713193,2705.032480917174
2013-12-20 17:20:00,2573.3013,2931.25,2708.4194,2761.6709794767867,2666.7660831803964,2683.2880569989507
2013-12-20 17:30:00,2515.543,2573.3013,2576.743,2569.8317713087445,2597.106076079753,2433.5354756206825
2013-12-20 17:40:00,2507.9436,2515.543,2478.6794,2478.8195686713525,2514.0219095826983,2376.102703361777
2013-12-20 17:50:00,2226.5347,2507.9436,2518.6484,2402.929303153982,2436.410721470689,2348.353863947875
2013-12-20 18:00:00,2203.5464,2226.5347,2415.1487,2210.390735187992,2321.090255952778,2150.9492797505454
2013-12-20 18:10:00,2082.3489,2203.5464,2369.0005,2144.149435642159,2214.4469297718,2101.724395047476
2013-12-20 18:20:00,1719.538,2082.3489,2246.6716,2018.3485124377114,2107.1411520363026,1986.756569973304
2013-12-20 18:30:00,1901.25,1719.538,2138.8357,1760.3481083194956,1952.24718850698,1717.073362731858
2013-12-20 18:40:00,1769.5542,1901.25,2077.5625,1795.5854442919563,1853.5674680586037,1815.7836848462396
2013-12-20 18:50:00,1628.4906,1769.5542,2111.717,1687.4974700744694,1764.5614161942374,1684.0080557430888
2013-12-20 19:00:00,1499.5221,1628.4906,1779.3568,1605.748814889596,1674.9918519345179,1565.4499859459913
2013-12-20 19:10:00,1488.8445,1499.5221,1646.7855,1480.9036165672478,1581.5498206468635,1446.3371186952631
2013-12-20 19:20:00,1333.2395,1488.8445,1603.5571,1431.3777396269338,1505.1961122638102,1399.9527287270698
2013-12-20 19:30:00,1216.8798,1333.2395,1615.1176,1312.1106316007592,1420.4962920949656,1284.87065288283
2013-12-20 19:40:00,1138.0107,1216.8798,1460.6843,1211.023541561883,1330.4963093171978,1181.9123352284325
2013-12-20 19:50:00,1066.633,1138.0107,1215.1023,1119.1504982523625,1243.0766372866174,1129.514050435298
2013-12-20 20:00:00,1032.1316,1066.633,1214.4001,1043.676040816754,1161.4593583378908,1070.6709200125808
2013-12-20 20:10:00,1043.8257,1032.1316,1161.5159,998.0889997266612,1093.0953409403473,1051.0858423703473
2013-12-20 20:20:00,1009.77686,1043.8257,1136.7039,988.0732071651886,1046.0264445839487,1060.4567475269648
2013-12-20 20:30:00,895.5724,1009.77686,980.2429,963.3071754977999,1010.2444928315971,1035.475926820428
2013-12-20 20:40:00,914.85645,895.5724,981.7706,887.5961763730344,965.9217512611223,938.5841388019057
2013-12-20 20:50:00,885.69586,914.85645,864.0384,875.3732257645519,933.0687672230036,945.2335106004881
2013-12-20 21:00:00,917.4472,885.69586,888.75476,842.5943955453594,904.6391888042067,917.2131558154081
2013-12-20 21:10:00,873.7311,917.4472,951.2629,859.9132903603213,889.8774908398206,938.7397853160014
2013-12-20 21:20:00,781.09576,873.7311,958.4625,833.682656130305,875.2097347095985,897.3246422954693
2013-12-20 21:30:00,800.36523,781.09576,939.4888,773.3724767645554,847.1358830924438,829.7165427617202
2013-12-20 21:40:00,801.47546,800.36523,860.53046,763.6326360652898,824.2405621548565,832.1699196265088
2013-12-20 21:50:00,840.07153,801.47546,897.7283,753.2195805662928,806.7520541798411,824.6292362405353
2013-12-20 22:00:00,769.9396,840.07153,957.78143,780.4138880255722,801.7220794858847,850.9754163058017
2013-12-20 22:10:00,678.9203,769.9396,1022.8386,744.8100742791802,789.8413596379786,791.4468692730339
2013-12-20 22:20:00,827.21454,678.9203,1007.32715,682.3867721641498,761.2838692009515,722.5940063041371
2013-12-20 22:30:00,803.5615,827.21454,872.07306,747.7762849478783,759.8640037315531,825.1647915362313
2013-12-20 22:40:00,721.7792,803.5615,900.0308,745.4536202881905,762.7907782825516,810.0509106680498
2013-12-20 22:50:00,781.7198,721.7792,856.51324,717.5427100593125,753.7489059864293,754.7931866359686
2013-12-20 23:00:00,704.71313,781.7198,954.85394,739.2213726033456,753.8944185642576,794.1434291938187
2013-12-20 23:10:00,847.9294,704.71313,832.85535,690.341513395551,741.780237119658,731.8459710689
2013-12-20 23:20:00,711.7118,847.9294,1034.738,776.5453227855745,753.6646919282905,821.4706805034115
2013-12-20 23:30:00,733.27405,711.7118,898.3605,706.4247738430059,746.453105486709,720.6677127963188
2013-12-20 23:40:00,672.7558,733.27405,857.7001,722.911273576891,739.4157090394723,740.2917673545254
2013-12-20 23:50:00,650.9423,672.7558,788.8826,669.1549413447597,720.4468446246849,669.6805076238226
2013-12-21 00:00:00,660.8228,650.9423,793.41846,676.4760291420547,696.3661964313368,658.9163177694955
2013-12-21 00:10:00,704.2964,660.8228,802.67395,654.2359437931716,728.8449231755177,812.3573873710594
2013-12-21 00:20:00,598.08527,704.2964,970.3756,676.7636953501004,781.8436071204231,818.9576647975578
2013-12-21 00:30:00,612.6435,598.08527,1086.1818,614.8626697016407,795.0840684093907,650.0130686562626
2013-12-21 00:40:00,574.41437,612.6435,1178.2339,614.3324138675181,787.8564281617367,686.819110204338
2013-12-21 00:50:00,538.6332,574.41437,1167.1425,576.1675632731864,757.4369691995474,705.0349976475679
2013-12-21 01:00:00,506.62982,538.6332,1200.1687,549.0867756677894,711.6819482408257,674.7999957109869
2013-12-21 01:10:00,487.7432,506.62982,1227.8322,516.0242947918985,659.4579283396673,669.8738911962366
2013-12-21 01:20:00,479.391,487.7432,1264.9436,492.2237420081274,610.0071472590405,656.1645572160941
2013-12-21 01:30:00,435.40778,479.391,1243.4852,477.73773003646954,569.1875128736572,630.7267052623774
2013-12-21 01:40:00,471.49017,435.40778,1213.6748,443.72026905723385,529.1172620783747,586.7973937551683
2013-12-21 01:50:00,396.91702,471.49017,1388.9012,456.48906183288835,506.0704805072889,609.0001444838734
2013-12-21 02:00:00,348.55618,396.91702,1402.8792,406.08287927547025,476.2064028650882,535.4574551066889
2013-12-21 02:10:00,479.28113,348.55618,1375.7229,365.5441149073062,439.1045576545011,491.00309582694376
2013-12-21 02:20:00,344.19623,479.28113,1477.2783,423.826368188504,433.97974761884024,585.3656789653836
2013-12-21 02:30:00,423.1674,344.19623,1262.0588,352.51162234458434,411.8766321483377,460.517574326211
2013-12-21 02:40:00,399.72092,423.1674,1308.4503,398.8594678687157,406.2060111673265,509.4548755694831
2013-12-21 02:50:00,389.96762,399.72092,1143.7032,374.63825288643915,401.3365284279805,455.1451527489589
2013-12-21 03:00:00,368.22296,389.96762,1071.742,376.04944705883133,395.57113160881966,442.6706449355121
2013-12-21 03:10:00,400.01047,368.22296,950.45825,355.2153743437942,385.0337778486235,408.97780219293423
2013-12-21 03:20:00,342.7416,400.01047,819.4922,367.32513480845347,379.86380742854436,442.58834950991087
2013-12-21 03:30:00,298.15744,342.7416,844.0266,332.433378415969,364.5723341598399,386.6418527383631
2013-12-21 03:40:00,299.0245,298.15744,800.9031,298.4622612817182,338.27828065350946,335.6133757193428
2013-12-21 03:50:00,308.54465,299.0245,761.3478,282.9198503627983,312.9186761893702,329.1958038507236
2013-12-21 04:00:00,347.90204,308.54465,748.6945,281.2193464423316,294.1016639780139,321.1284203270908
2013-12-21 04:10:00,346.21344,347.90204,551.52185,305.25961118736524,288.24172708619636,321.1158329200152
2013-12-21 04:20:00,249.62515,346.21344,509.45538,312.4642476120519,288.718758229064,318.5872936815898
2013-12-21 04:30:00,243.95177,249.62515,415.66904,258.2337683185832,274.124694832694,249.49444554362773
2013-12-21 04:40:00,255.19742,243.95177,363.91605,240.20675612523038,256.8523739673492,243.42184753641772
2013-12-21 04:50:00,206.65225,255.19742,362.79395,233.5407121138295,244.29304208613317,249.68033184411613
2013-12-21 05:00:00,213.54369,206.65225,357.975,205.61758234829435,226.7880524730471,215.97849389358842
2013-12-21 05:10:00,264.47836,213.54369,336.81262,205.0606895712984,214.1141330391552,215.16812245873825
2013-12-21 05:20:00,190.69513,264.47836,338.208,230.08443992978957,215.64961436283775,242.95709579527707
2013-12-21 05:30:00,212.31595,190.69513,327.93304,196.37537751771978,210.01832909035554,201.20044456019556
2013-12-21 05:40:00,240.70879,212.31595,336.60086,208.00244975879266,209.20536858860686,210.7849454210669
2013-12-21 05:50:00,186.1605,240.70879,324.79605,219.70439431488765,216.33022332547125,230.06424425702414
2013-12-21 06:00:00,223.51172,186.1605,311.83902,196.2099364392804,215.48831654622202,201.1854765653491
2013-12-21 06:10:00,219.1896,223.51172,309.30615,218.169843205545,220.36149944601755,221.1015547892157
2013-12-21 06:20:00,205.64354,219.1896,316.28726,215.72314747321423,226.1399086116581,221.3903416573665
2013-12-21 06:30:00,195.75175,205.64354,326.1621,215.74138865849997,229.22905300821427,213.62450988267577
2013-12-21 06:40:00,246.69402,195.75175,346.54614,208.6527323176902,228.90269738907836,199.42937061484542
2013-12-21 06:50:00,202.85002,246.69402,350.05704,240.6247331959743,238.10193160733724,237.95911311542613
2013-12-21 07:00:00,217.66115,202.85002,344.203,221.97635423173872,240.46229979782012,207.6823729377111
2013-12-21 07:10:00,227.7935,217.66115,326.7037,236.2736002387669,243.8927079796557,223.31352763968513
2013-12-21 07:20:00,215.32538,227.7935,347.78857,240.92448740342974,249.17623778425752,228.03245890227672
2013-12-21 07:30:00,221.06284,215.32538,394.3213,239.55360162080095,251.71191935023737,226.49089823199438
2013-12-21 07:40:00,259.14685,221.06284,439.44778,245.34221732907287,254.3151868961226,234.00181237627368
2013-12-21 07:50:00,272.075,259.14685,391.5675,272.6295417611804,264.60904026357116,261.81925384314775
2013-12-21 08:00:00,285.7214,272.075,382.19965,292.6685297429474,279.21433296924494,274.86674512679286
2013-12-21 08:10:00,278.958,285.7214,400.974,314.7450211888948,296.673351720026,293.70585323059385
2013-12-21 08:20:00,278.19638,278.958,399.3366,316.36248790273294,311.0776630544656,296.3316953730413
2013-12-21 08:30:00,231.95676,278.19638,401.4484,317.7018514194219,321.14576378255697,306.5333771871467
2013-12-21 08:40:00,309.91586,231.95676,439.42477,281.3054683597906,315.33066346724195,279.83467065912794
2013-12-21 08:50:00,275.52032,309.91586,491.4101,327.72034329024865,321.89006813514277,337.2045906648506
2013-12-21 09:00:00,274.7701,275.52032,445.82846,309.24452811384606,323.4203200151284,311.0690928642308
2013-12-21 09:10:00,374.76315,274.7701,484.93323,316.4903963345937,323.3840863398005,319.8708922084575
2013-12-21 09:20:00,319.24484,374.76315,515.3965,376.773399839697,342.7538441953867,396.3248963945253
2013-12-21 09:30:00,368.69528,319.24484,474.1028,356.755805022531,355.81130970738513,357.4059454496096
2013-12-21 09:40:00,379.0768,368.69528,768.2841,398.4886902648087,375.5126407449538,402.88956701502326
2013-12-21 09:50:00,361.63367,379.0768,748.21594,401.75817999905155,395.87261224316075,418.41361965154874
2013-12-21 10:00:00,431.41107,361.63367,639.2022,398.16440321593166,408.85254992100505,405.73912371173714
2013-12-21 10:10:00,454.80432,431.41107,588.945,440.6995297526271,430.21223409191134,465.6668324656163
2013-12-21 10:20:00,413.9554,454.80432,620.4313,462.70111042525934,454.5405585541593,488.2704011389763
2013-12-21 10:30:00,484.30365,413.9554,597.7904,449.17349255654705,466.89164782736896,462.40713870468
2013-12-21 10:40:00,528.7535,484.30365,693.8274,488.9961571934075,486.10953788805887,519.7798660804398
2013-12-21 10:50:00,653.6567,528.7535,707.01483,519.4266924166576,511.4628022187833,555.2503436846262
2013-12-21 11:00:00,439.9082,653.6567,679.84155,616.9860293166361,556.9365534012753,645.7951735834712
2013-12-21 11:10:00,483.7058,439.9082,705.35443,500.3559387221838,558.4488262264222,511.4456697865357
2013-12-21 11:20:00,482.59622,483.7058,659.68506,510.7522445580539,553.5998707789196,560.6940425874182
2013-12-21 11:30:00,496.27115,482.59622,673.2972,481.816995670861,543.4058429383645,533.5041928403654
2013-12-21 11:40:00,505.2123,496.27115,741.5695,496.24982670577856,535.3460140235319,555.8096707725102
2013-12-21 11:50:00,596.36993,505.2123,678.32306,502.5257804397049,531.2916768119154,551.267662559508
2013-12-21 12:00:00,616.4279,596.36993,828.5297,562.3743193974838,547.1269423861164,620.5926358295429
2013-12-21 12:10:00,672.27057,616.4279,741.0225,592.685421166891,571.8500929021711,639.8002170070718
2013-12-21 12:20:00,606.2478,672.27057,742.0094,648.336092730727,607.2263664980837,696.5329751123679
2013-12-21 12:30:00,611.718,606.2478,828.84296,619.4772312945008,628.4198684998822,641.480319977749
2013-12-21 12:40:00,520.16656,611.718,772.13586,621.2679957126109,641.1110209411667,661.999339841903
2013-12-21 12:50:00,497.53125,520.16656,763.3707,551.1943195464811,626.4170231789931,592.7887056226671
2013-12-21 13:00:00,499.46506,497.53125,809.38666,521.9528082002687,599.3455116689742,575.1552197054598
2013-12-21 13:10:00,581.15454,499.46506,837.42535,505.84269887866634,572.8799181906892,573.4274168945772
2013-12-21 13:20:00,552.1506,581.15454,890.184,555.2775877798774,567.8112862201291,627.2813066757782
2013-12-21 13:30:00,646.72186,552.1506,772.164,553.797532646009,565.9995156012756,601.4803900210162
2013-12-21 13:40:00,643.5367,646.72186,903.1142,625.4161634308442,585.0120325127945,676.2856036229633
2013-12-21 13:50:00,555.0462,643.5367,814.9735,637.2596772107206,608.446788866569,670.443881384088
2013-12-21 14:00:00,589.18256,555.0462,781.77594,596.0201726927921,613.4377787037135,615.6737075597963
2013-12-21 14:10:00,602.50653,589.18256,791.7344,603.8182000292207,617.8648365952073,639.5758679769668
2013-12-21 14:20:00,520.00256,602.50653,836.3032,604.4533868013656,621.9400115188695,649.2169519260913
2013-12-21 14:30:00,454.6469,520.00256,848.48956,558.1039808918995,607.4756447550777,585.0493722871976
2013-12-21 14:40:00,489.85046,454.6469,817.2457,500.553368701939,575.2831892355679,536.6668023074342
2013-12-21 14:50:00,527.1475,489.85046,885.092,499.8068234346573,551.463122280905,552.8134406478937
2013-12-21 15:00:00,500.52725,527.1475,869.8704,518.6032266070279,541.5597829212438,568.5837099893714
2013-12-21 15:10:00,549.468,500.52725,800.02094,514.1565803272745,533.7766577637324,556.1955890004177
2013-12-21 15:20:00,474.72382,549.468,910.26636,546.9777361701658,538.924106336971,590.2852178000943
2013-12-21 15:30:00,481.09317,474.72382,800.9657,500.4644736771115,533.335270507388,533.6654497698619
2013-12-21 15:40:00,564.0081,481.09317,773.096,498.3626085692885,527.5656722485389,548.7073718482299
2013-12-21 15:50:00,470.29816,564.0081,799.52765,538.1122057503836,537.6400430286833,601.9031974752019
2013-12-21 16:00:00,507.5579,470.29816,829.6226,491.8568993504307,532.8174087299566,542.1029267031586
2013-12-21 16:10:00,481.74786,507.5579,803.0583,512.1740001050999,532.4022879840242,565.7775646383403
2013-12-21 16:20:00,476.9445,481.74786,761.5524,484.6711270670479,527.1580179136746,543.3890016954801
2013-12-21 16:30:00,472.4902,476.9445,757.8198,481.52678956180347,520.3182388900163,537.0264877620727
2013-12-21 16:40:00,574.7181,472.4902,905.68176,471.65487232688224,512.8824417999134,523.5829027528786
2013-12-21 16:50:00,477.47223,574.7181,983.652,531.4338412300543,524.9999753455704,600.5736931270626
2013-12-21 17:00:00,509.322,477.47223,914.25336,485.80276623229554,523.285468831999,526.0372159117759
2013-12-21 17:10:00,582.452,509.322,951.1093,505.0676409257618,524.6865024257469,551.6431742855095
2013-12-21 17:20:00,560.96,582.452,912.4818,537.9583289482517,538.7915546611981,591.3510776897969
2013-12-21 17:30:00,488.48517,560.96,926.33044,542.359199866162,550.6842731802943,574.8217318579257
2013-12-21 17:40:00,541.77325,488.48517,1030.0837,502.97621527016355,545.9722544783291,525.2052152154283
2013-12-21 17:50:00,444.57495,541.77325,918.74493,520.0559216241178,546.4735206871636,563.5752068168954
2013-12-21 18:00:00,530.27124,444.57495,859.3562,454.46901031388546,527.2001566744614,491.22285262284043
2013-12-21 18:10:00,533.8649,530.27124,846.7666,499.6550081350337,522.4838359745885,552.8558227452667
2013-12-21 18:20:00,513.35547,533.8649,792.77484,500.0082622627661,522.4862225039154,548.4785313072799
2013-12-21 18:30:00,471.74976,513.35547,805.49805,502.78529586694106,521.1043707988237,542.0589506138099
2013-12-21 18:40:00,558.72833,471.74976,741.67206,473.019874689457,511.84269968266875,505.74425098782797
2013-12-21 18:50:00,478.3383,558.72833,746.28937,516.0080811934806,517.6658761592105,573.0856441744166
2013-12-21 19:00:00,481.84167,478.3383,732.947,474.0822526360002,511.85194047898256,505.75921256457497
2013-12-21 19:10:00,559.3179,481.84167,673.9713,476.941461185759,504.91084147714446,520.9573836453385
2013-12-21 19:20:00,554.10406,559.3179,674.0198,511.92725091001813,512.1311355451743,574.8501089457575
2013-12-21 19:30:00,547.5673,554.10406,690.6427,523.3405345889107,521.8248318482057,574.9562541511132
2013-12-21 19:40:00,554.0689,547.5673,702.5971,532.0460283588338,530.518302175628,580.2541491709245
2013-12-21 19:50:00,477.06854,554.0689,701.6575,534.1385764437299,538.6575125076356,586.5014225277203
2013-12-21 20:00:00,460.97797,477.06854,608.9526,484.97352249718097,529.7581494838794,531.443712574878
2013-12-21 20:10:00,512.95544,460.97797,558.53076,462.6875883431937,513.399724998882,517.7552867209921
2013-12-21 20:20:00,443.47482,512.95544,570.379,480.0555418688122,506.7965974422611,546.3648413618132
2013-12-21 20:30:00,471.70853,443.47482,585.77795,442.72979876437864,490.5953582946613,495.3705933826216
2013-12-21 20:40:00,444.98468,471.70853,753.88055,457.103801839651,481.0759752277439,524.770788408438
2013-12-21 20:50:00,426.44876,444.98468,829.41925,433.9344065445868,470.2252363952414,504.54776717567034
2013-12-21 21:00:00,461.8109,426.44876,811.4068,422.13983829442503,458.18172642783884,493.58975524916804
2013-12-21 21:10:00,464.07947,461.8109,859.1671,436.517076054751,455.3040170290547,525.1434749372709
2013-12-21 21:20:00,454.74393,464.07947,905.8044,440.8809405123907,456.91558758596517,514.7868260347235
2013-12-21 21:30:00,432.80283,454.74393,973.23865,441.5309282582367,459.1960387363144,513.1659929736655
2013-12-21 21:40:00,455.832,432.80283,1064.5853,426.5027876603383,457.7921252501126,493.8231281897731
2013-12-21 21:50:00,469.57806,455.832,1066.6948,435.72937563957043,460.27101850188865,503.6213374334588
2013-12-21 22:00:00,430.80716,469.57806,1077.8643,444.7537277792842,466.39875909164397,514.9980504221687
2013-12-21 22:10:00,462.619,430.80716,1038.153,427.08376083099523,465.6388718826955,480.4893765701213
2013-12-21 22:20:00,474.33508,462.619,990.6329,443.08894344483986,469.5345082020013,513.9301606874649
2013-12-21 22:30:00,472.1514,474.33508,972.8509,449.99828176131103,476.60168753647724,520.7837609467308
2013-12-21 22:40:00,466.91733,472.1514,1017.91833,457.053501858705,483.83252958140605,532.6264026508389
2013-12-21 22:50:00,535.29535,466.91733,1012.8221,456.29187563776543,489.392056964182,530.90874613423
2013-12-21 23:00:00,518.03986,535.29535,1121.0597,498.1593778401081,506.94588220971474,583.030846467579
2013-12-21 23:10:00,441.86853,518.03986,969.09705,500.1607994360549,523.1229049949749,578.3733131026725
2013-12-21 23:20:00,385.2778,441.86853,898.67096,460.6887805479944,520.5347288390104,527.2468858978765
2013-12-21 23:30:00,364.363,385.2778,858.81464,408.66990996022133,497.9300628019859,479.3166513704912
2013-12-21 23:40:00,409.0308,364.363,943.5049,375.3029638965747,466.9102364933709,456.11698131264967
2013-12-21 23:50:00,324.79205,409.0308,856.8148,392.1580709167198,448.68668400466964,475.29897521273864
2013-12-22 00:00:00,464.26358,324.79205,957.72675,342.6529734267265,418.81448196565987,404.6222560978115
2013-12-22 00:10:00,556.527,464.26358,1134.3608,423.5661440057265,457.19531239643726,552.6107728262385
2013-12-22 00:20:00,559.4772,556.527,1129.5073,489.0459245369375,524.8034335971537,650.9969703037831
2013-12-22 00:30:00,679.31744,559.4772,1247.9141,540.2945455172188,595.8722670471407,691.0494551591769
2013-12-22 00:40:00,820.9844,679.31744,1277.8326,633.5023676914933,678.8186359391633,796.101437069486
2013-12-22 00:50:00,884.4169,820.9844,1365.8702,742.7300221172251,776.9238169013587,888.9283924165251
2013-12-22 01:00:00,1037.0502,884.4169,1628.2661,834.0462865168834,873.547667685887,949.4830872886824
2013-12-22 01:10:00,994.9923,1037.0502,1455.8026,967.6526485074786,978.264526571427,1083.3892076571315
2013-12-22 01:20:00,1163.591,994.9923,1502.3126,980.9521339580104,1051.892400205691,1048.2117182710206
2013-12-22 01:30:00,957.0945,1163.591,1743.5912,1105.3188460368065,1126.4516177762787,1193.9480138983804
2013-12-22 01:40:00,955.5931,957.0945,1844.5757,992.3781356098382,1129.995186209865,1046.321295162819
2013-12-22 01:50:00,995.639,955.5931,1706.7008,980.2032798458181,1096.2384232494876,1081.0552599150383
2013-12-22 02:00:00,985.5196,995.639,1746.5259,968.9417731887208,1055.3864558211956,1107.9518857095336
2013-12-22 02:10:00,1118.0166,985.5196,1646.8628,964.908972141734,1011.6265170906693,1104.8916823529335
2013-12-22 02:20:00,1052.2269,1118.0166,1613.2202,1046.824175773117,999.0471114114187,1186.4661893881441
2013-12-22 02:30:00,1061.6437,1052.2269,1639.296,1021.9944267253749,985.1339127066808,1137.9937208515569
2013-12-22 02:40:00,835.6274,1061.6437,1669.6034,1032.8793366000652,974.2370191636893,1148.9285515816596
2013-12-22 02:50:00,1041.6499,835.6274,1530.8673,871.6021141028142,914.84113109893,903.1277591023751
2013-12-22 03:00:00,999.20844,1041.6499,1597.003,958.0063807585944,889.6699945471097,1037.7426807223824
2013-12-22 03:10:00,820.4097,999.20844,1529.9922,925.0990269423071,868.5873440199964,963.8238739850447
2013-12-22 03:20:00,755.2863,820.4097,1255.3954,834.7762541898068,816.0419606478582,843.3994389216671
2013-12-22 03:30:00,766.4913,755.2863,1241.6432,754.1214526290238,747.8468065967367,728.6095144445297
2013-12-22 03:40:00,650.0859,766.4913,1205.5676,721.3400454745477,688.0927167250144,726.4868269760248
2013-12-22 03:50:00,542.87256,650.0859,1061.059,638.294278777025,619.1301642834222,627.2076578788187
2013-12-22 04:00:00,566.58,542.87256,935.52203,551.1417521548144,541.0331853307241,525.8748854580948
2013-12-22 04:10:00,569.7812,566.58,910.7273,531.8742821837081,482.9742668245553,498.62559536138235
2013-12-22 04:20:00,532.1656,569.7812,852.82806,520.7994519006337,444.8189354674501,477.10159910319885
2013-12-22 04:30:00,370.3822,532.1656,814.0934,502.55070514659917,417.1744258616025,440.0743354873756
2013-12-22 04:40:00,393.52292,370.3822,714.88165,393.75107440919425,371.67225373401067,337.078769780398
2013-12-22 04:50:00,431.68192,393.52292,592.069,380.1953554043555,337.6616905776217,340.2094158141658
2013-12-22 05:00:00,362.13434,431.68192,570.1553,384.8259020921929,322.02959080929617,352.7406146249134
2013-12-22 05:10:00,220.06572,362.13434,394.24496,354.91541635906884,307.0260479570436,308.53695554083265
2013-12-22 05:20:00,183.95947,220.06572,274.62695,255.0662537180042,268.8333941754996,213.97459353417395
2013-12-22 05:30:00,186.99693,183.95947,243.25465,203.15817979368038,226.30662587483127,189.42113154081403
2013-12-22 05:40:00,184.61205,186.99693,240.17557,184.0756346861543,194.8606457363458,193.3307336924923
2013-12-22 05:50:00,196.37656,184.61205,213.4386,179.32571883602873,174.89349277921175,181.94354360452886
2013-12-22 06:00:00,167.44131,196.37656,206.18684,188.79824264385175,166.94741660438186,177.30841193724805
2013-12-22 06:10:00,171.16751,167.44131,213.62038,173.87459303609378,161.53939426968483,157.50007201401286
2013-12-22 06:20:00,191.29349,171.16751,220.38985,175.35451257438643,160.9019980319103,160.95896030943322
2013-12-22 06:30:00,161.44586,191.29349,263.175,186.32202313687813,167.24052783719026,171.9017102661566
2013-12-22 06:40:00,170.60727,161.44586,252.20763,173.1619173085288,170.7703023503166,157.44433915436173
2013-12-22 06:50:00,174.69641,170.60727,241.43233,179.64570533269804,175.33428879093552,165.5081401427824
2013-12-22 07:00:00,181.15367,174.69641,302.59894,181.06410044922032,180.5286425536051,170.08038799618208
2013-12-22 07:10:00,198.82335,181.15367,264.28268,190.08139565939135,186.6592012652626,179.46238627155262
2013-12-22 07:20:00,179.38576,198.82335,218.83359,206.17614309639433,195.91803195029263,190.10912333863615
2013-12-22 07:30:00,180.7942,179.38576,234.37657,199.31549468230295,200.90701513131074,183.19171721468712
2013-12-22 07:40:00,190.4184,180.7942,214.09871,201.54458331664205,203.57579654775859,189.33925689218816
2013-12-22 07:50:00,172.81429,190.4184,223.05412,206.4976380745222,206.55488816209382,199.04409849336548
2013-12-22 08:00:00,196.85368,172.81429,224.95204,197.1776569560269,204.87943025635852,193.4885371236394
2013-12-22 08:10:00,315.68027,196.85368,240.8789,213.57989803340794,207.04696806017532,199.0055490784503
2013-12-22 08:20:00,185.09996,315.68027,253.77219,292.46591328853617,231.14137033115833,274.4402656151895
2013-12-22 08:30:00,205.30139,185.09996,260.22684,230.9359718479452,236.55685825393385,203.08939024413482
2013-12-22 08:40:00,277.99747,205.30139,272.85062,243.3285753526322,238.96541649053523,221.44492787436945
2013-12-22 08:50:00,269.70776,277.99747,264.08752,274.4031601492439,253.0781571352846,273.7245892451808
2013-12-22 09:00:00,229.31062,269.70776,310.00616,288.3061510263323,267.8224833996103,284.6465137629637
2013-12-22 09:10:00,251.1421,229.31062,267.5632,270.8572530220023,271.81129346201624,251.08118150550382
2013-12-22 09:20:00,241.251,251.1421,275.02362,275.92579301265016,275.2437303311225,273.3747973612048
2013-12-22 09:30:00,260.74567,241.251,284.0787,263.9123555888048,274.54371681384026,271.6617467528862
2013-12-22 09:40:00,289.5527,260.74567,301.4908,277.6997015767333,276.3526857168259,285.84365114881564
2013-12-22 09:50:00,317.61768,289.5527,383.18665,296.71200119301216,284.4139259062154,308.1678896606439
2013-12-22 10:00:00,268.85626,317.61768,374.5168,322.3924049451776,299.26673360613364,335.83461281160317
2013-12-22 10:10:00,294.92975,268.85626,403.27124,296.9571472770887,304.64652662627975,306.0719244616515
2013-12-22 10:20:00,320.86194,294.92975,325.87305,307.97479066871597,311.0575421106426,331.58091141716744
2013-12-22 10:30:00,332.91962,320.86194,373.02063,318.2748079483944,321.08663902206143,353.4725663550345
2013-12-22 10:40:00,343.06506,332.91962,421.31763,333.2061599557576,332.94098305537716,375.36329460065696
2013-12-22 10:50:00,319.6543,343.06506,408.50287,344.0017672331034,345.43582985717217,396.66868869504043
2013-12-22 11:00:00,393.04242,319.6543,397.17484,329.8516420025446,350.7962894586084,375.91795112388735
2013-12-22 11:10:00,390.8764,393.04242,385.79175,371.3639576304585,366.63409696828984,438.1134607587718
2013-12-22 11:20:00,340.58954,390.8764,384.03326,376.8530215090438,382.7127302063535,434.269415128925
2013-12-22 11:30:00,336.16986,340.58954,437.61188,354.91252820591257,385.67168118207735,401.25552509758666
2013-12-22 11:40:00,408.23965,336.16986,468.27182,341.3512021584667,381.7002553619084,393.4823705137299
2013-12-22 11:50:00,390.3639,408.23965,460.2288,375.5269965606635,389.4026260131064,442.1036028994523
2013-12-22 12:00:00,392.3363,390.3639,461.26987,375.81484850098894,396.0134189778116,426.49164404655966
2013-12-22 12:10:00,410.13562,392.3363,452.10324,386.02099102169745,402.10628338568677,433.3240919862384
2013-12-22 12:20:00,415.60223,410.13562,521.8203,394.105985199197,410.33819211476754,451.48778731483776
2013-12-22 12:30:00,443.78906,415.60223,455.2435,400.91145259579747,418.75196578921447,450.55310048815954
2013-12-22 12:40:00,465.2193,443.78906,515.86554,422.69059995017517,431.10927241602724,474.2126489097814
2013-12-22 12:50:00,453.28198,465.2193,524.98615,442.42926005713537,446.6146355433948,501.2251804148992
2013-12-22 13:00:00,546.5487,453.28198,568.15857,444.49453784798436,458.19348935428314,498.5241912815502
2013-12-22 13:10:00,502.9173,546.5487,545.48944,504.370958471217,483.2434177002822,561.2698291472491
2013-12-22 13:20:00,499.91904,502.9173,521.9416,493.2411166138008,500.4443233184188,541.8321117899343
2013-12-22 13:30:00,481.37292,499.91904,584.499,501.20190766833167,511.1552287553015,548.3001065904132
2013-12-22 13:40:00,523.12317,481.37292,544.50507,482.8192809026362,512.5185516866812,521.3257228914413
2013-12-22 13:50:00,493.44873,523.12317,576.538,506.7142636380116,517.5476053884629,562.3844012096747
2013-12-22 14:00:00,613.05676,493.44873,608.8552,493.1630488824165,516.1029538478143,536.4801946226294
2013-12-22 14:10:00,622.0891,613.05676,574.1189,570.6712307726168,534.7621131223048,615.0535102101479
2013-12-22 14:20:00,585.4621,622.0891,597.566,593.8694377587301,558.8067373603724,614.2021745387561
2013-12-22 14:30:00,575.93835,585.4621,545.3737,595.0731706551297,575.1118190955636,611.2438487455807
2013-12-22 14:40:00,565.0086,575.93835,583.58545,584.2430251342073,583.6695108517591,604.1070700617246
2013-12-22 14:50:00,508.62466,565.0086,579.2563,569.3963063287254,584.4773870121112,601.0761776011531
2013-12-22 15:00:00,573.56366,508.62466,614.3338,528.4450973868518,569.6607457868062,559.6697136648992
2013-12-22 15:10:00,540.985,573.56366,660.31006,557.9933659851313,564.9623783097511,606.3625088077056
2013-12-22 15:20:00,499.356,540.985,630.1402,538.3282294030963,557.1942423492424,584.0241886731483
2013-12-22 15:30:00,538.56976,499.356,688.508,515.449525361802,542.2601732951837,557.2682272363442
2013-12-22 15:40:00,542.69696,538.56976,669.74835,526.8782496004959,535.8675525952881,577.2041381378202
2013-12-22 15:50:00,526.4454,542.69696,756.39374,527.8785536998723,534.0109318814732,577.343171925641
2013-12-22 16:00:00,529.1865,526.4454,651.9961,523.539607633646,531.5895482049106,569.9081991854583
2013-12-22 16:10:00,572.53143,529.1865,682.15405,521.4249456094099,530.386660531992,569.8275203175983
2013-12-22 16:20:00,532.5491,572.53143,642.48474,544.407492568057,537.7795636928204,603.3342913935692
2013-12-22 16:30:00,580.42566,532.5491,780.3023,525.599669174061,539.1825056922403,571.764165896882
2013-12-22 16:40:00,647.1941,580.42566,733.30145,554.100241242267,547.5190481718606,607.5507454028962
2013-12-22 16:50:00,558.88586,647.1941,663.22687,594.2635174061292,567.7537454899069,655.4765591296555
2013-12-22 17:00:00,547.6403,558.88586,705.73474,557.7378714681306,572.4533746487722,597.2688489635168
2013-12-22 17:10:00,564.81726,547.6403,798.04736,544.7726178595329,568.8662009455328,590.1367203300453
2013-12-22 17:20:00,590.0939,564.81726,650.05164,538.4643041832479,564.8898307442461,595.8721374711411
2013-12-22 17:30:00,563.39,590.0939,698.8135,553.7810813589222,565.0490667230921,608.2197282039446
2013-12-22 17:40:00,624.62726,563.39,645.9126,543.5669605126643,561.0959757032965,588.5780188398456
2013-12-22 17:50:00,532.387,624.62726,818.24664,579.7002675362335,567.6543594429546,633.7147503542631
2013-12-22 18:00:00,516.37805,532.387,638.77576,527.7760057183473,558.6694867367221,564.2383026552545
2013-12-22 18:10:00,556.71545,516.37805,683.17944,511.4745779452588,543.4677759189755,555.5941856564172
2013-12-22 18:20:00,513.04004,556.71545,632.7707,519.2132272638901,535.7545697564717,575.1235131744268
2013-12-22 18:30:00,496.24182,513.04004,644.23303,496.522817169677,522.926552789802,545.1086650274939
2013-12-22 18:40:00,521.32025,496.24182,650.6838,485.216253028791,508.0407265803268,530.5056673167486
2013-12-22 18:50:00,449.22076,521.32025,616.4276,491.130150867121,499.8079000418031,546.5372290421067
2013-12-22 19:00:00,456.61038,449.22076,640.2411,447.75179254970953,481.1199322022584,488.82883440303993
2013-12-22 19:10:00,406.3913,456.61038,659.4586,444.64936161789547,464.74951661480003,490.9877688612026
2013-12-22 19:20:00,376.73846,406.3913,565.1808,403.44994829023693,441.72721099520635,450.5208502866852
2013-12-22 19:30:00,331.3848,376.73846,529.30023,377.62407791282976,415.4435785672761,431.96855659032536
2013-12-22 19:40:00,360.7096,331.3848,547.7617,336.37069734892356,383.8838076251681,379.620964076791
2013-12-22 19:50:00,288.14633,360.7096,470.55847,343.0030788089617,363.4079968277351,394.0723490796064
2013-12-22 20:00:00,307.3615,288.14633,434.20987,294.88800594894894,335.57325940290673,320.6654926839638
2013-12-22 20:10:00,340.1692,307.3615,452.106,299.8938679081188,316.3272295963518,339.9590274074278
2013-12-22 20:20:00,283.19955,340.1692,438.8974,311.8310295542008,309.3248440254432,348.1428713714296
2013-12-22 20:30:00,283.03537,283.19955,382.85544,285.47502121649467,297.75268866636105,305.40492233278064
2013-12-22 20:40:00,243.07599,283.03537,413.78156,281.20169025050893,287.9497505764091,304.88549195745395
2013-12-22 20:50:00,211.0859,243.07599,382.25467,247.0625129714628,272.4681189530631,264.1687418754678
2013-12-22 21:00:00,229.33755,211.0859,385.32986,219.58851837258754,251.65087941150196,236.76750563007678
2013-12-22 21:10:00,252.6313,229.33755,400.95374,220.1628622593121,237.15320617929925,244.28260509592818
2013-12-22 21:20:00,232.55635,252.6313,363.78348,232.32886806374907,231.47234215993268,251.67356024632778
2013-12-22 21:30:00,243.38852,232.55635,383.62607,227.5328892965362,226.74430499514847,235.33114403244187
2013-12-22 21:40:00,239.4494,243.38852,384.93124,235.01465092221216,225.99446548614083,244.8401538821222
2013-12-22 21:50:00,226.13972,239.4494,399.53268,231.42960048075017,226.3603580972534,238.22683959392725
2013-12-22 22:00:00,218.93285,226.13972,403.28845,224.489978111846,224.92239869200083,229.7472115640312
2013-12-22 22:10:00,234.47743,218.93285,367.34885,217.38163896389872,221.8030638546653,222.2355242941535
2013-12-22 22:20:00,231.87494,234.47743,330.27402,224.16646147496604,221.42353601349924,229.2527451339376
2013-12-22 22:30:00,213.88354,231.87494,340.2081,224.60497436297297,221.5324965931589,224.72119180188741
2013-12-22 22:40:00,209.93727,213.88354,359.22537,215.89594844395242,218.59026095023324,211.28609784031548
2013-12-22 22:50:00,209.09282,209.93727,403.98978,210.48394033089917,214.4016085592522,207.01339039223257
2013-12-22 23:00:00,213.30539,209.09282,329.93433,207.02852853835356,210.2301936142001,205.3893121867566
2013-12-22 23:10:00,238.21701,213.30539,344.04846,209.64203392099688,207.61592370946934,206.1192928121434
2013-12-22 23:20:00,188.37274,238.21701,329.43475,226.65598646105576,210.6503452896762,222.62927824799465
2013-12-22 23:30:00,219.61612,188.37274,298.9654,200.1478645414982,205.98141202813264,187.1267870955527
2013-12-22 23:40:00,247.00484,219.61612,283.50647,216.82901110268057,205.9015012013263,212.61746154116207
2013-12-22 23:50:00,202.41368,247.00484,252.53775,231.8274983349482,212.0239163026663,222.33697951938916
