time,actual,Persistence,Seasonal naive (1 week),SARIMAX,LSTM,TCN
2013-12-16 00:00:00,441.67255,499.63754,404.45886,505.3269653981354,487.21258618888805,476.22033570859423
2013-12-16 00:10:00,419.49042,441.67255,366.4887,458.8308320445957,458.8482324476022,345.85791588293625
2013-12-16 00:20:00,459.47592,419.49042,351.14746,426.9026012330449,430.90667481282236,404.5384536211215
2013-12-16 00:30:00,376.8823,459.47592,353.12787,418.09686452095445,417.07904032035526,452.0739630103402
2013-12-16 00:40:00,393.06085,376.8823,310.04678,381.9897044166446,398.81449425144007,498.405806822003
2013-12-16 00:50:00,399.1571,393.06085,276.0485,382.4263910970541,385.17377303379425,387.6260710152704
2013-12-16 01:00:00,285.94077,399.1571,321.27213,369.963482447817,375.5998431960457,381.05733631416666
2013-12-16 01:10:00,386.73553,285.94077,331.42557,318.2321907363957,351.55916558501826,358.7364435298394
2013-12-16 01:20:00,393.29654,386.73553,303.57333,344.89475588749434,342.27128229034804,394.05591243756686
2013-12-16 01:30:00,306.3335,393.29654,303.76266,342.20267072323827,339.27907345362655,335.8030995642245
2013-12-16 01:40:00,378.2484,306.3335,289.24283,329.0330560033929,327.5391265789112,289.20394900176285
2013-12-16 01:50:00,379.74503,378.2484,286.38397,347.5236506502911,325.32014314569335,301.05099730793546
2013-12-16 02:00:00,313.56323,379.74503,350.37643,343.00061941261754,326.6106698833847,298.3310776198743
2013-12-16 02:10:00,363.4713,313.56323,304.39862,330.5503767595164,320.4029063371955,275.2459285857445
2013-12-16 02:20:00,355.76028,363.4713,316.61517,341.68922470788885,319.8638177988316,280.5359617900305
2013-12-16 02:30:00,261.89465,355.76028,351.38132,333.2676878069804,320.1248696037125,277.8403364006648
2013-12-16 02:40:00,322.91937,261.89465,356.0527,296.4307512989261,306.7643845367431,235.29453958264676
2013-12-16 02:50:00,333.58017,322.91937,244.24332,305.721006900481,300.6297612054098,284.01956742598173
2013-12-16 03:00:00,266.3287,333.58017,270.9956,301.4924449037273,298.8981555283444,289.76064565749596
2013-12-16 03:10:00,306.63855,266.3287,260.41275,287.52275006462907,289.7114899022448,250.42515104324175
2013-12-16 03:20:00,328.371,306.63855,248.17546,296.21100639529396,286.09914431560594,256.7949803850093
2013-12-16 03:30:00,275.8581,328.371,283.28766,299.200725812415,288.0220554510751,283.820465838705
2013-12-16 03:40:00,306.56317,275.8581,286.77545,289.9564767329383,284.86945212710407,260.40065335518045
2013-12-16 03:50:00,331.5537,306.56317,270.96265,299.9167506321818,285.6554487659846,265.9991493699521
2013-12-16 04:00:00,273.42023,331.5537,270.96857,306.22974537366997,291.4599165292135,280.44177381840547
2013-12-16 04:10:00,283.75247,273.42023,243.26822,292.13254346383746,290.4665496157371,243.18335313997486
2013-12-16 04:20:00,342.6617,283.75247,263.4047,291.6936359529163,289.4642860976427,242.494657092866
2013-12-16 04:30:00,282.18365,342.6617,233.78781,308.5682656079153,297.17806704513845,279.6096661979201
2013-12-16 04:40:00,295.69342,282.18365,244.46391,296.61108008341074,298.86820830678164,254.12430240851702
2013-12-16 04:50:00,306.71826,295.69342,216.33865,306.63583372612493,301.23493616582806,255.35342646163357
2013-12-16 05:00:00,245.5802,306.71826,251.96478,301.4239336043558,305.5674995555651,263.66765199318127
2013-12-16 05:10:00,309.10986,245.5802,261.28632,276.8182758144909,300.3275259854088,247.8087086471252
2013-12-16 05:20:00,342.4906,309.10986,237.39719,299.7296916103641,303.75328219008185,276.9181516129695
2013-12-16 05:30:00,240.64575,342.4906,240.56204,315.74809407988755,315.30546295559003,256.7098473868583
2013-12-16 05:40:00,299.0204,240.64575,223.69743,289.79140169769124,312.7244280744993,226.40720685720152
2013-12-16 05:50:00,351.99677,299.0204,337.30566,308.10049610654823,317.0577659636034,258.77408683133194
2013-12-16 06:00:00,318.0458,351.99677,243.73378,322.5258529489646,331.8992155269406,295.0124120499721
2013-12-16 06:10:00,378.69785,318.0458,239.5529,339.64997187434733,345.29833492381886,299.3482618935348
2013-12-16 06:20:00,356.13885,378.69785,254.14468,380.96342685723766,367.8813138148349,319.80938611225184
2013-12-16 06:30:00,384.46634,356.13885,301.38934,377.2854819253755,389.05063584797654,345.6686767652279
2013-12-16 06:40:00,370.89133,384.46634,277.0203,407.88739141224147,413.2594325890175,385.9902948093738
2013-12-16 06:50:00,362.3277,370.89133,391.22433,404.196763771274,434.1512951873549,372.3229479582012
2013-12-16 07:00:00,336.9213,362.3277,354.6274,407.2663241289579,450.32300630108716,402.2263618624872
2013-12-16 07:10:00,390.61447,336.9213,403.23886,389.60862279181674,457.9890783257636,398.66377480924353
2013-12-16 07:20:00,425.83823,390.61447,383.75113,412.8271463130536,472.58365857579935,428.48934596135956
2013-12-16 07:30:00,418.44138,425.83823,480.57074,440.368579038693,495.1565917525115,466.8703726709244
2013-12-16 07:40:00,511.0615,418.44138,590.5571,465.79236861784585,518.592857684047,482.34294080559573
2013-12-16 07:50:00,629.23,511.0615,676.41925,527.4341750378628,558.1263663565651,551.7888985675613
2013-12-16 08:00:00,653.4199,629.23,1209.0139,613.091075946468,620.597337555843,654.6206084350162
2013-12-16 08:10:00,761.48956,653.4199,705.0551,693.8640863734602,692.9241369702526,840.3898282741318
2013-12-16 08:20:00,882.3409,761.48956,755.3338,800.9614675092728,781.6566253643755,950.7014119123811
2013-12-16 08:30:00,1032.548,882.3409,891.80994,904.3426900992595,887.7631808100223,1062.8231978342994
2013-12-16 08:40:00,1124.126,1032.548,1065.5337,1055.6475296073093,1013.2145215063762,1214.9793133371643
2013-12-16 08:50:00,1236.5491,1124.126,1266.6848,1188.2497002339562,1146.4494003749746,1337.9209514933307
2013-12-16 09:00:00,1481.2484,1236.5491,1295.2727,1324.4404841290416,1282.9506416423333,1450.8298255181326
2013-12-16 09:10:00,1428.5942,1481.2484,1258.5447,1513.811624287002,1437.224775127525,1634.1908148565765
2013-12-16 09:20:00,1552.4651,1428.5942,1451.9678,1585.8515848152447,1566.0716218047728,1612.641138504107
2013-12-16 09:30:00,1488.8285,1552.4651,1478.8219,1714.384175319976,1683.2678645061783,1690.2486596634462
2013-12-16 09:40:00,1661.2596,1488.8285,1736.7175,1688.2436633830848,1761.627887784893,1664.989561799287
2013-12-16 09:50:00,1617.4148,1661.2596,1698.8442,1797.2686997909843,1838.0514955914357,1798.419316873257
2013-12-16 10:00:00,1664.4841,1617.4148,1788.0443,1789.1685043973487,1888.8100184414689,1790.4685499626653
2013-12-16 10:10:00,1834.0757,1664.4841,1784.3696,1846.0586391101908,1928.9932275198917,1845.075626184732
2013-12-16 10:20:00,1817.0441,1834.0757,1746.3629,1924.9481581051855,1983.9812375897977,1992.6434728356617
2013-12-16 10:30:00,1880.4313,1817.0441,2100.3782,1961.1682368471972,2031.1924465359982,1999.4910224059583
2013-12-16 10:40:00,1992.1698,1880.4313,1845.9613,2028.4981950264066,2079.9774381261436,2110.167795132968
2013-12-16 10:50:00,2007.4949,1992.1698,2070.1484,2084.611579924326,2138.9362810883235,2207.6876487962936
2013-12-16 11:00:00,1981.7074,2007.4949,2394.0793,2124.840507985297,2194.6917455484236,2292.6830361750954
2013-12-16 11:10:00,2184.5686,1981.7074,2192.323,2132.207170562698,2237.9626677094293,2271.406777665189
2013-12-16 11:20:00,1968.1714,2184.5686,2509.5408,2221.3888153170274,2301.9926365255715,2406.6234633101762
2013-12-16 11:30:00,2176.2668,1968.1714,2282.352,2134.481443674514,2327.664979835297,2334.7155264190683
2013-12-16 11:40:00,2058.123,2176.2668,2295.778,2234.3289160735685,2373.049287011607,2441.709107584287
2013-12-16 11:50:00,2211.9333,2058.123,2636.386,2150.260110393559,2396.2834329407224,2435.848412760779
2013-12-16 12:00:00,2043.0378,2211.9333,2547.4624,2247.779494638568,2435.4466037213438,2530.1812393722953
2013-12-16 12:10:00,2347.748,2043.0378,2386.3857,2153.254234236693,2445.407792480131,2431.033905564003
2013-12-16 12:20:00,2503.83,2347.748,2545.289,2300.1478615612427,2494.7044217896596,2626.4525215686044
2013-12-16 12:30:00,2471.3293,2503.83,2672.17,2392.9139449154936,2567.932001571068,2790.8256473037163
2013-12-16 12:40:00,2487.816,2471.3293,2449.6387,2495.1825049646923,2634.2170140457833,2723.779667330824
2013-12-16 12:50:00,2553.4895,2487.816,2405.5867,2531.8430869849158,2691.7686070719287,2812.771319258261
2013-12-16 13:00:00,2654.5225,2553.4895,2750.2495,2554.4931104601774,2745.490818161368,2809.63426157118
2013-12-16 13:10:00,2750.8958,2654.5225,2690.352,2620.5348323094863,2801.3154011943116,2918.723878560997
2013-12-16 13:20:00,2822.1538,2750.8958,2598.7144,2707.1056385752904,2859.5618735083444,2949.559139042572
2013-12-16 13:30:00,2701.6875,2822.1538,2912.2058,2790.93034381932,2916.4233611577633,2968.748002852408
2013-12-16 13:40:00,2846.589,2701.6875,3005.724,2771.3176850109007,2943.8188100766,2868.1360210808452
2013-12-16 13:50:00,2761.5703,2846.589,2801.353,2834.743437150879,2976.808166395292,2898.6479670149947
2013-12-16 14:00:00,2679.1482,2761.5703,2954.7588,2793.287548866094,2988.6532034866214,2825.092517834496
2013-12-16 14:10:00,2846.7756,2679.1482,2898.1653,2770.17770743882,2978.820408578343,2706.880663622516
2013-12-16 14:20:00,2534.2056,2846.7756,2765.6484,2813.529097373675,2985.652044693112,2793.964485578743
2013-12-16 14:30:00,2814.8188,2534.2056,2740.5352,2670.375570845967,2946.053452987476,2584.736282269842
2013-12-16 14:40:00,2797.1252,2814.8188,2712.638,2784.556559850458,2942.3172369490785,2734.067916276307
2013-12-16 14:50:00,2632.9592,2797.1252,2600.776,2757.442961642511,2940.4163814574445,2722.9593803899893
2013-12-16 15:00:00,2719.9248,2632.9592,2776.5977,2745.595383772278,2916.0102188849532,2666.9881361199286
2013-12-16 15:10:00,2737.278,2719.9248,2660.2708,2745.7205749576506,2901.2328643322057,2710.4437366645875
2013-12-16 15:20:00,2688.813,2737.278,2870.1052,2728.7834637335227,2889.6007176877742,2710.0723864944703
2013-12-16 15:30:00,2614.5593,2688.813,2737.2053,2728.561631627514,2871.526171464904,2721.7236025941484
2013-12-16 15:40:00,2702.127,2614.5593,2794.0732,2679.7486280032617,2841.8615649568924,2625.2503359892253
2013-12-16 15:50:00,2748.791,2702.127,2531.2327,2688.891246342153,2823.101902759591,2714.899693092985
2013-12-16 16:00:00,2634.2102,2748.791,2501.1162,2706.5303084068346,2811.821649041316,2697.4494737026826
2013-12-16 16:10:00,2628.354,2634.2102,2450.3599,2676.180827120719,2785.3152133533326,2576.88451648383
2013-12-16 16:20:00,2626.0117,2628.354,2575.2117,2651.2061004707234,2755.477056725539,2625.2126332595894
2013-12-16 16:30:00,2563.6245,2626.0117,2720.3699,2610.473715334391,2724.3284249239655,2536.097514713239
2013-12-16 16:40:00,2649.9111,2563.6245,2612.4014,2568.1027935934408,2684.8915867763276,2527.007078933268
2013-12-16 16:50:00,2494.1238,2649.9111,2700.093,2586.3406158607863,2657.0445179028334,2559.5132355190676
2013-12-16 17:00:00,2457.8,2494.1238,2803.391,2502.3412909415224,2610.5771198288476,2476.2975356720735
2013-12-16 17:10:00,2545.8594,2457.8,2719.4897,2460.988967635115,2559.0577592011036,2472.1807528321788
2013-12-16 17:20:00,2543.6948,2545.8594,2916.3237,2446.4730305237795,2521.0038693521547,2469.3424224792307
2013-12-16 17:30:00,2322.1726,2543.6948,2889.5676,2445.6936460288634,2486.744254756956,2455.7542767800364
2013-12-16 17:40:00,2663.5967,2322.1726,2522.8486,2348.092790622096,2426.0631630717094,2361.6948641076247
2013-12-16 17:50:00,2480.97,2663.5967,2273.6086,2452.3215761628508,2408.0298020560335,2531.521195587327
2013-12-16 18:00:00,2258.5442,2480.97,2713.9302,2375.1381003070305,2373.538925837602,2404.8818635972475
2013-12-16 18:10:00,2365.5015,2258.5442,2347.227,2302.542787242039,2309.759694739748,2246.328928881572
2013-12-16 18:20:00,2013.1089,2365.5015,2157.8652,2254.7187622342667,2258.2590365274696,2296.761794470918
2013-12-16 18:30:00,2151.991,2013.1089,2204.972,2043.1475107293622,2165.3199542172715,2022.0934555980748
2013-12-16 18:40:00,2143.1855,2151.991,1947.5546,2053.792807294463,2094.5933719240297,2050.736202805866
2013-12-16 18:50:00,2088.3984,2143.1855,1896.3414,1988.541364978048,2033.5230173373518,1995.2791341082693
2013-12-16 19:00:00,1917.8799,2088.3984,1900.7827,1990.6591473709893,1975.5801849170357,1945.5912750927478
2013-12-16 19:10:00,1961.1853,1917.8799,1874.8844,1889.3489903016336,1903.972683958462,1827.426323872029
2013-12-16 19:20:00,1886.3074,1961.1853,1662.7988,1856.5057450859927,1843.9642821692512,1784.024080921044
2013-12-16 19:30:00,1575.9323,1886.3074,1684.8168,1785.7894074033347,1783.3686558957645,1709.7069035896398
2013-12-16 19:40:00,1596.141,1575.9323,1843.3634,1624.0008819164746,1689.9300977428998,1512.9526642767746
2013-12-16 19:50:00,1528.1526,1596.141,1385.3278,1549.432979990234,1606.3994226431982,1483.1420376177502
2013-12-16 20:00:00,1413.2109,1528.1526,1368.7178,1447.892234810812,1526.9491532783272,1393.8203793116343
2013-12-16 20:10:00,1425.4016,1413.2109,1413.4725,1381.4037882314644,1445.8841665131274,1304.8413664237912
2013-12-16 20:20:00,1304.2977,1425.4016,1549.643,1345.6147724984658,1379.270912825862,1288.8874374697032
2013-12-16 20:30:00,1109.7107,1304.2977,1051.3617,1262.1065505166778,1310.4839353800405,1193.3445309670929
2013-12-16 20:40:00,1243.8564,1109.7107,976.98596,1141.967270824504,1226.1600912924248,1095.401175996131
2013-12-16 20:50:00,1135.4084,1243.8564,1058.789,1137.0973781580813,1170.5458544582618,1139.1068803718472
2013-12-16 21:00:00,1075.4208,1135.4084,891.21765,1068.0131668807012,1115.5818960752736,1067.7239115919197
2013-12-16 21:10:00,1103.3552,1075.4208,1138.5659,1048.3517056293756,1063.0721269183007,1027.4347906745525
2013-12-16 21:20:00,1062.0172,1103.3552,908.2933,1023.1872664004935,1023.0839255943552,1023.7813141572422
2013-12-16 21:30:00,1051.4791,1062.0172,970.76666,994.9479417464105,986.9382227525007,953.7797769091974
2013-12-16 21:40:00,827.939,1051.4791,930.271,987.613071448756,956.1586805681804,932.0083636215949
2013-12-16 21:50:00,939.1461,827.939,1250.5222,864.8999411304059,901.3341066624988,816.0248985840051
2013-12-16 22:00:00,864.9957,939.1461,921.4077,869.1999230112482,864.5505005776079,850.9000657893383
2013-12-16 22:10:00,945.5177,864.9957,794.7773,805.8577372839999,827.0868501420553,797.8483744042752
2013-12-16 22:20:00,929.39575,945.5177,690.48016,854.6925257579455,805.7441802983204,816.1463225465907
2013-12-16 22:30:00,795.038,929.39575,669.5328,846.2476652173865,789.7486008329939,785.0376629564007
2013-12-16 22:40:00,731.85895,795.038,642.61206,797.9356443897024,761.4514198192983,691.7223201740002
2013-12-16 22:50:00,685.2888,731.85895,689.61694,734.957129474219,725.9125931968682,662.9521736197322
2013-12-16 23:00:00,619.82666,685.2888,1241.0784,669.426393476916,687.0459459515902,607.0264525846699
2013-12-16 23:10:00,686.6954,619.82666,744.9646,613.4862749131413,644.2067700088811,568.2902528383049
2013-12-16 23:20:00,627.1446,686.6954,733.891,620.3728382842427,616.3665532955785,577.5847826693715
2013-12-16 23:30:00,526.67584,627.1446,478.2317,591.4047604826374,589.5509311460778,531.2517726930837
2013-12-16 23:40:00,549.4768,526.67584,527.9005,545.5418610387109,554.6865478378425,470.7018244728325
2013-12-16 23:50:00,507.38956,549.4768,458.8826,522.9408972363345,527.23215610136,466.0820351892474
2013-12-17 00:00:00,502.82867,507.38956,550.4352,484.97531765865426,500.5939155705381,429.60639636547285
2013-12-17 00:10:00,557.64825,502.82867,544.6912,479.9069699674811,480.68517219294995,602.3625272578139
2013-12-17 00:20:00,453.33533,557.64825,488.50076,494.5894078577719,478.52102023165844,582.1115329502594
2013-12-17 00:30:00,434.28394,453.33533,426.53836,456.21048418447236,470.7475366768966,453.48581651038415
2013-12-17 00:40:00,643.6172,434.28394,400.99222,438.16503545658816,458.95155138609783,396.97443629948185
2013-12-17 00:50:00,377.2396,643.6172,414.22626,501.23376294413544,471.4159253031437,553.6411793155744
2013-12-17 01:00:00,420.13507,377.2396,368.5495,416.0151131440433,452.4588103520386,410.3467543382921
2013-12-17 01:10:00,382.49466,420.13507,348.31714,431.5503521746247,433.6678340086192,442.32399938290024
2013-12-17 01:20:00,372.3956,382.49466,376.40952,367.1508698707936,409.92664958170894,404.46771075103453
2013-12-17 01:30:00,354.82898,372.3956,303.46466,365.5497929609272,386.5689153387119,378.416154675304
2013-12-17 01:40:00,326.95477,354.82898,321.47897,346.6746246777204,364.31910022907476,351.47776488693535
2013-12-17 01:50:00,285.24146,326.95477,356.39893,327.4714444458046,342.1226398027421,341.61497818230185
2013-12-17 02:00:00,307.27518,285.24146,956.8873,296.9437180555699,317.5641732167071,295.51537033384267
2013-12-17 02:10:00,322.3455,307.27518,352.32867,292.94464559613687,300.23979271126103,296.44011148619137
2013-12-17 02:20:00,270.39795,322.3455,379.19684,295.1547421597959,290.30880255838804,302.22448415169464
2013-12-17 02:30:00,287.36633,270.39795,332.24777,279.3801576778767,277.7273531390702,276.42002889513265
2013-12-17 02:40:00,300.23834,287.36633,372.4902,280.77930406067134,269.5915327609849,284.68454071483086
2013-12-17 02:50:00,249.70934,300.23834,365.53424,278.5447048298577,266.21626722222726,284.05092119050494
2013-12-17 03:00:00,278.10532,249.70934,306.302,261.37036402153535,258.3009070566546,266.27218328037833
2013-12-17 03:10:00,289.59515,278.10532,368.0035,268.14502405712915,254.78504647944433,282.99134342048654
2013-12-17 03:20:00,263.2437,289.59515,428.05597,267.91090555113925,255.01931854318323,289.9720000574574
2013-12-17 03:30:00,275.8497,263.2437,329.74393,266.00595395886097,253.47429949014102,279.33901686885065
2013-12-17 03:40:00,302.6184,275.8497,380.50748,270.0466366909035,253.89217829487,283.8922662154899
2013-12-17 03:50:00,267.39505,302.6184,372.60828,279.71650999759356,258.9150032965579,302.41726072021095
2013-12-17 04:00:00,294.62833,267.39505,317.6325,272.8418228916162,260.5566090005868,282.2755146176943
2013-12-17 04:10:00,295.62775,294.62833,352.1721,286.30541162519916,265.25542051038946,297.880176269112
2013-12-17 04:20:00,270.77686,295.62775,325.85153,284.9520084279994,270.8817894135432,300.30854222013477
2013-12-17 04:30:00,253.19948,270.77686,316.47025,281.1679188331067,272.98608971854793,278.21769343742113
2013-12-17 04:40:00,297.35254,253.19948,343.46045,267.83740440297885,271.1285936463174,261.39371006437983
2013-12-17 04:50:00,271.64038,297.35254,326.21588,280.6524355368226,275.1318269437843,279.9766892468139
2013-12-17 05:00:00,261.4262,271.64038,295.9983,274.90855700166566,277.35091529125447,261.51117446750357
2013-12-17 05:10:00,315.23523,261.4262,333.80728,277.1323852009319,277.9691953494438,258.4923697887138
2013-12-17 05:20:00,340.9571,315.23523,332.6811,296.36114543486514,286.82568229625724,282.1190287110205
2013-12-17 05:30:00,281.91028,340.9571,291.00302,320.69640433389566,302.37076187526776,303.8262782742812
2013-12-17 05:40:00,331.3453,281.91028,432.33997,314.0448913875752,311.0506607665349,285.4995552106296
2013-12-17 05:50:00,279.85925,331.3453,462.11578,335.0748035412686,325.16703936328935,321.95687307689843
2013-12-17 06:00:00,283.4594,279.85925,447.0788,306.1052333592407,331.3853672635838,293.26886443028445
2013-12-17 06:10:00,337.38727,283.4594,462.56354,311.5423312012233,335.45837492429047,308.1875010259564
2013-12-17 06:20:00,331.45905,337.38727,366.0853,328.57568088561055,347.9695972085842,332.68758054172815
2013-12-17 06:30:00,294.91028,331.45905,369.27213,342.8527054503148,362.36012790198725,339.95101059234196
2013-12-17 06:40:00,379.76587,294.91028,395.4063,339.8318582513592,370.76261918502115,330.83576005467245
2013-12-17 06:50:00,342.52344,379.76587,431.49783,376.61237474147987,392.223755981928,369.8227843095933
2013-12-17 07:00:00,393.1728,342.52344,398.3089,370.37352102693984,410.95278110346027,360.5676294395344
2013-12-17 07:10:00,446.57346,393.1728,473.31732,417.38376338612755,437.6399991807797,413.6658091420377
2013-12-17 07:20:00,479.6781,446.57346,459.42938,450.05157633418764,475.00567943840616,450.73546122111935
2013-12-17 07:30:00,454.89655,479.6781,501.79224,501.54108066913125,520.3728458482097,505.55957364438916
2013-12-17 07:40:00,550.1103,454.89655,622.4241,516.6025120591111,561.4725616523906,517.458255856281
2013-12-17 07:50:00,753.2259,550.1103,632.3024,575.1206860351855,614.771891141427,601.7415826834939
2013-12-17 08:00:00,753.5956,753.2259,799.3838,697.0249994574843,700.3521391848003,758.3147854883423
2013-12-17 08:10:00,825.61786,753.5956,1072.7003,791.5704787317032,793.6485231053016,786.2950618131531
2013-12-17 08:20:00,969.22736,825.61786,977.5034,903.4517749664303,894.6411273972833,877.2416239264772
2013-12-17 08:30:00,1102.4698,969.22736,1091.5458,1002.3912540183385,1010.6412129793999,999.7801559486427
2013-12-17 08:40:00,1151.8214,1102.4698,1217.1279,1138.4178467944494,1139.5090637386593,1123.4775380912592
2013-12-17 08:50:00,1323.192,1151.8214,1303.0553,1251.4781741403522,1264.5674047220052,1214.1023048950615
2013-12-17 09:00:00,1353.7094,1323.192,1575.002,1401.6864597713936,1397.4153129742654,1356.2791330066611
2013-12-17 09:10:00,1526.8392,1353.7094,1681.3344,1479.0904193172103,1516.1572083184562,1425.3247039753694
2013-12-17 09:20:00,1520.4929,1526.8392,1558.2786,1634.8599912873624,1637.3944992228817,1561.5834837118139
2013-12-17 09:30:00,1443.8579,1520.4929,1637.3098,1682.458984961206,1735.5671740628673,1602.6094281683258
2013-12-17 09:40:00,1733.7273,1443.8579,1781.1393,1684.264349227688,1793.43003555981,1579.6337693567366
2013-12-17 09:50:00,1723.3817,1733.7273,1995.1044,1813.7964129476604,1872.7139407025775,1782.674714858316
2013-12-17 10:00:00,1592.9745,1723.3817,1961.1566,1851.172977892496,1939.2797650370985,1796.3420204273766
2013-12-17 10:10:00,1676.853,1592.9745,2290.3916,1854.4998784032957,1968.7262059983848,1770.216078153132
2013-12-17 10:20:00,2029.1399,1676.853,2023.518,1853.8726800226025,1995.2012915809532,1827.245425679691
2013-12-17 10:30:00,1878.1979,2029.1399,2260.137,2008.4350374126748,2068.7040503372937,2089.5172351388624
2013-12-17 10:40:00,2047.5851,1878.1979,2472.3645,2032.8478907703193,2121.490373812434,2098.303992228885
2013-12-17 10:50:00,2180.45,2047.5851,2301.1992,2177.8839733565433,2189.8954531782865,2117.459691791802
2013-12-17 11:00:00,2260.443,2180.45,2286.6116,2230.7334173196077,2270.8945638078562,2311.42750143536
2013-12-17 11:10:00,2108.2441,2260.443,2466.042,2341.5805109839184,2355.2150873188702,2458.380410781924
2013-12-17 11:20:00,2238.8875,2108.2441,2453.964,2302.48289134544,2403.931285972189,2409.5085109674965
2013-12-17 11:30:00,2177.5771,2238.8875,2577.374,2341.8472883674413,2454.247198739938,2510.7665450462523
2013-12-17 11:40:00,2299.401,2177.5771,2892.698,2284.5474651929776,2483.682890925091,2522.8848577133117
2013-12-17 11:50:00,2414.3123,2299.401,2647.2146,2356.296050126581,2520.6834140025294,2588.6650999222247
2013-12-17 12:00:00,2392.4524,2414.3123,2526.6145,2414.2150551463455,2569.1014673588284,2715.151559258306
2013-12-17 12:10:00,2683.2268,2392.4524,2653.1787,2453.7059847892488,2609.68556213609,2571.867231462388
2013-12-17 12:20:00,2642.9966,2683.2268,2747.9504,2615.8207365275007,2683.7418301766797,2719.2553118641417
2013-12-17 12:30:00,2447.843,2642.9966,3244.1272,2649.355705516887,2748.005846770822,2762.3932700860805
2013-12-17 12:40:00,2542.8638,2447.843,2985.6284,2610.267524297481,2771.2467401454833,2692.371007104784
2013-12-17 12:50:00,2836.1824,2542.8638,2954.0652,2596.2685429265366,2792.5523306202513,2744.585694269671
2013-12-17 13:00:00,2705.4675,2836.1824,3111.739,2705.155034995216,2846.9169039069857,2890.1621177082325
2013-12-17 13:10:00,2972.2612,2705.4675,3155.8035,2732.3724834015666,2880.5190856222307,2858.844958779606
2013-12-17 13:20:00,3007.2957,2972.2612,3160.2808,2912.843935146513,2940.778762152459,2959.3809505597173
2013-12-17 13:30:00,3013.3506,3007.2957,3194.455,2954.869167071861,2999.219152178457,3000.9605719503897
2013-12-17 13:40:00,3133.456,3013.3506,3238.2983,3039.2377063423505,3047.2249100267245,3008.6602920157466
2013-12-17 13:50:00,2863.8772,3133.456,3301.32,3109.8272748407294,3097.366579176288,3073.3390129758136
2013-12-17 14:00:00,3008.3774,2863.8772,3310.8464,3001.134995515004,3098.1432872383193,2967.476159205359
2013-12-17 14:10:00,2890.1206,3008.3774,3209.6182,3044.4398822573926,3103.9525196247296,3015.515863560031
2013-12-17 14:20:00,2734.4712,2890.1206,3132.4636,2947.3627085261733,3087.243333921767,2938.1700470837086
2013-12-17 14:30:00,2544.7542,2734.4712,3463.6958,2877.7984848171423,3043.6634311573357,2859.2566633837578
2013-12-17 14:40:00,2736.8467,2544.7542,2919.7893,2711.6158864749355,2970.825712305956,2710.348527310803
2013-12-17 14:50:00,2691.2998,2736.8467,3138.5393,2725.4399069789447,2930.2059370812617,2836.353881213956
2013-12-17 15:00:00,2396.328,2691.2998,2834.9238,2695.79075309953,2894.9207249312685,2798.931392034578
2013-12-17 15:10:00,2737.6082,2396.328,3187.3694,2581.2311816918295,2825.277839154565,2650.614191534783
2013-12-17 15:20:00,2477.2888,2737.6082,3031.5605,2672.111488624579,2809.5388407646765,2826.928721899451
2013-12-17 15:30:00,2892.69,2477.2888,2918.214,2538.5695019571112,2769.0575867663865,2656.9501523037547
2013-12-17 15:40:00,2803.812,2892.69,2935.791,2773.1274230687955,2787.668693579721,2883.913793462211
2013-12-17 15:50:00,2902.2222,2803.812,2772.8342,2750.617306351085,2801.629652631303,2838.3130750995088
2013-12-17 16:00:00,2747.3257,2902.2222,2844.5388,2888.4301258715996,2824.792630082484,2876.7598750250154
2013-12-17 16:10:00,3124.105,2747.3257,2766.8157,2801.8650912636535,2821.4039737046905,2791.851668018643
2013-12-17 16:20:00,3048.2637,3124.105,3089.2231,2969.088381706446,2854.649176893708,2925.2235769999174
2013-12-17 16:30:00,3095.5195,3048.2637,2774.1755,2968.007034988635,2873.559284266386,2863.7404196934276
2013-12-17 16:40:00,3181.4685,3095.5195,2913.9536,3066.214584103167,2886.989202046281,2809.8927319126587
2013-12-17 16:50:00,2941.134,3181.4685,2843.8418,3087.8471681792807,2899.048523100698,2884.6565863512783
2013-12-17 17:00:00,2902.808,2941.134,2853.4807,2987.7904733018304,2871.362336342562,2738.1784612131187
2013-12-17 17:10:00,2714.8738,2902.808,2829.6445,2923.953664435335,2827.5728823908235,2727.4041456150817
2013-12-17 17:20:00,3030.4998,2714.8738,2822.5754,2749.254981038851,2755.0032962235146,2634.4210065271927
2013-12-17 17:30:00,2599.4233,3030.4998,2781.0361,2838.671345432905,2720.685327776537,2758.8947136348065
2013-12-17 17:40:00,2843.5127,2599.4233,2717.2131,2637.6559473612697,2640.43077679731,2519.2176666232995
2013-12-17 17:50:00,2552.371,2843.5127,2600.114,2730.296843823422,2592.2637941706057,2623.284911281316
2013-12-17 18:00:00,2385.382,2552.371,2694.7937,2525.185925782408,2516.6989840869546,2471.061623217538
2013-12-17 18:10:00,2270.155,2385.382,2531.3782,2428.465043048336,2424.845831926616,2383.2784643793975
2013-12-17 18:20:00,2145.7808,2270.155,2527.0508,2257.8839924700205,2326.123607362779,2291.7145170646163
2013-12-17 18:30:00,2272.6868,2145.7808,2394.3535,2123.9467259244425,2223.2812590330564,2198.854435662071
2013-12-17 18:40:00,2324.882,2272.6868,2249.6177,2122.6989171579917,2151.0877426303255,2170.899095085636
2013-12-17 18:50:00,2225.732,2324.882,1996.8153,2137.1142403052545,2101.161719233934,2121.31126179257
2013-12-17 19:00:00,2236.8972,2225.732,2160.4158,2128.310117607243,2051.6642500123207,2032.412231088706
2013-12-17 19:10:00,2005.5433,2236.8972,2140.3198,2119.7070048327682,2010.080340886654,1971.5384137376986
2013-12-17 19:20:00,1953.8909,2005.5433,2136.7168,1981.5443665823727,1945.62715162433,1847.818537154289
2013-12-17 19:30:00,1802.5775,1953.8909,2046.5723,1905.6908173757286,1877.6145805308304,1793.1567786279381
2013-12-17 19:40:00,1852.4194,1802.5775,1731.4648,1764.1627758847767,1796.805488442052,1695.0652262596327
2013-12-17 19:50:00,1696.9373,1852.4194,1756.6365,1740.6367248957652,1730.419590743633,1695.1270871817978
2013-12-17 20:00:00,1606.5923,1696.9373,1688.5913,1638.670623543529,1656.08228797964,1588.448612743068
2013-12-17 20:10:00,1590.6038,1606.5923,1625.3927,1571.7698707306354,1580.1441130475425,1531.618766091241
2013-12-17 20:20:00,1446.0183,1590.6038,1324.3677,1507.2340424668382,1512.945321516958,1484.7319619346044
2013-12-17 20:30:00,1323.7643,1446.0183,1316.6863,1411.6617611268239,1439.1652698127214,1372.2167560771272
2013-12-17 20:40:00,1351.181,1323.7643,1236.932,1316.4712126892057,1359.9037692310342,1275.8617512403202
2013-12-17 20:50:00,1179.2695,1351.181,1163.2485,1269.7835220925012,1295.6491153138843,1258.1849607113127
2013-12-17 21:00:00,1079.5662,1179.2695,1774.6016,1163.3322994782184,1222.1337622792687,1138.0160808389464
2013-12-17 21:10:00,1028.0624,1079.5662,1287.5082,1083.6364451812362,1146.0445470729253,1061.683327021388
2013-12-17 21:20:00,1090.8693,1028.0624,1242.588,998.7534091363449,1075.0980338921458,1009.916679721641
2013-12-17 21:30:00,956.15717,1090.8693,1261.8608,993.3195578703784,1025.6339122492493,978.8783179695158
2013-12-17 21:40:00,862.8589,956.15717,1022.12854,930.054544689511,972.0918156055492,896.722717854701
2013-12-17 21:50:00,919.1082,862.8589,1066.5684,870.0033305603059,914.9299219397959,837.2429830238736
2013-12-17 22:00:00,801.89136,919.1082,1007.38617,846.4838110539805,874.0958974882659,833.0284627215343
2013-12-17 22:10:00,840.02545,801.89136,1131.5334,780.3228885273041,827.9956703426823,752.3746233798264
2013-12-17 22:20:00,779.9643,840.02545,911.0456,786.7218538466791,794.156656088867,756.5453097853407
2013-12-17 22:30:00,783.5628,779.9643,877.7383,738.8022600690845,760.7212040211858,712.035968230182
2013-12-17 22:40:00,769.1843,783.5628,916.14545,736.8113868298624,733.7002717048379,706.4598380126904
2013-12-17 22:50:00,724.57544,769.1843,1263.049,716.5144269757704,710.6303218270498,669.689975461057
2013-12-17 23:00:00,680.99176,724.57544,896.8783,693.2666047911455,686.5119548586298,641.431373340911
2013-12-17 23:10:00,609.1263,680.99176,1194.1348,659.6636918089896,660.0626688600357,611.7561479227047
2013-12-17 23:20:00,687.94366,609.1263,1122.802,605.4032403682264,626.9948013465303,563.4903873781707
2013-12-17 23:30:00,579.22,687.94366,827.644,617.1832822334856,607.5958114844587,591.537101621961
2013-12-17 23:40:00,560.5221,579.22,590.85205,565.7261557457216,580.2544903158182,530.1311553107905
2013-12-17 23:50:00,585.93774,560.5221,575.17413,552.7259157997448,553.2730338415664,523.6990361196735
2013-12-18 00:00:00,543.7737,585.93774,763.32715,536.410317806147,533.7995554869693,524.9091716267523
2013-12-18 00:10:00,489.5595,543.7737,638.1712,518.0907116173406,523.9471645533495,577.1788152014718
2013-12-18 00:20:00,539.0693,489.5595,511.84302,489.42173531126303,506.61495491274763,494.19909799677504
2013-12-18 00:30:00,504.443,539.0693,493.02005,492.221476079986,498.1928964816945,525.0565715358134
2013-12-18 00:40:00,474.9078,504.443,541.55615,474.2440548978383,488.6939874787409,516.3032995679512
2013-12-18 00:50:00,456.41156,474.9078,465.88635,465.62136821645987,476.138268737079,493.11881773209916
2013-12-18 01:00:00,410.78296,456.41156,442.66397,443.08435668121217,461.2664110391468,469.34355701653294
2013-12-18 01:10:00,379.65802,410.78296,481.84415,410.6390242048478,440.4654009665228,448.16610849810826
2013-12-18 01:20:00,401.63037,379.65802,439.98602,381.97020646307806,415.94037022333316,423.96689335104054
2013-12-18 01:30:00,409.86038,401.63037,452.74246,375.9937279679999,397.0796463325858,404.10182285759066
2013-12-18 01:40:00,410.02414,409.86038,507.9777,377.7105827993219,383.7262892890985,404.17397572956116
2013-12-18 01:50:00,413.1298,410.02414,409.54782,386.1438528694714,374.52383669987756,405.44366148474484
2013-12-18 02:00:00,381.0714,413.1298,407.85815,390.6339353800158,368.90610014091124,399.9018239656635
2013-12-18 02:10:00,370.31766,381.0714,411.84418,376.6894384581589,361.3122844577334,386.2930682055949
2013-12-18 02:20:00,391.41586,370.31766,397.22635,366.02382659872865,352.9985111313912,375.14587581616803
2013-12-18 02:30:00,339.14832,391.41586,432.5632,366.80707345852284,348.5064393034407,384.32996798813275
2013-12-18 02:40:00,343.98822,339.14832,366.80832,343.97053200965524,338.6693437504136,354.9554522052129
2013-12-18 02:50:00,354.6266,343.98822,337.33316,340.8989441410033,329.6970049322046,375.50765094975145
2013-12-18 03:00:00,349.94174,354.6266,384.66998,335.17178709374883,323.76854815217513,372.7310180969571
2013-12-18 03:10:00,357.09317,349.94174,411.0358,337.420897590699,319.43642445085567,373.26719525339644
2013-12-18 03:20:00,353.47437,357.09317,426.82016,343.47681560874884,317.8369619220474,363.10054556529735
2013-12-18 03:30:00,323.44745,353.47437,294.39008,343.0699544935898,317.46857932398194,355.9236766136895
2013-12-18 03:40:00,330.19568,323.44745,346.5054,330.0711305563821,313.93700424420416,334.3791414727996
2013-12-18 03:50:00,333.8312,330.19568,276.82495,326.85221825286413,311.29789281072834,333.09681926971945
2013-12-18 04:00:00,349.34024,333.8312,303.0393,323.62153578860165,310.1305903698244,331.8866542944405
2013-12-18 04:10:00,332.18362,349.34024,341.105,334.9360685039388,312.4086146548982,333.17968024927336
2013-12-18 04:20:00,342.7267,332.18362,278.16077,332.2676044084668,313.94833825158474,323.27354095897516
2013-12-18 04:30:00,374.74506,342.7267,301.17105,339.0523643924516,317.4218124167145,328.9330190977102
2013-12-18 04:40:00,368.85327,374.74506,327.84183,354.0244841524191,326.2573860366454,340.99585451320263
2013-12-18 04:50:00,359.95996,368.85327,296.3528,363.3023711167245,336.10213352077216,339.96539753380335
2013-12-18 05:00:00,320.06473,359.95996,306.23477,368.0489206819042,344.9312409469637,339.12054211397736
2013-12-18 05:10:00,361.5439,320.06473,311.81003,345.5151447049998,346.71414394494076,318.53703417180105
2013-12-18 05:20:00,344.93466,361.5439,314.4834,357.26880597808196,352.9089680233552,340.29937815457777
2013-12-18 05:30:00,401.58304,344.93466,297.34317,350.13854945729815,357.7563607381142,342.9688798289971
2013-12-18 05:40:00,397.4719,401.58304,302.52466,388.6623108759985,371.42782707093966,377.86888924157836
2013-12-18 05:50:00,396.86322,397.4719,293.9416,398.3346616651069,387.4340319923827,379.1368145960052
2013-12-18 06:00:00,346.3754,396.86322,298.2731,416.417164351798,404.1824651475773,392.92289431062824
2013-12-18 06:10:00,356.57953,346.3754,323.27948,390.6537092565093,411.77429769563895,373.0039716987707
2013-12-18 06:20:00,357.7288,356.57953,276.3126,386.87544731011457,417.9306537437411,388.94437050752293
2013-12-18 06:30:00,379.6343,357.7288,346.87347,379.2142091129977,423.52867809960844,387.31830042009784
2013-12-18 06:40:00,361.912,379.6343,370.5926,397.0575728458567,433.46052388260415,405.8022377923767
2013-12-18 06:50:00,413.22113,361.912,330.08496,396.3752509450786,442.10985290023706,399.26464470143577
2013-12-18 07:00:00,403.95444,413.22113,414.72205,428.8212148055158,460.5488479907369,446.0340883402402
2013-12-18 07:10:00,471.12317,403.95444,498.2013,434.817788053031,480.6123814773281,450.5498821537019
2013-12-18 07:20:00,481.8742,471.12317,507.02487,487.2884256765045,513.360764723286,517.443822487081
2013-12-18 07:30:00,486.94028,481.8742,500.81403,510.9309285757553,551.3208755630466,529.1213363099336
2013-12-18 07:40:00,624.4269,486.94028,577.8699,540.9795817126188,590.4967637621872,568.937545821418
2013-12-18 07:50:00,638.6378,624.4269,648.36334,621.3401840170636,651.4790697790227,666.885938657929
2013-12-18 08:00:00,813.0423,638.6378,706.696,670.5920715639523,718.7680264861052,713.5446090241699
2013-12-18 08:10:00,815.51215,813.0423,896.70795,815.8924594937023,812.8351230156898,839.841873690259
2013-12-18 08:20:00,925.6145,815.51215,914.41406,871.9706533194931,909.7840491817132,901.3770837798711
2013-12-18 08:30:00,986.8481,925.6145,909.3241,993.4606782107037,1017.284985018283,1062.1365711889043
2013-12-18 08:40:00,1024.8683,986.8481,1036.2612,1058.7140229417753,1125.5980073002752,1134.6864842206617
2013-12-18 08:50:00,1120.7278,1024.8683,1165.2616,1132.9807527456894,1225.8306431364886,1231.370148036672
2013-12-18 09:00:00,1329.3274,1120.7278,1193.8663,1215.2816192074506,1324.1663977119917,1336.4585538504004
2013-12-18 09:10:00,1298.2369,1329.3274,1675.2163,1363.3981149626848,1440.31684207506,1498.9112401880693
2013-12-18 09:20:00,1384.4584,1298.2369,1398.3181,1432.0233109861738,1538.9279191004644,1522.8464967691566
2013-12-18 09:30:00,1469.436,1384.4584,1684.267,1534.2319715041776,1630.822117164594,1535.997579513797
2013-12-18 09:40:00,1578.1361,1469.436,1810.5433,1588.338533769867,1717.1379037617742,1631.0845815252542
2013-12-18 09:50:00,1854.771,1578.1361,1633.9137,1690.0600760454606,1803.422820581151,1722.3807341192392
2013-12-18 10:00:00,1918.0593,1854.771,1718.2716,1883.0896176982017,1917.2441352080436,1901.8713594913152
2013-12-18 10:10:00,1979.1547,1918.0593,1905.1145,2014.372494264134,2030.248828570525,1974.1975207552791
2013-12-18 10:20:00,1986.4985,1979.1547,1988.1498,2139.1258620401995,2134.6710966448327,2065.834310232315
2013-12-18 10:30:00,2171.3086,1986.4985,1958.0093,2163.743031495938,2218.011355102823,2116.711416319066
2013-12-18 10:40:00,2056.8528,2171.3086,2246.4888,2267.82150395988,2305.892812361739,2274.7416327769356
2013-12-18 10:50:00,2273.6548,2056.8528,2236.9653,2239.522452174239,2358.014734272091,2285.5526422016396
2013-12-18 11:00:00,2399.3738,2273.6548,2450.2341,2364.500489685302,2422.3767998425487,2435.0717992620253
2013-12-18 11:10:00,2414.5996,2399.3738,2360.7063,2433.8639476678686,2493.1473208607676,2552.415141936308
2013-12-18 11:20:00,2517.3286,2414.5996,2257.2395,2521.5707519376256,2555.157494453668,2616.958603089504
2013-12-18 11:30:00,2686.7637,2517.3286,2342.7937,2598.597825302421,2618.377528112475,2709.8504422652336
2013-12-18 11:40:00,2631.356,2686.7637,2523.0796,2698.696684388298,2692.9359121917164,2832.1641642209606
2013-12-18 11:50:00,2698.8047,2631.356,2344.0938,2725.431828539494,2748.566951323366,2842.835170076108
2013-12-18 12:00:00,2644.4453,2698.8047,2563.8928,2779.8839750890675,2798.411603036489,2880.7902244670336
2013-12-18 12:10:00,2527.1482,2644.4453,2796.1885,2739.2708701093998,2827.324309042431,2919.2235167137324
2013-12-18 12:20:00,2794.0598,2527.1482,3009.7483,2671.428534821648,2826.5518408284897,2867.3206878971973
2013-12-18 12:30:00,2793.752,2794.0598,2996.6025,2754.7953500087797,2854.6103968750326,3031.3221741947395
2013-12-18 12:40:00,2745.2158,2793.752,3488.2744,2776.8857689118286,2882.0892494669874,3008.7315265385196
2013-12-18 12:50:00,2864.4187,2745.2158,2929.3225,2819.288039488825,2899.523411255917,2946.052881250811
2013-12-18 13:00:00,3068.5159,2864.4187,3129.3904,2862.2960084535457,2927.9435348584384,2992.2380183448568
2013-12-18 13:10:00,3000.1797,3068.5159,3032.534,2973.5572594890614,2979.8322441287796,3094.9325125200708
2013-12-18 13:20:00,3004.658,3000.1797,3102.9355,3017.762783330297,3019.185035556396,3067.657900394178
2013-12-18 13:30:00,3191.4482,3004.658,2996.5852,3057.330986761596,3049.488309614951,3056.1907335595224
2013-12-18 13:40:00,3207.1084,3191.4482,3351.0833,3132.3241829314693,3093.962063253348,3216.5919942961145
2013-12-18 13:50:00,3051.9417,3207.1084,3350.995,3185.021743683424,3132.7781728699597,3194.1734996888167
2013-12-18 14:00:00,3178.2043,3051.9417,3409.3945,3160.581950356463,3141.182335120523,3159.7441667688618
2013-12-18 14:10:00,3111.8794,3178.2043,3262.4702,3193.442132042979,3154.607944878393,3255.763108452544
2013-12-18 14:20:00,2973.613,3111.8794,3188.527,3148.7499386976097,3153.045393235461,3247.8017981295893
2013-12-18 14:30:00,3023.979,2973.613,3212.2188,3096.523909590568,3127.3513460823087,3166.9426563830925
2013-12-18 14:40:00,2870.2234,3023.979,3355.152,3073.2155993277934,3104.5953144972414,3211.679376250305
2013-12-18 14:50:00,2810.9236,2870.2234,3163.4941,2969.4111460826666,3062.132875388353,3103.87782669484
2013-12-18 15:00:00,2524.7148,2810.9236,3138.4204,2915.4409458809246,3013.5583775324885,3047.09658668209
2013-12-18 15:10:00,2665.3462,2524.7148,3357.431,2710.092197773193,2929.250740164136,2834.447196642718
2013-12-18 15:20:00,2788.0576,2665.3462,3068.2595,2699.2831208871157,2872.3332236694105,2869.3580632866365
2013-12-18 15:30:00,2690.2424,2788.0576,2931.4197,2714.3272088652034,2845.156618069146,2885.383891382081
2013-12-18 15:40:00,2476.0342,2690.2424,2682.1438,2729.0058281112792,2817.0351368843308,2804.623875320689
2013-12-18 15:50:00,2679.1196,2476.0342,2925.2114,2622.490518793778,2765.0396840735025,2704.686172010905
2013-12-18 16:00:00,2502.6748,2679.1196,3033.0212,2645.339971747421,2743.551480082745,2743.736246715785
2013-12-18 16:10:00,2525.0535,2502.6748,2649.4763,2540.426578055898,2704.69299585966,2662.5415444898076
2013-12-18 16:20:00,2681.9224,2525.0535,2890.9934,2557.490023953765,2671.3638644993007,2648.101923048087
2013-12-18 16:30:00,2889.628,2681.9224,2967.2227,2585.9304377834146,2661.7593231825135,2689.52163749917
2013-12-18 16:40:00,2542.5159,2889.628,2775.517,2719.286354401297,2681.1326111429003,2765.1582795326726
2013-12-18 16:50:00,2753.3704,2542.5159,3069.802,2626.6482191969,2657.107430163475,2603.4102270110097
2013-12-18 17:00:00,2676.247,2753.3704,2885.9888,2696.444662357742,2651.921656678987,2693.2066487552424
2013-12-18 17:10:00,2600.9219,2676.247,2788.8345,2606.991345842913,2633.8336122658975,2601.0693857919555
2013-12-18 17:20:00,2616.2776,2600.9219,2687.505,2596.846392547061,2601.784798234901,2563.33059709658
2013-12-18 17:30:00,2503.0154,2616.2776,3005.7766,2557.336368495458,2568.0311811223505,2518.514195464992
2013-12-18 17:40:00,2491.4087,2503.0154,2762.919,2475.4574706700178,2519.108148825088,2449.221405862012
2013-12-18 17:50:00,2464.9944,2491.4087,2557.8306,2438.374907552398,2468.917361263039,2439.953493229644
2013-12-18 18:00:00,2273.415,2464.9944,2577.395,2385.0292777700947,2418.2580990934043,2408.548158508763
2013-12-18 18:10:00,2249.7034,2273.415,2303.616,2272.9782726874855,2347.286585901551,2319.952103436159
2013-12-18 18:20:00,2227.0054,2249.7034,2664.4214,2204.76867352505,2277.6870198228967,2293.9934344330763
2013-12-18 18:30:00,2196.0857,2227.0054,2439.0437,2134.4880767979466,2212.860449199716,2254.616612724743
2013-12-18 18:40:00,1929.9333,2196.0857,2384.309,2101.9709272819046,2153.020851768779,2221.839165842377
2013-12-18 18:50:00,1906.7806,1929.9333,2430.4763,1952.5986146096407,2067.046803223211,2055.0810536369017
2013-12-18 19:00:00,1933.2943,1906.7806,2246.3481,1871.5535695018752,1985.5530348589525,2012.2531180802944
2013-12-18 19:10:00,1699.993,1933.2943,2297.5225,1811.6019452798027,1918.7262158889748,1981.0878417969602
2013-12-18 19:20:00,1720.3448,1699.993,2083.0298,1694.659183435756,1833.5369847857369,1825.823338350778
2013-12-18 19:30:00,1700.0227,1720.3448,1884.9933,1657.6041538996228,1761.3642603487574,1788.4205668297316
2013-12-18 19:40:00,1523.4856,1700.0227,1619.4545,1594.1828872607985,1698.9269689758314,1736.4177152358802
2013-12-18 19:50:00,1568.3333,1523.4856,1999.8436,1507.176585278988,1624.6923601431868,1615.2437493528607
2013-12-18 20:00:00,1453.8414,1568.3333,1679.3378,1484.2935305649103,1565.792863623647,1580.8927515284672
2013-12-18 20:10:00,1269.3866,1453.8414,1678.3756,1395.7351276163538,1502.8336273241844,1512.6859980814281
2013-12-18 20:20:00,1161.6351,1269.3866,1538.2764,1289.792815045495,1423.465588372503,1392.8370983135865
2013-12-18 20:30:00,1171.1189,1161.6351,1376.2448,1170.6863700652782,1337.5835729669416,1299.484176045839
2013-12-18 20:40:00,991.73987,1171.1189,1190.0137,1110.0481611554912,1265.2960831202108,1272.141550749121
2013-12-18 20:50:00,957.08075,991.73987,1193.6012,998.6749742181162,1181.2896303905413,1132.3024145796928
2013-12-18 21:00:00,985.3857,957.08075,879.54285,945.4056891704811,1105.3259713034533,1084.7332978873492
2013-12-18 21:10:00,816.4783,985.3857,915.6829,909.9347181171208,1048.09753084728,1063.271559889492
2013-12-18 21:20:00,850.4735,816.4783,977.5572,825.359046531342,980.2624561939695,941.8562125994672
2013-12-18 21:30:00,817.6907,850.4735,1041.2152,812.3804383377959,928.3110536233557,940.6957716126094
2013-12-18 21:40:00,688.85065,817.6907,995.1739,764.6283010567038,883.5668698792676,899.9868369865374
2013-12-18 21:50:00,702.4695,688.85065,969.6157,702.4849226258636,829.2811148147877,799.3459421577699
2013-12-18 22:00:00,753.86127,702.4695,870.22614,674.458210565254,784.6633804711379,780.5586992927812
2013-12-18 22:10:00,676.85645,753.86127,860.20404,670.5288133636251,756.4065866451784,785.6439059230632
2013-12-18 22:20:00,758.3573,676.85645,965.69275,648.8633166660202,726.2541608624359,723.8811084098304
2013-12-18 22:30:00,652.5494,758.3573,834.43976,682.5123227340578,712.1532825656689,755.6006144170848
2013-12-18 22:40:00,640.0536,652.5494,667.72833,631.4211296387258,689.4978461230208,682.2830867640525
2013-12-18 22:50:00,634.62427,640.0536,686.76434,622.3573176543557,666.6166132784163,669.2374554780133
2013-12-18 23:00:00,604.5951,634.62427,535.60846,592.8570227167505,645.3398814489407,648.7028928463144
2013-12-18 23:10:00,545.23456,604.5951,673.3051,574.600366532424,622.8571624358666,622.4606125110539
2013-12-18 23:20:00,540.5254,545.23456,626.08014,538.405524329413,594.5041655060863,590.2701145270795
2013-12-18 23:30:00,593.64,540.5254,485.93866,516.9271410731188,568.0299408263145,584.764341442276
2013-12-18 23:40:00,579.179,593.64,552.5888,526.4349712459754,552.8766567790749,614.5661531008786
2013-12-18 23:50:00,502.68195,579.179,578.4617,530.5498853004233,541.1431197492432,610.4905905402107
2013-12-19 00:00:00,536.72876,502.68195,544.10876,504.15335185229907,522.042936642255,572.2219310679928
2013-12-19 00:10:00,487.20523,536.72876,612.5639,501.45106007496497,521.0243916382918,505.8317674322278
2013-12-19 00:20:00,436.3902,487.20523,550.2907,467.6923135340311,499.05832490962086,490.8213200748861
2013-12-19 00:30:00,456.98666,436.3902,515.6192,440.93430327068825,467.90450109440997,465.21664679915256
2013-12-19 00:40:00,429.72488,456.98666,576.80023,429.41337825229004,443.1294032817555,482.08008150945363
2013-12-19 00:50:00,370.90134,429.72488,528.7024,409.4164422697543,421.2908288951886,470.3797225404869
2013-12-19 01:00:00,435.60614,370.90134,487.79184,380.184605125152,396.7847038643137,417.58351498537684
2013-12-19 01:10:00,394.7007,435.60614,514.7918,392.63129446237116,385.3171193074158,462.57140410856505
2013-12-19 01:20:00,400.94308,394.7007,502.52484,373.76268466683325,374.4104221947508,422.9025060709774
2013-12-19 01:30:00,427.43805,400.94308,393.03406,385.0425870759223,367.2320845075436,417.5930974487823
2013-12-19 01:40:00,336.43256,427.43805,388.41327,389.5932114151664,365.8562636489217,421.20882931497516
2013-12-19 01:50:00,365.2895,336.43256,407.0363,352.8806902488659,354.20770222173746,382.4874130251404
2013-12-19 02:00:00,346.52133,365.2895,347.6217,354.65335259084407,345.54592503859675,389.65778064118166
2013-12-19 02:10:00,342.67114,346.52133,404.20245,331.1275796803415,335.7452126301966,370.62885508864395
2013-12-19 02:20:00,320.30676,342.67114,387.69327,333.2001574905453,326.6309135400257,364.63822091564754
2013-12-19 02:30:00,328.14258,320.30676,385.9141,317.5320250837422,315.95155009854653,339.08926697079386
2013-12-19 02:40:00,280.11807,328.14258,386.30444,316.2105988799394,307.66780850950687,339.95053103808146
2013-12-19 02:50:00,335.46817,280.11807,384.74515,289.1792870212744,294.4783185817342,332.65799734772355
2013-12-19 03:00:00,298.21442,335.46817,367.38992,307.86709385270575,289.8833880073968,353.9133662508345
2013-12-19 03:10:00,309.2171,298.21442,395.27368,290.86692707343695,283.7775766160179,324.79069326531567
2013-12-19 03:20:00,300.12256,309.2171,401.73764,303.11309748154486,280.46364216871564,326.4021885353441
2013-12-19 03:30:00,246.72475,300.12256,353.05072,292.6487352163,277.62225330531624,316.330921206614
2013-12-19 03:40:00,276.32565,246.72475,329.7815,266.71285844265503,267.83506238408035,281.37113119633597
2013-12-19 03:50:00,262.11307,276.32565,332.10986,268.46528094652405,262.0946983637476,288.4637422281743
2013-12-19 04:00:00,270.27988,262.11307,318.37247,255.63374042312952,256.4528626590298,280.2480224112724
2013-12-19 04:10:00,252.87465,270.27988,349.41077,265.17676957127634,253.58951516539017,271.99508769906595
2013-12-19 04:20:00,251.35564,252.87465,323.29788,255.6599405249804,250.1739643166034,257.4692099690579
2013-12-19 04:30:00,252.64908,251.35564,329.8743,254.0657752116007,247.6024537361739,257.0412241767617
2013-12-19 04:40:00,252.2801,252.64908,340.2503,251.0173991266614,246.4783358059828,253.70664837018168
2013-12-19 04:50:00,271.09418,252.2801,303.57394,251.92463451627023,246.68633696016988,251.98772279105432
2013-12-19 05:00:00,250.35619,271.09418,313.96634,262.7924464390989,250.92462498142334,256.88234281278847
2013-12-19 05:10:00,284.96732,250.35619,306.307,258.0622589502002,253.89377305605518,248.7453890791381
2013-12-19 05:20:00,278.65344,284.96732,378.34708,277.1827505011111,262.2210490774742,268.29627096599387
2013-12-19 05:30:00,234.95042,278.65344,306.86783,278.263499945682,271.43285542957364,278.69560190595524
2013-12-19 05:40:00,278.24277,234.95042,301.54367,264.7241823770507,273.7577490004982,252.79205113264928
2013-12-19 05:50:00,274.403,278.24277,349.7559,277.2659368967878,281.24642286312917,277.94714198946156
2013-12-19 06:00:00,246.9415,274.403,310.33118,275.6464443161361,289.5327323218615,277.4725247983768
2013-12-19 06:10:00,316.2096,246.9415,367.47528,274.5620080536285,293.60842571206865,263.3723447283644
2013-12-19 06:20:00,317.4206,316.2096,396.937,304.49601559886787,308.21437469019435,308.2320567956515
2013-12-19 06:30:00,308.83353,317.4206,370.39334,316.55613623940104,326.45524536798655,317.21011903056836
2013-12-19 06:40:00,312.58328,308.83353,462.5887,336.2089377923872,344.709675739434,330.14227548933127
2013-12-19 06:50:00,378.32358,312.58328,421.2171,338.9975588499129,362.9327694794328,337.9118819812515
2013-12-19 07:00:00,398.94138,378.32358,413.06085,374.15515573907334,391.31113298620613,399.11651119763366
2013-12-19 07:10:00,383.5255,398.94138,478.9303,405.7802664884427,425.4386018262063,431.2220539844015
2013-12-19 07:20:00,505.4137,383.5255,506.47122,426.52461701432514,457.5122666022659,441.9045740974175
2013-12-19 07:30:00,487.4411,505.4137,586.53674,495.4237367593336,507.36877795846317,547.4857875933739
2013-12-19 07:40:00,513.9205,487.4411,579.84595,516.2184292491996,557.4295422836094,567.7285362481032
2013-12-19 07:50:00,644.89886,513.9205,774.51733,568.5049490808387,608.9724012007655,627.0633360191582
2013-12-19 08:00:00,664.45844,644.89886,787.2202,641.6948809324776,678.3766519791047,734.4697875201991
2013-12-19 08:10:00,682.46765,664.45844,864.35,698.8776479907079,751.4784847469992,808.5549886169248
2013-12-19 08:20:00,738.4892,682.46765,926.0424,759.7142607059432,822.429464810072,864.5378227671818
2013-12-19 08:30:00,748.6995,738.4892,992.17694,803.3348169920747,894.0052291779698,935.8039814281641
2013-12-19 08:40:00,879.4211,748.6995,1386.6217,830.7020788115555,957.6167254355313,968.7598573219828
2013-12-19 08:50:00,1059.6797,879.4211,1429.9628,922.8336836711688,1033.217894533802,1091.9993567484182
2013-12-19 09:00:00,1205.6598,1059.6797,1756.2965,1055.0632198372089,1132.6975788467707,1211.1206427771756
2013-12-19 09:10:00,1294.0133,1205.6598,1758.0388,1224.7310533509637,1252.6141761523681,1334.7611363760245
2013-12-19 09:20:00,1403.5647,1294.0133,1974.7046,1370.501489971828,1380.4158640566397,1440.2595212072254
2013-12-19 09:30:00,1366.8352,1403.5647,1966.743,1496.8739036911084,1511.5438006258432,1544.9424253984946
2013-12-19 09:40:00,1410.3505,1366.8352,2061.1875,1527.6170845975728,1616.8923256307519,1585.029834528521
2013-12-19 09:50:00,1500.0518,1410.3505,1968.2762,1568.6121726897607,1701.3685118530045,1654.4914112944875
2013-12-19 10:00:00,1631.4615,1500.0518,2036.8434,1609.7673972527366,1775.1735498126814,1758.2928840063807
2013-12-19 10:10:00,1594.8406,1631.4615,2076.893,1707.4300795169631,1850.6452696639728,1886.7473930780827
2013-12-19 10:20:00,1743.9664,1594.8406,2128.8708,1738.653684080674,1905.2385123446652,1878.1103068324826
2013-12-19 10:30:00,1792.1637,1743.9664,2329.3064,1837.360265324508,1967.559901018917,2017.1886278195132
2013-12-19 10:40:00,1852.2518,1792.1637,2473.4666,1877.2680160529399,2026.753303771203,2065.4534222080515
2013-12-19 10:50:00,1815.0078,1852.2518,2551.5708,1952.9584062745657,2084.365601382944,1992.8159808249807
2013-12-19 11:00:00,1953.0441,1815.0078,2350.8796,1948.3012099137156,2125.0279449229383,1966.7130152949694
2013-12-19 11:10:00,1898.2078,1953.0441,2518.3152,2015.3213208794448,2175.127285035294,2059.5390378088773
2013-12-19 11:20:00,1932.6768,1898.2078,2802.102,1996.2098889450197,2208.9169048235817,2060.7314384084757
2013-12-19 11:30:00,2083.8467,1932.6768,2476.347,2026.9436771958538,2238.373180357097,2152.1940138202203
2013-12-19 11:40:00,2171.034,2083.8467,2703.3647,2084.838967577254,2283.728409391585,2270.5362590793834
2013-12-19 11:50:00,2265.275,2171.034,2956.3667,2163.2809342694272,2338.313925037146,2374.7526335236266
2013-12-19 12:00:00,2178.1807,2265.275,2671.3423,2263.7399879413542,2401.2863933730932,2477.053639142592
2013-12-19 12:10:00,2262.1306,2178.1807,2962.0967,2255.0687151014217,2443.5276357443786,2503.216638449708
2013-12-19 12:20:00,2150.6257,2262.1306,2975.1736,2293.3448183390146,2485.5283258395425,2565.1072422832053
2013-12-19 12:30:00,2270.9175,2150.6257,2991.2263,2223.8792481898736,2500.580967681231,2517.2241126326085
2013-12-19 12:40:00,2441.9104,2270.9175,3271.6672,2274.3187098848903,2523.352018276351,2586.6196233398364
2013-12-19 12:50:00,2547.372,2441.9104,3418.4873,2350.619681399261,2566.010966594113,2711.577037246248
2013-12-19 13:00:00,2549.3323,2547.372,3506.7034,2472.0037902069284,2620.840753042636,2776.4308236321094
2013-12-19 13:10:00,2767.84,2549.3323,3498.3464,2541.7364280740726,2670.4515550204246,2768.788900289269
2013-12-19 13:20:00,2683.886,2767.84,3569.2283,2676.08615270097,2739.2957094155167,2876.5075373967265
2013-12-19 13:30:00,2711.2275,2683.886,3720.0342,2684.2872537757007,2787.3754817787535,2835.660943388386
2013-12-19 13:40:00,2517.5942,2711.2275,4082.5557,2736.746268351465,2824.25324118296,2846.336281455673
2013-12-19 13:50:00,2742.896,2517.5942,3707.8462,2621.272528640447,2819.915565983741,2742.6225107585115
2013-12-19 14:00:00,2650.2075,2742.896,3686.6035,2697.380895163552,2834.2750253317654,2860.542650811025
2013-12-19 14:10:00,2467.6526,2650.2075,3479.6655,2652.3995237729955,2832.0784213863562,2841.637655357732
2013-12-19 14:20:00,2606.0076,2467.6526,3577.103,2597.8388055824003,2799.432805560632,2734.2058785955737
2013-12-19 14:30:00,2583.6455,2606.0076,3656.6104,2603.016831418944,2782.892427461542,2757.510445667161
2013-12-19 14:40:00,2529.9766,2583.6455,3678.0776,2576.003562240822,2766.0712591276842,2726.149949995428
2013-12-19 14:50:00,2546.6702,2529.9766,3535.5667,2581.0320339853306,2744.386489872563,2683.1049092233584
2013-12-19 15:00:00,2376.3787,2546.6702,3376.8804,2570.652921344692,2726.621396400321,2660.473858850435
2013-12-19 15:10:00,2511.2966,2376.3787,3201.6992,2471.8170937680698,2687.00535928275,2551.80590981099
2013-12-19 15:20:00,2380.6892,2511.2966,3431.9753,2503.3761691797176,2667.290430041182,2581.760260188933
2013-12-19 15:30:00,2496.9202,2380.6892,3477.4856,2421.1105585921755,2634.0851175390358,2512.420951317267
2013-12-19 15:40:00,2670.8054,2496.9202,3364.1667,2481.8362007947408,2619.1983458478758,2513.154424936949
2013-12-19 15:50:00,2527.7153,2670.8054,3284.312,2554.602673625968,2630.5039432437306,2622.323362247097
2013-12-19 16:00:00,2489.7966,2527.7153,3185.4412,2550.688880844751,2625.6523622600553,2544.080308125559
2013-12-19 16:10:00,2740.8386,2489.7966,3094.7456,2538.039975322875,2611.547541261835,2670.1577125636404
2013-12-19 16:20:00,2435.474,2740.8386,3113.1794,2608.2937291535527,2624.746998225733,2750.219994889378
2013-12-19 16:30:00,2455.3765,2435.474,3142.384,2495.6766661431516,2597.1545124217078,2583.811924710961
2013-12-19 16:40:00,2387.4033,2455.3765,3258.4138,2492.7037456748003,2565.470685431769,2588.7163454704078
2013-12-19 16:50:00,2405.84,2387.4033,2934.7273,2377.995961705421,2522.3042105138925,2564.505931601821
2013-12-19 17:00:00,2422.1624,2405.84,2884.93,2367.8572847255896,2481.9260108492385,2553.2569138960075
2013-12-19 17:10:00,2372.235,2422.1624,2943.2761,2353.2504981451802,2446.5656402792447,2566.438292505936
2013-12-19 17:20:00,2159.325,2372.235,2892.7563,2327.8472347076968,2408.292471911081,2517.7156344614536
2013-12-19 17:30:00,2137.3472,2159.325,3015.9224,2204.9081679428946,2344.402295805854,2404.6471008602944
2013-12-19 17:40:00,2231.6365,2137.3472,3012.9724,2125.970991055157,2279.7754389947186,2369.9185404556256
2013-12-19 17:50:00,2189.936,2231.6365,2831.693,2105.6786991813738,2233.494908204974,2375.112625835121
2013-12-19 18:00:00,2123.9602,2189.936,3028.6846,2093.012767191362,2190.22700940375,2311.9860976612013
2013-12-19 18:10:00,2123.451,2123.9602,2758.2766,2068.0756675362527,2144.5174000238007,2263.206307743321
2013-12-19 18:20:00,1877.5533,2123.451,2910.1533,2035.7974543685948,2102.8389579040036,2205.2799819261504
2013-12-19 18:30:00,2125.435,1877.5533,2794.071,1892.0343219203326,2033.1319040368455,2045.7277845948158
2013-12-19 18:40:00,2092.7605,2125.435,2620.6812,1950.7698861623269,1997.9097483209189,2132.3877232640216
2013-12-19 18:50:00,1824.8812,2092.7605,2535.8145,1922.6718974767314,1966.6557548433898,2064.4393996067183
2013-12-19 19:00:00,1729.0023,1824.8812,2712.6138,1843.5259156603202,1906.2676172272554,1904.8373045693372
2013-12-19 19:10:00,1680.3956,1729.0023,2714.0427,1727.1060002138079,1834.4269640191849,1824.6612469283104
2013-12-19 19:20:00,1606.5753,1680.3956,2616.8674,1618.1294419937715,1761.310240398695,1736.4554668092844
2013-12-19 19:30:00,1626.3036,1606.5753,2198.773,1546.5082431556334,1687.400466769135,1653.6016883323778
2013-12-19 19:40:00,1547.6589,1626.3036,2152.5847,1525.8845975533145,1626.5371697225241,1604.1526276798602
2013-12-19 19:50:00,1395.2604,1547.6589,2111.398,1472.927130781561,1566.8814264664093,1513.0387240764353
2013-12-19 20:00:00,1390.3672,1395.2604,1945.91,1385.1587660035955,1496.5386644964274,1406.1595671907055
2013-12-19 20:10:00,1230.7985,1390.3672,1868.3463,1330.9654719880727,1434.0207391261708,1369.0227817849625
2013-12-19 20:20:00,1114.6785,1230.7985,1818.6428,1216.0359096131392,1360.0450268259785,1239.8401975344239
2013-12-19 20:30:00,1020.2102,1114.6785,1755.3456,1122.9759911713331,1279.2485327358206,1151.5182268267645
2013-12-19 20:40:00,942.3615,1020.2102,1559.6774,1015.7886803405256,1196.1145422101781,1064.8894617966318
2013-12-19 20:50:00,842.16235,942.3615,1485.1571,931.0204429280815,1114.9590705799008,994.9911885790623
2013-12-19 21:00:00,718.4314,842.16235,1268.6296,843.4905928803878,1033.2736742917937,922.9842362275917
2013-12-19 21:10:00,781.4337,718.4314,1170.3201,742.722907178935,946.6711280125156,831.1127239548507
2013-12-19 21:20:00,700.18353,781.4337,1040.1089,724.5313438275797,885.4462603255869,860.2716983287453
2013-12-19 21:30:00,728.15845,700.18353,1092.9803,670.1093801141927,828.5068572924129,796.5859079787309
2013-12-19 21:40:00,701.6063,728.15845,1161.1085,681.0483329106596,788.4145455287149,809.3340466849604
2013-12-19 21:50:00,737.4239,701.6063,1038.0328,655.0289556945373,755.7728834799728,780.4437762951428
2013-12-19 22:00:00,640.25195,737.4239,892.23157,672.625260776349,736.0977472873254,787.1856427595625
2013-12-19 22:10:00,642.9851,640.25195,839.02356,627.5051318931799,709.3274862306047,724.2095514833519
2013-12-19 22:20:00,583.5191,642.9851,765.0785,616.580897154265,685.6172958369358,717.2242515256632
2013-12-19 22:30:00,631.582,583.5191,817.5981,566.1838968348989,656.6049426844038,668.0860078370938
2013-12-19 22:40:00,589.1496,631.582,737.6974,576.6640855473886,637.18146910943,682.8103440933027
2013-12-19 22:50:00,559.72516,589.1496,788.7016,552.8195879673285,616.4657315331127,654.9296312275135
2013-12-19 23:00:00,568.67993,559.72516,717.3833,541.508277863313,594.4405699152246,625.4304708628364
2013-12-19 23:10:00,518.3545,568.67993,961.62537,529.6999957807272,576.1876490560683,633.5250088018768
2013-12-19 23:20:00,516.46484,518.3545,880.5135,500.8635833512249,554.0208212973572,596.2396897766815
2013-12-19 23:30:00,506.92117,516.46484,801.4866,491.67453494168194,533.7776641304138,594.4662152763441
2013-12-19 23:40:00,482.3108,506.92117,778.3073,475.2204791025953,515.251361062497,577.8651315431317
2013-12-19 23:50:00,465.71014,482.3108,736.0413,461.4654772430905,496.370801683049,560.696154558468
2013-12-20 00:00:00,525.8392,465.71014,640.9776,446.48991376086093,477.814803755323,545.4062750349641
2013-12-20 00:10:00,489.60336,525.8392,652.6211,465.11252149203074,470.87458403881,374.34047483880204
2013-12-20 00:20:00,372.18173,489.60336,600.1446,457.91202075959916,451.9378300339425,368.7789582593693
2013-12-20 00:30:00,404.69742,372.18173,584.42175,405.9700520733886,416.2103391079788,388.52961145214516
2013-12-20 00:40:00,391.80353,404.69742,557.5985,390.5458154420413,389.05824085039046,401.40150056909874
2013-12-20 00:50:00,297.08508,391.80353,570.55914,364.97504365309425,368.5489655177937,425.5851009747732
2013-12-20 01:00:00,363.3345,297.08508,585.45844,322.988057467556,341.9455513579629,356.77946870613414
2013-12-20 01:10:00,311.23398,363.3345,528.4889,332.94804506940636,329.5916773017837,416.2348241726464
2013-12-20 01:20:00,304.2302,311.23398,479.70178,300.5796412938732,317.07137201031105,360.4503482474297
2013-12-20 01:30:00,292.2712,304.2302,467.96854,303.07971664752955,307.10866933900843,341.1486386922149
2013-12-20 01:40:00,266.19818,292.2712,458.12933,284.24067832282464,298.3570510358161,330.0567315387247
2013-12-20 01:50:00,241.73764,266.19818,431.3978,267.7101893420289,287.8946899896298,300.2911816712377
2013-12-20 02:00:00,268.45358,241.73764,425.3543,247.5437583081349,274.93853242733854,283.3519218016353
2013-12-20 02:10:00,255.58801,268.45358,385.7321,249.4945718251363,267.3890857284436,297.9929031459566
2013-12-20 02:20:00,255.26366,255.58801,387.86047,243.6864099393858,260.8603154717179,279.4742544745177
2013-12-20 02:30:00,247.74217,255.26366,385.2298,248.1482076965862,256.1139049753998,272.93612944134514
2013-12-20 02:40:00,261.45126,247.74217,352.71094,241.79751083247177,251.8170053926208,259.88582091589666
2013-12-20 02:50:00,212.55832,261.45126,361.2526,247.22318997397377,250.53618024463503,285.6044015242233
2013-12-20 03:00:00,225.63673,212.55832,380.73166,224.3998030811429,243.08174893917163,245.5947290134269
2013-12-20 03:10:00,253.41428,225.63673,314.0599,224.1343035970742,237.05712590636543,249.9971544475842
2013-12-20 03:20:00,224.57256,253.41428,300.7847,228.62673428874427,236.21215583911714,259.8602754627764
2013-12-20 03:30:00,224.44083,224.57256,357.03372,225.18084613443136,233.36407051639708,247.00868614607472
2013-12-20 03:40:00,250.79286,224.44083,348.6495,226.39463926568402,230.78158526484947,244.9593358125578
2013-12-20 03:50:00,213.31396,250.79286,376.4051,232.50119227855922,232.6495635304753,258.6053749927867
2013-12-20 04:00:00,220.35384,213.31396,323.42487,220.6345232737748,230.51829993872622,238.87625137072004
2013-12-20 04:10:00,226.84929,220.35384,306.4742,223.2421920267886,228.9342619775176,233.59307605053993
2013-12-20 04:20:00,201.8171,226.84929,330.91895,219.47862535869675,228.82484811603607,237.87807473204677
2013-12-20 04:30:00,205.79384,201.8171,332.81046,211.03696000534873,225.61368288611465,226.77440737430527
2013-12-20 04:40:00,235.06807,205.79384,312.34933,209.95410166312482,222.9077795906624,239.02194374677757
2013-12-20 04:50:00,192.8713,235.06807,342.78723,219.6344939588196,225.55682847358068,260.31890496538944
2013-12-20 05:00:00,216.31819,192.8713,332.0566,207.23085237758227,223.64427582361057,237.15562736750596
2013-12-20 05:10:00,236.10062,216.31819,325.21027,218.4069077380943,225.16891605592062,262.33129731969007
2013-12-20 05:20:00,207.19698,236.10062,331.92108,223.70369049621212,231.19343720630957,278.3850310472691
2013-12-20 05:30:00,252.64702,207.19698,347.4516,221.7892559439649,234.42979577758717,249.73698258199377
2013-12-20 05:40:00,243.07234,252.64702,365.00818,244.8850888296131,244.48991692520818,277.13838156273636
2013-12-20 05:50:00,206.34781,243.07234,344.67184,244.60368021448946,255.17735029213986,276.62711236535864
2013-12-20 06:00:00,246.4004,206.34781,357.2065,237.04463812239337,259.44187116828294,256.5019960560784
2013-12-20 06:10:00,231.74612,246.4004,370.5993,248.75267061005252,268.53770179764325,281.4771793421363
2013-12-20 06:20:00,241.9884,231.74612,337.94733,242.47866923050157,276.0903470467577,283.3197899591649
2013-12-20 06:30:00,240.64299,241.9884,390.7559,258.01577915221907,285.12566490437604,297.48328135572956
2013-12-20 06:40:00,296.80536,240.64299,426.3634,257.6536778071352,294.1975948905346,297.03462557022976
2013-12-20 06:50:00,303.16022,296.80536,428.59573,291.3620431196884,313.1323562926185,345.4658959049972
2013-12-20 07:00:00,369.727,303.16022,462.0987,310.9572310834939,336.34242880191965,365.2570298545521
2013-12-20 07:10:00,364.43896,369.727,468.10217,367.5363040845461,371.82828246209226,407.12021448368534
2013-12-20 07:20:00,412.51233,364.43896,497.87415,386.8084559797724,409.8094366685077,412.6309537283839
2013-12-20 07:30:00,379.6234,412.51233,548.8626,435.1380254053109,455.0409956455711,470.0258106570529
2013-12-20 07:40:00,429.28006,379.6234,709.41785,430.3755159612979,493.0655701212961,451.40292252595555
2013-12-20 07:50:00,670.184,429.28006,785.73956,466.4304830603453,533.9798560651465,513.1592335751321
2013-12-20 08:00:00,684.615,670.184,838.34576,589.6832615514832,610.3736909571911,690.0385804395681
2013-12-20 08:10:00,693.4316,684.615,990.9095,685.2005717180767,698.6939139981789,708.9635661404551
2013-12-20 08:20:00,856.236,693.4316,1039.6176,782.1114031876596,788.1607424371263,749.377444067346
2013-12-20 08:30:00,789.6416,856.236,1123.5721,878.7578360950613,895.3741601197003,896.8037933446358
2013-12-20 08:40:00,935.70966,789.6416,1333.055,890.0854920495586,984.32682441297,874.089870635584
2013-12-20 08:50:00,1030.2852,935.70966,1356.001,1006.1644621197815,1079.8258762759012,1008.976718233605
2013-12-20 09:00:00,1220.1326,1030.2852,1505.299,1074.331345414824,1177.6848918828061,1102.0183205637145
2013-12-20 09:10:00,1237.1399,1220.1326,1510.491,1248.9615541949915,1292.7918520465353,1242.4200938682825
2013-12-20 09:20:00,1306.8203,1237.1399,1588.6987,1338.5033235457586,1400.1309116069494,1316.8328191831856
2013-12-20 09:30:00,1387.7256,1306.8203,1766.7881,1438.8548780750862,1500.3910567716484,1454.713173981573
2013-12-20 09:40:00,1409.9806,1387.7256,1808.7479,1501.3259893565705,1593.7766905468798,1530.1949084685102
2013-12-20 09:50:00,1643.7428,1409.9806,1958.7585,1549.6830087002177,1671.2050800370905,1609.3749444114012
2013-12-20 10:00:00,1689.272,1643.7428,1993.3566,1697.694255252042,1766.2736422125488,1786.5288911293012
2013-12-20 10:10:00,1596.9042,1689.272,2189.3645,1780.3654273936136,1856.5016073181114,1831.4838487330273
2013-12-20 10:20:00,1671.0422,1596.9042,2084.7888,1802.5861162499218,1915.8438935073582,1784.112735852784
2013-12-20 10:30:00,1595.8232,1671.0422,2147.3042,1821.2005212622898,1966.6759866792497,1901.5398805012344
2013-12-20 10:40:00,1878.9929,1595.8232,2104.7397,1759.4993896385693,1990.0174715910832,1869.3030025563207
2013-12-20 10:50:00,1986.623,1878.9929,2194.374,1898.827169788775,2045.8540570637883,1955.407881629413
2013-12-20 11:00:00,1975.8969,1986.623,2214.081,1989.0471256359424,2116.1773890469763,2102.461452364289
2013-12-20 11:10:00,1999.3616,1975.8969,2228.4258,2083.462985519045,2180.850623604914,2062.972152899169
2013-12-20 11:20:00,2245.892,1999.3616,2195.0015,2109.666227110407,2238.655152744051,2103.1426439534016
2013-12-20 11:30:00,2462.2505,2245.892,2448.7454,2224.4060615862536,2320.7771470314765,2277.943435855625
2013-12-20 11:40:00,2270.8694,2462.2505,2437.5251,2385.3474070873067,2425.415820865153,2413.6184056033335
2013-12-20 11:50:00,2222.1091,2270.8694,2623.1047,2398.655596556483,2493.5644530960103,2335.6414655827166
2013-12-20 12:00:00,2357.3289,2222.1091,2524.663,2373.0227184180358,2533.2467946877455,2345.1996170341968
2013-12-20 12:10:00,2275.7559,2357.3289,2549.3057,2368.737548360873,2574.175807099661,2532.5492378588187
2013-12-20 12:20:00,2439.7173,2275.7559,2624.7651,2335.386274286615,2592.0851996356714,2483.4708043491323
2013-12-20 12:30:00,2526.5452,2439.7173,2694.481,2427.1219611005235,2624.228987134699,2667.4058698041968
2013-12-20 12:40:00,2346.0898,2526.5452,2781.5293,2478.667319918046,2664.6894423426543,2706.429962401356
2013-12-20 12:50:00,2470.798,2346.0898,2865.5352,2445.6692971815305,2674.6715225097983,2587.3682218579147
2013-12-20 13:00:00,2650.648,2470.798,2940.3296,2484.8015480971258,2694.1476437432652,2638.5154395016357
2013-12-20 13:10:00,2598.8076,2650.648,3051.0095,2549.9901455566905,2735.06405433524,2750.404142894564
2013-12-20 13:20:00,2632.6096,2598.8076,3078.019,2598.4549111630427,2767.141347573515,2781.1101841642426
2013-12-20 13:30:00,2461.2249,2632.6096,3083.7793,2650.086886001861,2797.1622231315537,2758.8052987088945
2013-12-20 13:40:00,2746.5823,2461.2249,3283.275,2555.025617658596,2795.0659737834458,2657.2946287293116
2013-12-20 13:50:00,2632.105,2746.5823,3127.0261,2666.331979612115,2824.0416797519215,2851.176023430116
2013-12-20 14:00:00,2633.7163,2632.105,3230.5867,2629.713099620113,2835.787519871542,2767.568317172036
2013-12-20 14:10:00,2568.3618,2633.7163,3069.2366,2681.8013942745947,2842.1047970908935,2813.3860468344096
2013-12-20 14:20:00,2618.5422,2568.3618,3219.235,2619.261229025497,2834.0654634989023,2760.9536641600957
2013-12-20 14:30:00,2665.7302,2618.5422,3162.4795,2630.252052526979,2828.7858824499313,2815.0572993789083
2013-12-20 14:40:00,2900.3716,2665.7302,3016.3335,2648.28943011621,2828.619544436615,2836.641783622031
2013-12-20 14:50:00,2662.662,2900.3716,3049.2744,2788.2358986995964,2858.629697488824,2974.628135127514
2013-12-20 15:00:00,2651.5896,2662.662,2995.5254,2735.91723843097,2857.2048323759077,2828.4834070684956
2013-12-20 15:10:00,2596.082,2651.5896,3060.013,2735.645973272566,2846.7146946418925,2793.571395729598
2013-12-20 15:20:00,2519.1433,2596.082,3174.6333,2641.297943087678,2823.0805353734713,2763.144456842933
2013-12-20 15:30:00,2734.37,2519.1433,2886.7908,2583.098873048055,2785.8195949889973,2689.753401636066
2013-12-20 15:40:00,2823.1987,2734.37,3033.8137,2653.885113749622,2777.12061096528,2761.9199289248577
2013-12-20 15:50:00,2617.3066,2823.1987,3123.8599,2721.5342130740723,2783.528717958939,2778.72664658508
2013-12-20 16:00:00,2674.8655,2617.3066,2726.6482,2691.4694668670827,2764.161913821837,2604.179856194244
2013-12-20 16:10:00,2548.0388,2674.8655,2946.943,2689.4831332007675,2747.5472341983295,2801.0365189670842
2013-12-20 16:20:00,2558.9575,2548.0388,3068.1978,2578.0405724108673,2711.6570280651313,2704.8174028884832
2013-12-20 16:30:00,2391.4993,2558.9575,2880.6956,2561.1925197283344,2675.029717102717,2671.2658799716746
2013-12-20 16:40:00,2764.4683,2391.4993,2967.5896,2437.924820558176,2616.659472155155,2571.9151496875047
2013-12-20 16:50:00,2595.302,2764.4683,2932.3066,2574.403247027061,2607.445348102573,2775.506346193888
2013-12-20 17:00:00,2626.2993,2595.302,2634.3552,2523.5612449743626,2584.283842430781,2669.155678236645
2013-12-20 17:10:00,2673.3782,2626.2993,2905.0522,2589.299565472832,2564.8090581973756,2612.374837749378
2013-12-20 17:20:00,2455.5234,2673.3782,2935.5886,2565.65262828996,2549.692556087506,2595.7798296381648
2013-12-20 17:30:00,2262.6885,2455.5234,2710.5,2466.2159417181356,2505.7894315327535,2475.910200148734
2013-12-20 17:40:00,2273.0955,2262.6885,2826.0476,2322.283018433055,2433.039029273686,2376.4322956876667
2013-12-20 17:50:00,2120.3894,2273.0955,2633.5066,2224.055390038917,2361.879594235662,2392.0786179708666
2013-12-20 18:00:00,2335.026,2120.3894,2496.8335,2095.691138160581,2277.1627830565585,2308.1782069095634
2013-12-20 18:10:00,2156.287,2335.026,2531.4773,2158.869200842948,2228.282111550583,2377.5067398111296
2013-12-20 18:20:00,2015.8969,2156.287,2551.5496,2074.9120759650864,2169.173070239189,2242.994351737081
2013-12-20 18:30:00,2134.4436,2015.8969,2273.8394,2013.454368652262,2099.1015801664726,2131.617625541744
2013-12-20 18:40:00,1919.2556,2134.4436,2338.1753,1991.0607730348154,2050.0664064043267,2136.331532710621
2013-12-20 18:50:00,1839.2903,1919.2556,2365.7478,1873.5344622252344,1982.6384911129908,1994.5867907487589
2013-12-20 19:00:00,1951.7675,1839.2903,2148.0527,1811.8600663771872,1910.6462167013879,1895.9764943852556
2013-12-20 19:10:00,1644.755,1951.7675,2083.132,1792.7146460486445,1860.1390401750232,1923.9096380162218
2013-12-20 19:20:00,1486.1348,1644.755,1962.935,1645.7473460965277,1780.0785531634624,1690.593863484505
2013-12-20 19:30:00,1693.2423,1486.1348,2013.5625,1524.2829497394794,1684.6685821097344,1570.5909444536376
2013-12-20 19:40:00,1344.2494,1693.2423,1706.2759,1516.6519374681059,1626.4737058489468,1645.5936267592506
2013-12-20 19:50:00,1241.1986,1344.2494,1826.3173,1353.385022946539,1536.913568917022,1388.7396860153879
2013-12-20 20:00:00,1227.9812,1241.1986,1699.641,1274.4168729243502,1442.7689520920217,1307.4244076784857
2013-12-20 20:10:00,1140.5072,1227.9812,1544.8228,1169.3265004205905,1360.2029358465272,1266.9369593861836
2013-12-20 20:20:00,1019.1907,1140.5072,1342.9797,1099.4844921302733,1281.2407815502206,1164.5735800501873
2013-12-20 20:30:00,927.6131,1019.1907,1279.7556,1017.8578875432696,1199.6554454101486,1086.0225190493418
2013-12-20 20:40:00,860.2623,927.6131,1232.818,926.9807404970752,1118.4273540008699,1009.9800286922585
2013-12-20 20:50:00,789.00684,860.2623,1102.6925,847.2006220383049,1041.426225233676,964.3174452405837
2013-12-20 21:00:00,744.62024,789.00684,1079.3408,777.1649010725567,968.2416806931539,895.797530542679
2013-12-20 21:10:00,782.2459,744.62024,1063.9506,724.9935118875933,902.5966131305337,870.6495577967048
2013-12-20 21:20:00,736.78107,782.2459,1064.7455,716.3623355047366,856.3176152447501,885.7322116912169
2013-12-20 21:30:00,696.8599,736.78107,1109.7766,692.1898566331147,816.5123680145305,869.543991075231
2013-12-20 21:40:00,733.6608,696.8599,1096.9828,672.3543596132789,780.3105292297649,837.4257082064948
2013-12-20 21:50:00,721.8335,733.6608,1040.4926,670.1846026675564,756.4062927671898,859.1085414534061
2013-12-20 22:00:00,662.12854,721.8335,971.82117,662.6888591981967,737.6447591852935,838.157332936751
2013-12-20 22:10:00,703.3142,662.12854,819.21045,640.7587756138668,715.0183795585676,795.2855794369318
2013-12-20 22:20:00,637.83673,703.3142,939.44507,644.5038943313859,700.2096263100769,823.0372892169618
2013-12-20 22:30:00,693.22076,637.83673,854.6558,608.1695654193416,679.6945546453338,764.0625610649713
2013-12-20 22:40:00,601.387,693.22076,837.2959,629.9220543392838,667.9276001011268,780.2051149167626
2013-12-20 22:50:00,664.32275,601.387,809.6473,582.7521853936698,646.6401836841322,718.6965358744075
2013-12-20 23:00:00,564.0374,664.32275,723.49677,606.1130964792463,634.3596805170415,735.4371733488194
2013-12-20 23:10:00,487.8661,564.0374,717.10986,550.4100083545788,611.3974244680986,658.1417447491483
2013-12-20 23:20:00,539.56445,487.8661,754.6628,506.13982474096923,577.5449363257743,583.696815832835
2013-12-20 23:30:00,738.7418,539.56445,665.85645,493.238001570622,553.1085902816415,590.4412263786453
2013-12-20 23:40:00,1177.4382,738.7418,631.07794,569.2679314825295,557.7385504543081,667.9388905212759
2013-12-20 23:50:00,832.1246,1177.4382,647.37897,795.310982937922,609.0673735332934,824.9619968861417
2013-12-21 00:00:00,696.6468,832.1246,562.1816,741.3323748139144,643.0327252958276,655.4102479265542
2013-12-21 00:10:00,505.417,696.6468,568.6476,741.0571873512898,631.7988572459193,736.6079298817847
2013-12-21 00:20:00,790.2082,505.417,600.47534,564.4331850041444,599.1737692955488,535.7995382930062
2013-12-21 00:30:00,458.16873,790.2082,671.0108,641.4404680555149,596.3258425032294,616.6158467740997
2013-12-21 00:40:00,404.18,458.16873,540.24054,497.9212181068017,555.646839031992,413.0431799180247
2013-12-21 00:50:00,392.979,404.18,561.13934,464.82619362952727,506.2508619340794,438.13307516334385
2013-12-21 01:00:00,361.36307,392.979,426.83456,386.069587601118,461.7725784375984,399.5963775733142
2013-12-21 01:10:00,361.5745,361.36307,456.30737,356.4959323125724,422.4670725389232,369.18992332468315
2013-12-21 01:20:00,322.63083,361.5745,462.04654,347.9184729276241,393.2973114405076,342.9612058568549
2013-12-21 01:30:00,308.55063,322.63083,409.91403,322.1407008167224,367.5133363756128,341.1867914626719
2013-12-21 01:40:00,308.66302,308.55063,428.03226,307.5739734556257,346.6375543572938,324.31438642743194
2013-12-21 01:50:00,316.9625,308.66302,417.38947,296.1175477647215,331.8233064070497,311.3227494836065
2013-12-21 02:00:00,297.1868,316.9625,386.58838,297.3072677341202,323.39016558385447,314.69207940627
2013-12-21 02:10:00,320.12656,297.1868,422.17358,290.36511604104396,316.2299122429944,288.30804730891475
2013-12-21 02:20:00,315.64932,320.12656,413.12112,299.77860756060926,314.72954835479214,299.7622380963733
2013-12-21 02:30:00,277.5032,315.64932,367.0613,298.4557814371271,315.0181331515377,298.74120947967083
2013-12-21 02:40:00,282.7768,277.5032,383.90332,285.13357288957627,310.5647018106301,279.5852513371994
2013-12-21 02:50:00,296.1383,282.7768,368.68402,279.0499256451594,306.27365492326265,292.2198444910033
2013-12-21 03:00:00,279.48264,296.1383,318.56613,277.9339019884538,304.3849260888606,293.9923276831627
2013-12-21 03:10:00,274.27963,279.48264,356.99118,274.9767377860132,300.99832162626797,298.1595702939665
2013-12-21 03:20:00,257.2602,274.27963,362.36743,272.8293036454044,297.0006296071261,285.098258554742
2013-12-21 03:30:00,250.54742,257.2602,327.84253,259.7930188636734,290.6593481318662,271.60171941141914
2013-12-21 03:40:00,319.1933,250.54742,361.4724,252.1005224684286,283.472703802413,269.48448931853176
2013-12-21 03:50:00,255.39021,319.1933,392.09964,279.0719029580296,287.05039629860966,305.5846883017911
2013-12-21 04:00:00,269.69437,255.39021,335.10745,262.9750795046916,284.57043244048083,273.7247559408095
2013-12-21 04:10:00,265.03293,269.69437,344.75296,274.67774312047743,283.54462352104434,265.72625854700703
2013-12-21 04:20:00,273.5162,265.03293,409.9027,260.94593607516276,282.27440175577385,260.09319980331577
2013-12-21 04:30:00,287.6533,273.5162,425.41376,269.0210898644024,282.6121979325133,271.7550776137335
2013-12-21 04:40:00,283.76547,287.6533,370.51093,277.92547133593195,285.7524246337108,263.7164611267887
2013-12-21 04:50:00,275.07043,283.76547,368.16885,283.0139660539354,289.20653883116984,268.39996961954404
2013-12-21 05:00:00,292.82037,275.07043,329.82443,282.9881442244249,291.38887493317316,267.7528790410981
2013-12-21 05:10:00,332.5462,292.82037,335.45142,290.51720614867065,295.80627214904,283.8626430857872
2013-12-21 05:20:00,310.3698,332.5462,371.93497,313.50152775437607,306.29991511342115,303.4582830453153
2013-12-21 05:30:00,288.39502,310.3698,317.2117,319.13822597990713,314.9439586782453,309.4143668283373
2013-12-21 05:40:00,300.36313,288.39502,325.83228,315.2210944589132,318.9897345250902,301.10936730107585
2013-12-21 05:50:00,302.14236,300.36313,336.32974,312.76317021675686,322.9283489994946,314.0558024607729
2013-12-21 06:00:00,321.63306,302.14236,322.4408,312.8423137534329,326.55245647954393,316.4698687472739
2013-12-21 06:10:00,279.65805,321.63306,374.6084,329.22692394579366,333.01307164184567,321.9284291647081
2013-12-21 06:20:00,313.6889,279.65805,319.77472,314.29421443745025,333.1853854967688,302.1944841673696
2013-12-21 06:30:00,313.98743,313.6889,322.27902,330.2651889336222,337.62842142051744,323.7259903755158
2013-12-21 06:40:00,310.84875,313.98743,347.61154,329.538014030577,343.3084742672472,318.0277497180958
2013-12-21 06:50:00,316.01263,310.84875,336.65613,340.69695798823886,349.15896114107375,328.2373790982384
2013-12-21 07:00:00,323.74387,316.01263,366.4286,345.4056499899157,356.07599442147506,328.5180927199505
2013-12-21 07:10:00,301.79507,323.74387,374.53012,352.57939861766846,364.6104332439272,343.2597494356058
2013-12-21 07:20:00,326.47913,301.79507,391.56696,346.17772537333747,369.68687732388383,332.70201705687845
2013-12-21 07:30:00,342.92157,326.47913,370.67868,358.89445868841443,378.2183300737331,354.27565526289146
2013-12-21 07:40:00,296.91846,342.92157,428.1872,369.9043785953499,390.40355149883004,365.24715335645794
2013-12-21 07:50:00,335.83932,296.91846,434.57974,357.2911505072787,395.1180241203208,348.9766795701728
2013-12-21 08:00:00,374.44254,335.83932,441.70938,374.1548565259116,405.13889755455546,375.61883964856287
2013-12-21 08:10:00,345.98758,374.44254,520.7941,392.88859494071494,423.0289251648559,403.31746008400177
2013-12-21 08:20:00,423.27612,345.98758,505.1134,401.33349753037885,438.01207509452496,408.72076983329293
2013-12-21 08:30:00,409.3582,423.27612,501.27405,449.7552450367638,465.2995943970708,459.91434373753884
2013-12-21 08:40:00,468.2277,409.3582,487.5926,454.4228836977244,492.57175762223056,473.02781431554456
2013-12-21 08:50:00,520.4716,468.2277,565.96643,509.0479140714225,528.6473812457825,519.8088980166199
2013-12-21 09:00:00,583.5124,520.4716,580.1967,548.6145648650406,573.5662143038205,555.1209551382266
2013-12-21 09:10:00,506.6174,583.5124,661.5094,616.1353355474529,628.4972098891019,628.7636192178105
2013-12-21 09:20:00,730.40265,506.6174,655.34924,604.7552309705537,668.5235923022393,593.368382011122
2013-12-21 09:30:00,708.8068,730.40265,715.3645,722.5991200265727,736.6427035221379,750.7942089847352
2013-12-21 09:40:00,748.7587,708.8068,741.9239,743.3726338101917,803.3787877508953,761.3384190443643
2013-12-21 09:50:00,776.95844,748.7587,906.65796,832.2071582845837,870.3056711998015,834.4298085950812
2013-12-21 10:00:00,834.7816,776.95844,928.20593,847.3748523769095,933.4000716860921,861.4584304021206
2013-12-21 10:10:00,927.0139,834.7816,1126.7924,893.7802186015184,996.3054059600837,949.6276400327478
2013-12-21 10:20:00,1075.7583,927.0139,1210.8842,961.2266463510128,1065.5644167376886,1015.9231953352536
2013-12-21 10:30:00,1118.0957,1075.7583,1258.0514,1074.4402594801234,1151.249500816264,1124.9910023028976
2013-12-21 10:40:00,1275.7828,1118.0957,1341.344,1157.809374256267,1238.3810498389087,1203.439996991241
2013-12-21 10:50:00,1225.114,1275.7828,1576.9667,1289.27732860599,1339.6151019530948,1357.2471643353374
2013-12-21 11:00:00,1428.2644,1225.114,1711.0304,1306.6532243788374,1423.4238600795402,1379.1236436263498
2013-12-21 11:10:00,1449.5228,1428.2644,1827.1998,1437.6702011138,1521.5066972530262,1553.5037876585304
2013-12-21 11:20:00,1457.4513,1449.5228,1836.7257,1474.5923664344061,1610.9928285283524,1594.791816609262
2013-12-21 11:30:00,1642.2819,1457.4513,2003.9761,1535.0951584862928,1685.739273123669,1610.3656118471342
2013-12-21 11:40:00,1650.584,1642.2819,1901.0997,1628.0840736027246,1771.7671745857513,1717.2029030970914
2013-12-21 11:50:00,1815.6241,1650.584,2234.783,1670.547167468747,1847.4021611737596,1776.4244807275802
2013-12-21 12:00:00,1969.3022,1815.6241,2436.8333,1801.0214753221837,1933.3571998413963,1883.8103316067188
2013-12-21 12:10:00,1965.2988,1969.3022,2493.6182,1910.9686054018896,2030.0817505992939,2044.9135540017571
2013-12-21 12:20:00,2041.4291,1965.2988,2576.761,1986.3039024322147,2114.7772342556386,2070.338112782478
2013-12-21 12:30:00,2129.975,2041.4291,2569.2693,2059.7336520946737,2194.2479292337207,2184.6156038586273
2013-12-21 12:40:00,2113.1958,2129.975,2529.5483,2114.6216340792107,2270.833740572785,2242.5651463066665
2013-12-21 12:50:00,2121.882,2113.1958,2889.237,2142.7610527989623,2330.599702810058,2284.092784833637
2013-12-21 13:00:00,2164.9204,2121.882,2800.5796,2162.763422356586,2376.6260195916093,2298.736522266659
2013-12-21 13:10:00,2325.1904,2164.9204,2811.1377,2178.4769571621405,2416.3162684610497,2318.8820553417313
2013-12-21 13:20:00,2355.1355,2325.1904,2961.512,2268.1413998014204,2469.7301689288297,2444.289866728912
2013-12-21 13:30:00,2386.1697,2355.1355,2937.1152,2331.2446965194426,2521.552896656616,2424.6801790041027
2013-12-21 13:40:00,2157.8718,2386.1697,3070.5964,2397.3325010018857,2569.951234076229,2440.182703105986
2013-12-21 13:50:00,2452.4163,2157.8718,3123.7393,2293.511451650812,2575.444082284392,2322.8266127920956
2013-12-21 14:00:00,2294.8982,2452.4163,3181.5417,2397.5020086014356,2612.9751972085414,2496.3903997582893
2013-12-21 14:10:00,2495.4827,2294.8982,3383.1099,2326.0820841281293,2625.738482353478,2407.24383312553
2013-12-21 14:20:00,2569.2937,2495.4827,3220.7825,2471.681296427332,2661.3042525817978,2537.233776151251
2013-12-21 14:30:00,2397.1416,2569.2937,3157.9006,2512.9341263478523,2704.684072368595,2556.362323766286
2013-12-21 14:40:00,2213.5137,2397.1416,3079.857,2498.343601431312,2719.0463359463906,2456.546065661229
2013-12-21 14:50:00,2490.4224,2213.5137,3346.252,2380.160247836285,2696.4675535646284,2385.4048604011437
2013-12-21 15:00:00,2579.4656,2490.4224,3014.7808,2433.0085718573005,2707.7581177414822,2547.2897481501145
2013-12-21 15:10:00,2429.455,2579.4656,3104.6562,2490.107574417014,2732.878014887854,2598.4552852132224
2013-12-21 15:20:00,2475.544,2429.455,3216.5642,2511.105363306862,2736.5629249299905,2519.4543195465644
2013-12-21 15:30:00,2627.732,2475.544,3130.777,2520.213887520978,2741.2724726652204,2539.5472554723046
2013-12-21 15:40:00,2615.4875,2627.732,3147.0364,2562.9505258196164,2762.9111971292614,2616.999234715528
2013-12-21 15:50:00,2511.2039,2615.4875,2968.4014,2600.3711408659065,2780.1501572635007,2628.0841743280253
2013-12-21 16:00:00,2755.5808,2511.2039,3474.4814,2579.6275979936186,2777.182592432411,2550.014718299763
2013-12-21 16:10:00,2681.3354,2755.5808,3041.9165,2666.8737787904693,2799.645240749053,2763.6973877999976
2013-12-21 16:20:00,2624.8208,2681.3354,3363.6506,2650.9475502512228,2808.523218913227,2716.288936212056
2013-12-21 16:30:00,2838.9736,2624.8208,3140.3357,2662.3142367481355,2802.576969610489,2731.2719655622445
2013-12-21 16:40:00,2782.5344,2838.9736,3193.6038,2725.873694175978,2816.982106823871,2817.5294031705234
2013-12-21 16:50:00,2546.956,2782.5344,3130.6248,2722.11811796883,2819.7535800143432,2748.4720035305854
2013-12-21 17:00:00,2749.6194,2546.956,3010.8503,2635.695881385952,2784.1473230572533,2613.192252977197
2013-12-21 17:10:00,2715.9995,2749.6194,2893.586,2658.091835208912,2767.7702779337264,2703.0143229954842
2013-12-21 17:20:00,2544.2126,2715.9995,2915.0537,2615.58725576291,2745.6815768508736,2687.5889594779073
2013-12-21 17:30:00,2755.3923,2544.2126,2824.3813,2564.7762846648216,2699.403908671035,2591.530880299716
2013-12-21 17:40:00,2733.1387,2755.3923,2898.5122,2609.6857582545854,2677.8798501574524,2663.4066986929065
2013-12-21 17:50:00,2625.955,2733.1387,2690.0376,2591.179162638005,2655.219679292675,2643.647814504426
2013-12-21 18:00:00,2288.7522,2625.955,2761.846,2578.4714481245474,2618.7612220399214,2568.7843728925336
2013-12-21 18:10:00,2231.908,2288.7522,2747.376,2369.9508070010675,2535.974958851548,2385.6780279226714
2013-12-21 18:20:00,2133.0562,2231.908,2856.41,2234.560747991257,2445.529295667773,2334.392916276129
2013-12-21 18:30:00,2152.1133,2133.0562,2998.2705,2086.5267463557825,2349.085882009351,2241.355020302324
2013-12-21 18:40:00,1993.871,2152.1133,3010.9343,2053.348893787522,2267.068078515206,2236.0896005927084
2013-12-21 18:50:00,1951.8522,1993.871,2775.7188,1950.5570017556697,2177.5789679337126,2102.83732530177
2013-12-21 19:00:00,1813.9457,1951.8522,2581.449,1895.081582998335,2095.0768168778573,2043.4760433673157
2013-12-21 19:10:00,1655.6824,1813.9457,2637.1062,1776.675756931584,2006.7355930778594,1933.6626943736567
2013-12-21 19:20:00,1597.5039,1655.6824,2362.4297,1655.3263664723413,1908.5982865381707,1815.575395351748
2013-12-21 19:30:00,1325.4286,1597.5039,2403.5923,1558.00994046363,1815.6109901984344,1762.2903787063483
2013-12-21 19:40:00,1457.4199,1325.4286,2313.0232,1370.8098753666852,1696.8018083763677,1551.9089563943264
2013-12-21 19:50:00,1450.1373,1457.4199,2341.259,1361.6343642707457,1614.0354433835028,1594.6063840925824
2013-12-21 20:00:00,1219.9036,1450.1373,2250.6663,1319.48960858655,1549.273587325125,1520.2330015051066
2013-12-21 20:10:00,1292.1918,1219.9036,2147.2869,1237.6729012044266,1466.9920007633552,1355.598894989767
2013-12-21 20:20:00,1162.7395,1292.1918,1903.3037,1220.9660150406912,1406.6024314169654,1373.2873338740594
2013-12-21 20:30:00,1148.6572,1162.7395,1660.0603,1119.8627890609296,1340.4078095128864,1264.5190374850463
2013-12-21 20:40:00,1033.7631,1148.6572,1681.1332,1101.8890035965,1282.413964754403,1226.0010691444409
2013-12-21 20:50:00,946.29254,1033.7631,1615.8784,1012.6347898247543,1217.8401717249133,1114.0233204909086
2013-12-21 21:00:00,943.5213,946.29254,1501.5701,941.60803993634,1149.2222167719635,1047.5414365536758
2013-12-21 21:10:00,952.71265,943.5213,1508.7454,895.1935801553738,1090.312993090026,1010.9478195220452
2013-12-21 21:20:00,890.1043,952.71265,1505.9158,877.5793255874543,1043.981743335624,982.9344715953396
2013-12-21 21:30:00,913.2415,890.1043,1189.2582,848.8923374569553,999.1119062944156,928.3069069861467
2013-12-21 21:40:00,859.0975,913.2415,1117.6763,848.1625763091221,965.5416840121239,930.3848844855813
2013-12-21 21:50:00,780.55316,859.0975,1044.1868,812.2422188785787,931.895241564136,884.9759527568422
2013-12-21 22:00:00,788.2426,780.55316,955.80475,768.034135769942,892.2222283043516,833.1687584875664
2013-12-21 22:10:00,706.01117,788.2426,1006.0294,742.4017750171333,858.2110341569866,818.5758919574768
2013-12-21 22:20:00,683.7204,706.01117,882.279,686.1242421743335,817.9517365695377,757.0903084585666
2013-12-21 22:30:00,653.22577,683.7204,958.2608,659.6440695418717,779.4469452569499,742.0139975117482
2013-12-21 22:40:00,590.1952,653.22577,859.8664,621.3606024055813,742.5619573838804,718.2266479458127
2013-12-21 22:50:00,508.78333,590.1952,771.5482,579.2634120177448,702.449297973946,663.6746029831259
2013-12-21 23:00:00,559.73627,508.78333,809.5034,518.8552464122631,655.2824692087046,600.6540887426714
2013-12-21 23:10:00,489.1154,559.73627,773.7576,511.99350389830613,622.7543558746421,617.8933007153986
2013-12-21 23:20:00,517.43915,489.1154,729.79956,470.4106741479326,588.0695305352449,556.8869298057981
2013-12-21 23:30:00,570.5882,517.43915,746.2506,481.1966364293036,564.0794349590075,565.6860510702288
2013-12-21 23:40:00,525.5759,570.5882,793.1124,494.31011896587194,554.1513394821744,567.7272122302817
2013-12-21 23:50:00,463.4319,525.5759,685.05884,492.8378543200931,544.0775384719967,540.6553692015464
2013-12-22 00:00:00,485.2741,463.4319,659.70013,466.27680030626885,527.1962898320025,489.5296724944206
2013-12-22 00:10:00,469.79868,485.2741,588.81726,453.9524647655247,497.6627106445643,542.3399893285747
2013-12-22 00:20:00,406.76752,469.79868,587.33405,437.13517617837994,478.42986103027573,504.0506172694588
2013-12-22 00:30:00,498.52814,406.76752,505.8856,409.1218862449372,455.0796600925079,428.1176401488743
2013-12-22 00:40:00,419.48297,498.52814,498.685,435.1340293143731,446.46020209073225,478.6994819726159
2013-12-22 00:50:00,313.36545,419.48297,482.82147,403.26877094078344,431.72348791096425,429.148345971277
2013-12-22 01:00:00,311.2208,313.36545,418.5851,353.88981751766295,401.23125288233103,364.0358600723567
2013-12-22 01:10:00,285.27692,311.2208,397.76035,315.47593967527825,371.5282709674666,342.1881144612463
2013-12-22 01:20:00,287.1131,285.27692,387.3037,279.62843079060593,342.4428754319802,310.8838304186401
2013-12-22 01:30:00,288.16458,287.1131,362.5135,274.99541831420663,319.3436868367486,280.0670272894471
2013-12-22 01:40:00,265.65384,288.16458,366.2237,270.18820152433995,302.50992650146145,263.7418063993366
2013-12-22 01:50:00,327.46786,265.65384,344.38333,260.6062404908069,287.6866646832655,261.126734069355
2013-12-22 02:00:00,274.27466,327.46786,326.85522,284.9564243558013,285.1498818130215,283.9938704175461
2013-12-22 02:10:00,263.7229,274.27466,331.1099,268.4048133701819,280.2126542269969,256.76279905640405
2013-12-22 02:20:00,257.9314,263.7229,348.21936,267.58724967236174,274.7123685424196,260.083879850732
2013-12-22 02:30:00,210.99529,257.9314,314.85608,250.75770408431734,269.1260161911015,253.48290213759623
2013-12-22 02:40:00,235.3852,210.99529,306.01614,223.73465573753487,256.84151538883515,230.10968554457313
2013-12-22 02:50:00,244.28406,235.3852,335.4564,224.81295616049619,248.56862254254094,248.2303746364943
2013-12-22 03:00:00,207.78162,244.28406,283.27878,223.2689302288739,243.9056620450914,241.79280662972792
2013-12-22 03:10:00,191.04721,207.78162,281.24432,214.26306786958614,235.8371608413506,225.4568087954447
2013-12-22 03:20:00,239.0879,191.04721,338.18475,200.33263626749596,225.6104625682399,210.17422905938028
2013-12-22 03:30:00,235.65778,239.0879,292.17737,211.21552715953064,223.6327487793416,230.46690019205326
2013-12-22 03:40:00,192.75902,235.65778,301.58112,216.6233875178286,224.29438481050502,226.35332354195617
2013-12-22 03:50:00,211.66522,192.75902,346.29553,207.77321537114216,219.88021308338375,208.47995200183485
2013-12-22 04:00:00,198.14497,211.66522,287.53348,207.7331746163277,217.80716802862784,214.0728538750476
2013-12-22 04:10:00,188.68126,198.14497,306.99564,195.39643025466214,214.59829284315185,213.68428897418616
2013-12-22 04:20:00,197.03189,188.68126,330.93472,193.20740184069265,210.19562332866644,211.80738745778544
2013-12-22 04:30:00,207.60875,197.03189,271.05948,192.62773907245557,207.5110125010644,202.75998745187266
2013-12-22 04:40:00,194.52625,207.60875,306.90762,198.046148938166,207.55376677449695,208.7134148615901
2013-12-22 04:50:00,199.42442,194.52625,315.5683,197.2010774723218,206.89309181109556,204.78193255089818
2013-12-22 05:00:00,191.96487,199.42442,252.07535,200.46901677733834,207.27555973745945,209.26591129234578
2013-12-22 05:10:00,184.78975,191.96487,306.58807,195.5072666912075,207.03253803021335,201.11862772782825
2013-12-22 05:20:00,202.44556,184.78975,312.18585,192.51676563438855,205.73942097500037,199.1726721396517
2013-12-22 05:30:00,188.9675,202.44556,271.6971,199.00850016497716,207.30835435280835,192.7234854760441
2013-12-22 05:40:00,196.66335,188.9675,281.80188,195.6769980502521,207.80604586116294,187.2702579507818
2013-12-22 05:50:00,218.4388,196.66335,308.57193,202.6898094669953,209.5970090488745,196.21502293958255
2013-12-22 06:00:00,204.28622,218.4388,260.56235,213.276232825774,215.30764827794152,207.97919976149575
2013-12-22 06:10:00,204.22127,204.28622,309.4452,215.14641312165202,220.0466569863341,200.34445020233463
2013-12-22 06:20:00,212.75473,204.22127,327.26434,219.43994867842858,224.42168133370438,202.9232722724308
2013-12-22 06:30:00,201.71213,212.75473,272.7059,221.7363979168648,229.83146123493114,210.38995585476079
2013-12-22 06:40:00,182.26083,201.71213,297.13336,219.61062002476297,233.4227363497695,207.44319609855341
2013-12-22 06:50:00,215.85309,182.26083,334.07584,210.0083990761885,232.77968738844908,203.37758977906626
2013-12-22 07:00:00,209.48022,215.85309,292.11954,221.82303416218622,237.0039397068564,224.60579901045656
2013-12-22 07:10:00,202.72679,209.48022,340.07,222.82292217353094,241.70405820737497,222.65918744692286
2013-12-22 07:20:00,241.69568,202.72679,330.6648,229.22205907392492,245.67928888242417,227.7759565210698
2013-12-22 07:30:00,212.7093,241.69568,389.08768,248.09637562535505,256.2417937976388,243.52500382174517
2013-12-22 07:40:00,195.13115,212.7093,530.94916,241.69930072583674,263.7012153295591,236.0122494436138
2013-12-22 07:50:00,250.33661,195.13115,414.2649,236.69595275859857,266.64179023595807,234.27830946501464
2013-12-22 08:00:00,234.88385,250.33661,405.94513,255.3355193582185,278.1611737827015,260.0099904816618
2013-12-22 08:10:00,237.84229,234.88385,459.02927,257.0700405938656,289.2938183334544,258.4201764542017
2013-12-22 08:20:00,284.89966,237.84229,463.02222,273.130380603316,300.7593164620407,269.48563064690535
2013-12-22 08:30:00,271.18427,284.89966,473.4037,295.5324517248144,320.190414981319,298.9736258987302
2013-12-22 08:40:00,261.90845,271.18427,496.8063,302.0221443527675,338.9011489605271,304.4549327180586
2013-12-22 08:50:00,294.08463,261.90845,529.28625,307.93978322405223,354.48341992013457,304.80210683906284
2013-12-22 09:00:00,349.03415,294.08463,522.9733,319.4046152586998,373.8526625751323,328.6586991578486
2013-12-22 09:10:00,349.0551,349.03415,548.52747,353.7780817544077,402.7870526154883,373.28916008892395
2013-12-22 09:20:00,378.0785,349.0551,623.22516,378.73374695490213,433.2465308508744,383.6814717868622
2013-12-22 09:30:00,424.97803,378.0785,644.42413,411.27053805204105,467.5122713078831,420.75643880265153
2013-12-22 09:40:00,469.05362,424.97803,673.43353,442.57614626769333,508.5183170513836,466.8524009169572
2013-12-22 09:50:00,553.50824,469.05362,900.9782,485.8144824026699,556.0249901373869,515.5028093864441
2013-12-22 10:00:00,689.464,553.50824,816.3874,554.2178445283081,615.971136714733,579.4635876131707
2013-12-22 10:10:00,631.2228,689.464,978.78156,656.2443096085551,696.5539532110585,695.7300254121919
2013-12-22 10:20:00,707.78723,631.2228,1081.3431,685.9520907430309,767.9703521833256,700.7901308120718
2013-12-22 10:30:00,766.17035,707.78723,1091.9026,749.565797279914,841.3645610768975,781.0493588306903
2013-12-22 10:40:00,803.88727,766.17035,1309.0472,777.1499644108716,914.5289566314574,843.5943648755305
2013-12-22 10:50:00,971.2718,803.88727,1374.8766,830.0888486103985,983.3774269644689,938.0823469245964
2013-12-22 11:00:00,1046.3397,971.2718,1422.5747,936.017899986946,1068.2751513739738,1056.4840662054137
2013-12-22 11:10:00,1230.1509,1046.3397,1650.9298,1021.1189782455152,1158.3498954773463,1143.7903119583787
2013-12-22 11:20:00,1127.9285,1230.1509,1733.595,1176.7490566008976,1266.6526345040145,1267.8789334253568
2013-12-22 11:30:00,1449.8252,1127.9285,1695.4235,1185.2781452313282,1349.753050260783,1206.0217180829516
2013-12-22 11:40:00,1383.4529,1449.8252,1849.1559,1367.0118836755612,1462.2828020538977,1443.9923660759569
2013-12-22 11:50:00,1643.272,1383.4529,1892.614,1375.1367499596386,1555.1890143692735,1417.2477741803837
2013-12-22 12:00:00,1733.9001,1643.272,2023.5764,1576.702848063003,1667.2221522162652,1608.908572926576
2013-12-22 12:10:00,1675.9011,1733.9001,2123.922,1656.9432155260029,1778.8305752205802,1661.3403590145315
2013-12-22 12:20:00,1833.2424,1675.9011,2235.975,1719.0046878616402,1864.2984704677096,1676.8805542904802
2013-12-22 12:30:00,1764.0161,1833.2424,2122.5881,1803.059328512773,1950.3323201762496,1784.2239070478493
2013-12-22 12:40:00,2001.0841,1764.0161,2134.2458,1784.019845548968,2008.5756849676436,1756.1378223205738
2013-12-22 12:50:00,1983.384,2001.0841,2539.8552,1924.174669748356,2083.043491687483,1945.6275292755495
2013-12-22 13:00:00,2070.5903,1983.384,2578.364,1948.51832683457,2144.32136161136,1905.253305028883
2013-12-22 13:10:00,2207.3523,2070.5903,2608.727,2051.453386551391,2204.888374207428,2038.7951776239254
2013-12-22 13:20:00,2090.5422,2207.3523,2484.7502,2132.3879728728875,2273.2392618059525,2142.71210999009
2013-12-22 13:30:00,1998.6561,2090.5422,2361.1787,2128.825172203568,2314.8925246500794,2111.8415620693804
2013-12-22 13:40:00,2118.2163,1998.6561,2399.082,2089.889629503508,2328.8403238824812,2089.4600510776595
2013-12-22 13:50:00,2046.2311,2118.2163,2422.2095,2098.9916494863555,2349.483024771743,2193.230727343702
2013-12-22 14:00:00,2005.1089,2046.2311,2714.3743,2066.521889068863,2355.1181814827614,2177.0904387495384
2013-12-22 14:10:00,2134.599,2005.1089,2583.7986,2061.4572644757955,2350.3541468525664,2118.3772138142986
2013-12-22 14:20:00,2146.1335,2134.599,2698.714,2098.7635635635447,2362.8791292131978,2199.1963113955135
2013-12-22 14:30:00,2083.6038,2146.1335,2606.9653,2124.5206732278484,2378.547969624185,2216.980560295387
2013-12-22 14:40:00,2265.5212,2083.6038,2682.9873,2131.5192178195744,2384.3314760615726,2177.791571503454
2013-12-22 14:50:00,2261.104,2265.5212,2680.1707,2211.2533072130104,2413.364522948505,2307.7325027517168
2013-12-22 15:00:00,2310.0312,2261.104,2645.5212,2234.606593936394,2441.044326903233,2289.0597507941607
2013-12-22 15:10:00,2401.2407,2310.0312,2729.0703,2307.6159929959244,2470.90192591948,2346.475803738347
2013-12-22 15:20:00,2304.6191,2401.2407,2856.5369,2361.901472064542,2507.105283863325,2384.909997533572
2013-12-22 15:30:00,2281.7644,2304.6191,2966.3352,2345.6268158406237,2522.9000366240966,2357.0401293517775
2013-12-22 15:40:00,2348.8733,2281.7644,2922.6616,2332.6510761956333,2525.624905054984,2358.6587435079186
2013-12-22 15:50:00,2395.8262,2348.8733,2932.8667,2331.9427809054323,2529.9479983626143,2409.5562112782595
2013-12-22 16:00:00,2172.3372,2395.8262,3102.4612,2360.0640937548023,2535.94542820376,2453.7147252373375
2013-12-22 16:10:00,2329.1118,2172.3372,2976.7158,2269.256646201668,2505.9810506105,2367.084092459161
2013-12-22 16:20:00,2651.8508,2329.1118,2962.5496,2303.1681387173385,2492.779605519935,2467.9730958388586
2013-12-22 16:30:00,2556.0718,2651.8508,3077.3818,2426.8341168141687,2521.363512774689,2648.499223260305
2013-12-22 16:40:00,2471.201,2556.0718,3341.7485,2492.7231402026796,2539.197339483983,2589.994295176435
2013-12-22 16:50:00,2486.2012,2471.201,2870.308,2506.2792676426698,2538.9765722235093,2532.726681250202
2013-12-22 17:00:00,2402.3154,2486.2012,3017.3818,2461.027322859563,2531.343345337373,2537.7666354300054
2013-12-22 17:10:00,2440.9219,2402.3154,2786.843,2391.6528619027067,2505.512242036657,2483.8477525415046
2013-12-22 17:20:00,2260.968,2440.9219,2738.2166,2386.260771041215,2479.2588558829966,2476.631577094564
2013-12-22 17:30:00,2325.243,2260.968,2814.9487,2274.930176048696,2426.913209011429,2357.4793380555675
2013-12-22 17:40:00,2008.1633,2325.243,3089.036,2267.2544284514693,2381.997526323147,2347.6383155603153
2013-12-22 17:50:00,2312.8545,2008.1633,2778.1636,2069.5510980383774,2296.5130669926984,2121.248679087125
2013-12-22 18:00:00,1884.4529,2312.8545,2793.8699,2155.2818383008,2255.4565158056243,2262.555853522646
2013-12-22 18:10:00,2071.2512,1884.4529,2813.6404,1925.8669391310343,2166.1863084256324,1991.4541155972033
2013-12-22 18:20:00,1986.6576,2071.2512,2760.8713,1992.4229323392806,2108.1262446679493,2090.085105023817
2013-12-22 18:30:00,1833.105,1986.6576,2674.6514,1882.8623332665916,2049.3180691799703,1970.0044715440843
2013-12-22 18:40:00,1691.1321,1833.105,2497.2334,1830.9062027797954,1977.9790448067686,1876.4690785211808
2013-12-22 18:50:00,1681.0178,1691.1321,2555.328,1702.1921954669583,1893.8667125754675,1738.441951396893
2013-12-22 19:00:00,1457.5157,1681.0178,2471.1904,1626.464604460447,1817.2339393323664,1671.4730662514344
2013-12-22 19:10:00,1255.7268,1457.5157,2423.6038,1476.7093879332158,1719.983841980074,1506.527601789826
2013-12-22 19:20:00,1255.9373,1255.7268,2052.9524,1321.0305546337095,1603.4378029515617,1339.8109588530792
2013-12-22 19:30:00,1104.2017,1255.9373,1793.0516,1226.8075644152125,1502.8808912401576,1294.5802017865778
2013-12-22 19:40:00,929.8861,1104.2017,1750.4432,1103.8745301455792,1398.0283061520404,1159.6427649287446
2013-12-22 19:50:00,896.4366,929.8861,1542.7161,981.6967549222222,1283.0410645183954,1018.2488931332182
2013-12-22 20:00:00,807.0841,896.4366,1552.5208,894.1381070936397,1182.5042963010387,972.223217144245
2013-12-22 20:10:00,1002.8872,807.0841,1458.4071,802.8782389738542,1088.1646925711211,906.1101336597361
2013-12-22 20:20:00,794.06885,1002.8872,1356.0596,864.6960649380859,1043.184307496364,1001.3443182124696
2013-12-22 20:30:00,773.29156,794.06885,1211.9283,786.0581755265163,985.7272732042146,861.6715379547395
2013-12-22 20:40:00,666.1855,773.29156,1163.1595,777.940600137258,934.9380148208247,852.1542382719289
2013-12-22 20:50:00,663.6102,666.1855,1058.606,674.0664848569709,876.0236461993601,758.6616305829942
2013-12-22 21:00:00,622.58167,663.6102,966.96796,645.0977571279315,825.2270746641482,741.9229743707822
2013-12-22 21:10:00,596.79895,622.58167,981.40106,599.7951951663341,777.5095785336334,701.1669569829276
2013-12-22 21:20:00,650.94525,596.79895,827.83417,577.794679462675,734.5920058535769,673.4264700678182
2013-12-22 21:30:00,500.13675,650.94525,701.6924,587.444113658475,708.1982415244776,681.4556917961442
2013-12-22 21:40:00,519.0877,500.13675,754.4538,519.1329443408583,665.8613591948234,579.1140902213446
2013-12-22 21:50:00,522.98975,519.0877,731.9561,509.0472001817499,631.0222332073974,592.6881592921959
2013-12-22 22:00:00,535.3907,522.98975,651.9787,480.50026012917317,603.2987487437157,573.563427623755
2013-12-22 22:10:00,484.15634,535.3907,763.3276,491.75981849363075,583.6330700528384,581.6797239960633
2013-12-22 22:20:00,455.88104,484.15634,631.355,470.9645425782023,561.4696153858146,534.8427148161013
2013-12-22 22:30:00,444.85413,455.88104,682.82007,449.17624450559464,537.9669551750666,501.0242130627977
2013-12-22 22:40:00,423.22687,444.85413,692.96216,426.0325400622403,515.7582900177541,483.4769155585875
2013-12-22 22:50:00,406.41708,423.22687,672.80457,406.65405533570276,493.64791497924557,461.769121951655
2013-12-22 23:00:00,471.26865,406.41708,579.7041,391.41721483869117,472.3043443236036,448.21212050919996
2013-12-22 23:10:00,413.9503,471.26865,567.53156,412.3129127246266,463.74098695778804,469.9272672684515
2013-12-22 23:20:00,342.5726,413.9503,505.4061,395.71225405399395,451.6075547139863,426.8139724877865
2013-12-22 23:30:00,381.97705,342.5726,483.5202,363.4010791551184,429.5146804653984,378.02566391124026
2013-12-22 23:40:00,298.52628,381.97705,497.01248,355.1906307597347,414.3637852433801,388.49511534412454
2013-12-22 23:50:00,353.7261,298.52628,499.63754,306.4040067901222,389.17172812578735,329.42413313097177
