time,actual,Persistence,Seasonal naive (1 week),SARIMAX,LSTM,TCN
2013-12-16 00:00:00,346.46027,346.18085,317.95996,295.1951730994492,378.9489545163316,340.72916651397355
2013-12-16 00:10:00,335.47937,346.46027,395.84546,301.9459450730652,345.33343353022707,259.9179498663647
2013-12-16 00:20:00,321.91083,335.47937,346.24234,295.2618544448369,324.03056067151806,269.95895026765595
2013-12-16 00:30:00,286.60004,321.91083,297.68066,299.01284818036044,310.94548122455797,402.1293761106045
2013-12-16 00:40:00,299.6622,286.60004,232.73996,277.13681280649837,298.2472047004009,360.8835732248602
2013-12-16 00:50:00,247.8545,299.6622,252.48586,274.95376918117637,289.700529682697,311.1606566475548
2013-12-16 01:00:00,235.49236,247.8545,238.67728,243.84076743114025,275.8078980911065,290.05587243707106
2013-12-16 01:10:00,268.69864,235.49236,253.941,232.1206956913118,260.6847348316868,287.5818875811343
2013-12-16 01:20:00,252.07263,268.69864,225.68031,234.8644303931567,251.84985455712393,291.1494859733302
2013-12-16 01:30:00,218.37958,252.07263,197.4249,230.74098703531467,243.73116360425087,253.63990071444212
2013-12-16 01:40:00,231.68237,218.37958,211.34184,219.76451138706776,232.6276930187781,230.5538961618128
2013-12-16 01:50:00,209.62328,231.68237,216.99399,217.52096570645335,224.4483981112111,223.7582807677791
2013-12-16 02:00:00,209.11711,209.62328,240.32466,201.64179926057525,215.25178408530113,210.43413599837262
2013-12-16 02:10:00,235.20218,209.11711,196.97177,201.5203218604264,207.41395902471507,210.308320415042
2013-12-16 02:20:00,214.24268,235.20218,203.8146,209.5562913378742,204.72198985231094,210.046758579533
2013-12-16 02:30:00,207.96501,214.24268,204.01747,204.95300566874516,201.60351260640638,202.62158015797462
2013-12-16 02:40:00,218.90169,207.96501,174.18658,205.40499661797128,198.44971146957616,195.76913138246292
2013-12-16 02:50:00,192.52118,218.90169,201.21375,205.48823245732112,197.3610321717771,208.66614613948067
2013-12-16 03:00:00,199.50375,192.52118,187.0758,193.24826910353934,193.66747140436834,194.42958425076847
2013-12-16 03:10:00,205.08748,199.50375,180.61635,195.51714778794667,190.94356111504618,182.22457549629235
2013-12-16 03:20:00,198.84103,205.08748,199.96582,193.78315574675523,189.73215579065166,186.1090427223898
2013-12-16 03:30:00,199.28386,198.84103,188.24231,194.35222963685376,188.60775039053124,192.86782624828075
2013-12-16 03:40:00,209.12245,199.28386,179.66675,195.64030174906281,188.06542143695322,191.97636210481448
2013-12-16 03:50:00,184.26079,209.12245,195.56053,199.89747958699138,189.36891634324502,192.63464145028652
2013-12-16 04:00:00,201.11852,184.26079,187.68079,189.59814377270231,187.96560302784133,181.99119060812131
2013-12-16 04:10:00,209.11015,201.11852,175.3631,196.9751700701695,188.5972072534648,159.7864992387257
2013-12-16 04:20:00,183.43298,209.11015,210.97166,198.4523489834416,191.05078218965542,162.7437355674014
2013-12-16 04:30:00,199.95718,183.43298,176.33896,191.82126894215935,190.59188050423913,161.205581368159
2013-12-16 04:40:00,200.8317,199.95718,169.58931,198.4876570850438,192.0302024082332,165.15590597093293
2013-12-16 04:50:00,179.1481,200.8317,189.11652,196.09637146261704,194.24527917263578,168.9219963748774
2013-12-16 05:00:00,210.14604,179.1481,184.41405,189.91804165086793,193.67732878718098,161.06990201627588
2013-12-16 05:10:00,205.14394,210.14604,190.59543,203.14513284189724,197.21097872949105,173.00730192622507
2013-12-16 05:20:00,189.92653,205.14394,197.265,201.620321124729,201.33144304823864,172.0960749577754
2013-12-16 05:30:00,202.23596,189.92653,219.96927,202.1428986505089,203.54067821482894,154.52567019791914
2013-12-16 05:40:00,209.58281,202.23596,177.67964,205.52123891914502,207.1889825065448,161.14038179050675
2013-12-16 05:50:00,187.69508,209.58281,238.15482,208.81549621783267,212.35354506029424,169.5536224596525
2013-12-16 06:00:00,199.13739,187.69508,204.31412,202.96760732402333,214.5408994935391,166.0422442917257
2013-12-16 06:10:00,207.1426,199.13739,200.32045,208.17328612313221,217.8982429307326,173.4144554630433
2013-12-16 06:20:00,193.52405,207.1426,238.48499,210.09857818692382,222.9083722710974,185.4133750441423
2013-12-16 06:30:00,233.35507,193.52405,211.10611,209.00315229443535,226.30747945851303,185.8313413463173
2013-12-16 06:40:00,318.2609,233.35507,204.81519,231.77480638293474,235.79904890652784,212.2436312534327
2013-12-16 06:50:00,289.0319,318.2609,236.59727,280.3546223540881,258.5642576769324,264.85034258772185
2013-12-16 07:00:00,270.34906,289.0319,291.5712,300.34550792775104,281.9762110339092,265.0723919560501
2013-12-16 07:10:00,247.3762,270.34906,269.6608,311.8452557761923,301.8071803442599,272.2477519542396
2013-12-16 07:20:00,269.4001,247.3762,278.50156,288.3454331410017,314.22450925048406,271.1679223523595
2013-12-16 07:30:00,277.7562,269.4001,298.2216,293.39852765954606,326.2385956196361,302.4613390583189
2013-12-16 07:40:00,299.5086,277.7562,345.15765,298.38921612408706,337.9235037830275,309.7233097050814
2013-12-16 07:50:00,318.23898,299.5086,337.18958,322.19771538759244,352.3595024012355,335.8821391777848
2013-12-16 08:00:00,395.32355,318.23898,476.73782,343.06021379558655,370.02596448338016,352.9597892970793
2013-12-16 08:10:00,432.19434,395.32355,408.7223,400.27411106558543,400.23497381260074,441.95468565419077
2013-12-16 08:20:00,419.6882,432.19434,514.8056,448.22405568183234,439.0151999890383,492.65694666855046
2013-12-16 08:30:00,572.12714,419.6882,526.79785,479.2517459493776,476.9487683584155,508.9821016878587
2013-12-16 08:40:00,695.29205,572.12714,698.73895,578.1397973885381,534.8662882941536,623.1377174297824
2013-12-16 08:50:00,704.80206,695.29205,792.2706,679.2082767836404,612.8199701202997,718.3216514432127
2013-12-16 09:00:00,789.2132,704.80206,684.21313,776.2299679002623,695.2912186213351,755.7715403089203
2013-12-16 09:10:00,869.79865,789.2132,849.7741,873.6439978817715,784.8204345733586,819.9938691866419
2013-12-16 09:20:00,834.4706,869.79865,864.755,945.8349366391366,878.7978463810027,903.7440701368954
2013-12-16 09:30:00,946.5521,834.4706,829.9467,973.5492923424068,956.9163767117357,940.6350367929084
2013-12-16 09:40:00,943.6083,946.5521,924.35614,1059.5777793820466,1035.711249475367,1027.1350485388607
2013-12-16 09:50:00,961.70447,943.6083,1081.2377,1071.196826201441,1100.969112970198,1056.0300183598074
2013-12-16 10:00:00,1011.9496,961.70447,1227.2158,1116.50154951232,1153.9365930445201,1102.6107091659983
2013-12-16 10:10:00,947.59705,1011.9496,1222.7238,1146.6940294272226,1201.6653976091454,1148.8834022188305
2013-12-16 10:20:00,1048.656,947.59705,1411.2383,1119.9098293579286,1227.6418100206786,1152.957832654613
2013-12-16 10:30:00,1179.4794,1048.656,1989.6625,1176.6100891964493,1260.019440296432,1239.4147848314879
2013-12-16 10:40:00,1383.9191,1179.4794,1708.2104,1247.6404911262287,1309.9624202677699,1340.236432954176
2013-12-16 10:50:00,1328.7417,1383.9191,1852.7535,1419.0965339698307,1390.736182557136,1565.5335234729343
2013-12-16 11:00:00,1379.0598,1328.7417,1988.0822,1469.4073169135281,1465.4047845340833,1559.492182455826
2013-12-16 11:10:00,1550.8689,1379.0598,1964.1075,1540.5130238772306,1538.876723504306,1625.931032864452
2013-12-16 11:20:00,1559.0098,1550.8689,2397.8958,1620.0472089975558,1627.9754481835362,1752.858488582789
2013-12-16 11:30:00,1864.4413,1559.0098,2260.8452,1665.588854871463,1710.73728362106,1858.579684942592
2013-12-16 11:40:00,1848.016,1864.4413,2480.8486,1876.025397267967,1825.3097186293096,2086.3485791149305
2013-12-16 11:50:00,1709.3958,1848.016,2701.784,1920.81166872868,1931.434039835402,2063.991118508352
2013-12-16 12:00:00,1961.1587,1709.3958,3042.1436,1915.0916255496973,1999.1612243022669,2015.6408200726926
2013-12-16 12:10:00,2086.6458,1961.1587,2974.8464,2006.2931787437478,2081.772218698646,2173.154197878062
2013-12-16 12:20:00,1910.0787,2086.6458,2903.1367,2069.168261578684,2170.3196465844244,2278.07683091745
2013-12-16 12:30:00,2116.0876,1910.0787,3203.4824,2059.1466556582136,2219.3737870986274,2248.0326365574706
2013-12-16 12:40:00,2292.7483,2116.0876,3222.1162,2156.7907006423266,2279.9984016998146,2359.296085424548
2013-12-16 12:50:00,2109.0095,2292.7483,3078.2805,2227.1533199267387,2356.06762627302,2473.700309300101
2013-12-16 13:00:00,2360.4446,2109.0095,3505.7678,2212.5896141540884,2396.576505475676,2381.6612747413874
2013-12-16 13:10:00,2505.145,2360.4446,3160.8877,2347.952749746449,2458.025609533097,2501.3492844445973
2013-12-16 13:20:00,2585.238,2505.145,3734.773,2410.70843798201,2532.5700633769275,2597.014886181514
2013-12-16 13:30:00,2969.4912,2585.238,3456.372,2546.711995347818,2610.4014834977565,2727.1366603410443
2013-12-16 13:40:00,3057.33,2969.4912,3440.244,2792.7524611450835,2727.7659626588725,2904.1771915887985
2013-12-16 13:50:00,2938.056,3057.33,3618.8582,2931.7529909019886,2848.8430817184,2943.9819119432677
2013-12-16 14:00:00,2866.0698,2938.056,3394.556,2991.1428242491866,2936.815643433992,2886.6323683326177
2013-12-16 14:10:00,2798.7302,2866.0698,3321.402,2947.1436335990143,2987.848059442354,2785.0238555934675
2013-12-16 14:20:00,2803.0942,2798.7302,3433.3528,2861.362397095076,3003.465116479794,2769.5336035365044
2013-12-16 14:30:00,2646.84,2803.0942,3996.081,2828.7165009912487,3000.1065209270687,2708.6000349319697
2013-12-16 14:40:00,2462.6575,2646.84,3518.5361,2725.888797337926,2962.5657031734027,2568.528901571785
2013-12-16 14:50:00,2350.53,2462.6575,3350.2097,2594.4821835132066,2890.00499254805,2474.9208900303024
2013-12-16 15:00:00,2328.2554,2350.53,3353.4287,2456.466104827592,2799.668003009546,2379.4805056231153
2013-12-16 15:10:00,2480.486,2328.2554,3593.0608,2374.495276146435,2714.1404887414897,2367.3096787778036
2013-12-16 15:20:00,2310.5579,2480.486,3450.2998,2419.6670063290153,2665.879596030496,2443.6281404020406
2013-12-16 15:30:00,2615.6433,2310.5579,3290.5027,2353.2874982130656,2610.113500464622,2366.144658477463
2013-12-16 15:40:00,2538.4104,2615.6433,3320.6372,2519.6632505066664,2608.029339737585,2559.7251470430297
2013-12-16 15:50:00,2448.4736,2538.4104,3220.2751,2491.61124539967,2608.960502035689,2530.8437848443555
2013-12-16 16:00:00,2772.0137,2448.4736,3231.7446,2510.7642156253287,2600.3850879537713,2506.3463100450936
2013-12-16 16:10:00,2690.5195,2772.0137,3408.067,2637.055628714686,2633.08380104497,2619.1974616976563
2013-12-16 16:20:00,2592.648,2690.5195,3187.6296,2630.0199884053764,2657.255288576525,2561.0404565908334
2013-12-16 16:30:00,2785.391,2592.648,2956.604,2646.000160614988,2661.0148412202907,2525.728270767584
2013-12-16 16:40:00,2619.2588,2785.391,3463.5615,2699.4427441044136,2679.713414238538,2617.9224185520065
2013-12-16 16:50:00,2633.5864,2619.2588,3122.2017,2616.261199331049,2670.4146927704437,2534.9730988358588
2013-12-16 17:00:00,2544.4758,2633.5864,3157.8108,2634.18453910959,2652.760823593845,2540.1423606808544
2013-12-16 17:10:00,2674.0369,2544.4758,3118.6733,2537.1915588020042,2616.4273255459857,2497.4641490063004
2013-12-16 17:20:00,2557.115,2674.0369,2964.6245,2580.366200321809,2592.3967528503827,2528.7048597360968
2013-12-16 17:30:00,2391.7551,2557.115,3050.6497,2510.3147969868896,2553.188515121663,2457.473504666215
2013-12-16 17:40:00,2553.3018,2391.7551,2808.9746,2423.027033961401,2489.7581869682504,2355.6877304714712
2013-12-16 17:50:00,2696.6912,2553.3018,2942.3992,2433.596671955158,2446.702027553953,2404.304066131827
2013-12-16 18:00:00,2386.3591,2696.6912,2844.1326,2479.540691877301,2426.46111818672,2407.752487524431
2013-12-16 18:10:00,2363.5815,2386.3591,3190.8274,2379.351300730355,2371.8113081451397,2249.334600755174
2013-12-16 18:20:00,2429.0903,2363.5815,3298.3408,2333.084591230242,2311.533053886927,2170.9834558632274
2013-12-16 18:30:00,2416.3308,2429.0903,3014.8994,2273.769347551778,2261.0694562452936,2146.9813444400256
2013-12-16 18:40:00,2332.4736,2416.3308,2896.694,2262.2790776752013,2213.805768314044,2072.6319842015173
2013-12-16 18:50:00,2197.7908,2332.4736,2403.4285,2223.488617388488,2160.213205078007,2002.241753453368
2013-12-16 19:00:00,2127.2327,2197.7908,2552.499,2126.2592019192266,2092.4945285137937,1909.5330525742918
2013-12-16 19:10:00,2131.437,2127.2327,2454.9736,2036.2536061591304,2018.8490040934482,1855.2746583047035
2013-12-16 19:20:00,1931.2819,2131.437,2421.0728,1984.0864527216918,1951.3591900335389,1796.7414159469372
2013-12-16 19:30:00,1857.6206,1931.2819,2441.8667,1859.637988120326,1867.091857396931,1663.5370007579525
2013-12-16 19:40:00,1720.8193,1857.6206,2372.473,1780.5673092239076,1780.8026540949804,1603.9420934920854
2013-12-16 19:50:00,1719.8895,1720.8193,2110.3865,1646.111850388141,1687.391748885948,1524.151121326965
2013-12-16 20:00:00,1494.5803,1719.8895,2018.1278,1598.5811780633483,1605.618098523743,1485.6852222977723
2013-12-16 20:10:00,1387.2498,1494.5803,1706.8801,1449.1102436932636,1509.0013885136439,1358.9361203656554
2013-12-16 20:20:00,1310.2693,1387.2498,1786.9882,1350.955904400516,1410.835202863516,1287.5739037992003
2013-12-16 20:30:00,1161.1025,1310.2693,1724.085,1240.2003284284742,1317.6514304891746,1219.649257457468
2013-12-16 20:40:00,1097.7891,1161.1025,1363.3906,1124.762429893308,1220.9932797805002,1114.7338992300151
2013-12-16 20:50:00,1052.0192,1097.7891,1208.8505,1047.5696734662215,1132.2506419690774,1069.4950960277863
2013-12-16 21:00:00,966.3625,1052.0192,1070.4513,978.4902853212847,1054.6910980317127,1017.7994617458074
2013-12-16 21:10:00,789.50476,966.3625,1269.2037,912.175758427872,982.2217839860251,950.2498276230394
2013-12-16 21:20:00,889.26215,789.50476,911.9992,795.5998726672508,899.3813380678592,833.4423186843193
2013-12-16 21:30:00,790.8689,889.26215,1163.345,794.4840805566286,843.6220854549038,833.9268157971806
2013-12-16 21:40:00,795.4714,790.8689,1251.9445,722.8982302022737,790.4721783673396,758.5544211041682
2013-12-16 21:50:00,769.1047,795.4714,749.97577,730.9825003079945,749.0371539555427,746.6488041026292
2013-12-16 22:00:00,695.05756,769.1047,1104.56,695.7761760725615,714.2144324022821,709.5230198028856
2013-12-16 22:10:00,614.00037,695.05756,735.9486,655.6457919814967,677.6787490557913,651.4541177099829
2013-12-16 22:20:00,642.0887,614.00037,599.9604,595.975609607766,636.0576146722478,590.7837851953815
2013-12-16 22:30:00,682.7367,642.0887,510.0028,579.0252553129958,603.6938178460465,566.1374802463982
2013-12-16 22:40:00,582.5713,682.7367,485.58017,583.2993134919614,583.2310639501528,570.5323257136865
2013-12-16 22:50:00,860.383,582.5713,519.7008,549.4168139785079,556.9345295718721,521.8202857905366
2013-12-16 23:00:00,633.47144,860.383,619.5765,665.3923584703813,563.039827214203,610.7378934324561
2013-12-16 23:10:00,543.3788,633.47144,667.183,585.675759320584,553.0320897364419,497.8310324276177
2013-12-16 23:20:00,597.4092,543.3788,492.0889,565.1642704870646,529.7679130506007,442.7542903477038
2013-12-16 23:30:00,610.54474,597.4092,368.29172,530.8211881020713,511.9399132379392,445.52984118952605
2013-12-16 23:40:00,333.73605,610.54474,338.84744,525.3026183419532,498.2445998089692,435.7458156002832
2013-12-16 23:50:00,394.0917,333.73605,361.502,393.726926550217,448.56796676649833,311.99226511184906
2013-12-17 00:00:00,417.16583,394.0917,321.2462,384.2358308984982,409.7587906401618,325.388949632249
2013-12-17 00:10:00,311.19092,417.16583,283.5749,347.98347273004384,368.8245508403139,488.6206716559383
2013-12-17 00:20:00,445.86246,311.19092,269.9622,315.9320906792153,335.4697778789897,369.8932484543571
2013-12-17 00:30:00,342.1666,445.86246,234.3921,367.0797697066925,329.0400871113931,403.8257514414648
2013-12-17 00:40:00,318.08643,342.1666,297.9335,317.3365087952742,319.45716728989987,326.58657640001644
2013-12-17 00:50:00,304.5793,318.08643,277.50192,320.37848275133086,307.9963889279015,297.6260380986456
2013-12-17 01:00:00,302.76498,304.5793,226.25293,288.18194464237865,295.33448117427355,275.4054769483611
2013-12-17 01:10:00,232.73166,302.76498,282.77347,280.24663470441726,283.4989305529404,278.1326376758766
2013-12-17 01:20:00,268.7748,232.73166,257.86285,241.6388776338386,263.7948498620098,233.11885579034947
2013-12-17 01:30:00,226.48288,268.7748,213.09369,248.14788064120637,250.38557570389088,234.04531062614922
2013-12-17 01:40:00,187.17807,226.48288,177.8685,218.0970894143919,235.03715427484403,212.9542418464393
2013-12-17 01:50:00,223.17186,187.17807,255.63414,199.09849244319958,216.53321263221304,194.82233603774523
2013-12-17 02:00:00,234.36075,223.17186,202.13348,201.8032974995026,205.7093885512711,205.02450630644174
2013-12-17 02:10:00,216.70508,234.36075,169.40472,204.60975397265548,200.30485574263105,206.9685354877716
2013-12-17 02:20:00,229.82294,216.70508,235.39459,208.906818844827,195.93361174465392,197.6834168952258
2013-12-17 02:30:00,209.51703,229.82294,197.1322,216.07124033518912,194.78258678000287,204.67300631936152
2013-12-17 02:40:00,183.1384,209.51703,193.96277,204.7770723023267,192.68935861979332,198.64741963106616
2013-12-17 02:50:00,202.82635,183.1384,215.84758,191.17454718671215,187.45066354300957,174.4392272027804
2013-12-17 03:00:00,204.51138,202.82635,197.70189,192.52168697343407,184.826551014879,179.92869948595865
2013-12-17 03:10:00,173.6049,204.51138,170.3648,191.13822769560588,183.66515819115745,182.867392817628
2013-12-17 03:20:00,195.62657,173.6049,224.65427,181.3169208060073,179.3628586964758,166.07987914965165
2013-12-17 03:30:00,199.54,195.62657,206.9472,188.23656144100593,178.0498353487022,178.8779904638457
2013-12-17 03:40:00,188.96452,199.54,177.65283,187.1265521572249,178.52470144157738,181.07923954490593
2013-12-17 03:50:00,206.67401,188.96452,271.311,189.3470335788159,178.62518763618905,175.9437786073631
2013-12-17 04:00:00,213.5412,206.67401,199.07243,198.30092866317543,181.30335377086234,178.57714529215158
2013-12-17 04:10:00,164.3832,213.5412,185.74605,203.20795603067768,185.68812899735178,174.13326947273129
2013-12-17 04:20:00,205.71875,164.3832,284.81296,183.2372172938786,183.6781565536565,155.28969426020677
2013-12-17 04:30:00,189.8338,205.71875,205.68059,198.47041808751632,186.07231440067278,169.34438175721434
2013-12-17 04:40:00,165.30069,189.8338,198.18828,186.0136318476457,187.5164222391924,165.14279079005277
2013-12-17 04:50:00,211.25015,165.30069,238.00862,181.61064285823622,185.38880267061617,156.9236743735628
2013-12-17 05:00:00,207.73288,211.25015,210.89241,197.7236006153238,189.27573655715815,169.29747850831518
2013-12-17 05:10:00,186.83727,207.73288,191.1696,199.07720539802978,194.61538571517912,172.60780685337176
2013-12-17 05:20:00,212.57007,186.83727,221.15599,201.47437284452565,197.689711381302,165.61734594163104
2013-12-17 05:30:00,199.12,212.57007,201.75531,211.34740428858595,203.91186279986405,185.22463761623283
2013-12-17 05:40:00,189.68364,199.12,213.70207,204.62452363201376,208.9545767667668,184.62739634400816
2013-12-17 05:50:00,206.41656,189.68364,246.19756,205.06180353447564,212.17605708625962,186.63046342884465
2013-12-17 06:00:00,199.14429,206.41656,210.66183,209.93396570213758,217.44737996162007,194.07723112602375
2013-12-17 06:10:00,175.57236,199.14429,209.51753,208.06761607100833,222.15915436949788,195.23465671736454
2013-12-17 06:20:00,211.8952,175.57236,246.43175,199.1153613981413,222.8284137336365,185.4458713916433
2013-12-17 06:30:00,229.97296,211.8952,191.04634,213.96363032541765,228.76058185602872,203.23737607705166
2013-12-17 06:40:00,222.11827,229.97296,230.94543,225.80124803908706,239.15578801675122,215.50448554796324
2013-12-17 06:50:00,266.95532,222.11827,265.63672,238.92905006991634,249.93216945274017,218.4140270728297
2013-12-17 07:00:00,266.6577,266.95532,265.48935,269.52873629617926,267.6483472392938,242.8416525286222
2013-12-17 07:10:00,264.9794,266.6577,275.43652,278.9895663547144,286.98763137261557,251.81783172242302
2013-12-17 07:20:00,299.7556,264.9794,355.42,294.6070626061678,305.7438769734259,268.19316980199403
2013-12-17 07:30:00,341.219,299.7556,316.6433,316.5566202500775,328.6010595636365,296.5144904809354
2013-12-17 07:40:00,302.00635,341.219,334.18826,349.617801239687,357.61497815486695,335.96100946007596
2013-12-17 07:50:00,336.06754,302.00635,375.8591,350.47353284826784,380.2506679679334,338.2758149835287
2013-12-17 08:00:00,375.1931,336.06754,447.01624,377.81218769607966,404.79463874130795,374.5554762721837
2013-12-17 08:10:00,397.58102,375.1931,465.69836,398.6056291864894,433.9981301891638,407.1506689884194
2013-12-17 08:20:00,489.18375,397.58102,571.7453,435.3599195887356,466.13389230308184,449.2524863511791
2013-12-17 08:30:00,534.2422,489.18375,664.5268,509.4625854441831,511.45454130550655,520.4822529784391
2013-12-17 08:40:00,660.0387,534.2422,741.24786,568.0649951447172,565.062573806362,562.8722269402779
2013-12-17 08:50:00,617.42114,660.0387,1250.8732,687.093571790273,636.424548243045,669.9809845901608
2013-12-17 09:00:00,824.7165,617.42114,1034.0664,711.1072322198551,702.2558027909336,679.6870530729475
2013-12-17 09:10:00,862.9117,824.7165,987.9583,868.7342228491297,790.8486959351959,816.4536783830092
2013-12-17 09:20:00,903.38446,862.9117,1067.1652,927.2612863218963,883.9188264547302,847.6202572203679
2013-12-17 09:30:00,993.2106,903.38446,1182.173,1037.8885077727552,975.2390978286887,923.3689853039369
2013-12-17 09:40:00,1057.9623,993.2106,1181.2798,1114.7920723673253,1067.9815398148241,993.4943186305451
2013-12-17 09:50:00,1036.0688,1057.9623,1314.2957,1187.9459636933607,1158.10605564355,1061.5919896801984
2013-12-17 10:00:00,1217.5114,1036.0688,1286.03,1218.1103758515944,1230.6058810242305,1101.4299164762685
2013-12-17 10:10:00,1188.2633,1217.5114,1508.0198,1339.8634483246315,1314.332450990687,1237.4271975412037
2013-12-17 10:20:00,1214.9235,1188.2633,1461.93,1352.511219703303,1383.5133869788765,1274.9415848414478
2013-12-17 10:30:00,1532.3738,1214.9235,1595.7958,1415.8277249554096,1442.358434196666,1341.9930479414327
2013-12-17 10:40:00,1466.2655,1532.3738,1769.1548,1588.127472754283,1535.8986777604805,1565.6074488953545
2013-12-17 10:50:00,1664.7877,1466.2655,1872.6934,1623.7419524326285,1617.3507601297626,1425.4798612744783
2013-12-17 11:00:00,1818.2194,1664.7877,2127.702,1820.2858094678322,1715.0624260211043,1614.0796466685092
2013-12-17 11:10:00,1694.5822,1818.2194,2029.3066,1917.781822132622,1825.1644732627096,1780.2004825049987
2013-12-17 11:20:00,1874.4421,1694.5822,2434.3887,1930.4485975067598,1906.089435371909,1784.8228106335089
2013-12-17 11:30:00,2035.2654,1874.4421,2413.4875,2039.531360689749,1992.9461780112379,1924.8059606199695
2013-12-17 11:40:00,2138.9646,2035.2654,2543.2112,2114.0848760496037,2088.6225243831645,2040.4920153297098
2013-12-17 11:50:00,2250.6,2138.9646,2489.2896,2247.901835463462,2186.6151406546624,2170.026092281102
2013-12-17 12:00:00,2388.473,2250.6,2868.7605,2364.514244767577,2286.0311145779306,2246.97098738492
2013-12-17 12:10:00,2460.7341,2388.473,2853.106,2477.5181925207135,2389.011894879738,2331.48339289571
2013-12-17 12:20:00,2415.1038,2460.7341,2651.8318,2561.420779179003,2486.1007128697083,2440.4836776656143
2013-12-17 12:30:00,2763.0684,2415.1038,2957.8167,2572.8991685768488,2558.7056867673737,2456.286931496825
2013-12-17 12:40:00,2744.7373,2763.0684,2898.6072,2754.9986361046695,2657.8416856339436,2680.277753768075
2013-12-17 12:50:00,2774.4429,2744.7373,2911.7122,2786.5781129489387,2743.1994683126636,2738.2924342216133
2013-12-17 13:00:00,3062.458,2774.4429,2930.4553,2885.2509811660293,2815.014663546928,2756.188537567774
2013-12-17 13:10:00,3291.7275,3062.458,3141.11,3024.4385297706035,2906.6112331687445,2925.2803594944467
2013-12-17 13:20:00,3444.1062,3291.7275,3368.4011,3198.17208875423,3014.7145206734235,3098.504099121962
2013-12-17 13:30:00,3373.3855,3444.1062,3231.1433,3398.830805671999,3128.1831333913283,3174.0100997163886
2013-12-17 13:40:00,3342.427,3373.3855,3662.5671,3446.8635458755007,3215.1066024873467,3217.0417738621627
2013-12-17 13:50:00,3505.4326,3342.427,4065.1887,3448.1194602139253,3273.767486558778,3219.2009184457334
2013-12-17 14:00:00,3803.9377,3505.4326,3625.6885,3501.5848919530918,3330.251194995499,3247.9910822891184
2013-12-17 14:10:00,3543.5134,3803.9377,3464.3513,3674.984547213131,3407.050467419904,3355.265183105208
2013-12-17 14:20:00,3208.6392,3543.5134,3512.0168,3639.196186097021,3440.530544834929,3223.9749465003074
2013-12-17 14:30:00,3234.5732,3208.6392,3121.0405,3477.7355431687115,3410.443908278436,2994.6495620288047
2013-12-17 14:40:00,3110.6792,3234.5732,3254.7627,3357.059854666892,3367.6683726605247,3010.231906124627
2013-12-17 14:50:00,3139.6963,3110.6792,3103.1318,3204.713011601761,3305.2579682646465,2993.459333868131
2013-12-17 15:00:00,2945.2466,3139.6963,3059.993,3201.6500270055267,3250.108935126114,2988.740400597841
2013-12-17 15:10:00,2766.0857,2945.2466,3195.9438,3067.3995072860284,3177.3931003940206,2912.4661998610645
2013-12-17 15:20:00,3100.932,2766.0857,3294.035,2936.4242594315356,3087.984442624541,2820.2775255720644
2013-12-17 15:30:00,3517.678,3100.932,3016.1504,3026.680520285092,3054.7689022131476,2955.1755224392596
2013-12-17 15:40:00,3524.895,3517.678,3410.0237,3251.7637699634006,3089.3080951188067,3107.706864498567
2013-12-17 15:50:00,3358.1033,3524.895,3132.7173,3439.7881694926573,3138.742298964365,3105.87862448238
2013-12-17 16:00:00,3876.9597,3358.1033,3000.3345,3466.7885435389335,3166.94749676893,3024.0021002036324
2013-12-17 16:10:00,3759.038,3876.9597,2832.4082,3701.3308857986617,3242.7386014856083,3285.2918261650366
2013-12-17 16:20:00,3837.1494,3759.038,2797.6855,3690.575292832499,3298.9014457656017,3174.5623177532593
2013-12-17 16:30:00,3774.914,3837.1494,2896.3176,3846.7102317043195,3346.1635823487372,3134.361250865507
2013-12-17 16:40:00,3495.1526,3774.914,2963.0566,3786.9177745445472,3367.7567870648336,3035.3364491383363
2013-12-17 16:50:00,3764.5989,3495.1526,2810.552,3632.879411650058,3337.1194070500514,2945.814097994299
2013-12-17 17:00:00,3746.0464,3764.5989,3221.4006,3691.681435629397,3321.176032851653,3007.5332534073486
2013-12-17 17:10:00,3641.88,3746.0464,3373.3518,3645.0293730951767,3297.8439429184464,2938.466469659383
2013-12-17 17:20:00,3795.984,3641.88,3393.0786,3644.8737043457722,3257.723217334216,2879.050516134511
2013-12-17 17:30:00,3566.969,3795.984,2861.0376,3682.9566174988568,3229.973849600211,2899.9911601628173
2013-12-17 17:40:00,3228.2769,3566.969,2986.1794,3548.3524441066497,3175.667884141541,2788.523317719481
2013-12-17 17:50:00,3273.0974,3228.2769,2777.1235,3345.203591651807,3078.1599990143955,2635.619217809756
2013-12-17 18:00:00,3197.3652,3273.0974,2905.2559,3231.431289410551,2985.5162339392746,2615.632233971664
2013-12-17 18:10:00,3225.8513,3197.3652,2720.4802,3098.284922255226,2892.549127350914,2597.281448496473
2013-12-17 18:20:00,2850.039,3225.8513,2817.2683,3093.2682996495314,2813.214561017946,2547.0481770255196
2013-12-17 18:30:00,3065.798,2850.039,2693.633,2868.252938471113,2701.757178701331,2369.580478264223
2013-12-17 18:40:00,2853.2896,3065.798,2602.6091,2900.3449958553024,2623.4653100828327,2449.5445914293055
2013-12-17 18:50:00,2902.8008,2853.2896,2266.3394,2724.948907508155,2535.511002566717,2328.6178123847258
2013-12-17 19:00:00,2814.6863,2902.8008,2333.9846,2751.176293085398,2462.696403947721,2352.7730693861768
2013-12-17 19:10:00,2951.324,2814.6863,2419.1216,2650.516341207835,2390.6281537479877,2286.4840742639517
2013-12-17 19:20:00,2730.4817,2951.324,2262.9507,2701.276979634704,2340.6481540064433,2316.0939001679526
2013-12-17 19:30:00,2447.7034,2730.4817,2255.95,2583.6249222241527,2275.4391999255645,2177.595756027021
2013-12-17 19:40:00,2416.3674,2447.7034,2073.7168,2422.166813370867,2182.284843525547,2049.514500701661
2013-12-17 19:50:00,2257.1748,2416.3674,2024.529,2296.1391134830865,2089.7534973356283,1956.2710506887875
2013-12-17 20:00:00,2049.7354,2257.1748,1960.2728,2136.9702116583226,1989.3474648990252,1842.893198464297
2013-12-17 20:10:00,1769.0593,2049.7354,1765.1614,1989.925347934512,1877.0046868773504,1705.2470033748796
2013-12-17 20:20:00,1671.0309,1769.0593,1788.7562,1767.5428960296422,1744.9575532852593,1542.2315706729437
2013-12-17 20:30:00,1472.355,1671.0309,1526.2216,1618.2663325157928,1618.3833566721437,1464.443704620365
2013-12-17 20:40:00,1444.2585,1472.355,1562.6074,1434.2595372324522,1489.0466364628608,1334.4060053857384
2013-12-17 20:50:00,1219.8506,1444.2585,1344.0309,1360.213656431119,1379.265481523404,1282.3857240461655
2013-12-17 21:00:00,1171.9623,1219.8506,1141.0891,1194.9360413368445,1264.8456840357007,1136.6252789334621
2013-12-17 21:10:00,1066.5071,1171.9623,1088.232,1123.3969152774157,1165.6149115775017,1081.3710040539572
2013-12-17 21:20:00,1065.6753,1066.5071,1244.7518,1011.1001210211293,1074.3342475661293,981.5370065423355
2013-12-17 21:30:00,1107.44,1065.6753,1315.3727,979.7544314762549,1002.0759985450145,942.8318922055256
2013-12-17 21:40:00,1170.1951,1107.44,1154.6964,973.1287786931294,951.8581055556273,942.6707655788756
2013-12-17 21:50:00,881.85944,1170.1951,1005.14856,1008.0996788561787,922.3016383666705,967.9596660620118
2013-12-17 22:00:00,747.4791,881.85944,909.84515,885.6993808618092,869.8329950934259,811.1567612567549
2013-12-17 22:10:00,636.772,747.4791,738.18787,778.0774893100615,803.710705307127,711.3226814581244
2013-12-17 22:20:00,549.43256,636.772,658.33887,640.1142238149307,729.4258987827487,635.2001492818878
2013-12-17 22:30:00,636.7148,549.43256,566.2239,547.9835847865924,653.7416846228182,563.1794324498231
2013-12-17 22:40:00,583.74817,636.7148,574.1559,550.5584308038057,604.0624818426069,581.8360592984243
2013-12-17 22:50:00,538.8654,583.74817,467.2887,519.9458513654603,562.6918245180356,529.2140113837685
2013-12-17 23:00:00,543.9615,538.8654,427.34433,509.7476780289862,526.3432648438966,495.7142698394245
2013-12-17 23:10:00,439.51578,543.9615,353.80743,492.45856659079453,498.84213860838094,477.82487159700474
2013-12-17 23:20:00,424.59024,439.51578,352.96277,431.34800488865534,464.9900114382841,417.95133310101943
2013-12-17 23:30:00,452.19907,424.59024,362.00943,407.2109513791857,433.99409394628316,399.45820889644307
2013-12-17 23:40:00,361.02264,452.19907,381.38248,394.8928462720273,412.30183122087794,396.26340685856877
2013-12-17 23:50:00,371.86603,361.02264,364.4811,351.9548570281215,384.80255706795333,339.4537503829719
2013-12-18 00:00:00,434.7364,371.86603,295.88074,348.2282718324752,362.6090495839103,327.8464365108924
2013-12-18 00:10:00,406.5353,434.7364,257.1831,358.46184880127356,341.3449537042648,442.04323756254655
2013-12-18 00:20:00,314.7144,406.5353,267.63983,360.3801987924624,332.76750411996767,387.61954808549694
2013-12-18 00:30:00,311.52432,314.7144,244.42473,324.7297772221273,321.4271245540089,344.9085404680651
2013-12-18 00:40:00,268.645,311.52432,224.0058,302.22966044188524,311.92004200923833,328.06349921181004
2013-12-18 00:50:00,269.08865,268.645,247.9059,260.9106515681865,298.06558722524977,297.9891267445281
2013-12-18 01:00:00,303.09613,269.08865,236.07014,253.68500856801,284.9194393167293,288.47206092771694
2013-12-18 01:10:00,274.72974,303.09613,218.04059,260.5167092552495,277.7488023723564,303.13960746908197
2013-12-18 01:20:00,234.28204,274.72974,221.78624,254.27428018918357,269.39754283512997,283.65091101388276
2013-12-18 01:30:00,258.46707,234.28204,205.38936,237.68393095209223,256.53149738650427,242.8825436204825
2013-12-18 01:40:00,235.9508,258.46707,203.17488,237.19458136912507,247.57183294992765,246.12787343864673
2013-12-18 01:50:00,214.01556,235.9508,189.07672,221.68778896644528,237.8094615759443,243.0074897869003
2013-12-18 02:00:00,244.06613,214.01556,221.3508,213.31146227499883,226.5595711187763,233.29800290692677
2013-12-18 02:10:00,221.39583,244.06613,186.01382,219.82493952663253,220.6602536698281,237.71712531234556
2013-12-18 02:20:00,390.53134,221.39583,187.60724,209.66170705986755,214.40031950267377,228.04836849117373
2013-12-18 02:30:00,385.1137,390.53134,203.60866,289.15340298566883,226.18277304638426,302.74868230257687
2013-12-18 02:40:00,443.73373,385.1137,188.06961,314.27377754312795,242.69807083904942,294.0826733277485
2013-12-18 02:50:00,424.52182,443.73373,201.89745,395.83386716283024,265.4525814673259,333.0210646569807
2013-12-18 03:00:00,514.8599,424.52182,239.15576,398.0106743080528,286.6520485091505,322.5495649400202
2013-12-18 03:10:00,243.27391,514.8599,197.30264,456.1243305641515,312.72526922940307,368.7734245946636
2013-12-18 03:20:00,216.10474,243.27391,184.57481,316.38440177029474,304.3333738856189,251.0484110536846
2013-12-18 03:30:00,226.1257,216.10474,221.67671,271.1203528507253,282.0982001701151,232.39180232054588
2013-12-18 03:40:00,232.07373,226.1257,200.7755,222.24849895839117,259.96983372526404,223.2844070676774
2013-12-18 03:50:00,208.05132,232.07373,218.4641,221.09407583386476,242.16568220764836,225.96616056542862
2013-12-18 04:00:00,225.40233,208.05132,209.15076,213.2260533333616,225.80114229887008,204.46519129318511
2013-12-18 04:10:00,227.49486,225.40233,183.07991,220.1293071910494,216.0654364444463,214.7443772641036
2013-12-18 04:20:00,215.54005,227.49486,204.42249,219.0740108117003,211.02444003670834,218.81660239926458
2013-12-18 04:30:00,227.6982,215.54005,207.92744,218.87568747474054,207.87834665202007,211.2410977937069
2013-12-18 04:40:00,220.47952,227.6982,193.86778,224.41695827862983,208.50583284163457,218.83560096126416
2013-12-18 04:50:00,219.93323,220.47952,222.28223,220.73328143053348,210.2786180779435,206.76670428193052
2013-12-18 05:00:00,234.73874,219.93323,204.66638,223.30871444987295,213.10612397959113,207.1762333839643
2013-12-18 05:10:00,256.21884,234.73874,187.1968,230.07244933973794,218.6723310354816,215.94256753066233
2013-12-18 05:20:00,246.57613,256.21884,198.10167,245.1288376210679,227.99559136544133,227.4938531568905
2013-12-18 05:30:00,248.08905,246.57613,217.32478,250.0353843048776,237.17757439751222,222.87617176351625
2013-12-18 05:40:00,257.0533,248.08905,213.37645,256.3124114067971,246.32123683839288,230.4394685003244
2013-12-18 05:50:00,243.37932,257.0533,254.15324,260.2717123605165,256.21996475733994,231.378652412916
2013-12-18 06:00:00,263.1779,243.37932,195.80128,256.62021639748866,263.81285662059065,233.92738257911748
2013-12-18 06:10:00,227.68663,263.1779,178.29602,268.8669325691361,273.3037761396317,247.71368706716785
2013-12-18 06:20:00,237.63649,227.68663,227.62848,250.90634024644882,277.29242689777107,232.83012793126596
2013-12-18 06:30:00,320.8879,237.63649,202.4876,256.5623680360088,281.4881995243867,251.03290924168815
2013-12-18 06:40:00,246.09839,320.8879,191.68062,293.8056797646364,297.90729724591034,291.34499985037485
2013-12-18 06:50:00,260.01495,246.09839,222.91464,276.26685307111046,306.5621149042078,267.0666039290079
2013-12-18 07:00:00,350.64963,260.01495,252.93442,295.0995836791289,315.6694971763794,288.206771939667
2013-12-18 07:10:00,396.91446,350.64963,232.61906,327.8543351912476,338.04149939970506,340.45975159746627
2013-12-18 07:20:00,404.74667,396.91446,298.38364,380.1128908712703,370.3387896778522,371.4818689174609
2013-12-18 07:30:00,444.64056,404.74667,293.59518,430.3570847525585,406.5118985539297,385.31137527895334
2013-12-18 07:40:00,383.8241,444.64056,312.77472,473.406704404859,447.9310205027551,418.69625867556863
2013-12-18 07:50:00,396.3336,383.8241,326.56754,452.17175323307197,478.2229958229625,418.7881737131541
2013-12-18 08:00:00,413.65237,396.3336,424.13898,461.78159290848424,503.7059330476913,447.8587244146864
2013-12-18 08:10:00,642.78076,413.65237,400.12933,460.13005501820027,527.0284659468978,451.0378500319318
2013-12-18 08:20:00,541.2099,642.78076,495.19464,595.068460049257,581.0548153703704,599.9450250772056
2013-12-18 08:30:00,618.90344,541.2099,575.2,603.5507172889988,627.3166298163007,567.9668378909818
2013-12-18 08:40:00,646.4804,618.90344,783.38654,709.6693480093868,680.9920068283335,664.9105664154223
2013-12-18 08:50:00,736.52924,646.4804,1040.6681,715.2369202811644,735.8351403022551,701.947779513289
2013-12-18 09:00:00,844.3093,736.52924,1161.4548,804.7857038926616,799.5936529695172,804.3836341530921
2013-12-18 09:10:00,899.5496,844.3093,1010.1386,901.0272537989323,875.7583676802694,901.0918059012122
2013-12-18 09:20:00,958.5369,899.5496,1017.5529,993.8378293001399,956.9229794839522,956.3433787120237
2013-12-18 09:30:00,1156.9509,958.5369,1044.2307,1081.2397518799785,1040.297192263707,1035.2644541474006
2013-12-18 09:40:00,1070.9885,1156.9509,1252.3246,1230.5662251991362,1143.1353505162338,1180.1677790898495
2013-12-18 09:50:00,1130.0844,1070.9885,1264.1052,1246.2933701816723,1227.7450687255646,1178.670052056997
2013-12-18 10:00:00,1296.178,1130.0844,1474.8528,1326.2326373062333,1305.2089637517668,1256.9452278243643
2013-12-18 10:10:00,1440.553,1296.178,1447.6918,1407.2184632403216,1393.0766248639673,1376.0002179760686
2013-12-18 10:20:00,1529.78,1440.553,1499.5227,1545.4003515523586,1492.258875773696,1493.778624128747
2013-12-18 10:30:00,1691.0553,1529.78,1890.1306,1682.6357099149875,1595.143040463745,1570.105176083971
2013-12-18 10:40:00,1911.0961,1691.0553,1830.4741,1837.287442072533,1708.493824621061,1683.0666980191804
2013-12-18 10:50:00,1785.5616,1911.0961,2089.8484,2019.3652083879438,1839.1603501672005,1894.4857878609107
2013-12-18 11:00:00,2071.8499,1785.5616,2179.2983,2036.5472381338025,1940.1860369589547,1889.2398248052261
2013-12-18 11:10:00,2104.384,2071.8499,2114.0537,2230.2538041557955,2057.264667721381,2096.9053411881578
2013-12-18 11:20:00,2088.583,2104.384,2316.6033,2255.6900510844066,2163.1946323127213,2201.3373364262666
2013-12-18 11:30:00,2219.114,2088.583,2502.1755,2327.1948068856464,2247.2749457571554,2223.3152846934327
2013-12-18 11:40:00,2249.7117,2219.114,2515.2104,2389.4812746825874,2328.3467009727137,2372.361793160195
2013-12-18 11:50:00,2448.1501,2249.7117,2682.8718,2410.532926551428,2397.3660733021625,2425.5976399081474
2013-12-18 12:00:00,2599.8909,2448.1501,2870.2239,2548.1070341887107,2478.0577846292636,2567.915209796597
2013-12-18 12:10:00,2445.932,2599.8909,3092.911,2662.9536178798085,2568.066405481592,2695.381196560738
2013-12-18 12:20:00,2537.695,2445.932,2706.6938,2648.7400232986665,2626.1391176749935,2677.64329164133
2013-12-18 12:30:00,2588.794,2537.695,2981.6875,2691.959367783789,2679.1008778362943,2735.357939811243
2013-12-18 12:40:00,2524.9182,2588.794,3137.8833,2676.475361226803,2726.2703413242534,2782.8879079436597
2013-12-18 12:50:00,2801.2405,2524.9182,3144.6326,2660.9878930290406,2754.1725715005305,2789.8422055427804
2013-12-18 13:00:00,2847.3315,2801.2405,3117.8345,2795.8946569398463,2809.2199418956598,2933.6848172211944
2013-12-18 13:10:00,3144.238,2847.3315,3257.9248,2844.134478013429,2867.1184805865305,2960.856585117136
2013-12-18 13:20:00,3527.2244,3144.238,3512.2786,3078.51743414114,2955.586213775939,3128.77550490906
2013-12-18 13:30:00,3725.421,3527.2244,3528.6335,3337.73216962033,3083.520482003448,3309.6618932094893
2013-12-18 13:40:00,3822.5183,3725.421,3814.967,3598.3728176658333,3226.3081447251475,3445.6125975251075
2013-12-18 13:50:00,3866.7158,3822.5183,4178.7954,3793.5733841148963,3363.0936404695553,3501.698117859439
2013-12-18 14:00:00,3877.37,3866.7158,3768.3442,3884.9103467590353,3479.445666810453,3562.1944475010487
2013-12-18 14:10:00,3581.297,3877.37,3810.736,3920.1009318549422,3567.476025970113,3534.4739321604575
2013-12-18 14:20:00,3756.3364,3581.297,3865.6616,3767.9256101295196,3590.0675723484337,3335.132368917993
2013-12-18 14:30:00,3436.1638,3756.3364,3861.7864,3803.5261840202133,3606.882414488798,3346.6525545042928
2013-12-18 14:40:00,3591.0415,3436.1638,3706.247,3582.8685591447397,3569.4840744767635,3177.726795213581
2013-12-18 14:50:00,3316.7222,3591.0415,3293.3005,3649.013233153043,3541.2476080704387,3174.180132232546
2013-12-18 15:00:00,3167.509,3316.7222,4132.0605,3444.582404246933,3478.654083504723,3035.5280354265747
2013-12-18 15:10:00,3138.9187,3167.509,3649.1724,3348.5649563455972,3397.862497719918,3013.8360069974747
2013-12-18 15:20:00,3047.273,3138.9187,3822.5464,3231.3346638945495,3320.5040980615468,2999.591003934191
2013-12-18 15:30:00,3150.5264,3047.273,3880.5193,3135.0858778525117,3243.46447467542,2930.5052568504984
2013-12-18 15:40:00,2938.9463,3150.5264,3408.5032,3162.887790053875,3193.2882846475577,2947.6638399138646
2013-12-18 15:50:00,3039.3792,2938.9463,3525.719,3042.1123251545478,3129.942323453477,2836.6502466798343
2013-12-18 16:00:00,3118.2083,3039.3792,3255.4583,3078.8745882491726,3088.7846276168984,2848.7070917218343
2013-12-18 16:10:00,3213.4922,3118.2083,3275.646,3078.7534067676575,3067.8281693327644,2943.070148638174
2013-12-18 16:20:00,3012.9036,3213.4922,3332.91,3167.225752990937,3066.077046797755,2950.8447944149348
2013-12-18 16:30:00,2953.8872,3012.9036,3342.6802,3094.038401180605,3043.0787395831862,2796.063350713981
2013-12-18 16:40:00,2920.7847,2953.8872,3253.6792,3039.8117845667953,3009.356294430326,2755.087939833078
2013-12-18 16:50:00,2932.362,2920.7847,3496.8813,2948.7950190833426,2969.3978687940016,2704.5301160531967
2013-12-18 17:00:00,3075.2097,2932.362,3577.3232,2922.5018517472317,2931.053988353539,2689.9838907423405
2013-12-18 17:10:00,3023.2146,3075.2097,3480.6047,2978.6952605784727,2911.87384075819,2737.3013368046018
2013-12-18 17:20:00,2955.8096,3023.2146,3174.1284,2970.5724561856505,2889.236365066892,2708.5820765323683
2013-12-18 17:30:00,2909.414,2955.8096,3291.368,2950.056184498384,2857.2841168527475,2618.7084829025284
2013-12-18 17:40:00,2701.2969,2909.414,3078.2402,2885.113395020291,2817.067676961339,2607.1766423489703
2013-12-18 17:50:00,2824.2446,2701.2969,2965.4534,2734.722091274141,2749.391742533418,2502.083106228981
2013-12-18 18:00:00,2610.1594,2824.2446,3164.623,2732.97638459308,2695.835869274147,2554.0553981057915
2013-12-18 18:10:00,2438.9465,2610.1594,3204.4146,2578.1528717430383,2620.936019928361,2450.0052440361137
2013-12-18 18:20:00,2638.442,2438.9465,2884.5107,2465.224217891979,2527.8767467579773,2362.696899178724
2013-12-18 18:30:00,2572.8604,2638.442,3250.8481,2468.720021558751,2465.2868402982326,2394.9460637225084
2013-12-18 18:40:00,2564.827,2572.8604,3205.8972,2416.3448445131967,2406.0595656840396,2345.224125279671
2013-12-18 18:50:00,2356.0195,2564.827,2673.7334,2439.3788415117424,2353.06886660813,2291.729650135597
2013-12-18 19:00:00,2361.8774,2356.0195,3022.7278,2303.268879778162,2280.869958692479,2160.595973765488
2013-12-18 19:10:00,2249.49,2361.8774,3384.5896,2254.925166556427,2212.430469929293,2126.004602589883
2013-12-18 19:20:00,2056.9507,2249.49,2868.2,2138.594549798299,2136.8220001312766,2060.2936910897147
2013-12-18 19:30:00,2078.2659,2056.9507,2660.86,2012.6228556221092,2044.4131059349363,1946.198947741383
2013-12-18 19:40:00,2282.8704,2078.2659,2573.256,1953.8809414130003,1962.1370476131294,1923.7810534844882
2013-12-18 19:50:00,2069.832,2282.8704,2610.7622,2000.532228141964,1913.3107050103379,1973.8804743248816
2013-12-18 20:00:00,1856.3398,2069.832,2081.9492,1933.6498410867553,1852.8117844885235,1838.8047474234122
2013-12-18 20:10:00,1593.6848,1856.3398,1811.2607,1830.4995837489585,1772.7509107544913,1720.3707047059822
2013-12-18 20:20:00,1380.7185,1593.6848,1820.3607,1604.3624651744676,1665.3030695160808,1577.704877134184
2013-12-18 20:30:00,1368.4242,1380.7185,1549.0148,1397.0078343252328,1539.0192039762026,1427.4015125332583
2013-12-18 20:40:00,1136.7922,1368.4242,1559.9246,1293.4144376776146,1427.301544096067,1380.3201005942171
2013-12-18 20:50:00,1057.0449,1136.7922,1649.7778,1123.2276568437733,1305.4409968321697,1217.4749549453927
2013-12-18 21:00:00,952.5083,1057.0449,1342.1211,1037.1559387861319,1193.61441252521,1134.5832094535674
2013-12-18 21:10:00,885.5504,952.5083,1336.4009,918.313504070813,1089.7513977110345,1057.1279601878718
2013-12-18 21:20:00,945.30396,885.5504,1533.3967,847.1637481868806,998.2116065720195,984.2985718165808
2013-12-18 21:30:00,955.2644,945.30396,1394.562,838.9751496910898,934.4914141142564,980.9768758410484
2013-12-18 21:40:00,908.50287,955.2644,965.45355,836.6941738673297,889.5267957227936,961.181315060015
2013-12-18 21:50:00,948.1962,908.50287,1036.4664,829.9699274205925,851.7592001437561,895.5807030987065
2013-12-18 22:00:00,824.9544,948.1962,932.7498,841.9619694978039,826.6182625539406,885.0714606157774
2013-12-18 22:10:00,795.2902,824.9544,854.469,777.334982768969,793.3387556319141,805.0160977721168
2013-12-18 22:20:00,611.88983,795.2902,1072.956,749.6292828182177,759.2205245134987,765.4291190167194
2013-12-18 22:30:00,578.9331,611.88983,745.3289,623.3199424761033,704.5364747171635,645.2607148381265
2013-12-18 22:40:00,579.75836,578.9331,629.25336,568.6303604190653,649.3972793639625,607.7453678632563
2013-12-18 22:50:00,505.07068,579.75836,651.8451,523.9394549482337,602.705676469441,589.0133021589578
2013-12-18 23:00:00,457.731,505.07068,747.0757,479.7809102394939,555.7033288214452,536.4673077025074
2013-12-18 23:10:00,554.7294,457.731,446.0727,443.2674900464086,510.8766637153393,490.3937336907976
2013-12-18 23:20:00,463.84952,554.7294,580.1695,463.5978574770195,486.76186524529464,538.7578836643132
2013-12-18 23:30:00,405.31708,463.84952,431.27573,426.674887789754,460.76354175340805,483.6721348568385
2013-12-18 23:40:00,362.2333,405.31708,395.45093,404.19817863115236,431.93749832605266,444.4979425488996
2013-12-18 23:50:00,315.83978,362.2333,413.5433,353.54119657836657,401.3548104369361,406.76883254670815
2013-12-19 00:00:00,274.1597,315.83978,328.7937,310.36272824048206,368.838473305154,377.8259919749883
2013-12-19 00:10:00,267.6126,274.1597,297.79117,272.22908198269755,335.12087062355874,279.90924693995237
2013-12-19 00:20:00,269.4348,267.6126,303.28607,252.236110870953,305.5414965041407,277.276417591902
2013-12-19 00:30:00,251.59937,269.4348,293.02725,242.9462642771371,284.1740318529803,303.3228944317001
2013-12-19 00:40:00,241.11076,251.59937,448.93402,233.64182677829663,267.79957415763505,267.9050790832604
2013-12-19 00:50:00,217.61388,241.11076,297.6626,226.38867744491554,255.32149854297325,275.6527707608437
2013-12-19 01:00:00,203.93837,217.61388,288.05978,209.35074078367174,243.26042341765375,254.23678934885342
2013-12-19 01:10:00,204.19022,203.93837,235.02211,196.5906106547988,231.57604349542095,244.9422222484437
2013-12-19 01:20:00,169.83192,204.19022,296.48315,189.55677490415238,221.89243672634714,240.36943168604716
2013-12-19 01:30:00,162.9695,169.83192,327.79688,169.64070901685295,209.0069322487273,216.8987864070825
2013-12-19 01:40:00,188.53651,162.9695,300.73007,160.7332617823173,196.36965875033562,208.69902683424127
2013-12-19 01:50:00,145.82474,188.53651,282.35352,164.50460771984436,189.374531040372,228.88022798335638
2013-12-19 02:00:00,147.1228,145.82474,395.53613,146.80110257344336,178.8128257783051,194.6184972995906
2013-12-19 02:10:00,160.85327,147.1228,213.57558,146.48322419284239,169.61050140747648,184.86161813402106
2013-12-19 02:20:00,167.06288,160.85327,240.4999,144.13108623139146,164.16269892297208,186.86218239816668
2013-12-19 02:30:00,144.11838,167.06288,222.01195,150.72440882024287,161.64592822995024,189.1609864405793
2013-12-19 02:40:00,168.72066,144.11838,247.29657,144.54421617768386,157.60196859642298,166.7414587773923
2013-12-19 02:50:00,163.0736,168.72066,244.79602,154.86547851628885,157.34510823609435,195.624543484496
2013-12-19 03:00:00,140.6902,163.0736,220.46004,151.44115612567174,157.64599239797082,190.78458312262472
2013-12-19 03:10:00,169.9931,140.6902,239.7758,145.8426315895956,155.28827516080145,173.55659355424953
2013-12-19 03:20:00,146.30841,169.9931,230.21942,155.78685540517435,156.5604261606156,182.6015724117068
2013-12-19 03:30:00,139.73344,146.30841,223.01836,144.13876946029504,155.60784037196092,171.53411144331156
2013-12-19 03:40:00,157.5361,139.73344,235.0269,144.3454454741674,153.46202866359644,165.11679473844276
2013-12-19 03:50:00,149.2089,157.5361,233.71687,146.92249270238787,153.78939553554807,172.62861136755077
2013-12-19 04:00:00,137.03987,149.2089,213.24582,144.95997985709096,153.86925167562907,167.11374924531188
2013-12-19 04:10:00,161.42363,137.03987,229.92975,142.19289026701549,152.48231648778867,155.324730420142
2013-12-19 04:20:00,149.15988,161.42363,241.87694,150.83530538579956,154.50957540184942,168.11462577013657
2013-12-19 04:30:00,137.69418,149.15988,403.52075,146.60152563359213,155.950448205812,164.2230909348405
2013-12-19 04:40:00,167.33061,137.69418,221.83167,145.21394238781946,155.82746404306883,155.33612767043275
2013-12-19 04:50:00,163.06259,167.33061,279.66064,155.742199323876,159.73032280440248,171.30318621234264
2013-12-19 05:00:00,148.12737,163.06259,278.86288,156.92063034134264,164.24383251583527,171.5463474027787
2013-12-19 05:10:00,192.28413,148.12737,226.44154,157.1413278860541,166.86150322174663,162.81904731496937
2013-12-19 05:20:00,164.71341,192.28413,228.36319,176.59529327043472,175.09990493805682,187.2760971319876
2013-12-19 05:30:00,144.27452,164.71341,339.11786,167.7705914459351,180.87844736035518,175.72825608294238
2013-12-19 05:40:00,199.8322,144.27452,267.23602,163.6844858002913,182.4856545207078,166.4431880042206
2013-12-19 05:50:00,156.3342,199.8322,237.33757,182.66854002925763,191.09240915738462,195.66107477776055
2013-12-19 06:00:00,143.32224,156.3342,239.74742,166.06798016857525,194.77402286436924,171.96008967799312
2013-12-19 06:10:00,201.51146,143.32224,229.47183,166.08924675464934,194.88900520677606,169.27973653112764
2013-12-19 06:20:00,182.49237,201.51146,251.98468,184.13653272287365,203.3886593203317,200.60407018409984
2013-12-19 06:30:00,133.89032,182.49237,225.16646,183.86343590921177,211.45630129742605,197.60362063115957
2013-12-19 06:40:00,189.73953,133.89032,298.33817,169.12030090048148,210.54730928723677,172.29147840300735
2013-12-19 06:50:00,187.93494,189.73953,274.0801,187.61149676958865,217.66728217629029,208.24780578358605
2013-12-19 07:00:00,209.46092,187.93494,275.13666,185.35755607581646,226.60708438394073,215.84228743614278
2013-12-19 07:10:00,197.42627,209.46092,301.25775,217.07285764134522,240.1023929419405,239.1309590248832
2013-12-19 07:20:00,212.63689,197.42627,353.8493,216.1481446417553,252.8214615667128,235.99700619691012
2013-12-19 07:30:00,216.06082,212.63689,410.37674,230.68377652762516,267.6231005824345,265.07255066679625
2013-12-19 07:40:00,261.4317,216.06082,356.06284,234.2133376772895,282.8376925712195,283.0133753375794
2013-12-19 07:50:00,296.271,261.4317,390.3723,267.26176725330714,305.22305554048006,325.0162246554528
2013-12-19 08:00:00,342.76184,296.271,449.08652,300.09397420504604,334.56542641164657,352.1976627581036
2013-12-19 08:10:00,346.69257,342.76184,606.31415,352.43346451982666,372.48259155113345,435.4957335467639
2013-12-19 08:20:00,422.2298,346.69257,519.137,380.10009114958854,412.18197914890897,467.13367826242205
2013-12-19 08:30:00,488.46075,422.2298,543.12506,442.5952619683337,461.89545243405126,552.401898199708
2013-12-19 08:40:00,604.73315,488.46075,737.9161,501.38652477582355,521.4544987963827,610.2256287237142
2013-12-19 08:50:00,607.37067,604.73315,878.59174,612.3899853183118,597.2513955899625,722.2124670230462
2013-12-19 09:00:00,717.09607,607.37067,940.35,668.7329431010927,673.8607546841677,745.3702667116622
2013-12-19 09:10:00,744.4126,717.09607,985.93555,776.6630352642328,760.3380839607531,852.3733246489613
2013-12-19 09:20:00,885.8692,744.4126,1171.7847,821.3298041134555,844.8334464752561,901.7461246999474
2013-12-19 09:30:00,956.975,885.8692,1372.5875,949.9931429258867,940.0680355356584,992.7063203836589
2013-12-19 09:40:00,974.42224,956.975,1200.8809,1034.7785773330204,1037.6983286669717,1063.7350855018237
2013-12-19 09:50:00,1099.8969,974.42224,1378.6602,1110.9742001563768,1126.751953157938,1127.345578247427
2013-12-19 10:00:00,1223.0265,1099.8969,1436.4906,1211.471129440239,1219.6935921006557,1237.2321921565072
2013-12-19 10:10:00,1343.774,1223.0265,1531.6101,1315.0516349687684,1318.4004560953,1363.2766127177244
2013-12-19 10:20:00,1372.3713,1343.774,1810.727,1452.9777670585077,1423.0472656463903,1461.4331928611905
2013-12-19 10:30:00,1541.0254,1372.3713,1808.5104,1533.2101421952143,1519.6325586077812,1521.7452314406278
2013-12-19 10:40:00,1538.6104,1541.0254,2152.236,1669.8812369913032,1624.3518985127157,1646.0514178500523
2013-12-19 10:50:00,1767.8145,1538.6104,2463.396,1706.1484353394183,1715.1884498499116,1686.804142867346
2013-12-19 11:00:00,1720.5001,1767.8145,2421.6685,1881.0612671308222,1821.008096162979,1887.1032599905122
2013-12-19 11:10:00,1655.2977,1720.5001,2478.2622,1890.9240620592698,1907.7474662036002,1937.40956310486
2013-12-19 11:20:00,1764.8962,1655.2977,2504.7065,1898.4031761312779,1965.8669697242053,1935.9403972840555
2013-12-19 11:30:00,1819.634,1764.8962,2712.7893,1918.8588339769271,2021.1421567055627,2086.200833451048
2013-12-19 11:40:00,2052.6956,1819.634,2844.1467,1938.198816119223,2072.3356967272252,2104.7101359767066
2013-12-19 11:50:00,2101.9968,2052.6956,2794.578,2097.1018780107706,2147.45346904278,2292.254868861199
2013-12-19 12:00:00,2135.1353,2101.9968,2787.7522,2174.828880155134,2225.185372432347,2438.8227305739724
2013-12-19 12:10:00,2269.4614,2135.1353,3066.8423,2258.0083419353173,2298.8320927265395,2479.2417197897757
2013-12-19 12:20:00,2298.473,2269.4614,3377.994,2336.0454662744946,2379.2489083515416,2545.5942199002334
2013-12-19 12:30:00,2442.7432,2298.473,2602.694,2372.7709485628598,2452.7475602471136,2608.3094836396763
2013-12-19 12:40:00,2534.7805,2442.7432,2806.2302,2480.2136782341963,2532.6949973188102,2705.723181402647
2013-12-19 12:50:00,2562.879,2534.7805,3819.3223,2552.2330512167296,2613.3343489280564,2754.496166578759
2013-12-19 13:00:00,2649.3838,2562.879,3434.3308,2613.7372828746425,2684.959808385428,2758.94122343998
2013-12-19 13:10:00,3079.7336,2649.3838,3432.6245,2678.688737774933,2753.4685365515056,2808.287339686589
2013-12-19 13:20:00,2879.3525,3079.7336,3517.0327,2915.1888742352935,2862.9714205237156,3044.7916998840715
2013-12-19 13:30:00,3051.9827,2879.3525,3574.949,2913.1418206047147,2939.9053688017248,2982.481410935469
2013-12-19 13:40:00,3203.688,3051.9827,3910.5605,3077.8863370179756,3019.2118150149413,3110.2520415414283
2013-12-19 13:50:00,3184.9204,3203.688,3948.373,3128.4058446904537,3100.983353335743,3237.4491091210266
2013-12-19 14:00:00,3255.82,3184.9204,4082.5532,3192.241925577257,3164.980338683275,3353.260229623011
2013-12-19 14:10:00,3134.402,3255.82,3696.0505,3263.487087669714,3220.01545417127,3463.9522003605716
2013-12-19 14:20:00,3258.1519,3134.402,3813.781,3203.8519672672905,3243.4833977126063,3395.646593593663
2013-12-19 14:30:00,3144.569,3258.1519,3699.9673,3262.7336067926854,3267.0174923384075,3421.7985529943503
2013-12-19 14:40:00,3201.7524,3144.569,3733.689,3192.334154125879,3266.5288907426393,3406.5526732921785
2013-12-19 14:50:00,2828.0122,3201.7524,3412.6033,3233.5533218359615,3264.6548630913885,3354.1798332813155
2013-12-19 15:00:00,3105.1987,2828.0122,3413.8137,3009.6725154421633,3207.87091486882,3127.3661102067244
2013-12-19 15:10:00,2825.0269,3105.1987,3381.8215,3100.6623215870513,3183.296068722933,3223.455167420307
2013-12-19 15:20:00,2680.8604,2825.0269,3300.126,2905.0236746937717,3127.4449001012413,3028.6425549158125
2013-12-19 15:30:00,2901.1646,2680.8604,3139.632,2844.0957525934055,3054.148420405272,2899.5382087009402
2013-12-19 15:40:00,2752.3262,2901.1646,3457.9045,2859.6583287792596,3016.825118173734,2977.9606244890565
2013-12-19 15:50:00,2739.1606,2752.3262,3377.4521,2783.5617481248896,2971.9054695156174,2871.2578393158997
2013-12-19 16:00:00,2807.927,2739.1606,3643.7153,2804.793617579385,2932.1673116388374,2835.400975404985
2013-12-19 16:10:00,2584.6475,2807.927,3441.738,2795.4989980340742,2907.690599440866,2963.5479494856127
2013-12-19 16:20:00,2495.2996,2584.6475,3307.1277,2681.032012541163,2859.166243901177,2842.0161006255053
2013-12-19 16:30:00,2745.7068,2495.2996,3196.4346,2601.0284757640325,2799.6048928127398,2777.1217339326377
2013-12-19 16:40:00,2450.8027,2745.7068,3302.3684,2650.2011708443947,2776.860287294877,2845.360007391809
2013-12-19 16:50:00,2718.5146,2450.8027,3299.5476,2512.0246101841217,2723.469343848913,2724.8991116860825
2013-12-19 17:00:00,2651.8242,2718.5146,3301.998,2654.1113169815453,2706.285101484326,2814.16894964106
2013-12-19 17:10:00,2449.5356,2651.8242,3395.2283,2583.254217906495,2686.6009214369305,2770.1131786370215
2013-12-19 17:20:00,2364.177,2449.5356,3318.2097,2525.0841681633974,2641.032857644725,2664.0094961354753
2013-12-19 17:30:00,2622.1045,2364.177,3377.822,2412.693674466601,2581.228538205942,2627.9868248333332
2013-12-19 17:40:00,2355.841,2622.1045,3321.28,2465.4821511151276,2554.946968920643,2732.4838373510274
2013-12-19 17:50:00,2382.0017,2355.841,3116.2612,2343.917982693607,2500.900870011582,2560.594248538027
2013-12-19 18:00:00,2420.4246,2382.0017,3282.0725,2362.1324138349223,2450.173543521081,2569.9441525025395
2013-12-19 18:10:00,2299.2363,2420.4246,2920.6165,2307.3302839124503,2406.9709910818156,2548.803079428851
2013-12-19 18:20:00,2240.3674,2299.2363,2913.5627,2247.786465635143,2352.2240085393746,2425.212969833093
2013-12-19 18:30:00,2492.787,2240.3674,3102.237,2192.971220059002,2291.8469628650314,2356.025134885444
2013-12-19 18:40:00,2202.007,2492.787,2826.3704,2265.034299653618,2264.51672346419,2430.1655892181025
2013-12-19 18:50:00,2133.3738,2202.007,2730.2244,2140.6669187523016,2208.6113563950294,2241.089452668519
2013-12-19 19:00:00,2326.3213,2133.3738,2674.4556,2104.1991955655335,2143.542354218473,2158.7801437914513
2013-12-19 19:10:00,1970.2568,2326.3213,2740.416,2106.8542018815056,2103.0879518276347,2203.7605141833237
2013-12-19 19:20:00,1808.8308,1970.2568,2972.837,1937.633067132807,2025.8254698354838,1986.3146873050996
2013-12-19 19:30:00,1778.7732,1808.8308,2737.4092,1826.9745677941,1929.2774156980315,1858.1079527530892
2013-12-19 19:40:00,1635.7877,1778.7732,2659.5364,1695.379989221017,1835.3727424359138,1787.717380865157
2013-12-19 19:50:00,1787.2637,1635.7877,2739.4631,1573.7277039068213,1734.9706782067374,1672.1297043991258
2013-12-19 20:00:00,1440.8887,1787.2637,2150.385,1609.316036970595,1666.325153681629,1672.7232944636592
2013-12-19 20:10:00,1445.5645,1440.8887,2196.9468,1424.1746019967986,1569.7016262927295,1452.0226292646482
2013-12-19 20:20:00,1165.559,1445.5645,1875.779,1396.3453881596427,1484.1792148053078,1427.1334311386108
2013-12-19 20:30:00,983.61755,1165.559,1743.6797,1173.0818750502037,1374.5174348100875,1221.909784923517
2013-12-19 20:40:00,1067.5725,983.61755,1541.8088,1026.1254456837582,1251.9046153231654,1094.788726887496
2013-12-19 20:50:00,1064.6182,1067.5725,1433.2479,975.3366499411095,1160.2088958694183,1122.5254846194205
2013-12-19 21:00:00,953.12775,1064.6182,1469.7458,943.544807946341,1089.5909214917938,1088.8686372280774
2013-12-19 21:10:00,991.11194,953.12775,1341.0448,907.878969012812,1022.2662924110526,1017.9464026798066
2013-12-19 21:20:00,837.1152,991.11194,1242.4148,904.7090035350211,972.8637925198591,1029.464865443008
2013-12-19 21:30:00,743.8279,837.1152,1241.819,808.0769564158842,915.2157998976035,911.8881002065569
2013-12-19 21:40:00,719.13165,743.8279,1087.6321,741.0622248335853,852.7760077213198,842.5932559669783
2013-12-19 21:50:00,640.91266,719.13165,1074.012,678.5205714456982,795.7124413043828,805.7786613478706
2013-12-19 22:00:00,713.2597,640.91266,960.92346,613.5636198407266,737.8771330076446,730.0742099904173
2013-12-19 22:10:00,645.80096,713.2597,754.51935,628.3176769062544,699.4153738826303,745.9008436056191
2013-12-19 22:20:00,572.8274,645.80096,762.422,589.749862481736,662.752267722649,685.3215249841436
2013-12-19 22:30:00,602.1083,572.8274,659.23285,558.3493316045601,623.4448119595035,631.8153655641046
2013-12-19 22:40:00,612.77606,602.1083,555.5826,544.6702524809538,593.6599009994874,635.9684472707556
2013-12-19 22:50:00,511.6284,612.77606,580.9802,537.2706159051033,571.5326896762372,612.0982036152079
2013-12-19 23:00:00,441.11316,511.6284,525.5371,496.6606133777495,541.8667296180671,556.2617083726827
2013-12-19 23:10:00,420.6894,441.11316,554.5878,445.1952949031771,505.3933134092663,493.25736292069456
2013-12-19 23:20:00,422.76392,420.6894,662.15045,401.554270019194,469.95108198418205,466.08206762406166
2013-12-19 23:30:00,424.81378,422.76392,521.4916,383.2893966694639,440.5026863655979,463.0086715285464
2013-12-19 23:40:00,384.16812,424.81378,450.0864,380.0067651033544,417.5799211235038,461.53621346690755
2013-12-19 23:50:00,292.08994,384.16812,445.55484,361.5015359684811,395.03320078556163,431.73353299124454
2013-12-20 00:00:00,320.85486,292.08994,420.5939,307.3478844680966,363.39369001576523,377.33711296709805
2013-12-20 00:10:00,295.0888,320.85486,370.5355,298.1724187701143,347.1725532225716,252.26398606221858
2013-12-20 00:20:00,295.93073,295.0888,346.07657,270.30105737527845,323.96477774979684,235.66021016063573
2013-12-20 00:30:00,256.09354,295.93073,369.61816,273.73666675763803,302.34301985528356,347.9386373776338
2013-12-20 00:40:00,206.02028,256.09354,290.36423,248.65406380567308,280.3960413918919,308.550894675064
2013-12-20 00:50:00,217.92496,206.02028,292.4083,216.14619391918686,255.99355023502955,290.23830061197947
2013-12-20 01:00:00,242.26108,217.92496,280.556,205.71178711127504,238.21673639127073,292.9825222800148
2013-12-20 01:10:00,174.30728,242.26108,241.0024,208.10752561551436,229.01117132795176,284.69203591051803
2013-12-20 01:20:00,178.3625,174.30728,269.88397,181.96532764605357,214.6991973946258,237.22192064902123
2013-12-20 01:30:00,175.14632,178.3625,254.359,178.29548280268122,202.96508610914987,221.42817247842348
2013-12-20 01:40:00,152.33878,175.14632,235.02428,162.90610982497378,193.36201115937936,203.2722078772383
2013-12-20 01:50:00,180.40874,152.33878,238.7946,152.37373741617566,182.67633928258502,184.09707792123248
2013-12-20 02:00:00,171.04825,180.40874,260.45856,162.02213355954572,177.8227636485561,195.467105228854
2013-12-20 02:10:00,161.85028,171.04825,241.55756,157.55526274999508,174.2583251030874,182.36827851454387
2013-12-20 02:20:00,185.78027,161.85028,262.961,159.25243361089622,170.80873598655973,179.53017184190628
2013-12-20 02:30:00,189.96631,185.78027,260.4235,167.7917239426063,171.33606685439125,186.47115626812422
2013-12-20 02:40:00,159.52864,189.96631,208.14044,172.6906191261419,173.70010954587227,186.09138445238054
2013-12-20 02:50:00,174.6532,159.52864,232.44423,164.93475392685625,172.46039409656345,182.83660084776454
2013-12-20 03:00:00,173.67648,174.6532,220.63474,168.92818940489246,172.49217322837006,191.42326297531238
2013-12-20 03:10:00,210.40674,173.67648,254.21375,164.27625851149003,172.53583878618562,180.43798388564218
2013-12-20 03:20:00,215.73897,210.40674,223.34766,186.9623809647439,177.30691005238464,199.03276469674896
2013-12-20 03:30:00,178.25209,215.73897,223.53362,197.33488302968567,183.84720629792696,193.242453669205
2013-12-20 03:40:00,188.90144,178.25209,191.43712,189.63168035646646,185.62078167187056,174.88330033775108
2013-12-20 03:50:00,167.10315,188.90144,226.85071,190.34427662660727,187.155955963976,184.39742628869575
2013-12-20 04:00:00,169.19829,167.10315,209.46457,172.03418407188516,184.87552610530528,168.09586388763884
2013-12-20 04:10:00,178.6727,169.19829,200.24272,172.378791534818,182.02266582806215,164.90810402426777
2013-12-20 04:20:00,154.45125,178.6727,222.69894,172.71859409638344,180.6871605243691,169.8469709231355
2013-12-20 04:30:00,164.45602,154.45125,212.72746,162.8342391399989,176.62048147389106,160.883514786237
2013-12-20 04:40:00,150.4502,164.45602,182.27426,166.64464768778194,174.24324867189918,167.74649362716164
2013-12-20 04:50:00,157.78348,150.4502,209.2992,155.36964319001135,170.81900736292025,155.46254778592635
2013-12-20 05:00:00,150.87732,157.78348,215.79265,159.91205026759377,169.19643490719923,159.18830542760836
2013-12-20 05:10:00,154.2366,150.87732,211.6208,154.57412173164468,167.73746834976777,160.61442554828227
2013-12-20 05:20:00,181.19868,154.2366,203.00552,157.7529665789763,167.65376988359708,168.60826947789607
2013-12-20 05:30:00,191.88644,181.19868,217.58527,171.30111083268287,172.44252951454425,187.92192400470228
2013-12-20 05:40:00,183.43315,191.88644,196.06317,184.35169208917432,180.51926834920582,195.04533053645568
2013-12-20 05:50:00,154.46097,183.43315,220.27838,191.2508936359451,188.6373723287096,192.08515828359762
2013-12-20 06:00:00,191.37866,154.46097,216.27834,176.83509429974725,191.84511817520448,177.69000096083306
2013-12-20 06:10:00,142.15965,191.37866,204.51746,190.2905607351268,199.17427335350732,209.06130558315522
2013-12-20 06:20:00,163.77124,142.15965,245.32408,163.00612416097917,198.71337912992328,177.16024214983497
2013-12-20 06:30:00,186.41086,163.77124,243.25479,176.76243534873342,200.3348772871795,193.75913593375694
2013-12-20 06:40:00,174.1565,186.41086,224.07481,180.90454120929883,206.23351945964046,213.24970744792034
2013-12-20 06:50:00,208.78217,174.1565,266.96326,187.45095667743257,211.75263119233762,215.47266113506493
2013-12-20 07:00:00,232.60472,208.78217,333.38898,212.4721681901268,223.16722769069855,244.3740949777913
2013-12-20 07:10:00,239.04327,232.60472,288.27515,230.75444219850144,239.96967112233713,269.69379875975915
2013-12-20 07:20:00,270.35873,239.04327,327.97897,253.2358844930203,259.4186461087355,284.4130345804558
2013-12-20 07:30:00,315.49966,270.35873,359.4492,282.06298865137796,283.90939616971593,315.140287850581
2013-12-20 07:40:00,319.71823,315.49966,346.8698,318.46156572538507,315.5848430851841,349.9217195366983
2013-12-20 07:50:00,377.85233,319.71823,362.10416,344.5388311594123,348.8274148742781,377.3821003868023
2013-12-20 08:00:00,352.55075,377.85233,430.1952,396.4371762326486,389.2719888058855,439.3228016770627
2013-12-20 08:10:00,383.3799,352.55075,509.56058,399.2685282590164,424.95083130802607,403.2386389137809
2013-12-20 08:20:00,457.79138,383.3799,490.62924,433.60955221175095,460.6931570545938,455.06320764805804
2013-12-20 08:30:00,519.1235,457.79138,675.9156,478.0927606635418,504.34229432411564,522.739970101363
2013-12-20 08:40:00,592.0156,519.1235,661.75146,544.3013651469836,556.2304633193321,589.6556677110597
2013-12-20 08:50:00,682.512,592.0156,809.6392,630.532490748759,618.1320035255786,683.2462567421318
2013-12-20 09:00:00,815.2566,682.512,807.5607,724.623292722648,692.1526673583309,763.78801023062
2013-12-20 09:10:00,893.1666,815.2566,788.61554,850.8915972928551,783.4398106399707,869.5795418341174
2013-12-20 09:20:00,951.8006,893.1666,953.0805,963.1386948232654,884.5423772357996,958.0361967796727
2013-12-20 09:30:00,889.6657,951.8006,1068.55,1065.251450812701,988.3535764663741,1041.8887710213933
2013-12-20 09:40:00,1044.0208,889.6657,1104.9962,1066.8375309218748,1071.0201738826192,1050.9990498041157
2013-12-20 09:50:00,1141.5233,1044.0208,1353.6152,1164.1790434544687,1158.7856708346371,1184.8993484848597
2013-12-20 10:00:00,1331.022,1141.5233,1626.3647,1234.2006022948644,1248.90320230682,1261.5227119102162
2013-12-20 10:10:00,1221.182,1331.022,1478.5724,1418.4026202491552,1355.6045767852372,1402.2337594948392
2013-12-20 10:20:00,1363.3948,1221.182,1741.1815,1425.4064835343509,1437.475339161256,1396.006787420649
2013-12-20 10:30:00,1549.3873,1363.3948,1726.1102,1540.7671329265331,1522.83155266939,1485.6450212662573
2013-12-20 10:40:00,1544.8607,1549.3873,1817.2911,1636.4599121990732,1622.5892025210858,1626.0401588304976
2013-12-20 10:50:00,1697.7924,1544.8607,2025.3309,1715.3289612052677,1712.5829600495947,1633.0775887489524
2013-12-20 11:00:00,1738.7125,1697.7924,2278.399,1852.2941033139707,1810.5060092337844,1754.2618431894819
2013-12-20 11:10:00,1758.37,1738.7125,2206.2346,1894.9502764639547,1902.1903038304915,1847.221010890064
2013-12-20 11:20:00,1717.3818,1758.37,2354.2551,1948.9994711464344,1981.742118988042,1858.8419744539426
2013-12-20 11:30:00,2046.7505,1717.3818,2681.503,1925.3358786556084,2038.236927423779,1895.5800671120635
2013-12-20 11:40:00,1989.8289,2046.7505,2659.6943,2091.118665434767,2126.980915479837,2073.0883167322686
2013-12-20 11:50:00,2381.0547,1989.8289,2660.227,2101.183370595254,2202.210378096163,2100.917510380582
2013-12-20 12:00:00,2271.2346,2381.0547,2823.0894,2389.0320955100865,2319.6096411667945,2337.899663511369
2013-12-20 12:10:00,2400.4788,2271.2346,2598.102,2376.0566677869183,2417.3528390334136,2279.841181901878
2013-12-20 12:20:00,2226.8408,2400.4788,2539.9656,2524.306657686883,2516.0439913512773,2435.995188032837
2013-12-20 12:30:00,2358.4517,2226.8408,2899.1409,2402.9856803325865,2572.1397754829345,2378.4589967304
2013-12-20 12:40:00,2492.564,2358.4517,2910.5457,2459.60444379035,2625.5297707473937,2462.3711581183334
2013-12-20 12:50:00,2654.9883,2492.564,2911.841,2493.228831991658,2684.5874209978033,2577.433329572304
2013-12-20 13:00:00,2834.7441,2654.9883,3157.7441,2631.0952139147903,2757.462885644896,2735.0228106973414
2013-12-20 13:10:00,2796.3367,2834.7441,3533.6423,2784.5469542862347,2847.4200412018054,2840.938502294916
2013-12-20 13:20:00,3057.3894,2796.3367,3574.6272,2835.279454368276,2923.805969108922,2868.996431309533
2013-12-20 13:30:00,3188.3403,3057.3894,3611.0508,3004.912464593742,3019.985375028631,2974.6029294338873
2013-12-20 13:40:00,3221.681,3188.3403,3886.8352,3104.601015292121,3121.364842027541,3019.411992705798
2013-12-20 13:50:00,3524.6064,3221.681,3509.259,3215.5261459194953,3212.151083405924,3126.6371904543716
2013-12-20 14:00:00,3223.6045,3524.6064,3665.6326,3409.7322984678053,3322.2877095954796,3280.956861841431
2013-12-20 14:10:00,3420.8806,3223.6045,3187.1187,3314.239284730578,3376.9475516687985,3148.9788230370414
2013-12-20 14:20:00,3430.3384,3420.8806,3205.107,3438.379150229059,3431.767367370827,3307.402625436051
2013-12-20 14:30:00,3298.1099,3430.3384,3643.2449,3397.593311003463,3470.588921762905,3346.4102780658786
2013-12-20 14:40:00,3026.8647,3298.1099,3397.0647,3381.4147322600406,3476.5025882865475,3320.2108847191607
2013-12-20 14:50:00,3372.5327,3026.8647,3560.4822,3207.377130211954,3429.712165732077,3220.1794107935048
2013-12-20 15:00:00,3101.176,3372.5327,3651.3508,3302.6900148714735,3420.0667389850228,3362.112748202733
2013-12-20 15:10:00,3045.3306,3101.176,3520.2075,3152.844510213888,3377.264581708858,3274.0626773685235
2013-12-20 15:20:00,3055.932,3045.3306,3536.8518,3161.91725542241,3325.938067550083,3286.8508161742675
2013-12-20 15:30:00,2986.765,3055.932,3414.3955,3084.3366476162228,3278.8554334538253,3303.441446614793
2013-12-20 15:40:00,3136.2236,2986.765,3397.7976,3032.7707381890646,3228.410151263154,3215.5013886780944
2013-12-20 15:50:00,3131.0837,3136.2236,3335.6074,3098.635081281049,3204.2855201026864,3218.980670586693
2013-12-20 16:00:00,3260.1055,3131.0837,3723.9604,3103.415747047937,3187.585723778643,3170.157349722048
2013-12-20 16:10:00,3274.4448,3260.1055,3445.1367,3207.1501660389376,3191.3868629629424,3326.2441356303807
2013-12-20 16:20:00,3278.2551,3274.4448,3692.674,3233.215036922794,3198.9501436751716,3272.7918098245423
2013-12-20 16:30:00,3278.9111,3278.2551,3429.7202,3266.5283738839253,3204.094332309901,3271.0460395851046
2013-12-20 16:40:00,3529.7246,3278.9111,3257.741,3263.0197820257686,3203.294866046077,3241.589061286461
2013-12-20 16:50:00,3394.1943,3529.7246,3349.9668,3383.7440640235905,3225.6716505812255,3291.024248812173
2013-12-20 17:00:00,3234.207,3394.1943,3302.5813,3351.817274289591,3226.98840827654,3243.193543291336
2013-12-20 17:10:00,3389.943,3234.207,3253.2637,3294.954310385518,3197.6931590215245,3121.741498218899
2013-12-20 17:20:00,3076.8206,3389.943,3346.2314,3296.735001239017,3176.50931548247,3190.868951434218
2013-12-20 17:30:00,3169.0256,3076.8206,3257.973,3106.2500262820245,3111.9887717263828,3023.4239465001247
2013-12-20 17:40:00,3152.8132,3169.0256,3364.5835,3120.0850651515793,3053.283520284884,3037.184392173822
2013-12-20 17:50:00,2945.257,3152.8132,3351.3506,3033.634177407542,2994.175478525669,2977.559459426424
2013-12-20 18:00:00,2751.2407,2945.257,3374.0256,2931.809625569544,2912.9134451268883,2850.3719045752864
2013-12-20 18:10:00,2526.0864,2751.2407,3460.4814,2771.7530426922226,2809.8979860303325,2724.0082182726765
2013-12-20 18:20:00,2513.12,2526.0864,3415.7856,2552.5392687296185,2683.5339085182113,2561.471117657652
2013-12-20 18:30:00,2452.489,2513.12,2978.52,2444.2170146395442,2566.618833796429,2524.1579431459077
2013-12-20 18:40:00,2226.295,2452.489,2735.3948,2343.0312554725974,2458.742161817357,2419.87762886734
2013-12-20 18:50:00,2231.8542,2226.295,2953.75,2201.0902957269727,2339.0693937828155,2273.8808835110485
2013-12-20 19:00:00,2045.1724,2231.8542,2757.5642,2137.354243988057,2236.1370625744953,2206.8792775339566
2013-12-20 19:10:00,1932.1818,2045.1724,2460.0093,1979.5950458944155,2126.83029379823,2038.7905967532947
2013-12-20 19:20:00,1809.0939,1932.1818,2472.6199,1880.8311586631885,2018.5245296355627,1931.9018308646098
2013-12-20 19:30:00,1682.2748,1809.0939,2404.7068,1746.6660397594517,1910.2265752864766,1838.7774337312294
2013-12-20 19:40:00,1658.5394,1682.2748,2244.438,1627.1746049654566,1801.6298309373515,1701.2678848913806
2013-12-20 19:50:00,1627.1317,1658.5394,2188.0862,1557.9925968145903,1706.913788175872,1641.8936767444075
2013-12-20 20:00:00,1571.7871,1627.1317,2114.7998,1502.8507386414406,1625.5877435698796,1572.5328246377737
2013-12-20 20:10:00,1417.9408,1571.7871,1742.1189,1459.812681930983,1552.9393202496249,1505.1724402517232
2013-12-20 20:20:00,1296.3013,1417.9408,1801.3875,1361.988566961973,1473.574239374071,1376.8229317707828
2013-12-20 20:30:00,1142.2091,1296.3013,1483.8125,1257.5244080912944,1388.758112343586,1282.8607822928032
2013-12-20 20:40:00,1166.7402,1142.2091,1590.0328,1120.9534786839247,1294.034901066591,1159.2663447669966
2013-12-20 20:50:00,1058.7,1166.7402,1298.7938,1076.749250637928,1215.7770105922343,1140.226574160816
2013-12-20 21:00:00,881.5584,1058.7,1373.5688,990.6035517727706,1138.4837112623438,1061.4257983143189
2013-12-20 21:10:00,897.3151,881.5584,1172.5625,885.6267186740034,1049.6946351041645,940.3130619558507
2013-12-20 21:20:00,777.0237,897.3151,1073.6271,838.4406237708016,976.5863531828589,939.6789189964645
2013-12-20 21:30:00,764.11475,777.0237,931.9487,740.9281561026825,901.6805518145242,874.456762257112
2013-12-20 21:40:00,716.72864,764.11475,917.6876,716.3342664266917,838.6606163079025,858.9428297407919
2013-12-20 21:50:00,641.44116,716.72864,922.94495,663.0571811494394,782.6233619967323,820.7072087055811
2013-12-20 22:00:00,796.38336,641.44116,964.3769,614.0016987745865,727.7833387583959,761.2950909834897
2013-12-20 22:10:00,612.7666,796.38336,1052.208,661.3776726296576,702.834375010723,839.4560132721504
2013-12-20 22:20:00,640.7963,612.7666,920.13776,582.7419293651138,665.585020538402,703.1578142279883
2013-12-20 22:30:00,594.87897,640.7963,617.1153,600.4274036119122,636.6811217552743,712.7388983891107
2013-12-20 22:40:00,603.3621,594.87897,664.4315,542.2178071668033,607.3870402729341,666.5986464630178
2013-12-20 22:50:00,514.1577,603.3621,520.13605,544.7511309361844,583.6453724708311,648.1468430763898
2013-12-20 23:00:00,460.33047,514.1577,524.8612,491.89275690724014,552.689234123517,574.1666310856607
2013-12-20 23:10:00,372.44223,460.33047,471.0637,451.25739608801524,517.3146635947176,516.010776908104
2013-12-20 23:20:00,336.6107,372.44223,458.5327,378.0354282601702,472.790780122294,438.5639306500452
2013-12-20 23:30:00,280.37225,336.6107,475.2248,333.64417966193906,428.20761646036044,397.4850740597501
2013-12-20 23:40:00,322.41583,280.37225,440.8353,280.5263774657388,382.19895677024385,337.3469680702267
2013-12-20 23:50:00,283.0952,322.41583,438.21674,283.7390720891544,351.56394338920825,343.9475430018161
2013-12-21 00:00:00,408.79404,283.0952,469.77362,299.12570555494875,324.57491098447156,305.2612136344287
2013-12-21 00:10:00,251.38527,408.79404,463.02982,341.7180610362179,335.904869432172,437.59830004128816
2013-12-21 00:20:00,240.89424,251.38527,417.47665,267.2482590953697,317.017560368004,326.2710431408582
2013-12-21 00:30:00,218.96947,240.89424,359.4334,252.85848692780522,287.9552847634545,257.1705125769655
2013-12-21 00:40:00,215.77422,218.96947,294.45676,209.47284689985545,255.74073755275612,207.253913039417
2013-12-21 00:50:00,185.72182,215.77422,273.7512,202.22342520372072,228.3775548640331,225.3224364891524
2013-12-21 01:00:00,219.38432,185.72182,258.82526,182.09888023997934,203.70858857552693,191.1232469356089
2013-12-21 01:10:00,211.29134,219.38432,248.11182,192.98976486682977,190.3397847484487,198.60947367896816
2013-12-21 01:20:00,178.29422,211.29134,248.47328,188.47630850171265,182.52384374490006,187.4109246346222
2013-12-21 01:30:00,155.89795,178.29422,239.37024,179.65331098334846,174.84896203448076,177.4144951595166
2013-12-21 01:40:00,151.62741,155.89795,223.14027,160.86081776960648,166.3483409926816,154.89793279755298
2013-12-21 01:50:00,149.15114,151.62741,242.65773,148.0707909669988,158.96366772437526,159.25797756831247
2013-12-21 02:00:00,150.27457,149.15114,253.78804,141.42029231212757,153.0931488456394,152.2981748680348
2013-12-21 02:10:00,152.6425,150.27457,227.30003,141.1343921140936,149.16531115940953,150.30269246209545
2013-12-21 02:20:00,146.2899,152.6425,238.5205,142.57634908351596,147.15688729040488,149.50240294633824
2013-12-21 02:30:00,124.0086,146.2899,238.1412,140.8109470257945,145.4949356569543,150.72284259923626
2013-12-21 02:40:00,140.75584,124.0086,218.9627,129.11787096788007,140.9833734215931,137.82948396136183
2013-12-21 02:50:00,125.731995,140.75584,231.41113,132.7320057878122,138.9740932772061,155.14753761234684
2013-12-21 03:00:00,123.58931,125.731995,249.9198,123.18364261914532,135.6380403104875,145.4634227626689
2013-12-21 03:10:00,146.92789,123.58931,234.6626,124.12819699400995,132.2375904941144,143.90864510822524
2013-12-21 03:20:00,124.38357,146.92789,303.93985,132.0873294316098,132.68151014847567,154.37466728782695
2013-12-21 03:30:00,133.63643,124.38357,211.41296,125.14370121280628,131.12862094948548,142.83974836343978
2013-12-21 03:40:00,151.0685,133.63643,209.56808,132.39394654544134,130.837177850898,149.8105624887183
2013-12-21 03:50:00,124.377426,151.0685,229.40648,137.55794074664973,133.35963894190428,154.00693649623247
2013-12-21 04:00:00,127.7924,124.377426,213.69743,130.21814733664988,132.7558088549305,143.09193402607545
2013-12-21 04:10:00,139.45918,127.7924,207.87544,131.96242851565987,131.91353098928596,133.03152234971512
2013-12-21 04:20:00,113.931465,139.45918,224.07925,132.36590094889448,132.64483022468826,144.02307549270125
2013-12-21 04:30:00,122.52346,113.931465,218.72543,122.4269849860592,129.83336344772306,128.89810139857295
2013-12-21 04:40:00,140.0016,122.52346,193.48674,125.70093800475479,127.81983434316497,133.39051158442075
2013-12-21 04:50:00,114.01266,140.0016,203.56996,130.1142609203659,128.79393649611654,143.25747331135543
2013-12-21 05:00:00,134.51648,114.01266,195.64775,122.78630833986381,126.90718874393924,131.49377062635654
2013-12-21 05:10:00,143.63506,134.51648,206.10976,134.03840400703268,127.84141547201152,143.0603269800379
2013-12-21 05:20:00,108.21252,143.63506,216.92221,136.29846944787303,130.95872850011384,147.98824489491153
2013-12-21 05:30:00,125.43553,108.21252,208.68942,124.97939167897746,129.26526260163578,134.47544054627392
2013-12-21 05:40:00,124.96249,125.43553,195.5362,130.77264782235542,129.3549664790816,136.33371531301378
2013-12-21 05:50:00,126.73487,124.96249,221.3447,125.18048302590157,129.87225984559944,140.9969530682663
2013-12-21 06:00:00,122.21121,126.73487,199.60873,131.98295390591747,131.10204579487203,142.17914486911937
2013-12-21 06:10:00,121.18922,122.21121,210.74669,130.5508829455371,132.04347629953205,132.21217842536822
2013-12-21 06:20:00,108.15403,121.18922,226.14592,130.43078242026982,132.95082031670557,138.06763163237326
2013-12-21 06:30:00,142.08627,108.15403,216.16435,122.29202193688955,131.74791248046964,126.34163609428153
2013-12-21 06:40:00,152.99304,142.08627,217.61943,138.8590390032159,135.79412319189152,145.5839772760864
2013-12-21 06:50:00,118.656975,152.99304,227.46523,148.94608360789735,143.23360153107723,148.64307657196662
2013-12-21 07:00:00,147.33125,118.656975,220.13812,143.42600426960757,146.35851811256867,136.91194699762076
2013-12-21 07:10:00,190.5125,147.33125,205.23605,157.30184975065637,153.0386728901769,153.74852906992376
2013-12-21 07:20:00,157.04753,190.5125,292.15186,177.04308844722854,166.82165682822782,177.837425006136
2013-12-21 07:30:00,164.99596,157.04753,264.3942,179.82585163935244,177.83651234006405,169.92458679271297
2013-12-21 07:40:00,186.3249,164.99596,288.72623,192.04075415474864,188.85094548217177,179.4993406007888
2013-12-21 07:50:00,186.6872,186.3249,295.54504,197.8311139454468,202.43395830106735,198.3159011856615
2013-12-21 08:00:00,205.55937,186.6872,355.2448,207.18494296000088,216.0059564990005,213.53117723911686
2013-12-21 08:10:00,196.1886,205.55937,284.71747,227.05683455727046,232.00906888967666,228.49570865174488
2013-12-21 08:20:00,191.43242,196.1886,296.65512,227.46225856904877,245.9949941323653,232.040266199562
2013-12-21 08:30:00,309.6655,191.43242,353.6026,229.78723011104975,257.2102127036431,253.76981776758774
2013-12-21 08:40:00,279.31415,309.6655,318.8532,292.83456974192217,286.3365092681576,337.7315903079225
2013-12-21 08:50:00,268.88684,279.31415,431.90756,304.4202659198921,316.2836538238374,337.7031246918973
2013-12-21 09:00:00,373.0303,268.88684,396.97684,334.3375690877812,343.81780188327826,370.10687620309676
2013-12-21 09:10:00,390.93958,373.0303,556.0502,384.84265505400543,386.4177527815936,443.8577994814837
2013-12-21 09:20:00,502.5741,390.93958,566.3763,417.4734481105979,434.92942632313003,496.90743394362744
2013-12-21 09:30:00,582.16016,502.5741,647.7458,526.4432228506256,501.565506361231,588.3047650691873
2013-12-21 09:40:00,601.16113,582.16016,691.9777,605.7023171390653,584.2433369875976,680.4450291311904
2013-12-21 09:50:00,754.68195,601.16113,858.07056,678.2900875154435,671.8625945066366,730.1647267713944
2013-12-21 10:00:00,991.05835,754.68195,1071.5851,799.5621375997237,779.6691968903258,872.8378006737252
2013-12-21 10:10:00,1191.5289,991.05835,1279.6774,971.577877213727,921.9925389943058,1050.2287477513726
2013-12-21 10:20:00,1183.1974,1191.5289,1478.1903,1197.5150006031242,1097.4788863965334,1217.6316337099715
2013-12-21 10:30:00,1464.5922,1183.1974,1766.5225,1325.8052985417107,1272.1563262614288,1275.5008563311187
2013-12-21 10:40:00,1627.2997,1464.5922,1882.1127,1549.2082099737527,1472.3773302047807,1522.9373993415666
2013-12-21 10:50:00,1823.7963,1627.2997,2168.7866,1694.5025273631272,1682.3998179246448,1790.9634066657763
2013-12-21 11:00:00,1806.946,1823.7963,2617.1465,1933.5145622999403,1900.2835478326201,1984.1341808364418
2013-12-21 11:10:00,2013.107,1806.946,2771.8003,2009.6819659071352,2087.099089327846,2041.8850421370935
2013-12-21 11:20:00,2429.8337,2013.107,2971.8318,2173.1808185173645,2267.031663008897,2227.6406979096128
2013-12-21 11:30:00,2454.531,2429.8337,3282.4175,2426.119400832064,2477.5287792825848,2465.482998279348
2013-12-21 11:40:00,2610.0925,2454.531,3447.4756,2585.003361958919,2668.7572755856536,2579.72839431903
2013-12-21 11:50:00,3039.9407,2610.0925,3810.5212,2791.920472980548,2849.941816650696,2664.8320088573146
2013-12-21 12:00:00,3289.7625,3039.9407,3909.267,3045.9950983265853,3062.3122271619345,2971.539793697421
2013-12-21 12:10:00,3277.991,3289.7625,3590.7568,3300.862051347739,3287.098370583023,3293.850533833987
2013-12-21 12:20:00,3280.9685,3277.991,3674.9485,3460.0230091730728,3481.4152575826474,3354.7900769506628
2013-12-21 12:30:00,3712.048,3280.9685,3723.381,3507.2867745228955,3635.1639136228923,3421.8457388189727
2013-12-21 12:40:00,3323.208,3712.048,3996.8193,3714.2957808246438,3812.5500579103677,3783.362390291399
2013-12-21 12:50:00,3579.2656,3323.208,4184.377,3566.966128434324,3900.5779749685767,3536.949229790267
2013-12-21 13:00:00,3672.2627,3579.2656,3868.3684,3730.2946655486903,3989.0212053422492,3711.304333615894
2013-12-21 13:10:00,3719.9592,3672.2627,3845.8645,3703.6198831292836,4068.4566663538253,3804.10035355845
2013-12-21 13:20:00,3381.267,3719.9592,3849.2195,3805.8896170131598,4137.716761377061,3864.651046205821
2013-12-21 13:30:00,3742.5396,3381.267,3967.2092,3637.9135943344495,4135.361722771216,3610.3857904698707
2013-12-21 13:40:00,3613.5344,3742.5396,4256.5664,3766.6386342053006,4173.185963944332,3827.543340246024
2013-12-21 13:50:00,3626.5447,3613.5344,3903.6147,3665.384519737312,4189.187190214572,3740.0542594068593
2013-12-21 14:00:00,3952.7932,3626.5447,4158.542,3739.9663223875973,4202.321372862731,3844.1681627976454
2013-12-21 14:10:00,4221.104,3952.7932,4237.6914,3872.964895222311,4263.966182360366,4024.9714308892953
2013-12-21 14:20:00,4256.2915,4221.104,4117.884,4077.2773051278523,4369.5178779156495,4182.45194214858
2013-12-21 14:30:00,4343.9814,4256.2915,4251.6855,4242.719421255496,4480.4313533737395,4312.637137113019
2013-12-21 14:40:00,4247.0474,4343.9814,4369.545,4370.0112596462795,4592.433663704991,4361.544296252487
2013-12-21 14:50:00,4482.817,4247.0474,4609.118,4343.3984072034555,4671.400563596625,4356.138472576134
2013-12-21 15:00:00,4332.155,4482.817,4950.865,4472.610799430298,4761.6123234079505,4611.652241759135
2013-12-21 15:10:00,4579.6787,4332.155,5118.015,4411.399785363814,4810.330131483908,4569.073326813466
2013-12-21 15:20:00,4600.0444,4579.6787,5034.9756,4577.511984795619,4873.706380052444,4767.452946206685
2013-12-21 15:30:00,4888.6743,4600.0444,4939.4927,4594.2810325830715,4925.016274652258,4881.421207522023
2013-12-21 15:40:00,4814.1216,4888.6743,5049.121,4817.913976176495,5001.899877000417,5125.2182950129945
2013-12-21 15:50:00,5115.53,4814.1216,4837.507,4838.498855918259,5054.75746729104,5005.508746527314
2013-12-21 16:00:00,4931.132,5115.53,5057.7666,5058.229735525869,5130.500748249013,5175.720072368897
2013-12-21 16:10:00,5197.4214,4931.132,5568.093,4992.457682276192,5163.344921921443,5622.563972620976
2013-12-21 16:20:00,5152.101,5197.4214,5257.155,5170.816377561604,5210.168718980301,5721.237667183158
2013-12-21 16:30:00,5161.938,5152.101,5529.1626,5137.29793724226,5233.048513868903,5660.2953243885395
2013-12-21 16:40:00,5238.3193,5161.938,5555.031,5192.991889862999,5237.407365022803,5515.899566554138
2013-12-21 16:50:00,5195.2695,5238.3193,5631.8096,5206.475361386012,5234.130947113658,5573.812357140643
2013-12-21 17:00:00,5096.8105,5195.2695,5643.9414,5182.937112882311,5210.1507591755635,5569.529481503237
2013-12-21 17:10:00,4723.406,5096.8105,5752.094,5122.364161556561,5158.864392583477,5388.635305801121
2013-12-21 17:20:00,4707.66,4723.406,5626.722,4869.5269750650805,5043.154206379191,5082.570375198048
2013-12-21 17:30:00,4619.0444,4707.66,5712.6123,4741.283548058048,4917.4998613781645,4907.726147432115
2013-12-21 17:40:00,4474.987,4619.0444,5665.3105,4572.324621415752,4783.451095988837,4750.2057006180175
2013-12-21 17:50:00,4293.826,4474.987,5206.185,4452.347742174126,4639.304037077639,4557.440163606375
2013-12-21 18:00:00,4229.715,4293.826,5011.924,4283.686554139884,4482.66666308715,4408.013807923068
2013-12-21 18:10:00,3847.8635,4229.715,5022.722,4156.361935298442,4332.533184543011,4303.936399817628
2013-12-21 18:20:00,3759.3162,3847.8635,4812.7456,3876.414000633813,4146.347620889226,4031.4221374694166
2013-12-21 18:30:00,3328.4038,3759.3162,4872.2754,3722.0972293113837,3965.981636687709,3973.519878124276
2013-12-21 18:40:00,3298.8413,3328.4038,4650.728,3367.539678425125,3746.1805719974427,3686.3348251711923
2013-12-21 18:50:00,3376.934,3298.8413,4396.776,3233.9729951787135,3548.504732777484,3571.603118100971
2013-12-21 19:00:00,3115.285,3376.934,3943.481,3145.9964169579075,3394.2871404035213,3557.242343956788
2013-12-21 19:10:00,2839.4739,3115.285,3720.5264,3006.272245148961,3235.6758494506007,3371.18530349208
2013-12-21 19:20:00,2628.2603,2839.4739,3775.0942,2821.5153382855246,3062.602976525481,3115.392436103058
2013-12-21 19:30:00,2649.7197,2628.2603,3760.4014,2589.94815344065,2882.0894257306495,2944.8205462306355
2013-12-21 19:40:00,2409.6824,2649.7197,3713.3352,2487.408375829255,2730.7473547570276,2895.7335964379504
2013-12-21 19:50:00,2318.0322,2409.6824,3593.7952,2311.0134837237597,2573.4287014053357,2651.6213417513018
2013-12-21 20:00:00,2096.1626,2318.0322,3191.9548,2218.617387104251,2428.092398705267,2543.9454256729805
2013-12-21 20:10:00,1898.765,2096.1626,2952.3726,2027.5331024465793,2275.5985304745755,2373.0068094644794
2013-12-21 20:20:00,1636.9044,1898.765,2834.2615,1860.6418799746152,2117.6389128445076,2202.4048886832247
2013-12-21 20:30:00,1420.6627,1636.9044,2514.4534,1636.6804630467536,1944.2939986733068,1984.238912565134
2013-12-21 20:40:00,1195.5848,1420.6627,2228.603,1431.7186538915532,1763.710217224675,1783.7465392417682
2013-12-21 20:50:00,1291.7339,1195.5848,2209.0593,1217.6455827194513,1576.9249331199455,1566.011608509515
2013-12-21 21:00:00,1121.3544,1291.7339,2157.262,1177.1046403571013,1441.8147955238198,1570.9084194666132
2013-12-21 21:10:00,1123.2999,1121.3544,1667.415,1056.3015898997471,1315.8913924573053,1381.4480903501708
2013-12-21 21:20:00,1009.4167,1123.2999,1718.8185,1047.950143456296,1219.2208800763904,1334.0647663255609
2013-12-21 21:30:00,1009.5737,1009.4167,1810.925,951.8005003686957,1130.2994991181083,1214.5969473764735
2013-12-21 21:40:00,845.9599,1009.5737,1654.6707,930.9603026859686,1061.0301421608826,1193.2936358711765
2013-12-21 21:50:00,824.4452,845.9599,1567.5033,822.4840422571752,983.8736729042135,1034.7047206015254
2013-12-21 22:00:00,1049.9863,824.4452,1468.9845,782.4733661491841,916.616926836674,985.0493173444693
2013-12-21 22:10:00,899.4314,1049.9863,1233.625,842.3596991338948,892.9163473996398,1057.395328433552
2013-12-21 22:20:00,778.83716,899.4314,1192.0741,807.7315376088324,864.4052524533657,939.1070103745276
2013-12-21 22:30:00,784.3658,778.83716,1267.8162,774.4317473203357,824.2651641477337,835.9389502854056
2013-12-21 22:40:00,847.2652,784.3658,997.83997,723.8868141525447,787.823996880554,821.8769789825407
2013-12-21 22:50:00,807.616,847.2652,1207.6161,725.7634651475387,764.72184691092,830.7092333186936
2013-12-21 23:00:00,717.5035,807.616,1152.7897,719.5797181389403,742.4982936182392,775.705928613389
2013-12-21 23:10:00,554.8814,717.5035,946.74756,683.5509995051538,711.6647580486324,717.2225437466298
2013-12-21 23:20:00,431.04718,554.8814,757.1642,575.3079266816146,658.330944506102,614.1853994509696
2013-12-21 23:30:00,450.61215,431.04718,693.1622,463.3801235197705,586.8586827331561,521.2683090524184
2013-12-21 23:40:00,378.2581,450.61215,596.34155,421.05203498059007,527.777355815843,514.9300616847854
2013-12-21 23:50:00,413.0446,378.2581,647.8713,361.84433796532994,469.90001979452086,454.285899269645
2013-12-22 00:00:00,416.8296,413.0446,617.85486,371.00612664337314,430.12018089455586,459.9947883833407
2013-12-22 00:10:00,471.00955,416.8296,518.4886,362.2709514958343,409.34650077295635,524.5946453441504
2013-12-22 00:20:00,364.3126,471.00955,502.69763,397.2058796961846,395.5136195398499,533.6219158093267
2013-12-22 00:30:00,317.07718,364.3126,423.2686,356.8381917344006,370.57119285422993,379.6482953640975
2013-12-22 00:40:00,296.8996,317.07718,399.16727,326.51198983940606,339.6564381723254,343.2520014771265
2013-12-22 00:50:00,202.74721,296.8996,370.3971,286.9058532791008,309.2674904111015,304.9468353859052
2013-12-22 01:00:00,218.88101,202.74721,333.70285,223.5634561452881,269.1335494266364,242.43324757799772
2013-12-22 01:10:00,220.17166,218.88101,319.21246,212.74008753427802,238.6359502568954,233.48308378019337
2013-12-22 01:20:00,203.0266,220.17166,328.19092,196.0591906339868,216.838731602482,219.43501379557617
2013-12-22 01:30:00,209.5705,203.0266,307.71667,192.7313419278685,199.9874619358092,191.17130873326752
2013-12-22 01:40:00,187.73396,209.5705,280.96838,193.96492081073603,189.57482531691218,184.43088848271464
2013-12-22 01:50:00,179.95673,187.73396,297.24448,180.9073132681893,180.69807064004942,174.69671179866924
2013-12-22 02:00:00,176.40178,179.95673,296.8092,175.35224913088163,173.56193856722408,166.7395465908029
2013-12-22 02:10:00,158.61143,176.40178,275.20438,167.75338167661957,168.1299708163498,160.717598006328
2013-12-22 02:20:00,179.7534,158.61143,295.96558,156.8654934749361,161.90281734064746,149.13806360423357
2013-12-22 02:30:00,155.42877,179.7534,288.8058,163.97895489668934,159.75315326698896,158.14012139305814
2013-12-22 02:40:00,161.61684,155.42877,261.18066,151.92141394505242,155.94756161360397,144.46962994421264
2013-12-22 02:50:00,163.42894,161.61684,364.07413,156.60824188617957,153.50801124053018,154.37575885755598
2013-12-22 03:00:00,154.28816,163.42894,311.54984,153.3100733270281,152.17362120143477,147.56869575710166
2013-12-22 03:10:00,142.01357,154.28816,293.97247,151.30040151179966,150.26335807500553,147.61500220723119
2013-12-22 03:20:00,155.68127,142.01357,271.56915,144.2298326907269,146.7622509908418,140.5803125605161
2013-12-22 03:30:00,147.15718,155.68127,252.22163,147.26973327917003,145.32794411294665,150.2725114559252
2013-12-22 03:40:00,156.03911,147.15718,242.80673,142.93348624476943,143.5315692768988,144.3452716175759
2013-12-22 03:50:00,151.39172,156.03911,245.76865,150.0947765643716,143.3612950418605,155.56503588150804
2013-12-22 04:00:00,144.24457,151.39172,236.2476,147.7691035911993,143.2102593816945,151.26218428588774
2013-12-22 04:10:00,145.34608,144.24457,220.81198,146.0545467314589,142.24789861452862,161.05084765764306
2013-12-22 04:20:00,149.29715,145.34608,274.60773,144.63551689084673,141.4227296353205,159.8382980360491
2013-12-22 04:30:00,156.20476,149.29715,239.82628,145.59322618863558,141.39285715038054,161.1853931385696
2013-12-22 04:40:00,148.22444,156.20476,224.3993,150.838134115356,142.75882397229003,162.01772432039294
2013-12-22 04:50:00,137.28139,148.22444,242.9636,149.73831704844912,143.4965904846675,159.81915398540292
2013-12-22 05:00:00,175.68718,137.28139,221.0352,144.6840152556525,142.4919090126185,156.09647498200596
2013-12-22 05:10:00,188.8816,175.68718,230.16908,160.80432069460352,146.58197406162415,173.35547631621415
2013-12-22 05:20:00,153.52303,188.8816,224.53165,172.66394194861402,153.84436276295727,177.83396401140558
2013-12-22 05:30:00,166.23944,153.52303,222.76653,168.67343992128156,157.03158136660642,167.7659102343149
2013-12-22 05:40:00,139.73802,166.23944,230.71017,173.12261607049578,160.64785375671954,179.61211497203993
2013-12-22 05:50:00,167.06377,139.73802,264.28104,152.53653354311456,159.53592126417266,164.95087265987524
2013-12-22 06:00:00,157.21971,167.06377,232.15659,166.519285545545,161.45552994565944,188.46718156455614
2013-12-22 06:10:00,191.82172,157.21971,233.92331,160.40266012225752,162.64369009543378,170.8368186106669
2013-12-22 06:20:00,174.44112,191.82172,241.91745,186.06059332184515,168.99897795395677,197.83343264778975
2013-12-22 06:30:00,181.1199,174.44112,253.5995,182.34094395379992,174.41461327186315,184.1567576738251
2013-12-22 06:40:00,198.58919,181.1199,242.08347,194.0861054788139,180.60005964636608,202.55582740120752
2013-12-22 06:50:00,175.94362,198.58919,270.68292,201.62494697438635,189.3324185407028,203.6921454216162
2013-12-22 07:00:00,185.95343,175.94362,246.90765,196.12467507595855,194.82826732401247,205.87146957374742
2013-12-22 07:10:00,169.4521,185.95343,261.5445,203.79627863971905,200.64963888347825,211.25682498821837
2013-12-22 07:20:00,143.36398,169.4521,279.17377,191.3950560699144,203.1340663068004,205.42261144132837
2013-12-22 07:30:00,193.89926,143.36398,267.33154,176.06076558364538,199.34012623139049,192.21496485247891
2013-12-22 07:40:00,184.47607,193.89926,276.85342,196.43853100326965,203.46992617716697,219.60749156223804
2013-12-22 07:50:00,240.31914,184.47607,280.81973,195.67687528709754,208.61161113318477,212.11740278070846
2013-12-22 08:00:00,326.52258,240.31914,268.59183,243.70675476313147,223.6988522285006,254.07522151667533
2013-12-22 08:10:00,215.69339,326.52258,298.42535,300.1588640509788,254.0763880099446,277.1768965229568
2013-12-22 08:20:00,260.6025,215.69339,330.80316,277.060904097227,272.99290952351964,251.77158926085198
2013-12-22 08:30:00,264.7893,260.6025,353.7739,308.43818775108144,295.0457929953244,293.5250762711424
2013-12-22 08:40:00,250.56296,264.7893,453.24982,290.20607991695204,316.1414478519104,295.45816172300005
2013-12-22 08:50:00,314.787,250.56296,440.54807,299.0642457789946,332.01322971202035,314.71154766559505
2013-12-22 09:00:00,313.99713,314.787,478.73105,336.54310363191456,356.38581295627984,350.38718985795657
2013-12-22 09:10:00,307.73666,313.99713,506.27515,347.48269163910595,381.44549912880626,369.2668450503945
2013-12-22 09:20:00,368.32416,307.73666,694.0865,366.3392660216747,403.9209579604235,386.3718964668566
2013-12-22 09:30:00,479.69916,368.32416,641.4095,401.44966170738843,435.1349558271226,438.7770614190195
2013-12-22 09:40:00,485.31552,479.69916,721.6056,475.8360882676116,485.97590714388474,532.0955098219563
2013-12-22 09:50:00,637.48254,485.31552,907.7252,529.1823231716829,542.8536122849729,569.8106462102277
2013-12-22 10:00:00,769.5696,637.48254,1114.5947,656.9305461249091,624.1380052318458,709.3092567963109
2013-12-22 10:10:00,1042.9388,769.5696,1228.5956,766.1895682403074,730.4213164854004,829.7451343492794
2013-12-22 10:20:00,1120.0114,1042.9388,1423.1975,1001.8202430108698,880.3371892557554,1107.9643482215108
2013-12-22 10:30:00,1506.158,1120.0114,1654.0883,1157.2234686014388,1051.9965685971838,1196.5065521654858
2013-12-22 10:40:00,1612.749,1506.158,1956.6677,1482.4362660566658,1274.9466587985005,1534.2376074437138
2013-12-22 10:50:00,1948.4683,1612.749,2178.8235,1651.2981161803111,1515.5032420682546,1788.5327240369847
2013-12-22 11:00:00,1964.9064,1948.4683,2410.5361,1990.8005120911623,1786.9986314057196,2073.759802903854
2013-12-22 11:10:00,2264.9587,1964.9064,2694.7563,2099.151593689634,2038.476976527981,2137.168882373963
2013-12-22 11:20:00,2556.0425,2264.9587,2692.7952,2367.427998966758,2290.8047310157967,2384.7831069875633
2013-12-22 11:30:00,2781.1304,2556.0425,3070.3906,2580.674563705027,2543.198656741857,2528.609629711349
2013-12-22 11:40:00,2721.0408,2781.1304,3627.3853,2848.752757946506,2785.6968005230856,2824.646660334299
2013-12-22 11:50:00,2945.836,2721.0408,4001.8557,2934.3551316517733,2971.6918904596932,2837.2446145278273
2013-12-22 12:00:00,3088.5342,2945.836,3704.9597,3091.8542152671175,3137.0222557192415,3004.361323467786
2013-12-22 12:10:00,3307.9294,3088.5342,3940.879,3175.64192120718,3279.718978482613,3183.6447359599924
2013-12-22 12:20:00,3401.1375,3307.9294,4146.1523,3370.0099427609234,3418.0230745851763,3320.497053593699
2013-12-22 12:30:00,3480.9958,3401.1375,4702.429,3485.553700228782,3540.2926920136447,3426.154184309969
2013-12-22 12:40:00,3382.0598,3480.9958,4197.484,3589.7227069028577,3646.072235695311,3565.317829722383
2013-12-22 12:50:00,3540.3796,3382.0598,4313.2974,3555.672400674804,3710.0881062704416,3543.0247939034266
2013-12-22 13:00:00,3520.159,3540.3796,4521.2183,3623.728005544983,3772.692664777318,3722.4440347457853
2013-12-22 13:10:00,3635.4124,3520.159,4276.9795,3598.486968984207,3816.3270198856267,3676.848251454564
2013-12-22 13:20:00,3604.9355,3635.4124,4215.811,3685.0046458112724,3864.114079149725,3876.0535522706073
2013-12-22 13:30:00,3322.62,3604.9355,4585.126,3672.0098106581186,3898.9027006860465,3860.311332370037
2013-12-22 13:40:00,3709.6123,3322.62,4331.676,3530.36825664689,3879.267913007483,3769.607573737668
2013-12-22 13:50:00,3698.953,3709.6123,4647.4727,3664.140060008228,3910.073392807441,4032.014423541624
2013-12-22 14:00:00,3807.0195,3698.953,4314.495,3649.8871561991573,3944.2557738783116,4054.275162454951
2013-12-22 14:10:00,3881.282,3807.0195,4461.578,3810.195582800052,3994.8189242161125,4138.152376491054
2013-12-22 14:20:00,4090.7812,3881.282,4641.836,3864.079148082396,4054.7525298255305,4199.939595871367
2013-12-22 14:30:00,4110.3506,4090.7812,4657.4263,4016.679838569423,4140.447519224157,4324.705058286086
2013-12-22 14:40:00,4074.694,4110.3506,4848.6987,4088.6956703635087,4223.0073967216795,4366.333876372808
2013-12-22 14:50:00,3939.6633,4074.694,4774.5503,4131.488027960639,4287.020634393774,4357.67620196578
2013-12-22 15:00:00,4441.4775,3939.6633,5094.7026,4056.558952163182,4312.637137113019,4336.55720027045
2013-12-22 15:10:00,4475.815,4441.4775,4900.986,4283.316782685648,4393.646170542512,4629.400562063812
2013-12-22 15:20:00,4638.5596,4475.815,4870.213,4363.981630680492,4474.047672724508,4651.735683595304
2013-12-22 15:30:00,4911.654,4638.5596,4977.639,4600.584181671986,4563.86051086304,4769.264828835218
2013-12-22 15:40:00,4693.6177,4911.654,5138.2964,4784.051333829247,4674.593767994161,4906.584999930352
2013-12-22 15:50:00,4772.3213,4693.6177,5059.0967,4766.980161969983,4736.679407239236,4784.387266246878
2013-12-22 16:00:00,4917.9443,4772.3213,5037.606,4836.308204831495,4780.935253480324,4818.81218852369
2013-12-22 16:10:00,5202.0366,4917.9443,5495.663,4863.6916680837885,4821.163865891731,5021.854139664133
2013-12-22 16:20:00,5496.4404,5202.0366,5228.214,5054.843172866529,4880.563114288558,5229.009406846533
2013-12-22 16:30:00,5148.8115,5496.4404,5216.3535,5294.710594086785,4962.561760543888,5419.15278984143
2013-12-22 16:40:00,5170.4727,5148.8115,4891.5386,5237.379771202487,4981.426490005963,5225.991822260205
2013-12-22 16:50:00,5197.569,5170.4727,4855.8286,5244.330126294689,4974.702446783299,5271.917026125123
2013-12-22 17:00:00,5111.8765,5197.569,5024.623,5153.764835908113,4949.69990586473,5201.415822850753
2013-12-22 17:10:00,5203.0317,5111.8765,5049.5977,5100.906019232604,4897.973153916602,5140.813445256858
2013-12-22 17:20:00,4704.4346,5203.0317,4870.101,5118.407837518328,4846.975788924789,5062.757488116427
2013-12-22 17:30:00,4574.6064,4704.4346,5109.132,4826.762058147591,4723.5185160799065,4732.250311834256
2013-12-22 17:40:00,4689.867,4574.6064,4830.622,4662.56884136964,4576.438306288218,4563.706820090556
2013-12-22 17:50:00,4508.6577,4689.867,4632.5674,4549.401000661723,4450.7570971919,4611.2927367124175
2013-12-22 18:00:00,4076.4365,4508.6577,4651.008,4421.368677963828,4315.842645571235,4519.269042971532
2013-12-22 18:10:00,3945.8662,4076.4365,4238.47,4165.890941989627,4136.019726226708,4254.340281236441
2013-12-22 18:20:00,3792.1099,3945.8662,4344.749,3950.5420445066557,3952.78295948933,4139.463887641443
2013-12-22 18:30:00,3426.2136,3792.1099,4521.734,3720.4311895410738,3770.6843188596436,3991.351136884278
2013-12-22 18:40:00,3258.95,3426.2136,4171.7363,3449.7726108667534,3563.4198479600354,3701.694622263955
2013-12-22 18:50:00,3132.6306,3258.95,3998.0579,3241.070636339395,3360.076972524946,3486.5003604777557
2013-12-22 19:00:00,2755.7332,3132.6306,3769.2002,3042.426660825656,3171.1394407593484,3236.783808333722
2013-12-22 19:10:00,2439.4658,2755.7332,3586.2947,2769.6533297538,2961.6819597539925,2890.201971867327
2013-12-22 19:20:00,2133.372,2439.4658,3689.5105,2493.3428217170854,2737.5924571569335,2586.302080197927
2013-12-22 19:30:00,1886.3403,2133.372,3227.6375,2180.446983858629,2502.4348330786597,2265.4069994651695
2013-12-22 19:40:00,1736.2622,1886.3403,3015.9348,1917.1014846279893,2269.179230070159,2015.7135309129887
2013-12-22 19:50:00,1414.5424,1736.2622,2572.9102,1720.2943027557258,2057.281037698524,1849.8825333095456
2013-12-22 20:00:00,1426.4116,1414.5424,2516.9482,1463.519190669304,1837.433710806703,1580.1191183341743
2013-12-22 20:10:00,1313.5432,1426.4116,2467.7761,1375.773033737123,1665.1550893914718,1535.3902703733156
2013-12-22 20:20:00,1210.7015,1313.5432,2052.0833,1244.3049551288316,1518.5553662912782,1402.393360596875
2013-12-22 20:30:00,1004.9643,1210.7015,1838.932,1172.0345198117006,1392.35797365745,1307.5464140626075
2013-12-22 20:40:00,878.2758,1004.9643,1492.3569,1019.4903458025483,1262.7339229462502,1150.1760572008457
2013-12-22 20:50:00,916.84094,878.2758,1468.819,893.001719828425,1137.6131272662983,1043.2277873786627
2013-12-22 21:00:00,756.3445,916.84094,1252.7516,843.9831339345878,1045.173802213184,1036.0719037212555
2013-12-22 21:10:00,573.80096,756.3445,1153.8198,739.8890250952742,950.970844161365,913.7780090554759
2013-12-22 21:20:00,561.53125,573.80096,1117.1544,621.6030224711229,842.7812495718266,771.2447458403084
2013-12-22 21:30:00,604.3314,561.53125,1081.6537,551.3997633362693,752.5653153720781,721.5916247450567
2013-12-22 21:40:00,415.2736,604.3314,1042.948,528.8842583832297,691.2216261673836,711.436468388512
2013-12-22 21:50:00,512.7652,415.2736,972.1849,436.9259054084801,614.80325343442,561.683711080828
2013-12-22 22:00:00,696.9035,512.7652,988.6887,462.12561196187914,570.0660673669479,606.0750028883909
2013-12-22 22:10:00,547.44727,696.9035,962.3028,511.44529643789775,564.9023237887315,694.7965933504858
2013-12-22 22:20:00,431.02182,547.44727,698.766,506.0433822104284,553.547579849167,601.4904594985832
2013-12-22 22:30:00,381.10562,431.02182,682.76245,461.6556773368843,526.3259295254987,518.3331817825264
2013-12-22 22:40:00,402.65027,381.10562,580.84076,386.15273200617844,490.32072125505795,463.7936637988483
2013-12-22 22:50:00,363.70206,402.65027,517.4076,363.4385766896997,460.7929228885532,458.32623744949257
2013-12-22 23:00:00,364.70596,363.70206,528.26385,336.6363339948722,430.482758542067,415.12259314694444
2013-12-22 23:10:00,293.6267,364.70596,532.66895,335.33585266873104,405.5327678325038,394.8721236023548
2013-12-22 23:20:00,271.79803,293.6267,452.69098,291.0499549713289,374.07285631294474,337.9381499016666
2013-12-22 23:30:00,254.00237,271.79803,438.23145,267.94004567098835,343.15915269952643,304.7079405998862
2013-12-22 23:40:00,280.6933,254.00237,394.44736,240.17894675922935,314.6627137430936,285.0535794135855
2013-12-22 23:50:00,230.58522,280.6933,346.18085,244.87603923111047,296.35611490328216,286.29385421640046
