time,sq_5161,sq_5059,sq_5259,sq_4159,sq_4556,city_total,rows_in_interval
2013-11-01 00:00:00+01:00,379.97293,537.57056,827.3597,224.80853,1134.6389,642388.94,29098
2013-11-01 00:10:00+01:00,371.1227,646.56903,910.69366,183.50499,983.85626,630005.94,27619
2013-11-01 00:20:00+01:00,429.2979,569.7824,956.42175,204.4313,998.1107,619933.44,26114
2013-11-01 00:30:00+01:00,350.18423,800.5996,963.74457,212.37405,962.9543,590964.1,24602
2013-11-01 00:40:00+01:00,268.58682,517.0684,1111.377,195.768,935.78217,577130.56,24372
2013-11-01 00:50:00+01:00,326.72632,477.76135,1012.7862,211.8606,982.6596,563294.0,24596
2013-11-01 01:00:00+01:00,212.33276,379.63205,1245.492,218.11395,1101.1825,543777.9,24970
2013-11-01 01:10:00+01:00,231.64253,397.06033,1413.1166,261.68927,833.3837,532705.56,23447
2013-11-01 01:20:00+01:00,187.80208,476.52264,1266.9305,175.93375,886.5671,514801.47,21486
2013-11-01 01:30:00+01:00,234.2374,374.66138,1525.6466,204.93506,871.99164,511871.2,22658
2013-11-01 01:40:00+01:00,174.65265,434.91296,1521.975,175.95897,823.7918,504165.25,22044
2013-11-01 01:50:00+01:00,163.1665,448.42148,1688.742,188.50415,678.20026,480130.4,20682
2013-11-01 02:00:00+01:00,146.731,484.00494,1575.958,185.85257,656.96497,470034.22,20128
2013-11-01 02:10:00+01:00,160.21448,422.2342,1762.9115,210.17012,611.19904,463201.44,20553
2013-11-01 02:20:00+01:00,131.28262,288.67117,1648.0032,193.34804,559.6664,448567.53,20216
2013-11-01 02:30:00+01:00,140.67812,348.65747,1608.8467,181.34715,482.23218,439934.6,19158
2013-11-01 02:40:00+01:00,172.02359,323.89923,1589.5709,193.0342,471.77176,429165.5,19715
2013-11-01 02:50:00+01:00,166.28693,313.33118,1569.2546,179.21008,498.20413,417919.75,19251
2013-11-01 03:00:00+01:00,126.676216,332.44366,1389.656,178.50423,431.74332,410022.8,18490
2013-11-01 03:10:00+01:00,137.7911,292.03348,1268.3901,213.55557,385.02478,408882.44,19231
2013-11-01 03:20:00+01:00,160.20485,301.46262,1217.5215,206.8106,366.21338,393671.1,19162
2013-11-01 03:30:00+01:00,128.46297,272.7839,1211.9305,175.17155,366.9895,387084.56,19952
2013-11-01 03:40:00+01:00,125.33731,318.35785,1166.6083,197.03378,335.1529,391486.62,19358
2013-11-01 03:50:00+01:00,135.88809,340.5721,881.8939,168.97226,369.97983,374927.22,19137
2013-11-01 04:00:00+01:00,116.53696,369.6455,1009.5594,164.46248,388.4384,374775.03,19697
2013-11-01 04:10:00+01:00,111.60562,374.79926,844.2331,159.40231,471.39313,370093.8,19127
2013-11-01 04:20:00+01:00,130.75717,319.53137,676.7103,169.21748,528.7848,359436.72,18889
2013-11-01 04:30:00+01:00,104.88003,333.404,604.2097,149.31512,341.87155,354580.28,19075
2013-11-01 04:40:00+01:00,123.733635,423.83398,532.70764,168.92844,313.73407,354222.12,19493
2013-11-01 04:50:00+01:00,133.82503,390.14297,388.7338,155.45425,322.86746,345019.9,18762
2013-11-01 05:00:00+01:00,115.54979,359.74017,377.35846,155.57454,267.07254,340967.3,20597
2013-11-01 05:10:00+01:00,144.48619,537.68176,354.4374,199.38121,289.00076,339947.2,20264
2013-11-01 05:20:00+01:00,169.00014,393.09274,282.06012,148.11186,272.84384,334975.9,19788
2013-11-01 05:30:00+01:00,107.0077,310.2972,329.75964,144.12645,258.1528,338815.94,19229
2013-11-01 05:40:00+01:00,122.135284,359.42148,305.13315,159.8122,268.25168,335044.62,20802
2013-11-01 05:50:00+01:00,134.75923,305.19254,245.49112,138.16702,357.4608,336892.38,19964
2013-11-01 06:00:00+01:00,173.82527,256.59503,303.69202,137.11569,276.96756,338869.25,20550
2013-11-01 06:10:00+01:00,147.94203,309.8612,305.65524,148.21376,313.56088,339728.5,20145
2013-11-01 06:20:00+01:00,169.00839,321.78775,291.6763,141.27867,271.55115,337031.66,21628
2013-11-01 06:30:00+01:00,165.70581,281.58038,340.04355,125.014984,219.02803,345445.03,22443
2013-11-01 06:40:00+01:00,186.68497,404.77637,290.48187,165.19193,231.25917,353408.7,25152
2013-11-01 06:50:00+01:00,201.17188,385.59058,253.12099,122.0555,256.4545,354115.47,24492
2013-11-01 07:00:00+01:00,167.58363,337.18042,311.11923,126.15569,237.12685,366051.62,25289
2013-11-01 07:10:00+01:00,168.1304,423.5797,276.50366,130.9877,257.88776,377276.8,27416
2013-11-01 07:20:00+01:00,200.66805,342.85675,274.33887,127.05454,239.26897,374479.84,26566
2013-11-01 07:30:00+01:00,167.8663,335.73322,344.7642,136.49104,263.23044,397637.7,27767
2013-11-01 07:40:00+01:00,238.34294,381.90167,304.40567,128.79324,256.32898,407662.62,29602
2013-11-01 07:50:00+01:00,249.7513,472.89987,307.05286,122.9359,238.80113,420145.38,30217
2013-11-01 08:00:00+01:00,213.69228,329.74677,367.63687,120.78218,236.35065,435718.62,32962
2013-11-01 08:10:00+01:00,190.54875,586.0889,348.6014,128.98831,254.98524,442431.0,35050
2013-11-01 08:20:00+01:00,187.94547,350.8416,327.25317,147.3943,256.96997,456139.97,34348
2013-11-01 08:30:00+01:00,240.9164,386.42944,395.89734,134.18338,278.4199,478564.25,33828
2013-11-01 08:40:00+01:00,279.9439,476.63654,371.1432,131.78539,311.12326,499985.8,36427
2013-11-01 08:50:00+01:00,240.43263,413.96106,383.71603,134.874,321.21835,509681.28,37869
2013-11-01 09:00:00+01:00,221.80194,442.70578,447.03436,139.11931,309.41812,532125.6,39102
2013-11-01 09:10:00+01:00,345.13077,713.60583,385.34406,131.35843,328.53275,553397.94,40362
2013-11-01 09:20:00+01:00,372.8605,476.8233,393.8728,147.19934,353.39432,567852.7,39338
2013-11-01 09:30:00+01:00,319.3891,441.2244,516.5175,139.27963,312.78586,592409.3,40234
2013-11-01 09:40:00+01:00,392.99838,577.6403,407.807,153.12152,363.09973,600842.1,41974
2013-11-01 09:50:00+01:00,638.40576,690.41925,446.6817,148.70712,410.04504,613642.94,39601
2013-11-01 10:00:00+01:00,548.57074,544.6685,529.48364,175.84048,459.83942,628119.75,43059
2013-11-01 10:10:00+01:00,666.2046,672.8503,469.87894,219.75519,577.66925,647664.2,44499
2013-11-01 10:20:00+01:00,697.6888,780.4723,361.9683,136.86684,536.7073,664256.0,43504
2013-11-01 10:30:00+01:00,1243.9521,971.04755,491.75815,142.26685,510.8029,667573.94,44101
2013-11-01 10:40:00+01:00,1068.301,952.6301,456.56155,142.70291,552.41205,667085.3,42424
2013-11-01 10:50:00+01:00,1035.5774,933.76996,398.72388,127.402176,507.7207,681678.75,43410
2013-11-01 11:00:00+01:00,1538.4138,1161.3164,545.8695,159.0622,460.18582,688703.6,45728
2013-11-01 11:10:00+01:00,1318.7715,1695.2257,451.5184,207.259,478.8744,695861.9,42074
2013-11-01 11:20:00+01:00,1688.3177,1426.2942,683.11847,177.97113,367.32455,685427.8,43791
2013-11-01 11:30:00+01:00,2154.8179,1730.5566,521.7628,180.69073,422.99637,697442.5,43760
2013-11-01 11:40:00+01:00,1835.0947,1492.6036,555.8096,184.70868,421.2009,694653.6,45681
2013-11-01 11:50:00+01:00,2024.5668,1582.8187,482.82455,127.59932,510.44864,689816.06,46211
2013-11-01 12:00:00+01:00,2093.1934,1334.9828,505.30298,142.40486,548.70514,695099.6,43103
2013-11-01 12:10:00+01:00,2302.4646,1543.8358,518.7984,158.01833,535.8504,690084.94,43852
2013-11-01 12:20:00+01:00,2747.3381,1556.7363,423.17883,172.7982,542.4752,685277.44,46579
2013-11-01 12:30:00+01:00,2892.3586,1526.7462,498.8306,194.51517,512.2654,676242.44,43235
2013-11-01 12:40:00+01:00,2671.407,1782.5421,589.4478,175.64897,640.8708,675234.6,42185
2013-11-01 12:50:00+01:00,3363.7952,2221.3025,465.09915,139.47574,586.544,658597.5,42200
2013-11-01 13:00:00+01:00,2833.562,2049.5618,465.2133,181.07513,507.3251,648720.4,40519
2013-11-01 13:10:00+01:00,3148.7488,2391.065,571.7191,165.60515,645.21,646022.0,38532
2013-11-01 13:20:00+01:00,3313.6472,1884.7521,533.75085,158.2177,616.0712,640504.2,39035
2013-11-01 13:30:00+01:00,3291.4316,2091.8079,524.59186,132.5066,557.32086,653233.8,39720
2013-11-01 13:40:00+01:00,3249.712,2086.3394,512.5707,147.85144,573.99255,657398.25,40094
2013-11-01 13:50:00+01:00,3519.0247,2082.7412,631.7961,151.09845,588.02655,658691.6,39644
2013-11-01 14:00:00+01:00,3561.2698,2227.2222,485.6666,148.91452,604.7973,671259.44,40731
2013-11-01 14:10:00+01:00,3521.8184,2343.3618,551.7224,140.86243,623.5381,673980.06,39616
2013-11-01 14:20:00+01:00,3331.0718,2055.5513,483.03073,157.93304,597.8563,664718.0,41471
2013-11-01 14:30:00+01:00,3673.1157,2882.5715,564.7369,203.51265,565.27374,681109.7,42032
2013-11-01 14:40:00+01:00,3526.9604,2055.0952,488.18478,196.21806,614.52545,674307.8,41853
2013-11-01 14:50:00+01:00,3566.7764,2093.0664,439.86652,189.43748,575.0139,670082.56,41769
2013-11-01 15:00:00+01:00,4786.5957,2274.0752,549.26636,151.52654,579.33875,678051.7,40844
2013-11-01 15:10:00+01:00,3852.5596,2086.774,489.82562,204.06906,676.88104,676927.44,40766
2013-11-01 15:20:00+01:00,3553.7415,2022.4912,671.06274,145.47203,561.21124,668316.06,41265
2013-11-01 15:30:00+01:00,3984.8772,2254.5757,585.97394,165.5997,504.32706,676349.1,41802
2013-11-01 15:40:00+01:00,3616.0872,2187.5242,530.9891,184.54575,491.75507,681429.56,39946
2013-11-01 15:50:00+01:00,4438.8696,1951.472,451.00848,184.59526,519.6541,675938.06,42072
2013-11-01 16:00:00+01:00,4385.462,2250.5845,598.17303,196.18489,502.6472,680267.2,40656
2013-11-01 16:10:00+01:00,5012.5845,2307.3281,507.87115,176.23978,579.77545,686973.8,39855
2013-11-01 16:20:00+01:00,4501.18,2307.2817,509.55026,193.04834,575.87744,683575.56,41445
2013-11-01 16:30:00+01:00,4467.244,2265.588,840.85284,168.1584,495.42413,684805.2,40372
2013-11-01 16:40:00+01:00,4636.895,2313.4736,450.59274,187.02719,468.6535,684635.75,42764
2013-11-01 16:50:00+01:00,4601.9375,2445.1948,499.8312,238.50496,636.6037,687197.0,41221
2013-11-01 17:00:00+01:00,4492.3906,2139.7974,487.71396,233.15718,603.21857,692748.9,41783
2013-11-01 17:10:00+01:00,4473.03,2244.0046,503.22812,220.70149,591.6522,696322.56,42494
2013-11-01 17:20:00+01:00,4758.4663,2211.9639,482.5208,166.37546,656.37067,686089.56,43814
2013-11-01 17:30:00+01:00,4535.9814,2141.4966,522.31354,204.85233,541.1216,696229.5,43730
2013-11-01 17:40:00+01:00,5063.9717,1920.5543,533.4063,166.41988,557.9487,705535.2,43188
2013-11-01 17:50:00+01:00,4833.545,1851.7158,462.4472,131.19708,680.03845,697826.9,40511
2013-11-01 18:00:00+01:00,4887.704,2055.7913,441.88724,124.10627,583.4141,705595.6,41786
2013-11-01 18:10:00+01:00,4562.5386,2192.3328,463.6257,134.76952,591.5948,703639.8,44729
2013-11-01 18:20:00+01:00,3912.399,1970.5995,401.10217,124.01504,580.93494,688578.4,45045
2013-11-01 18:30:00+01:00,3911.0718,1863.4342,390.36765,176.11624,597.14703,697832.3,42432
2013-11-01 18:40:00+01:00,4390.847,1895.1996,361.65552,160.50745,632.70306,703582.7,43822
2013-11-01 18:50:00+01:00,3647.7764,1785.8916,324.67993,148.32321,694.5754,699153.9,42909
2013-11-01 19:00:00+01:00,3424.9321,2060.7473,336.56476,135.54861,659.92725,698340.5,40779
2013-11-01 19:10:00+01:00,3459.1235,1708.8987,312.807,140.46239,1040.6173,687595.06,41205
2013-11-01 19:20:00+01:00,3064.5295,1613.626,335.87717,164.86469,864.3393,685170.56,42403
2013-11-01 19:30:00+01:00,3044.1853,1722.4933,373.5477,147.72122,862.63135,673895.44,39571
2013-11-01 19:40:00+01:00,2865.7544,2238.0164,316.82028,176.92067,872.17377,667955.6,38760
2013-11-01 19:50:00+01:00,2748.2988,2024.7605,373.2785,132.95479,895.8467,660740.6,38564
2013-11-01 20:00:00+01:00,2481.1033,2623.4062,420.40372,143.12581,1201.6896,670196.2,37634
2013-11-01 20:10:00+01:00,2288.4902,1374.1339,347.02475,172.8504,925.5032,665935.1,40722
2013-11-01 20:20:00+01:00,1869.2072,1361.6702,347.7224,145.92496,904.8897,661946.2,37668
2013-11-01 20:30:00+01:00,1705.4847,1590.218,344.1789,200.47539,904.41327,673809.56,37092
2013-11-01 20:40:00+01:00,1773.2513,953.98846,408.21872,139.7828,826.4824,676032.06,37885
2013-11-01 20:50:00+01:00,1818.0271,873.22736,354.28064,148.1339,817.152,662951.94,36045
2013-11-01 21:00:00+01:00,1456.8464,1230.4957,470.63235,137.63098,940.36194,661150.8,37380
2013-11-01 21:10:00+01:00,1236.3167,830.39624,343.73145,150.1835,1012.25024,668051.1,37200
2013-11-01 21:20:00+01:00,1180.7886,975.6132,361.74463,138.3986,920.40405,653555.3,35911
2013-11-01 21:30:00+01:00,1202.7675,914.4464,494.03412,151.9266,1037.5647,648211.9,34794
2013-11-01 21:40:00+01:00,931.0882,848.2861,545.3571,168.35033,1047.3918,659064.56,34320
2013-11-01 21:50:00+01:00,1035.5615,762.8588,477.39566,140.04597,930.3074,641485.9,35769
2013-11-01 22:00:00+01:00,1109.8716,910.4846,387.00272,129.30383,882.87366,638801.3,33549
2013-11-01 22:10:00+01:00,1171.1151,898.5271,383.28406,147.39427,1033.8507,641106.0,31495
2013-11-01 22:20:00+01:00,1160.5278,750.36444,328.99683,142.45624,946.3782,621939.06,32512
2013-11-01 22:30:00+01:00,943.09717,746.7482,391.31564,136.114,938.97906,620656.44,30744
2013-11-01 22:40:00+01:00,694.45447,631.75073,334.79248,129.94257,1010.5541,608969.06,30605
2013-11-01 22:50:00+01:00,676.8163,867.46387,335.0314,140.5279,833.33234,595489.7,32186
2013-11-01 23:00:00+01:00,557.1828,692.7456,418.7403,145.98947,865.7205,601725.3,30630
2013-11-01 23:10:00+01:00,654.1043,772.6925,445.0882,208.15216,924.0748,586884.75,29097
2013-11-01 23:20:00+01:00,671.6373,605.54425,416.86694,162.32779,995.32166,579620.94,27965
2013-11-01 23:30:00+01:00,741.81635,691.3281,449.78622,147.60649,994.45667,574522.56,29120
2013-11-01 23:40:00+01:00,591.19806,535.4248,407.83057,145.56383,806.1698,556980.75,26735
2013-11-01 23:50:00+01:00,480.75485,529.4706,404.67007,143.8314,881.0923,544561.94,26534
2013-11-02 00:00:00+01:00,300.64392,510.2081,358.7858,189.51863,815.0537,540236.5,25891
2013-11-02 00:10:00+01:00,542.3052,442.76657,409.97125,144.22232,751.1229,532043.25,24612
2013-11-02 00:20:00+01:00,457.23843,692.52167,395.52048,167.56119,751.71735,507571.84,24934
2013-11-02 00:30:00+01:00,270.8519,382.3262,492.68796,181.39635,885.61945,492984.56,24712
2013-11-02 00:40:00+01:00,314.71155,394.03287,598.9575,164.30121,679.4345,473695.97,21889
2013-11-02 00:50:00+01:00,232.7288,370.74216,726.02124,141.18533,850.24554,464379.25,21208
2013-11-02 01:00:00+01:00,179.01506,287.5095,528.8978,152.1406,1020.3623,451157.12,21036
2013-11-02 01:10:00+01:00,187.24101,360.35678,581.6256,146.03006,752.28564,435810.72,20449
2013-11-02 01:20:00+01:00,216.45963,342.37576,744.5449,127.6552,629.16156,417263.06,20227
2013-11-02 01:30:00+01:00,193.21896,304.09167,601.3382,134.00441,555.97394,409655.34,19381
2013-11-02 01:40:00+01:00,198.52818,301.39484,1062.1686,116.42611,650.0757,403742.0,19070
2013-11-02 01:50:00+01:00,165.41632,309.53372,549.15546,112.56753,428.44534,385269.66,18933
2013-11-02 02:00:00+01:00,141.3078,339.10117,513.43945,119.70527,628.8967,381045.28,18512
2013-11-02 02:10:00+01:00,183.71149,416.40964,484.73706,109.83044,395.12003,372554.6,17770
2013-11-02 02:20:00+01:00,161.74928,291.7936,554.75183,107.53997,391.008,357937.88,17655
2013-11-02 02:30:00+01:00,133.47728,248.0745,527.9422,112.06507,429.88794,354401.03,17076
2013-11-02 02:40:00+01:00,157.62798,254.75447,498.94183,105.89937,524.641,346210.53,17521
2013-11-02 02:50:00+01:00,145.82347,257.2631,446.8262,101.38106,410.95602,334625.94,17097
2013-11-02 03:00:00+01:00,136.09993,233.53142,431.14175,105.701904,456.6137,333390.0,16261
2013-11-02 03:10:00+01:00,148.99535,204.65442,356.21744,95.36801,293.70456,322118.34,17080
2013-11-02 03:20:00+01:00,139.35437,260.03473,348.3432,97.65385,259.09406,309791.66,15564
2013-11-02 03:30:00+01:00,128.10011,301.7127,271.80948,97.14236,273.3365,302169.78,16605
2013-11-02 03:40:00+01:00,147.59357,299.13333,286.40063,100.729546,280.8201,312113.47,15460
2013-11-02 03:50:00+01:00,143.45059,255.99828,231.06497,92.296745,206.84563,299665.7,17544
2013-11-02 04:00:00+01:00,121.638756,237.44713,203.45728,94.79659,249.90082,295309.3,16428
2013-11-02 04:10:00+01:00,199.58801,212.61012,197.35545,92.89135,212.91772,292027.16,16404
2013-11-02 04:20:00+01:00,186.07153,238.04729,166.25961,90.04638,221.77927,289445.06,17294
2013-11-02 04:30:00+01:00,172.52637,223.56294,202.44405,95.19556,240.56082,288667.56,17387
2013-11-02 04:40:00+01:00,288.05734,209.24825,184.84291,89.9528,211.27098,286753.9,17623
2013-11-02 04:50:00+01:00,215.38379,247.58025,161.01282,89.18651,195.21071,282785.56,17776
2013-11-02 05:00:00+01:00,252.40695,202.33458,183.01082,88.494286,209.26851,285406.66,18639
2013-11-02 05:10:00+01:00,183.97688,189.1031,200.0313,90.42279,247.86287,282765.53,17723
2013-11-02 05:20:00+01:00,183.28822,252.65742,160.9212,80.28643,190.94635,280733.97,17190
2013-11-02 05:30:00+01:00,150.17801,193.41559,175.46396,81.28852,197.7349,283914.4,18989
2013-11-02 05:40:00+01:00,146.52614,214.85657,195.2571,91.552505,184.43251,285102.66,17543
2013-11-02 05:50:00+01:00,143.99266,279.3765,171.86557,88.11791,182.24025,282435.34,19798
2013-11-02 06:00:00+01:00,117.47195,300.95053,187.17188,88.75357,191.03854,289771.2,19616
2013-11-02 06:10:00+01:00,148.50221,252.47049,185.60011,89.58513,191.59198,290123.6,19945
2013-11-02 06:20:00+01:00,154.76053,261.59534,168.82797,92.3825,199.87411,293236.0,20348
2013-11-02 06:30:00+01:00,167.16602,239.31726,181.67215,89.790344,171.95769,296421.94,21552
2013-11-02 06:40:00+01:00,171.79858,250.96501,202.7203,86.61322,189.86748,302441.34,22554
2013-11-02 06:50:00+01:00,189.75456,302.61258,174.23514,87.313,337.40723,309476.84,21615
2013-11-02 07:00:00+01:00,191.741,392.51852,181.22978,86.89168,197.23676,317509.94,25867
2013-11-02 07:10:00+01:00,178.8318,247.24115,196.09099,89.908676,311.25824,332101.5,24243
2013-11-02 07:20:00+01:00,166.29352,357.1275,173.10846,101.09314,203.3411,334333.25,25025
2013-11-02 07:30:00+01:00,145.54857,288.79364,184.2205,99.79095,195.31075,352383.34,26817
2013-11-02 07:40:00+01:00,183.16136,323.0449,195.4892,116.97414,230.08514,362461.53,27998
2013-11-02 07:50:00+01:00,183.97903,324.06937,175.43367,129.55136,229.43536,369280.94,28414
2013-11-02 08:00:00+01:00,174.2138,370.14948,256.8244,116.48285,225.8259,388059.6,31871
2013-11-02 08:10:00+01:00,178.2121,409.48825,239.96861,116.35505,225.89444,400737.12,34061
2013-11-02 08:20:00+01:00,189.96144,386.03207,218.18478,105.05546,332.5236,414551.8,35469
2013-11-02 08:30:00+01:00,279.84915,452.64957,224.66461,102.57538,307.6148,439358.44,35367
2013-11-02 08:40:00+01:00,237.53706,425.9076,219.30046,125.133095,239.94585,454796.97,37308
2013-11-02 08:50:00+01:00,263.76172,448.18558,215.53983,130.57654,276.25638,475428.5,36755
2013-11-02 09:00:00+01:00,329.21573,522.637,223.69987,122.80347,317.3086,501114.2,39152
2013-11-02 09:10:00+01:00,396.07126,575.0144,294.42856,133.11862,344.48602,519196.78,39328
2013-11-02 09:20:00+01:00,852.2459,503.41937,235.79478,227.68887,499.35388,535638.3,41960
2013-11-02 09:30:00+01:00,440.06827,589.40283,367.8342,239.46698,405.8578,553838.94,40146
2013-11-02 09:40:00+01:00,719.684,600.9143,284.66098,145.75937,367.0553,569580.3,41901
2013-11-02 09:50:00+01:00,652.8582,874.608,304.02057,132.52505,433.9324,590838.56,42747
2013-11-02 10:00:00+01:00,781.98083,658.2693,273.3512,173.86734,456.82892,602497.4,40115
2013-11-02 10:10:00+01:00,868.2851,777.5874,388.35226,158.89767,392.8257,609206.6,40997
2013-11-02 10:20:00+01:00,1118.4288,1074.4098,371.53674,163.37007,439.04022,624391.6,43634
2013-11-02 10:30:00+01:00,1233.6584,1132.1569,412.0059,161.90662,389.14688,645550.9,43545
2013-11-02 10:40:00+01:00,2228.147,1267.6086,400.7088,158.73622,470.03473,647298.3,42570
2013-11-02 10:50:00+01:00,1978.5239,1650.1013,461.27972,195.23303,489.52692,649846.6,44277
2013-11-02 11:00:00+01:00,1972.9512,2001.415,434.1062,137.36575,465.81183,672636.9,42095
2013-11-02 11:10:00+01:00,2404.3345,1566.05,414.1169,145.3056,689.06,673517.6,43888
2013-11-02 11:20:00+01:00,2215.5564,1558.1188,446.63315,148.94182,570.2763,674106.94,42481
2013-11-02 11:30:00+01:00,2565.304,1776.7358,461.58734,154.95995,584.791,683437.5,43399
2013-11-02 11:40:00+01:00,3273.9353,2036.1321,484.70822,155.89906,703.3169,684647.06,44066
2013-11-02 11:50:00+01:00,3813.4014,2022.8997,502.90045,178.3788,542.9974,685201.5,44118
2013-11-02 12:00:00+01:00,3483.1328,1938.4105,545.58264,161.48305,642.0061,682683.5,43645
2013-11-02 12:10:00+01:00,3296.1575,2020.141,495.7784,168.52805,559.69507,683598.94,43898
2013-11-02 12:20:00+01:00,3808.134,2281.755,447.8273,173.32236,635.7836,683042.8,43787
2013-11-02 12:30:00+01:00,3674.6416,2721.2905,516.98645,155.21754,631.6396,683818.44,42637
2013-11-02 12:40:00+01:00,4698.479,2427.0842,461.1704,135.23857,626.6379,680719.44,44583
2013-11-02 12:50:00+01:00,4791.586,2148.1553,468.40372,133.61467,500.2147,675985.1,41085
2013-11-02 13:00:00+01:00,3831.0452,2233.9253,516.74274,119.187416,534.2146,670031.7,42368
2013-11-02 13:10:00+01:00,4165.2334,1929.2878,532.83606,122.66864,663.3637,667213.44,41441
2013-11-02 13:20:00+01:00,4648.005,2135.5366,516.2573,116.16541,638.5737,662654.5,41225
2013-11-02 13:30:00+01:00,5370.471,2052.6392,623.5909,126.929565,544.49817,675602.44,41492
2013-11-02 13:40:00+01:00,4754.964,2179.4243,641.489,112.47042,537.5406,669812.6,41489
2013-11-02 13:50:00+01:00,8044.0703,2533.499,647.5054,115.299255,622.3201,681614.6,40070
2013-11-02 14:00:00+01:00,4584.1074,2587.5684,603.32214,123.12801,601.4836,685553.06,42175
2013-11-02 14:10:00+01:00,4547.7393,2773.6064,615.62134,136.41135,596.8621,692037.56,40883
2013-11-02 14:20:00+01:00,5669.5767,2398.9531,641.305,143.64928,666.788,688464.4,41771
2013-11-02 14:30:00+01:00,4989.894,2376.2656,738.84827,147.19772,687.1773,698583.0,41150
2013-11-02 14:40:00+01:00,4966.208,2359.7988,537.1511,189.80164,769.4373,698431.25,41618
2013-11-02 14:50:00+01:00,4615.358,2916.7842,674.96216,161.74797,698.46497,698859.4,40173
2013-11-02 15:00:00+01:00,5385.148,2311.2493,573.6443,138.46428,700.32605,706174.6,38068
2013-11-02 15:10:00+01:00,5358.9346,2825.8953,608.5137,138.57553,680.3933,703382.06,40524
2013-11-02 15:20:00+01:00,5402.3677,2947.505,492.78732,146.48541,809.4556,706324.8,40671
2013-11-02 15:30:00+01:00,5517.3076,2289.2678,576.2646,162.49567,705.4836,710690.94,42355
2013-11-02 15:40:00+01:00,4773.766,2467.8503,547.0039,197.28085,679.4265,709211.75,41141
2013-11-02 15:50:00+01:00,5342.809,2491.8435,547.9515,124.15399,661.4406,710634.44,41942
2013-11-02 16:00:00+01:00,5163.3853,2232.6094,677.864,184.0926,858.2469,717264.7,40638
2013-11-02 16:10:00+01:00,5341.3535,2573.4902,504.47348,166.23256,703.9988,721812.0,41649
2013-11-02 16:20:00+01:00,5764.2812,2537.3767,601.85223,147.49635,609.6479,717689.94,41918
2013-11-02 16:30:00+01:00,5493.44,2809.4463,828.6708,201.02345,582.8734,723405.44,41561
2013-11-02 16:40:00+01:00,5338.8877,2693.5884,856.18115,134.369,616.07983,730523.8,41796
2013-11-02 16:50:00+01:00,5332.322,2542.6924,643.3417,135.29811,673.4975,724111.06,43690
2013-11-02 17:00:00+01:00,5176.3286,2222.2012,559.4089,153.41235,588.8001,730931.75,42351
2013-11-02 17:10:00+01:00,4976.5176,2460.0413,483.98972,151.82492,511.7562,736020.25,42953
2013-11-02 17:20:00+01:00,4890.354,2761.2725,453.68002,150.47005,585.0949,730206.0,42485
2013-11-02 17:30:00+01:00,5400.149,2366.6892,399.2117,188.38063,611.5981,733823.06,43139
2013-11-02 17:40:00+01:00,4645.8945,2087.457,768.82745,163.32014,594.91516,736976.06,43344
2013-11-02 17:50:00+01:00,5158.739,2190.7812,653.1656,143.5571,646.97394,727638.3,43987
2013-11-02 18:00:00+01:00,5575.5693,2400.2446,400.39127,159.08669,719.7951,747187.0,42293
2013-11-02 18:10:00+01:00,4172.483,1954.1614,574.844,164.30365,891.7794,747104.9,41529
2013-11-02 18:20:00+01:00,4605.8687,2279.466,491.26324,155.13005,668.1126,745909.8,40686
2013-11-02 18:30:00+01:00,4813.237,2518.1409,831.16925,164.84015,823.75806,750056.56,42657
2013-11-02 18:40:00+01:00,4005.7976,2645.0806,563.7557,246.79556,742.6107,746122.8,42690
2013-11-02 18:50:00+01:00,3622.9739,2146.8074,715.7206,160.23425,825.8427,745581.3,41807
2013-11-02 19:00:00+01:00,3803.4153,1805.798,634.8668,191.71901,808.1967,735880.0,40206
2013-11-02 19:10:00+01:00,3460.088,1751.1641,419.1094,184.49774,848.3325,729175.25,40757
2013-11-02 19:20:00+01:00,3704.57,1627.2307,431.06097,182.29973,808.3447,730195.1,40933
2013-11-02 19:30:00+01:00,3607.1428,1873.0354,404.5346,178.13104,872.3405,737596.0,40953
2013-11-02 19:40:00+01:00,3017.713,1413.4011,399.6157,188.9515,742.745,720018.56,41439
2013-11-02 19:50:00+01:00,3249.0676,1534.47,377.17075,185.64436,994.68365,719146.94,41307
2013-11-02 20:00:00+01:00,2733.3586,1448.798,336.7983,205.4895,906.73773,710464.44,40667
2013-11-02 20:10:00+01:00,2702.2937,1346.4188,313.3125,183.47433,830.5023,713093.56,37658
2013-11-02 20:20:00+01:00,2108.2964,1108.1095,348.18622,162.03555,871.96075,693284.56,38529
2013-11-02 20:30:00+01:00,1902.9462,1262.171,360.84512,189.87282,910.5266,698610.3,38171
2013-11-02 20:40:00+01:00,1987.629,988.3497,374.88687,175.27496,927.56665,709258.94,36162
2013-11-02 20:50:00+01:00,1673.3528,975.3289,364.0836,148.33006,998.9398,697369.75,36480
2013-11-02 21:00:00+01:00,1946.526,684.3339,286.28952,175.83391,1000.2309,704836.06,33419
2013-11-02 21:10:00+01:00,1189.1097,759.49207,389.9058,145.55556,974.97974,704892.9,35910
2013-11-02 21:20:00+01:00,1618.3325,726.3055,504.2959,180.83516,978.88385,706277.56,35004
2013-11-02 21:30:00+01:00,1628.3291,815.1784,353.9781,149.85567,1090.6371,705000.7,35984
2013-11-02 21:40:00+01:00,1094.3888,878.10944,402.72696,160.43665,1031.2428,699955.8,34790
2013-11-02 21:50:00+01:00,1547.7048,899.0034,403.27487,153.92587,1026.2213,698980.6,33433
2013-11-02 22:00:00+01:00,1402.4653,922.06635,658.08777,201.57283,1153.7748,694882.0,32465
2013-11-02 22:10:00+01:00,1378.4828,774.0163,355.49057,177.26921,1220.0989,693657.2,31343
2013-11-02 22:20:00+01:00,1215.7096,871.3041,367.4151,156.7703,1199.2471,691582.94,32646
2013-11-02 22:30:00+01:00,1171.5894,780.7661,486.90793,195.22803,1180.9716,686643.94,31286
2013-11-02 22:40:00+01:00,1593.3763,1237.9288,343.72296,175.51595,1314.3867,683123.4,30969
2013-11-02 22:50:00+01:00,870.77826,1369.9319,319.53088,143.11284,1007.0216,661705.3,30899
2013-11-02 23:00:00+01:00,848.31,676.2389,282.45316,155.34288,1133.1058,665239.0,31286
2013-11-02 23:10:00+01:00,860.2668,668.56036,302.88428,192.86595,1120.2291,643066.7,30517
2013-11-02 23:20:00+01:00,692.9863,732.98,444.18695,182.32802,1141.1678,642019.06,29703
2013-11-02 23:30:00+01:00,764.55695,659.1976,294.80594,173.37337,1379.0447,632988.0,29721
2013-11-02 23:40:00+01:00,674.3055,707.8251,323.1795,187.34656,1284.8564,618881.5,28899
2013-11-02 23:50:00+01:00,581.31744,673.1364,327.64075,126.910835,1120.635,605485.4,27661
2013-11-03 00:00:00+01:00,424.96426,501.06702,387.49084,149.97098,1026.1387,603319.25,26819
2013-11-03 00:10:00+01:00,520.13947,525.45905,483.65613,158.43474,1060.9622,584169.3,27364
2013-11-03 00:20:00+01:00,681.0669,515.71814,653.98834,141.6209,1126.7205,569748.6,26799
2013-11-03 00:30:00+01:00,595.91815,487.20645,690.0105,178.16417,923.2835,555487.6,25003
2013-11-03 00:40:00+01:00,393.60385,517.7047,809.9396,164.91246,1014.6935,541465.44,24995
2013-11-03 00:50:00+01:00,481.63742,454.5513,839.372,152.6383,864.9072,516375.28,23724
2013-11-03 01:00:00+01:00,706.97766,434.57538,953.06934,181.04521,933.07544,514914.28,23625
2013-11-03 01:10:00+01:00,503.78046,504.03415,992.06775,172.87062,830.57214,489324.28,20986
2013-11-03 01:20:00+01:00,286.3523,433.98013,1125.7783,153.16524,645.77167,464662.16,20351
2013-11-03 01:30:00+01:00,246.35281,324.03717,1050.6526,250.48335,666.11694,455999.22,20740
2013-11-03 01:40:00+01:00,247.29767,328.45883,1378.0468,165.98026,658.4051,443848.53,20141
2013-11-03 01:50:00+01:00,183.43556,402.67813,1245.2794,172.35239,514.0496,429049.88,21147
2013-11-03 02:00:00+01:00,247.45801,311.02133,1284.7412,167.66037,561.59973,419429.78,20392
2013-11-03 02:10:00+01:00,247.1588,301.60678,1648.3358,152.35843,527.03,405785.6,18513
2013-11-03 02:20:00+01:00,604.8645,341.20862,1570.8527,154.51852,481.702,396433.06,19159
2013-11-03 02:30:00+01:00,178.28415,267.57193,1505.5309,168.66385,403.05377,390229.25,19057
2013-11-03 02:40:00+01:00,185.02565,360.92374,1426.4332,152.68051,397.38678,379434.25,17824
2013-11-03 02:50:00+01:00,140.05986,404.73303,1305.6569,142.17479,366.20892,368135.16,18139
2013-11-03 03:00:00+01:00,199.02563,294.12692,1205.0283,160.56306,332.10138,361624.28,17051
2013-11-03 03:10:00+01:00,232.22917,295.7702,1244.2732,153.6427,403.08603,357494.25,17556
2013-11-03 03:20:00+01:00,216.6776,317.31125,1130.1555,141.8523,328.52945,338905.9,16850
2013-11-03 03:30:00+01:00,171.48227,241.85464,1063.0912,138.11003,286.10086,334396.3,17900
2013-11-03 03:40:00+01:00,174.41197,237.56519,962.26245,141.25214,313.60037,332690.6,15845
2013-11-03 03:50:00+01:00,133.10414,288.43948,1062.4248,137.3991,271.33755,321319.6,16846
2013-11-03 04:00:00+01:00,164.0036,225.40413,974.9461,136.95444,269.102,316558.1,17647
2013-11-03 04:10:00+01:00,196.99199,235.20447,915.56635,132.60817,256.6137,306699.84,17084
2013-11-03 04:20:00+01:00,145.9573,280.02243,945.6929,122.31549,250.97621,303628.25,17524
2013-11-03 04:30:00+01:00,183.61462,226.0504,720.7183,128.69495,242.00842,308306.1,16739
2013-11-03 04:40:00+01:00,149.65778,247.01996,663.38525,116.82861,266.83768,302360.47,16514
2013-11-03 04:50:00+01:00,127.800934,263.82596,456.51276,123.57646,253.7046,302515.12,16122
2013-11-03 05:00:00+01:00,143.80553,211.01828,562.2048,125.06671,239.16405,300075.44,17530
2013-11-03 05:10:00+01:00,158.68573,245.751,247.99316,113.14375,221.51746,294755.1,16997
2013-11-03 05:20:00+01:00,118.65399,434.58273,206.7988,111.89051,206.334,292744.47,17515
2013-11-03 05:30:00+01:00,157.88054,217.00714,187.13931,113.90645,219.33482,290329.84,16977
2013-11-03 05:40:00+01:00,177.61923,238.57854,168.5404,116.58249,211.97113,289514.8,16956
2013-11-03 05:50:00+01:00,123.740265,263.14975,164.56119,108.24938,219.0234,289293.44,16743
2013-11-03 06:00:00+01:00,178.10054,222.30118,162.69962,110.595375,222.94417,294957.56,17942
2013-11-03 06:10:00+01:00,166.04265,211.2891,151.53516,116.29055,216.46501,293476.0,17362
2013-11-03 06:20:00+01:00,128.41086,271.96347,135.62758,96.76384,184.13927,295769.6,18534
2013-11-03 06:30:00+01:00,192.32262,233.71289,149.1375,97.78314,192.46793,299592.72,18368
2013-11-03 06:40:00+01:00,172.41179,241.23914,141.19194,90.94608,202.5997,302464.28,19295
2013-11-03 06:50:00+01:00,152.85295,271.8535,137.20096,101.382706,209.57213,310396.84,18809
2013-11-03 07:00:00+01:00,191.45726,214.16539,171.31444,100.17104,211.40205,317403.22,20942
2013-11-03 07:10:00+01:00,195.39491,317.67426,135.64209,98.05949,202.28134,316490.84,21232
2013-11-03 07:20:00+01:00,160.05908,273.93454,153.07655,99.35465,181.8046,322820.16,22793
2013-11-03 07:30:00+01:00,251.55473,227.35593,144.3658,96.84711,179.60532,329927.38,22983
2013-11-03 07:40:00+01:00,209.77281,258.3292,149.67674,95.93254,208.9708,336344.5,25405
2013-11-03 07:50:00+01:00,162.3426,289.60446,154.33582,94.45428,172.53062,341733.66,24057
2013-11-03 08:00:00+01:00,212.55672,256.4012,155.93127,93.0411,205.91727,360459.4,29504
2013-11-03 08:10:00+01:00,231.76979,357.19458,148.7474,97.35428,214.89127,365469.72,30099
2013-11-03 08:20:00+01:00,180.64035,301.7454,149.1208,103.38119,221.51164,382333.94,32658
2013-11-03 08:30:00+01:00,212.68832,451.10934,161.56381,106.63818,225.70193,398834.97,31840
2013-11-03 08:40:00+01:00,233.36082,358.27747,169.22768,99.85609,245.71393,413932.5,32772
2013-11-03 08:50:00+01:00,473.4109,316.08844,217.20277,106.59425,227.56212,430729.88,35034
2013-11-03 09:00:00+01:00,277.58246,380.41693,225.31177,134.53464,365.94745,460160.47,35165
2013-11-03 09:10:00+01:00,268.7539,404.7014,457.90268,115.138504,340.952,472416.28,36332
2013-11-03 09:20:00+01:00,259.78412,503.70493,430.25522,132.25746,269.9966,489667.5,38285
2013-11-03 09:30:00+01:00,342.76498,798.30237,457.03275,133.39384,332.29214,511267.5,38447
2013-11-03 09:40:00+01:00,713.28723,555.70996,200.94653,116.65032,355.95764,523985.12,38718
2013-11-03 09:50:00+01:00,420.6496,662.9049,213.99858,143.01698,323.98495,546121.6,39447
2013-11-03 10:00:00+01:00,461.09927,594.3445,259.04565,141.0888,326.0132,559268.75,40335
2013-11-03 10:10:00+01:00,530.71136,772.2943,261.7744,123.13446,324.84424,570578.2,40106
2013-11-03 10:20:00+01:00,960.34576,3344.0647,313.7514,122.62403,289.58566,584099.44,40875
2013-11-03 10:30:00+01:00,697.8583,973.01605,276.4112,171.65752,448.58218,603978.7,41315
2013-11-03 10:40:00+01:00,820.7865,751.3983,272.97687,131.70651,418.12656,613632.0,39417
2013-11-03 10:50:00+01:00,932.82794,939.1152,334.3356,190.08655,483.73325,629456.8,41041
2013-11-03 11:00:00+01:00,1033.0295,759.9735,247.2207,132.80884,496.77374,648119.94,42144
2013-11-03 11:10:00+01:00,1312.8007,778.68726,391.4216,191.91054,444.85748,643173.2,41675
2013-11-03 11:20:00+01:00,1601.3823,854.2709,909.94586,156.76648,649.0666,648450.94,42193
2013-11-03 11:30:00+01:00,1852.5513,926.60254,315.33255,134.1345,791.24506,659277.5,43688
2013-11-03 11:40:00+01:00,2090.3452,1549.9432,297.88788,147.45078,630.4308,657123.0,43164
2013-11-03 11:50:00+01:00,2313.3489,1600.658,348.2846,182.08823,513.98096,663067.3,41735
2013-11-03 12:00:00+01:00,2085.5989,1236.4218,318.56924,141.04335,467.69702,668558.9,43664
2013-11-03 12:10:00+01:00,1968.0083,1194.9205,330.3514,149.81613,504.2128,672642.5,42828
2013-11-03 12:20:00+01:00,2257.217,1492.0776,284.0404,146.47409,491.74332,678893.06,43134
2013-11-03 12:30:00+01:00,2456.9465,1404.1901,297.97733,159.47777,559.62616,678456.25,44889
2013-11-03 12:40:00+01:00,2479.5923,1337.8903,295.09653,156.22269,410.55084,665676.1,43961
2013-11-03 12:50:00+01:00,2730.4011,1480.9739,352.2774,163.2555,462.45563,670845.25,40663
2013-11-03 13:00:00+01:00,3109.9795,1329.748,414.89047,180.96806,475.50436,671724.75,40769
2013-11-03 13:10:00+01:00,3129.103,1363.1525,329.59726,171.89241,491.4444,665667.0,42600
2013-11-03 13:20:00+01:00,2793.7827,1476.577,331.53723,174.92578,595.5429,668313.4,41387
2013-11-03 13:30:00+01:00,2523.587,1801.6735,404.10797,143.68294,456.94302,675796.94,41472
2013-11-03 13:40:00+01:00,2822.4983,1659.9253,357.75104,150.59384,573.7684,673080.44,41766
2013-11-03 13:50:00+01:00,2557.1367,1537.1617,448.1366,160.74026,599.33765,680333.44,40147
2013-11-03 14:00:00+01:00,3297.9167,1337.9199,442.28012,160.22313,604.63464,696083.1,40058
2013-11-03 14:10:00+01:00,3068.2688,1609.2238,360.94287,163.84428,799.14136,696659.0,40611
2013-11-03 14:20:00+01:00,3314.3147,1940.326,437.83212,178.86366,608.8904,713607.2,41811
2013-11-03 14:30:00+01:00,4450.6475,2005.41,443.55646,193.47983,547.7826,718592.6,43107
2013-11-03 14:40:00+01:00,3503.3323,1913.8973,389.17404,174.79697,612.02484,715722.8,42346
2013-11-03 14:50:00+01:00,3710.7354,1655.9725,359.2569,180.09062,655.0181,723147.94,42270
2013-11-03 15:00:00+01:00,4601.1387,1736.8618,355.9708,176.19926,759.64716,735717.2,40469
2013-11-03 15:10:00+01:00,3621.2195,2174.1516,333.06726,159.60193,860.79517,742610.3,41318
2013-11-03 15:20:00+01:00,2964.1255,1988.3289,314.39453,149.51596,675.5195,736736.7,40712
2013-11-03 15:30:00+01:00,3496.481,1917.4006,376.92264,166.03886,670.27344,741430.0,43395
2013-11-03 15:40:00+01:00,3665.1536,2162.2744,400.5852,136.24294,643.84686,743528.06,40606
2013-11-03 15:50:00+01:00,3622.5393,1762.1555,384.65366,190.89482,744.91425,744599.44,41154
2013-11-03 16:00:00+01:00,3996.0818,1808.8173,403.24246,204.98311,651.4072,758015.7,42411
2013-11-03 16:10:00+01:00,3753.0215,1839.0702,365.40222,167.92822,594.83405,742880.4,42117
2013-11-03 16:20:00+01:00,3634.772,1920.8787,385.90344,149.47507,504.72586,760554.0,41603
2013-11-03 16:30:00+01:00,4895.725,1988.6621,563.0522,246.94298,599.6979,769061.94,42047
2013-11-03 16:40:00+01:00,3923.0325,2069.3848,404.31372,165.88988,558.59924,760250.7,42542
2013-11-03 16:50:00+01:00,3919.2363,1876.495,413.62582,177.96413,537.7267,781642.06,42500
2013-11-03 17:00:00+01:00,4008.0818,2052.5095,493.82373,196.77545,584.1611,776048.44,43820
2013-11-03 17:10:00+01:00,4469.5303,2147.4097,478.31662,176.95644,603.93054,788433.9,43299
2013-11-03 17:20:00+01:00,3857.1765,1831.3754,407.11627,185.68913,559.57715,781202.44,44182
2013-11-03 17:30:00+01:00,3907.6145,1705.106,446.70892,175.76411,610.3976,784912.75,45407
2013-11-03 17:40:00+01:00,4163.3584,1795.512,405.0609,176.20474,664.3767,789645.6,42655
2013-11-03 17:50:00+01:00,3427.4507,2041.1394,391.81598,179.74864,841.6248,787771.3,45128
2013-11-03 18:00:00+01:00,3717.4807,1930.7202,389.98465,214.10098,524.823,787753.25,44796
2013-11-03 18:10:00+01:00,3949.0796,1931.9607,359.27747,177.49466,610.5709,785146.56,44653
2013-11-03 18:20:00+01:00,3861.1272,1958.7424,362.32513,217.03914,715.2263,785071.1,43322
2013-11-03 18:30:00+01:00,3430.681,1928.9977,447.69083,198.94276,720.5719,788661.25,42989
2013-11-03 18:40:00+01:00,3516.2053,1715.3024,393.95505,193.61801,910.72375,782653.5,43585
2013-11-03 18:50:00+01:00,3183.0276,1476.0787,418.9678,181.4357,653.8407,784505.44,42478
2013-11-03 19:00:00+01:00,3209.6565,1625.9651,380.96182,201.19289,828.6316,791902.25,42228
2013-11-03 19:10:00+01:00,2963.9329,1533.5743,326.08298,180.99223,717.7952,778791.94,41912
2013-11-03 19:20:00+01:00,2317.8413,1197.9648,401.84625,195.68935,792.0959,759361.9,42372
2013-11-03 19:30:00+01:00,2458.3792,1159.8606,447.3685,193.65593,652.85785,765408.25,41275
2013-11-03 19:40:00+01:00,2189.073,1102.8964,343.29132,220.36496,705.79065,761341.75,43402
2013-11-03 19:50:00+01:00,2035.0841,1253.5173,305.82364,185.35811,863.59973,759930.2,40279
2013-11-03 20:00:00+01:00,1825.858,988.5873,332.15955,214.74391,829.40454,755681.8,39329
2013-11-03 20:10:00+01:00,1706.4469,839.5256,340.57196,232.42157,690.356,755536.06,41449
2013-11-03 20:20:00+01:00,1772.7789,887.01245,319.9509,187.44336,898.3193,755370.06,39780
2013-11-03 20:30:00+01:00,1624.7126,999.28784,362.4996,205.6312,857.8765,763727.94,39728
2013-11-03 20:40:00+01:00,1218.6227,714.1135,288.3663,221.3138,831.01514,772595.5,41119
2013-11-03 20:50:00+01:00,1139.3281,716.71533,249.61504,261.44913,901.3045,765631.75,38025
2013-11-03 21:00:00+01:00,919.62885,810.77637,308.7173,204.30397,901.6947,767588.94,39004
2013-11-03 21:10:00+01:00,898.0173,639.9611,447.15164,219.30388,922.239,768704.5,37171
2013-11-03 21:20:00+01:00,974.4675,768.3436,336.84042,220.35052,971.3796,754895.5,37101
2013-11-03 21:30:00+01:00,963.1224,592.1685,325.53644,353.0042,996.9074,762923.3,35618
2013-11-03 21:40:00+01:00,1320.8456,936.8931,300.1312,282.13675,972.9602,751939.6,36327
2013-11-03 21:50:00+01:00,1798.2067,625.7562,318.2207,204.81294,1091.7793,741089.75,34723
2013-11-03 22:00:00+01:00,1295.1154,601.2442,287.23956,204.0484,1159.483,751127.9,34320
2013-11-03 22:10:00+01:00,1661.5886,641.39087,329.86392,234.29352,829.2466,740053.06,33765
2013-11-03 22:20:00+01:00,1145.9376,799.0271,293.77496,183.78174,1019.9218,730740.3,33345
2013-11-03 22:30:00+01:00,1107.6381,689.33453,309.39832,226.34384,1155.2273,728277.1,31682
2013-11-03 22:40:00+01:00,741.0633,787.70905,353.5371,234.47255,790.07684,716664.44,31942
2013-11-03 22:50:00+01:00,488.6548,546.10736,281.5037,189.83937,688.43835,696029.75,30773
2013-11-03 23:00:00+01:00,657.4877,436.2262,330.6368,196.8078,730.20526,685769.2,29633
2013-11-03 23:10:00+01:00,514.42645,570.7202,305.05716,205.11812,699.8409,671596.4,27865
2013-11-03 23:20:00+01:00,476.5795,733.2138,212.20526,227.95953,593.1537,652657.06,29253
2013-11-03 23:30:00+01:00,494.46408,479.80234,262.98608,228.91144,597.1803,637377.56,28884
2013-11-03 23:40:00+01:00,353.9061,397.2076,234.5279,185.03365,686.3452,620882.1,25652
2013-11-03 23:50:00+01:00,535.89685,461.72864,180.48135,164.7944,539.68866,604891.25,25067
2013-11-04 00:00:00+01:00,416.80618,538.0293,196.45769,200.00069,570.9203,589246.44,24969
2013-11-04 00:10:00+01:00,362.2491,504.9442,204.05183,163.94667,537.1142,564062.44,23140
2013-11-04 00:20:00+01:00,291.75198,328.83722,232.0133,172.96353,522.12286,547605.56,21916
2013-11-04 00:30:00+01:00,325.92828,306.107,239.441,191.32492,472.54758,526958.25,21790
2013-11-04 00:40:00+01:00,231.0769,601.0901,222.18912,173.43068,495.2796,504843.47,21023
2013-11-04 00:50:00+01:00,225.40793,305.53036,175.07971,163.72665,492.8297,487907.94,20406
2013-11-04 01:00:00+01:00,256.82782,245.04762,192.24353,151.5075,483.08298,480374.9,20952
2013-11-04 01:10:00+01:00,217.55632,253.86885,213.9157,173.59184,404.85898,461537.72,18673
2013-11-04 01:20:00+01:00,185.21931,262.7204,179.91336,149.70766,436.63422,440459.5,18191
2013-11-04 01:30:00+01:00,225.54951,209.28311,208.7101,154.45564,397.86597,432212.53,18306
2013-11-04 01:40:00+01:00,376.76947,256.54565,180.65952,146.69983,448.1913,416900.0,17331
2013-11-04 01:50:00+01:00,153.9402,233.9214,162.8017,146.1208,379.25616,412391.84,18220
2013-11-04 02:00:00+01:00,201.85149,201.08096,185.43654,147.67741,351.49484,408577.0,18073
2013-11-04 02:10:00+01:00,194.18033,241.97208,166.05647,141.66174,350.22733,392244.2,17161
2013-11-04 02:20:00+01:00,152.1616,242.8818,160.09836,144.20107,310.02112,388976.3,16969
2013-11-04 02:30:00+01:00,194.01138,202.97351,212.99109,129.08842,346.73135,380752.4,16402
2013-11-04 02:40:00+01:00,182.44774,211.04544,169.7513,136.44136,327.9292,371332.0,17259
2013-11-04 02:50:00+01:00,154.64217,240.27669,144.198,127.66844,307.96573,364196.75,16069
2013-11-04 03:00:00+01:00,187.04898,204.61137,162.68254,126.18672,287.76318,363061.47,16656
2013-11-04 03:10:00+01:00,176.35114,214.59087,161.74582,134.19356,278.6145,353556.22,16115
2013-11-04 03:20:00+01:00,151.27951,215.36946,164.58134,134.95366,274.97275,349126.4,16576
2013-11-04 03:30:00+01:00,190.88205,206.35847,176.80139,132.51964,289.86325,344955.72,16138
2013-11-04 03:40:00+01:00,183.27771,214.84703,161.1929,147.23923,300.8668,343576.97,15796
2013-11-04 03:50:00+01:00,150.39491,219.30836,141.99783,162.89195,262.03012,337206.7,16779
2013-11-04 04:00:00+01:00,182.60226,195.03625,176.14029,129.56166,264.11584,336810.0,15771
2013-11-04 04:10:00+01:00,171.80193,209.8056,165.04327,128.46683,254.65016,330262.12,16241
2013-11-04 04:20:00+01:00,158.29599,223.05696,140.73267,132.98695,237.23639,330275.56,16762
2013-11-04 04:30:00+01:00,196.24144,226.78558,156.33495,118.86364,259.61783,331993.84,17978
2013-11-04 04:40:00+01:00,175.6335,226.69147,156.5212,120.775566,261.77893,327922.22,18031
2013-11-04 04:50:00+01:00,147.73776,259.407,136.14787,124.600494,228.5419,327502.94,17652
2013-11-04 05:00:00+01:00,186.87648,221.93745,156.54227,119.1688,242.48486,332403.16,18963
2013-11-04 05:10:00+01:00,195.12633,233.06465,166.12267,121.55251,235.89828,332531.3,19595
2013-11-04 05:20:00+01:00,170.66034,229.32306,134.49051,126.228325,227.71854,331347.03,17941
2013-11-04 05:30:00+01:00,198.454,214.92218,157.33046,124.361626,243.1741,339065.22,19321
2013-11-04 05:40:00+01:00,179.5214,212.59787,183.14552,123.77182,230.48341,340403.12,20017
2013-11-04 05:50:00+01:00,143.90945,251.61931,136.74171,128.87485,224.4442,348886.6,20783
2013-11-04 06:00:00+01:00,211.67468,218.66951,176.42786,136.63545,241.55241,361060.22,23358
2013-11-04 06:10:00+01:00,183.63062,235.50854,158.56772,123.97351,250.10173,365328.62,23799
2013-11-04 06:20:00+01:00,156.77698,268.1383,141.36014,139.74678,227.59991,380769.94,24613
2013-11-04 06:30:00+01:00,198.20056,253.34499,177.49615,148.62021,250.88515,403189.28,27687
2013-11-04 06:40:00+01:00,236.30571,267.7718,187.57832,143.30975,224.30647,422337.94,29167
2013-11-04 06:50:00+01:00,171.0338,302.61102,196.13914,153.45042,260.77957,453587.3,29055
2013-11-04 07:00:00+01:00,280.1217,266.80536,258.51093,176.43587,259.63147,497502.5,33347
2013-11-04 07:10:00+01:00,268.9635,395.52344,271.40298,183.72351,300.3098,525170.44,34067
2013-11-04 07:20:00+01:00,231.49718,365.12415,236.78679,197.79422,316.64453,567002.3,35406
2013-11-04 07:30:00+01:00,365.0695,473.45972,313.1374,218.18507,344.45975,626691.56,36095
2013-11-04 07:40:00+01:00,351.351,459.6307,404.78122,231.42332,394.9655,672469.6,39907
2013-11-04 07:50:00+01:00,305.57196,633.5352,427.50717,267.3203,427.48343,704651.0,40275
2013-11-04 08:00:00+01:00,474.32275,818.08765,554.699,383.3658,377.33392,759294.0,41974
2013-11-04 08:10:00+01:00,597.4192,1153.967,642.29333,284.88013,444.53122,787980.5,42653
2013-11-04 08:20:00+01:00,483.61145,1124.9834,874.5843,421.24197,459.48813,806092.2,42420
2013-11-04 08:30:00+01:00,613.1345,1069.6371,1054.8278,527.93134,513.35583,833481.6,45373
2013-11-04 08:40:00+01:00,626.9924,1416.18,1205.9932,431.23538,545.4659,845634.1,48521
2013-11-04 08:50:00+01:00,755.36975,1535.2423,1507.5045,469.53613,537.8871,853843.6,47013
2013-11-04 09:00:00+01:00,912.848,1251.1702,1798.838,482.58118,432.05054,880555.1,47714
2013-11-04 09:10:00+01:00,812.44183,1453.9603,2104.5632,339.63007,434.3842,885600.5,49759
2013-11-04 09:20:00+01:00,940.1327,1441.0195,2062.4722,426.06488,563.3055,874774.0,50130
2013-11-04 09:30:00+01:00,899.18317,1449.67,2098.5894,438.3667,537.85815,870707.9,49105
2013-11-04 09:40:00+01:00,925.48804,1755.9138,2311.2732,417.0983,550.9961,888131.56,50960
2013-11-04 09:50:00+01:00,979.40607,1485.7418,2605.491,456.57928,661.298,923690.5,51038
2013-11-04 10:00:00+01:00,1046.6846,1626.3528,2595.3384,459.307,518.5372,976409.25,52815
2013-11-04 10:10:00+01:00,1387.0729,1694.763,2567.1145,501.2381,514.3719,936623.94,51462
2013-11-04 10:20:00+01:00,1347.9319,1926.4952,2628.081,585.0346,469.38348,919108.94,56059
2013-11-04 10:30:00+01:00,1290.0044,1739.1227,2880.2288,542.69586,509.17493,942970.1,54119
2013-11-04 10:40:00+01:00,1435.97,1941.7605,2860.3672,472.59668,570.90796,956992.3,50380
2013-11-04 10:50:00+01:00,1425.0753,1849.555,3143.462,528.8368,501.15283,945140.2,49733
2013-11-04 11:00:00+01:00,1736.4285,2425.6226,2822.7178,534.004,693.79065,960215.75,50699
2013-11-04 11:10:00+01:00,1545.1698,2126.668,2889.071,495.08224,656.5576,959479.7,53753
2013-11-04 11:20:00+01:00,1632.3801,2636.6206,2834.0674,492.70615,474.27362,951546.9,53158
2013-11-04 11:30:00+01:00,1764.2369,2662.6765,2902.0083,528.2993,398.91245,980171.9,51353
2013-11-04 11:40:00+01:00,1798.9895,2804.461,2938.726,479.19614,460.69394,937884.3,55191
2013-11-04 11:50:00+01:00,1685.4163,2124.5225,3141.2988,527.8937,532.52374,940508.06,51206
2013-11-04 12:00:00+01:00,1959.2864,2361.1147,2784.5933,640.29126,429.21368,958954.56,52807
2013-11-04 12:10:00+01:00,2030.4095,2368.045,3305.6094,592.3667,462.70602,977177.75,52001
2013-11-04 12:20:00+01:00,2039.2532,2787.0608,3475.4075,703.82794,523.9573,979987.56,52487
2013-11-04 12:30:00+01:00,2401.9138,2314.6064,3878.1401,696.0407,421.3648,999912.94,55107
2013-11-04 12:40:00+01:00,1885.8462,2051.557,3243.6445,624.52454,451.0076,997680.3,53003
2013-11-04 12:50:00+01:00,2115.9504,2241.078,3626.2417,619.5478,466.4675,1005367.75,53121
2013-11-04 13:00:00+01:00,2866.4312,2721.7979,3709.6116,663.0654,515.36847,1036198.4,52405
2013-11-04 13:10:00+01:00,2360.4067,2645.7917,3455.7222,598.129,572.54913,1039171.56,49361
2013-11-04 13:20:00+01:00,2459.8826,3287.8513,3818.4646,683.8503,491.97504,1035788.56,49577
2013-11-04 13:30:00+01:00,2819.6448,2951.7876,3533.2683,630.3454,516.66174,1048707.9,51550
2013-11-04 13:40:00+01:00,3109.3596,3070.7717,3574.8137,594.3654,563.1137,1049098.0,51210
2013-11-04 13:50:00+01:00,2755.828,2618.4197,3999.3706,743.3167,505.20868,1040691.1,49400
2013-11-04 14:00:00+01:00,3241.9546,2550.7798,3583.9604,762.228,572.0526,1049352.9,51528
2013-11-04 14:10:00+01:00,2881.5056,2600.9922,3603.2153,668.40594,538.8033,1028027.3,49415
2013-11-04 14:20:00+01:00,2353.4897,2573.2178,3653.7039,678.1585,542.15125,1012301.0,50813
2013-11-04 14:30:00+01:00,2891.475,2777.9797,3359.4592,644.99097,547.59326,1008748.06,51367
2013-11-04 14:40:00+01:00,2564.8962,2518.75,3353.6323,603.9824,491.15396,995689.4,51212
2013-11-04 14:50:00+01:00,2308.1917,2401.4546,3342.4272,575.57764,529.26166,991458.5,50633
2013-11-04 15:00:00+01:00,3062.487,2965.7742,3513.858,595.6998,534.06665,987097.25,51931
2013-11-04 15:10:00+01:00,2655.7905,2513.859,3617.2344,598.20233,493.97122,990897.2,50965
2013-11-04 15:20:00+01:00,3180.0374,2583.6592,3511.6914,620.86816,470.3391,983755.1,53356
2013-11-04 15:30:00+01:00,2731.4465,2379.0608,3303.6052,528.86597,510.06598,989790.44,55104
2013-11-04 15:40:00+01:00,3104.419,2276.8665,3159.3127,509.62515,530.22076,982999.94,52904
2013-11-04 15:50:00+01:00,2556.1235,2133.835,3632.0366,571.143,560.8539,978717.8,51721
2013-11-04 16:00:00+01:00,3011.5142,2399.5608,3065.1165,613.1434,493.36545,997749.44,53158
2013-11-04 16:10:00+01:00,2394.6396,2242.8704,2869.1348,707.68396,560.73224,986910.6,53285
2013-11-04 16:20:00+01:00,3255.6467,2217.4607,3036.4534,570.5777,631.6749,989589.56,54341
2013-11-04 16:30:00+01:00,2377.2825,2669.4524,2716.5098,566.7175,552.0092,993970.56,52586
2013-11-04 16:40:00+01:00,2103.044,2568.6604,2851.3184,505.53757,543.3527,990335.4,54129
2013-11-04 16:50:00+01:00,2179.4211,3151.7603,3069.8489,479.48532,631.1802,980925.56,50611
2013-11-04 17:00:00+01:00,2517.8853,2308.8708,2704.641,521.23846,540.0059,993436.4,51157
2013-11-04 17:10:00+01:00,2475.3796,2910.896,3481.6746,491.4509,543.9486,1000409.3,53431
2013-11-04 17:20:00+01:00,2274.0918,2266.729,3389.3118,474.45642,568.7182,985363.6,54680
2013-11-04 17:30:00+01:00,2392.1104,2614.434,2739.5393,516.87427,548.3742,992973.4,54556
2013-11-04 17:40:00+01:00,2351.1587,2145.2256,2813.9316,567.3686,604.4461,992350.75,55325
2013-11-04 17:50:00+01:00,2147.6724,2079.0796,3083.4531,523.12683,616.0871,999828.9,51214
2013-11-04 18:00:00+01:00,2162.083,2126.1401,2693.7893,488.13425,751.69006,1009207.25,52250
2013-11-04 18:10:00+01:00,2027.6713,1854.5061,2822.674,851.05145,584.2192,994592.9,52140
2013-11-04 18:20:00+01:00,2480.3154,1955.2987,2745.5088,516.09985,747.28125,990676.75,50847
2013-11-04 18:30:00+01:00,3408.634,1798.1394,2579.0796,422.8407,931.9112,992087.25,52029
2013-11-04 18:40:00+01:00,1993.571,2134.9187,2611.2651,444.83185,665.13477,972575.8,52588
2013-11-04 18:50:00+01:00,2131.8433,2154.3892,2249.2878,499.83807,850.79517,959766.94,50387
2013-11-04 19:00:00+01:00,2136.7498,2070.738,2210.4358,505.12796,722.59247,958090.7,49963
2013-11-04 19:10:00+01:00,1592.6692,2359.503,1997.6022,633.85895,575.54486,937235.75,50869
2013-11-04 19:20:00+01:00,1638.1287,1567.094,1741.3256,464.27814,605.6845,911715.06,50272
2013-11-04 19:30:00+01:00,1614.3597,1951.9945,1677.9214,388.2386,797.3802,902961.7,50453
2013-11-04 19:40:00+01:00,1980.352,1698.9585,1647.4537,362.57578,779.4353,883933.94,48746
2013-11-04 19:50:00+01:00,1388.1442,1576.5986,1643.4005,421.26212,801.2943,879412.75,48337
2013-11-04 20:00:00+01:00,1318.9364,1283.0184,1455.889,414.29752,837.69244,871352.5,47894
2013-11-04 20:10:00+01:00,1252.499,1241.882,1370.5707,358.4215,709.07776,855805.44,46556
2013-11-04 20:20:00+01:00,1504.1176,1047.8976,1265.3802,270.3681,721.24963,856120.75,45258
2013-11-04 20:30:00+01:00,1448.1388,1271.8738,1067.1702,318.41144,793.91736,845695.4,44529
2013-11-04 20:40:00+01:00,1237.7543,1498.4086,1159.4163,276.51584,779.42865,843439.8,44293
2013-11-04 20:50:00+01:00,1345.4756,1015.6691,1156.8824,337.71207,737.9071,849552.56,43799
2013-11-04 21:00:00+01:00,1003.5634,945.6035,1174.5051,417.66107,864.87146,836374.8,43758
2013-11-04 21:10:00+01:00,1028.402,1245.0082,1200.5778,308.96558,786.9507,822557.5,39952
2013-11-04 21:20:00+01:00,1053.025,1078.1132,1212.8926,240.64032,904.9338,813406.75,39468
2013-11-04 21:30:00+01:00,858.16925,1137.2999,1126.4827,342.6899,755.1828,818649.9,39010
2013-11-04 21:40:00+01:00,1068.6102,988.9511,990.9835,314.84753,979.1908,795545.2,39182
2013-11-04 21:50:00+01:00,863.005,1366.6511,820.53735,386.51813,960.9139,799069.3,38531
2013-11-04 22:00:00+01:00,759.31995,792.49805,920.1825,348.4697,860.3916,796146.6,38493
2013-11-04 22:10:00+01:00,701.495,917.6869,795.5848,325.03046,743.8288,777781.3,37172
2013-11-04 22:20:00+01:00,625.15686,874.7287,793.54205,278.90466,866.34827,764401.6,34505
2013-11-04 22:30:00+01:00,627.27,852.7275,1155.0349,297.31018,843.6988,782695.0,35266
2013-11-04 22:40:00+01:00,547.384,722.3728,759.9921,333.99982,832.74255,754139.2,34453
2013-11-04 22:50:00+01:00,502.81143,865.58,758.9906,306.98157,679.15826,735666.56,34680
2013-11-04 23:00:00+01:00,477.46765,725.8879,617.0514,283.03983,586.69147,722347.9,33516
2013-11-04 23:10:00+01:00,507.28894,650.3644,765.71515,230.54527,643.18164,721165.8,30909
2013-11-04 23:20:00+01:00,444.7975,893.01263,618.18695,241.23695,551.7035,702384.9,31113
2013-11-04 23:30:00+01:00,456.3189,991.0259,574.2936,277.81436,582.5565,685983.44,31050
2013-11-04 23:40:00+01:00,353.60806,705.8977,723.1869,238.39342,561.48175,672997.2,30211
2013-11-04 23:50:00+01:00,386.58643,663.2891,659.81116,238.72285,538.9766,651865.3,28229
2013-11-05 00:00:00+01:00,331.488,686.135,648.042,207.49419,501.58286,619779.2,26890
2013-11-05 00:10:00+01:00,377.41968,620.5578,721.14264,201.09172,512.5154,600737.4,25118
2013-11-05 00:20:00+01:00,392.46292,613.6264,818.5681,192.69548,480.9055,578057.06,24962
2013-11-05 00:30:00+01:00,317.24615,475.5404,444.2298,215.41267,526.3264,555854.8,23554
2013-11-05 00:40:00+01:00,259.73032,407.80496,473.0105,160.9956,432.932,523884.84,22917
2013-11-05 00:50:00+01:00,246.07924,421.4211,478.59363,165.6331,472.62094,513612.25,22029
2013-11-05 01:00:00+01:00,276.29776,370.03082,401.16757,176.49176,466.19373,500423.75,20825
2013-11-05 01:10:00+01:00,253.56108,348.10477,465.4998,155.0251,449.41223,482317.78,20522
2013-11-05 01:20:00+01:00,209.06644,411.59985,417.2327,143.60738,521.4155,469100.12,19578
2013-11-05 01:30:00+01:00,211.88387,473.65134,366.94308,158.78154,602.1291,463418.38,18609
2013-11-05 01:40:00+01:00,230.03864,363.6977,382.73053,146.05716,340.28775,448531.66,18488
2013-11-05 01:50:00+01:00,236.58414,470.24377,415.5868,143.97032,346.47122,440486.22,19372
2013-11-05 02:00:00+01:00,219.09862,523.7609,404.1493,149.17424,302.3253,432862.8,18965
2013-11-05 02:10:00+01:00,205.95491,304.7946,380.9101,144.896,296.18332,414176.38,16729
2013-11-05 02:20:00+01:00,163.11826,335.29294,388.88702,130.8931,280.04617,405655.5,17870
2013-11-05 02:30:00+01:00,185.03091,314.92343,377.107,141.0333,252.63777,402510.53,17647
2013-11-05 02:40:00+01:00,186.5989,310.2594,407.09946,137.1821,266.2803,385655.9,16867
2013-11-05 02:50:00+01:00,165.18274,323.79492,421.29263,134.77315,262.5535,384876.06,16481
2013-11-05 03:00:00+01:00,177.56502,317.93442,426.18945,143.93423,269.76083,380893.06,17881
2013-11-05 03:10:00+01:00,166.0358,364.50827,385.4092,128.6939,247.46562,368275.12,15946
2013-11-05 03:20:00+01:00,168.65091,356.79083,398.19522,121.964226,231.98203,363228.22,17307
2013-11-05 03:30:00+01:00,195.00475,364.29962,362.80768,148.0907,330.26547,366349.5,17351
2013-11-05 03:40:00+01:00,185.8589,342.15677,362.59573,124.54469,216.99474,357056.34,16500
2013-11-05 03:50:00+01:00,162.20941,387.2479,372.66132,121.03723,223.26619,354477.03,16387
2013-11-05 04:00:00+01:00,190.50972,386.8509,369.06674,134.76688,220.45863,352283.06,16875
2013-11-05 04:10:00+01:00,184.3227,515.75195,369.23477,118.26776,214.37201,346159.94,17883
2013-11-05 04:20:00+01:00,175.76337,427.96667,378.1972,121.85186,207.89757,346752.56,17512
2013-11-05 04:30:00+01:00,193.2104,314.82602,342.55484,136.82387,224.39812,347911.75,17503
2013-11-05 04:40:00+01:00,181.83452,333.70947,368.60016,120.48939,204.45761,344667.9,17879
2013-11-05 04:50:00+01:00,176.36313,333.1711,384.07748,125.86823,206.8118,346809.1,17355
2013-11-05 05:00:00+01:00,206.07947,362.4191,362.4582,139.35818,204.32486,346669.0,19511
2013-11-05 05:10:00+01:00,185.78726,327.45248,371.5939,132.80035,211.21269,347911.16,19047
2013-11-05 05:20:00+01:00,169.29936,322.8864,361.94025,120.84961,194.37695,348464.75,17961
2013-11-05 05:30:00+01:00,184.83441,382.2985,384.46738,139.06038,206.60416,350997.3,19704
2013-11-05 05:40:00+01:00,186.95767,375.35117,371.9489,304.20023,211.59366,356314.28,20957
2013-11-05 05:50:00+01:00,173.23691,372.71326,350.70514,161.47588,204.2886,361955.56,22044
2013-11-05 06:00:00+01:00,207.56897,376.5358,362.00665,146.89348,219.03242,373116.0,22840
2013-11-05 06:10:00+01:00,211.81393,378.9371,489.99118,137.06723,220.65126,385804.62,24709
2013-11-05 06:20:00+01:00,201.59056,409.3372,380.92645,140.91833,226.5474,403441.2,24968
2013-11-05 06:30:00+01:00,242.48152,400.4844,424.78067,157.8139,228.40274,423724.56,26471
2013-11-05 06:40:00+01:00,280.113,455.3373,388.36975,159.48073,278.62753,446719.25,30042
2013-11-05 06:50:00+01:00,250.68408,455.78363,465.77072,159.17073,253.82994,485868.6,31648
2013-11-05 07:00:00+01:00,267.54523,494.8378,495.72482,217.18983,325.10492,526301.5,35548
2013-11-05 07:10:00+01:00,250.66577,482.18283,478.74005,184.39589,341.12436,571485.2,36578
2013-11-05 07:20:00+01:00,334.3855,589.1501,511.1323,241.60109,313.8194,622124.0,37745
2013-11-05 07:30:00+01:00,490.12097,653.4843,579.1465,241.13052,352.95264,683961.56,41530
2013-11-05 07:40:00+01:00,402.98523,719.5984,730.97375,244.47375,475.79578,714152.25,42485
2013-11-05 07:50:00+01:00,430.34604,1065.895,696.5064,313.42902,444.42523,763589.4,44509
2013-11-05 08:00:00+01:00,552.056,1100.9667,818.1615,337.50177,499.88928,805041.06,46555
2013-11-05 08:10:00+01:00,488.27377,1180.3427,1317.2057,296.1436,521.2887,831512.7,47531
2013-11-05 08:20:00+01:00,530.78235,1461.721,1524.3397,293.33337,493.7338,866933.0,49446
2013-11-05 08:30:00+01:00,627.53314,1319.3256,2140.8188,357.94794,478.55624,885225.7,49898
2013-11-05 08:40:00+01:00,889.6848,1562.1444,1557.1483,385.6193,475.06586,902786.25,49711
2013-11-05 08:50:00+01:00,1207.0679,2111.2915,1846.7811,498.78745,515.2303,922869.94,52156
2013-11-05 09:00:00+01:00,870.0594,1880.7755,1968.7305,474.13177,487.95636,922652.1,53300
2013-11-05 09:10:00+01:00,993.4786,2104.678,1989.8733,470.73846,648.2495,928492.6,50926
2013-11-05 09:20:00+01:00,1025.6704,2127.9788,2360.5674,516.16833,471.3361,925420.2,54664
2013-11-05 09:30:00+01:00,1051.9781,2273.6487,2807.64,438.67087,574.39014,934287.1,54500
2013-11-05 09:40:00+01:00,1277.8075,2237.1226,2881.9497,455.71216,529.6848,935689.56,55618
2013-11-05 09:50:00+01:00,1240.635,2350.0957,2590.3828,438.6428,925.71674,941433.3,55252
2013-11-05 10:00:00+01:00,1625.2515,2129.337,2668.1743,467.58005,664.7431,952279.75,55442
2013-11-05 10:10:00+01:00,1856.0638,2314.0002,2569.9827,524.94684,469.81403,957464.6,54092
2013-11-05 10:20:00+01:00,1608.9185,2856.0232,2806.8086,576.45984,495.23007,967803.4,56906
2013-11-05 10:30:00+01:00,1559.7102,2317.8552,3075.2751,542.6952,505.40353,975915.6,55089
2013-11-05 10:40:00+01:00,1572.5527,2616.689,2915.917,530.96027,499.53995,978017.44,53185
2013-11-05 10:50:00+01:00,1636.037,2947.6863,3220.5754,544.0896,448.94446,970288.7,57291
2013-11-05 11:00:00+01:00,1973.3604,2582.9324,3082.3083,494.62497,581.38464,982144.2,55022
2013-11-05 11:10:00+01:00,1875.3458,2427.1523,3153.8088,492.12427,608.65857,978858.3,54024
2013-11-05 11:20:00+01:00,1978.2108,2361.9333,3281.401,572.35706,504.32516,981431.25,53483
2013-11-05 11:30:00+01:00,2003.6007,2830.8127,3230.82,534.95856,560.4411,987574.06,54518
2013-11-05 11:40:00+01:00,2134.1292,2758.5247,3121.3062,562.612,520.42224,982832.44,51700
2013-11-05 11:50:00+01:00,1924.6627,2952.695,3336.5085,628.17255,488.54504,978406.6,53856
2013-11-05 12:00:00+01:00,2426.9316,2796.9902,3148.0159,673.8365,516.2945,995018.2,57027
2013-11-05 12:10:00+01:00,2069.669,3429.3206,3292.287,625.8295,477.56827,1006706.94,53430
2013-11-05 12:20:00+01:00,2094.896,2604.224,3195.1702,591.7769,516.85785,998956.3,53499
2013-11-05 12:30:00+01:00,2320.24,2754.3252,3391.8718,567.54486,526.36035,1014762.75,55308
2013-11-05 12:40:00+01:00,2586.478,2902.6067,3390.2249,565.3278,594.4611,1021937.7,56542
2013-11-05 12:50:00+01:00,2562.1138,3215.3972,3349.1387,563.0111,558.3602,1018677.44,53011
2013-11-05 13:00:00+01:00,2940.5408,3256.4924,3485.9417,600.82404,667.7125,1035440.6,52395
2013-11-05 13:10:00+01:00,3197.802,2912.0957,3468.2332,561.3042,581.5405,1037410.75,51531
2013-11-05 13:20:00+01:00,3481.8945,2760.7476,3395.435,540.82495,666.65814,1053552.9,50739
2013-11-05 13:30:00+01:00,3561.808,2843.8313,3360.9365,527.15564,559.10645,1057129.6,53416
2013-11-05 13:40:00+01:00,3286.973,2983.3015,3341.081,538.2495,558.7159,1059543.5,53761
2013-11-05 13:50:00+01:00,2924.7507,3446.4165,3303.985,609.9399,709.0355,1054182.8,51775
2013-11-05 14:00:00+01:00,3253.1055,2702.2285,3469.9446,624.33075,586.0902,1053005.5,51365
2013-11-05 14:10:00+01:00,3505.8918,3027.0437,3322.8765,611.41327,648.3615,1046485.9,51602
2013-11-05 14:20:00+01:00,3011.4126,2760.507,3391.0938,701.59094,642.66565,1044501.9,52328
2013-11-05 14:30:00+01:00,2790.7805,2965.354,3481.2664,561.2812,579.59906,1036862.4,52652
2013-11-05 14:40:00+01:00,2832.1855,2984.9866,3452.0444,607.6915,597.79565,1009428.3,53414
2013-11-05 14:50:00+01:00,2794.9834,2648.8184,3613.9707,526.4994,607.27325,1007046.56,52488
2013-11-05 15:00:00+01:00,2958.9487,2787.732,3203.802,596.7618,791.3613,1009232.2,51568
2013-11-05 15:10:00+01:00,2836.5942,2672.787,3139.7385,559.744,757.1302,997566.9,52919
2013-11-05 15:20:00+01:00,2673.061,2455.8938,3114.1414,482.74414,530.83105,996002.75,53568
2013-11-05 15:30:00+01:00,2447.4678,2413.8005,3661.7185,503.59363,552.28394,998397.6,51188
2013-11-05 15:40:00+01:00,2811.9736,2537.7246,3024.1277,513.453,529.1717,1004864.94,54132
2013-11-05 15:50:00+01:00,2628.231,2396.683,3254.1733,505.79333,534.58997,991506.7,56452
2013-11-05 16:00:00+01:00,2494.8616,2652.4624,3069.8374,632.56067,581.2918,997352.06,55216
2013-11-05 16:10:00+01:00,2748.0215,2836.2847,2965.5127,621.13605,610.33105,1004787.56,52208
2013-11-05 16:20:00+01:00,2525.5725,2267.2295,3505.138,527.4236,559.1905,1001843.94,55965
2013-11-05 16:30:00+01:00,3001.8125,2498.825,3007.731,502.73428,514.4878,993814.3,55509
2013-11-05 16:40:00+01:00,2891.5745,2197.0757,3262.605,581.04266,602.0631,998853.0,55211
2013-11-05 16:50:00+01:00,2551.5,2424.585,3718.4365,524.4608,548.745,991766.9,56237
2013-11-05 17:00:00+01:00,3129.24,2284.8872,3253.5269,582.64575,596.20624,992148.9,55110
2013-11-05 17:10:00+01:00,2912.7942,2390.7944,3099.445,615.5107,591.10736,1006035.6,54907
2013-11-05 17:20:00+01:00,2375.2424,2312.4028,3213.112,595.81775,512.4996,1005028.94,53835
2013-11-05 17:30:00+01:00,2676.7483,2337.3008,2896.2085,604.2856,751.8044,1004147.06,55066
2013-11-05 17:40:00+01:00,2570.08,2423.747,2832.7773,568.04614,667.2544,1010330.7,56106
2013-11-05 17:50:00+01:00,2893.764,2267.0413,2869.7107,582.5681,686.3492,1013812.2,52246
2013-11-05 18:00:00+01:00,2480.3523,2751.8474,2710.016,662.5054,735.90985,1014984.5,54546
2013-11-05 18:10:00+01:00,2375.6094,2225.752,2643.7627,529.7038,720.1814,1000261.6,53836
2013-11-05 18:20:00+01:00,2620.4167,2304.5122,2419.5469,504.183,691.99023,1007003.94,51378
2013-11-05 18:30:00+01:00,2251.4294,2213.2383,2763.3132,474.33224,783.4544,995317.1,52262
2013-11-05 18:40:00+01:00,2078.485,2608.674,2191.9978,492.95325,728.7013,992030.44,52260
2013-11-05 18:50:00+01:00,2142.1907,2264.0498,2223.7888,532.5455,746.83624,976656.5,52953
2013-11-05 19:00:00+01:00,2497.0842,2080.4146,2144.9658,450.14124,654.06396,962097.1,52702
2013-11-05 19:10:00+01:00,2543.764,2194.0261,1923.4327,436.74152,778.9727,938949.6,51849
2013-11-05 19:20:00+01:00,2545.1326,2082.6816,1918.736,384.4729,610.61346,931775.06,53573
2013-11-05 19:30:00+01:00,2147.0603,1729.3142,1947.1887,373.4115,650.43713,915424.6,51740
2013-11-05 19:40:00+01:00,2029.154,1499.2404,1797.1967,327.04956,782.8794,890872.3,51785
2013-11-05 19:50:00+01:00,2163.7979,1744.9993,1788.0587,323.75204,596.47424,878225.6,50512
2013-11-05 20:00:00+01:00,1815.9438,1434.1635,1809.7584,355.2388,964.5949,865371.3,50304
2013-11-05 20:10:00+01:00,1919.2094,1508.4609,1593.3599,298.37067,698.0202,860471.4,49182
2013-11-05 20:20:00+01:00,1750.9589,1801.2784,1654.6747,294.5519,772.8553,860044.94,47987
2013-11-05 20:30:00+01:00,1512.1974,1377.5792,1680.4677,289.39206,947.5065,856694.8,47009
2013-11-05 20:40:00+01:00,1541.8611,1055.3801,1645.8999,255.22029,966.2139,858784.4,43979
2013-11-05 20:50:00+01:00,1417.9285,1037.6361,1618.9487,271.59686,876.4478,848726.94,42861
2013-11-05 21:00:00+01:00,1628.7251,1225.6969,1883.6068,358.0898,1022.6164,853910.2,43008
2013-11-05 21:10:00+01:00,1267.4573,1089.6987,1570.1538,257.2638,803.8584,840115.1,42559
2013-11-05 21:20:00+01:00,1179.2079,1031.0383,1386.3232,280.1673,999.56195,839637.1,42902
2013-11-05 21:30:00+01:00,1336.903,1009.34656,1319.3307,322.1717,1063.5187,837068.44,40767
2013-11-05 21:40:00+01:00,1446.564,787.6991,1233.4813,357.63858,1172.9309,829137.56,41885
2013-11-05 21:50:00+01:00,914.5187,810.72864,1192.4868,281.36407,935.121,815401.7,40182
2013-11-05 22:00:00+01:00,1101.3596,1015.5826,939.89935,261.29376,1156.3364,819305.7,39282
2013-11-05 22:10:00+01:00,879.3463,870.95123,995.7104,276.26132,1083.972,818834.06,37590
2013-11-05 22:20:00+01:00,976.30853,952.48376,823.82214,306.63907,1192.9417,814976.4,37293
2013-11-05 22:30:00+01:00,984.33545,898.7832,876.8278,415.63922,1225.4783,799591.0,37669
2013-11-05 22:40:00+01:00,676.4701,790.82465,941.74207,301.28085,948.1196,787726.1,35719
2013-11-05 22:50:00+01:00,853.01843,652.3237,838.90424,282.2825,808.52527,753817.0,34397
2013-11-05 23:00:00+01:00,709.4138,619.5511,812.01526,222.1347,824.6469,743407.44,34173
2013-11-05 23:10:00+01:00,584.5261,531.1252,1096.7999,218.88652,838.02997,736340.06,33342
2013-11-05 23:20:00+01:00,655.7189,640.12726,824.11176,246.8712,782.6626,715467.1,32832
2013-11-05 23:30:00+01:00,541.01733,566.80206,763.3557,288.08435,773.5405,681675.8,32585
2013-11-05 23:40:00+01:00,615.86,599.6611,710.8693,212.11394,869.68854,667032.25,29355
2013-11-05 23:50:00+01:00,512.4169,519.35,666.67773,222.25919,628.1809,644068.4,27892
2013-11-06 00:00:00+01:00,490.4661,546.03076,674.2831,233.51045,631.76697,625048.1,28443
2013-11-06 00:10:00+01:00,453.80063,539.05444,630.6428,185.16748,770.40106,603647.8,27123
2013-11-06 00:20:00+01:00,398.37512,477.10858,595.8038,207.55667,597.142,585661.44,24840
2013-11-06 00:30:00+01:00,310.91815,406.52,581.6545,242.95944,612.4909,570039.1,25111
2013-11-06 00:40:00+01:00,326.45596,439.08212,615.92926,196.88243,529.31323,553825.1,22947
2013-11-06 00:50:00+01:00,297.70413,467.11246,494.2011,209.51018,435.2607,525882.44,22262
2013-11-06 01:00:00+01:00,288.8185,381.74936,505.56625,194.69293,473.37006,511820.12,21631
2013-11-06 01:10:00+01:00,270.13828,400.0164,549.17957,172.007,435.7528,500931.78,20934
2013-11-06 01:20:00+01:00,220.67168,401.32562,533.0784,171.28671,462.2177,481247.53,19175
2013-11-06 01:30:00+01:00,253.9994,339.90616,447.90527,165.78831,364.55795,470819.75,19514
2013-11-06 01:40:00+01:00,210.63022,324.97556,465.20316,156.893,417.12625,462566.2,18695
2013-11-06 01:50:00+01:00,211.44695,358.85638,402.99475,169.49904,374.1555,445494.34,18689
2013-11-06 02:00:00+01:00,233.8936,354.8082,386.9966,158.76341,356.4629,438934.22,18568
2013-11-06 02:10:00+01:00,216.63692,293.52695,432.488,171.58458,356.6786,423937.97,17518
2013-11-06 02:20:00+01:00,279.36606,342.89267,391.07584,161.82585,327.06003,414179.7,17631
2013-11-06 02:30:00+01:00,225.4895,320.59744,363.99326,153.57275,298.8496,410776.1,17206
2013-11-06 02:40:00+01:00,223.82643,344.9284,393.4787,151.33852,296.3365,398314.12,16668
2013-11-06 02:50:00+01:00,212.89697,322.88477,398.0174,137.37268,290.24152,391807.44,17420
2013-11-06 03:00:00+01:00,212.16994,313.90823,365.86603,138.84836,284.47757,385633.38,18038
2013-11-06 03:10:00+01:00,196.72398,270.14206,387.6285,127.401245,276.9189,381736.97,17382
2013-11-06 03:20:00+01:00,209.56007,299.7764,413.24643,142.13872,262.69864,378516.03,16205
2013-11-06 03:30:00+01:00,226.85123,307.04715,450.77667,134.21877,272.04092,370931.34,17053
2013-11-06 03:40:00+01:00,193.5063,299.0276,427.43497,146.42714,269.35095,380667.66,17404
2013-11-06 03:50:00+01:00,186.75003,285.95792,434.3643,126.16555,227.89828,361041.8,17355
2013-11-06 04:00:00+01:00,208.89577,326.89844,387.41135,123.618965,241.28008,358482.94,17934
2013-11-06 04:10:00+01:00,208.84633,301.39648,356.8335,120.62131,249.59357,354894.22,18735
2013-11-06 04:20:00+01:00,194.5031,294.44366,366.89603,121.03055,218.40225,353283.72,17744
2013-11-06 04:30:00+01:00,198.81029,299.395,331.41663,122.79312,227.89865,354653.7,18893
2013-11-06 04:40:00+01:00,187.83655,285.4914,362.221,120.606224,229.4449,351621.6,17853
2013-11-06 04:50:00+01:00,198.89577,296.02145,367.4331,125.080864,237.05908,347755.34,19268
2013-11-06 05:00:00+01:00,209.84529,413.30576,342.0961,127.38473,228.5056,349969.75,21067
2013-11-06 05:10:00+01:00,196.90231,364.4426,357.11536,114.453125,233.40721,352542.4,20146
2013-11-06 05:20:00+01:00,195.47687,322.2537,360.8689,127.31125,240.47166,350256.97,20022
2013-11-06 05:30:00+01:00,220.71289,303.50287,342.5846,133.81128,266.8186,357736.9,20381
2013-11-06 05:40:00+01:00,223.17691,279.99454,366.0163,125.77706,224.75838,361761.44,22112
2013-11-06 05:50:00+01:00,206.18292,335.92648,380.29398,131.46194,249.60744,368865.2,21102
2013-11-06 06:00:00+01:00,228.89485,375.33423,344.55765,133.19197,268.69513,388572.7,25426
2013-11-06 06:10:00+01:00,193.09225,299.71048,376.3016,132.21875,258.3685,391233.38,27381
2013-11-06 06:20:00+01:00,215.18864,349.59158,370.39206,133.36485,300.78302,402663.03,27935
2013-11-06 06:30:00+01:00,224.34447,458.9292,331.824,138.44447,270.69205,436858.4,30014
2013-11-06 06:40:00+01:00,204.27614,327.3725,390.40363,162.197,275.36847,455978.22,31490
2013-11-06 06:50:00+01:00,227.3828,382.6839,413.6862,158.7336,290.91296,491808.78,32435
2013-11-06 07:00:00+01:00,312.6965,411.2762,416.07193,168.2723,279.70236,538479.0,36191
2013-11-06 07:10:00+01:00,308.3081,401.60748,475.26828,178.10527,307.5142,577055.56,36763
2013-11-06 07:20:00+01:00,287.11765,405.2957,533.00745,184.73195,382.74152,618451.6,39411
2013-11-06 07:30:00+01:00,319.6749,480.5199,520.9861,217.34933,547.2754,675425.5,40365
2013-11-06 07:40:00+01:00,318.96277,491.56506,613.0814,247.95021,601.67926,721103.4,42297
2013-11-06 07:50:00+01:00,401.87012,645.52496,648.72174,265.89624,440.60095,761575.75,44964
2013-11-06 08:00:00+01:00,756.6741,724.3415,762.64417,384.5067,518.88806,806501.44,49163
2013-11-06 08:10:00+01:00,696.51056,898.6885,906.5133,331.2367,601.7264,838886.0,49238
2013-11-06 08:20:00+01:00,537.34875,959.2179,1107.6178,338.05612,567.8521,855233.94,50942
2013-11-06 08:30:00+01:00,659.6775,1161.4071,1381.0514,495.402,625.96234,880568.3,52327
2013-11-06 08:40:00+01:00,789.3713,1289.5851,1450.0469,475.3882,545.5726,901569.3,53982
2013-11-06 08:50:00+01:00,808.00714,1528.2258,1685.153,430.65018,505.6766,899218.8,54931
2013-11-06 09:00:00+01:00,1069.5898,1439.83,1881.7706,452.4421,575.5918,920267.9,53569
2013-11-06 09:10:00+01:00,1018.87946,1583.4196,2285.0474,475.7563,714.9488,932264.2,57338
2013-11-06 09:20:00+01:00,1050.3763,1914.5363,2327.4082,484.48917,478.37653,920791.56,56215
2013-11-06 09:30:00+01:00,1182.843,1509.0044,2351.5945,490.48834,498.86728,924490.56,54606
2013-11-06 09:40:00+01:00,1243.4496,1541.5459,2524.6296,500.70615,707.9326,923241.8,56519
2013-11-06 09:50:00+01:00,1238.1326,1633.0216,2532.1758,512.7588,504.99414,933631.6,52561
2013-11-06 10:00:00+01:00,1248.0294,2116.295,2599.5813,494.36288,504.5396,939033.56,53058
2013-11-06 10:10:00+01:00,1471.1394,2486.7324,2780.1392,564.0646,611.3336,950836.4,55531
2013-11-06 10:20:00+01:00,1376.352,2033.7598,2849.8818,694.09143,543.351,950401.06,55184
2013-11-06 10:30:00+01:00,1633.9932,2075.5554,2830.1833,617.2234,444.19247,957306.44,56370
2013-11-06 10:40:00+01:00,1559.5276,1949.9019,2920.7898,627.91974,489.07803,965458.2,54798
2013-11-06 10:50:00+01:00,1924.0431,2215.7297,3087.729,611.2803,483.48294,966347.3,55050
2013-11-06 11:00:00+01:00,1656.1477,2111.1033,3112.2546,615.2729,592.42914,980340.75,56887
2013-11-06 11:10:00+01:00,2000.7517,2217.055,3025.9355,578.04913,560.52344,971778.94,55479
2013-11-06 11:20:00+01:00,1793.3552,2195.5417,3140.2275,547.43304,484.85706,962554.8,51304
2013-11-06 11:30:00+01:00,1955.366,2363.3157,2939.9043,556.9875,505.42123,975992.06,54580
2013-11-06 11:40:00+01:00,2342.2488,2362.4458,3262.567,528.07056,501.3205,970699.6,54977
2013-11-06 11:50:00+01:00,2135.664,2551.369,3013.18,620.6816,606.6832,967864.75,53656
2013-11-06 12:00:00+01:00,2036.8195,2603.2305,3017.428,790.3338,460.45013,984973.3,53745
2013-11-06 12:10:00+01:00,1938.5579,2755.931,3202.127,732.36597,516.19415,985046.06,54385
2013-11-06 12:20:00+01:00,2202.0305,2443.0896,3219.7446,674.7951,526.9107,981630.44,53711
2013-11-06 12:30:00+01:00,2262.0847,2328.8613,3496.0127,701.4908,567.26465,1002669.8,56596
2013-11-06 12:40:00+01:00,2564.1082,2752.844,3621.8984,643.67566,569.81146,1007038.1,57439
2013-11-06 12:50:00+01:00,2672.1826,2486.8674,3649.2817,605.6645,540.61707,1007033.6,56336
2013-11-06 13:00:00+01:00,2794.9988,2514.459,3356.758,696.7669,575.032,1034336.9,53935
2013-11-06 13:10:00+01:00,2855.6372,2769.0664,4002.2944,676.5817,512.5011,1022402.9,52250
2013-11-06 13:20:00+01:00,2808.283,2954.3467,3772.7637,721.1113,715.3244,1029806.8,51423
2013-11-06 13:30:00+01:00,2886.4814,2774.5188,3329.77,665.9476,704.4996,1042552.8,52998
2013-11-06 13:40:00+01:00,2719.6628,2918.5283,3605.5776,722.5338,595.8432,1047874.3,53795
2013-11-06 13:50:00+01:00,2767.8271,3031.8801,3990.8108,757.1941,619.82306,1051634.5,52027
2013-11-06 14:00:00+01:00,3306.482,2928.2808,3619.3752,736.0354,662.9136,1057250.1,54262
2013-11-06 14:10:00+01:00,3859.0398,3526.4875,3678.375,638.7254,794.82916,1036881.4,53530
2013-11-06 14:20:00+01:00,3010.605,3342.1365,3545.5261,669.62964,653.9686,1028640.3,53646
2013-11-06 14:30:00+01:00,2661.2986,2816.4023,3143.9927,626.5728,602.3429,1021488.44,56266
2013-11-06 14:40:00+01:00,2929.1873,3151.4346,2975.1763,643.2955,598.0989,1008880.44,52904
2013-11-06 14:50:00+01:00,2773.4517,3209.1172,3084.8582,625.7572,648.4417,993211.06,54300
2013-11-06 15:00:00+01:00,2643.9963,3010.4443,3210.9602,593.1311,714.82825,996219.2,52977
2013-11-06 15:10:00+01:00,2330.9954,2601.7087,3080.5083,620.9429,656.18146,989149.56,53247
2013-11-06 15:20:00+01:00,2677.3938,2803.2024,2905.0588,630.74023,593.036,990511.6,54233
2013-11-06 15:30:00+01:00,2249.4053,2701.4978,2819.6174,581.8893,638.88,995409.6,52437
2013-11-06 15:40:00+01:00,2643.4744,2969.9116,3087.839,608.77856,642.7024,990994.3,51171
2013-11-06 15:50:00+01:00,2718.069,2764.0908,3281.9753,600.305,617.4073,986315.2,53975
2013-11-06 16:00:00+01:00,2802.6208,2270.4697,3298.8289,642.1194,631.97125,1001947.94,54438
2013-11-06 16:10:00+01:00,2546.2883,2580.4954,3545.5688,673.51587,621.46893,1005719.94,52698
2013-11-06 16:20:00+01:00,2833.3486,2447.7864,3314.7056,646.64435,599.505,994456.56,52979
2013-11-06 16:30:00+01:00,2537.2358,2459.1638,3067.8342,561.21564,585.8383,988647.25,54662
2013-11-06 16:40:00+01:00,2306.344,2530.5747,3307.2456,610.63153,622.9625,990177.4,54252
2013-11-06 16:50:00+01:00,2350.9458,2547.5627,3200.9058,607.5735,573.8923,994277.3,54173
2013-11-06 17:00:00+01:00,2730.9573,2829.0198,3066.7651,515.6873,559.01685,1000938.2,53944
2013-11-06 17:10:00+01:00,2337.367,2472.6707,3130.0525,544.14856,579.0905,1003367.9,53466
2013-11-06 17:20:00+01:00,2796.3723,2613.1326,3379.452,579.5475,579.80414,1001868.1,53602
2013-11-06 17:30:00+01:00,2984.4216,3233.5112,3398.3577,547.2433,591.8003,1003972.56,54549
2013-11-06 17:40:00+01:00,2283.1938,2722.8396,2886.602,624.9876,609.1231,1001036.0,54551
2013-11-06 17:50:00+01:00,2553.7983,2374.285,2717.0508,601.6831,640.8052,1007544.75,51819
2013-11-06 18:00:00+01:00,2823.6018,2604.3257,3122.1401,526.67737,612.8985,1010899.8,52415
2013-11-06 18:10:00+01:00,2512.3132,2336.2073,2916.2488,560.8758,688.6217,999204.8,54860
2013-11-06 18:20:00+01:00,2461.8284,2730.393,3063.4348,476.48053,714.74963,997128.5,50652
2013-11-06 18:30:00+01:00,2409.8418,2883.4734,2870.2773,449.18842,835.5673,1004241.0,52336
2013-11-06 18:40:00+01:00,2286.5295,2191.6235,2772.4673,440.65955,977.44324,993921.9,53140
2013-11-06 18:50:00+01:00,2224.1567,2015.16,2415.9575,399.50464,649.8828,986404.06,51719
2013-11-06 19:00:00+01:00,2053.0718,1909.8268,2142.8523,443.25687,712.3362,969634.2,52688
2013-11-06 19:10:00+01:00,2410.9875,1916.2761,1979.7802,425.1191,768.58704,935315.44,52469
2013-11-06 19:20:00+01:00,2057.417,1923.1903,1884.4362,397.57693,824.0182,929629.0,53754
2013-11-06 19:30:00+01:00,2189.8193,1991.8727,1798.7604,396.3141,761.0441,918414.7,52135
2013-11-06 19:40:00+01:00,2018.094,1559.7539,1843.3268,393.33527,821.1337,896497.75,52134
2013-11-06 19:50:00+01:00,2203.029,1671.4143,1633.8643,335.8108,878.7266,882185.75,49281
2013-11-06 20:00:00+01:00,1666.4006,1403.198,1333.1564,301.41486,843.9637,874126.44,48620
2013-11-06 20:10:00+01:00,1545.3776,1432.4028,1669.9095,372.99942,780.46625,861814.75,46953
2013-11-06 20:20:00+01:00,1810.2657,1152.8488,1567.8756,342.52722,879.5577,859450.75,46816
2013-11-06 20:30:00+01:00,1488.7725,1112.1414,1379.9526,315.5538,970.2015,845917.1,45311
2013-11-06 20:40:00+01:00,1534.5315,1160.176,1407.2845,341.43762,1157.0391,842363.44,45921
2013-11-06 20:50:00+01:00,1271.8878,914.97186,1221.9261,395.32245,1037.4656,845969.94,43246
2013-11-06 21:00:00+01:00,1382.3087,1135.4856,1366.3488,289.13858,1016.5046,855092.3,42384
2013-11-06 21:10:00+01:00,1376.3892,1622.2965,1449.0907,325.51035,1084.3217,841298.94,40664
2013-11-06 21:20:00+01:00,1193.3882,1298.0284,1142.5681,305.40036,938.5587,835381.8,41620
2013-11-06 21:30:00+01:00,976.8125,1382.4987,1105.5671,287.12503,1033.8351,844735.2,42441
2013-11-06 21:40:00+01:00,1136.419,1039.7465,1256.2512,297.64365,970.6224,831657.56,38972
2013-11-06 21:50:00+01:00,1258.859,1054.2533,961.6909,333.46375,936.5676,811559.3,38461
2013-11-06 22:00:00+01:00,1049.0326,1179.0681,1421.7141,246.31137,961.62427,812017.44,38731
2013-11-06 22:10:00+01:00,1363.706,1335.4429,1147.9832,255.84882,1125.8345,805920.06,38282
2013-11-06 22:20:00+01:00,1100.0798,1204.3889,1083.5819,265.88196,1007.45905,789522.1,36568
2013-11-06 22:30:00+01:00,1077.2462,1451.2618,1274.0337,244.47243,1102.475,800058.94,36110
2013-11-06 22:40:00+01:00,950.6707,942.4465,858.3741,306.051,1124.9952,775581.8,35511
2013-11-06 22:50:00+01:00,853.8024,943.77124,776.64465,268.46207,969.8584,759349.0,35056
2013-11-06 23:00:00+01:00,963.0388,806.36053,721.88696,236.44557,940.5488,754134.5,33386
2013-11-06 23:10:00+01:00,499.23038,704.9988,771.79095,299.64377,890.9559,733620.25,31441
2013-11-06 23:20:00+01:00,702.8795,593.3266,700.585,236.97357,757.3818,709568.56,30271
2013-11-06 23:30:00+01:00,993.6519,614.8268,790.04565,234.4363,926.30316,706921.44,30112
2013-11-06 23:40:00+01:00,514.3874,590.7647,723.2675,251.71916,684.73975,664881.0,28123
2013-11-06 23:50:00+01:00,439.6825,522.903,600.63153,256.17358,820.99274,649070.3,26787
2013-11-07 00:00:00+01:00,413.27448,554.6587,556.2705,268.80502,674.71655,622234.25,27882
2013-11-07 00:10:00+01:00,419.87643,755.70294,668.24713,284.98694,603.74493,591813.8,25404
2013-11-07 00:20:00+01:00,291.0229,564.89795,681.88904,256.80502,700.68823,578962.4,24093
2013-11-07 00:30:00+01:00,275.8968,535.25446,657.24164,217.61108,602.0793,555844.1,23826
2013-11-07 00:40:00+01:00,245.99165,512.9397,679.63586,221.46338,570.70776,538628.5,21583
2013-11-07 00:50:00+01:00,266.2866,385.3544,566.9653,223.01523,570.3702,519517.3,21559
2013-11-07 01:00:00+01:00,279.29816,436.65527,493.66293,226.95935,498.28082,506286.56,21853
2013-11-07 01:10:00+01:00,234.32057,349.99063,477.80695,172.1217,467.59073,494439.12,20449
2013-11-07 01:20:00+01:00,247.38298,370.0128,543.29205,152.67393,446.46143,483880.06,19396
2013-11-07 01:30:00+01:00,269.0528,428.85117,461.63687,157.31415,485.64343,471051.0,18761
2013-11-07 01:40:00+01:00,219.8231,368.73712,458.43445,158.89922,401.69595,454808.47,18626
2013-11-07 01:50:00+01:00,258.69037,349.07883,449.14716,140.72916,377.50018,443882.1,18196
2013-11-07 02:00:00+01:00,279.44577,420.39426,426.5757,147.33548,397.40005,436665.66,17736
2013-11-07 02:10:00+01:00,271.5693,363.0416,447.97363,142.99478,354.99643,425374.8,18155
2013-11-07 02:20:00+01:00,262.10483,360.99033,431.2942,136.1284,349.8954,415332.1,16219
2013-11-07 02:30:00+01:00,267.7897,392.1137,406.73038,128.38737,372.2871,409226.3,17435
2013-11-07 02:40:00+01:00,249.01285,374.86478,1027.3917,138.81032,353.0065,399426.4,16842
2013-11-07 02:50:00+01:00,210.54016,330.46036,666.5763,130.7992,344.5306,392937.88,15565
2013-11-07 03:00:00+01:00,231.31062,335.28812,664.0199,134.39948,350.15085,387392.47,17131
2013-11-07 03:10:00+01:00,200.97073,347.40784,420.10843,139.04623,349.48907,378268.34,16342
2013-11-07 03:20:00+01:00,252.7472,304.64923,417.88858,127.05037,300.9278,374337.94,18022
2013-11-07 03:30:00+01:00,261.02448,362.29968,391.41373,131.06293,319.8212,373267.97,16519
2013-11-07 03:40:00+01:00,258.42056,330.93842,413.29852,141.51424,293.0078,359523.78,15626
2013-11-07 03:50:00+01:00,227.82437,313.92407,434.4865,130.1656,266.8833,359989.7,17047
2013-11-07 04:00:00+01:00,246.2194,362.21738,413.84088,123.806,291.4505,360893.2,17417
2013-11-07 04:10:00+01:00,223.58365,313.95944,424.22626,136.28792,265.95895,352094.4,17544
2013-11-07 04:20:00+01:00,225.4501,320.07993,411.65085,129.27512,262.52856,351147.9,17832
2013-11-07 04:30:00+01:00,243.51172,312.67035,376.33875,134.82452,256.88193,348167.12,19044
2013-11-07 04:40:00+01:00,223.9925,353.47287,438.82318,186.03134,251.34544,342695.9,17803
2013-11-07 04:50:00+01:00,227.1649,341.9212,403.95892,170.9966,272.41513,343894.5,19023
2013-11-07 05:00:00+01:00,247.54204,334.63458,378.69205,155.41954,267.2877,346474.34,20014
2013-11-07 05:10:00+01:00,246.17204,304.87674,416.84866,133.83826,273.9599,343634.12,19853
2013-11-07 05:20:00+01:00,211.99559,322.79654,408.09637,121.27755,289.76974,350809.7,18637
2013-11-07 05:30:00+01:00,239.3301,348.82126,373.17023,123.96192,319.7303,354601.12,20833
2013-11-07 05:40:00+01:00,253.91647,341.5792,429.61688,130.3259,260.97928,357710.16,21301
2013-11-07 05:50:00+01:00,236.80501,322.5805,416.23602,122.30021,284.7136,366547.7,22124
2013-11-07 06:00:00+01:00,250.80669,403.9236,386.661,118.88892,279.42136,374806.44,24302
2013-11-07 06:10:00+01:00,289.00055,340.38077,429.67258,129.30428,282.66748,381728.4,23886
2013-11-07 06:20:00+01:00,263.62845,359.39563,413.42346,127.437584,298.2106,401224.16,25039
2013-11-07 06:30:00+01:00,302.91602,361.62372,381.3927,132.20224,311.4095,422692.06,27616
2013-11-07 06:40:00+01:00,264.78793,385.24146,430.40625,155.05675,315.08582,443665.62,30205
2013-11-07 06:50:00+01:00,288.00092,386.7705,439.5926,147.9941,314.0958,474306.7,33251
2013-11-07 07:00:00+01:00,322.61075,442.88983,456.16318,165.18214,316.95032,518974.62,35646
2013-11-07 07:10:00+01:00,351.31985,459.42056,534.8103,200.50137,312.35983,559933.44,36702
2013-11-07 07:20:00+01:00,336.12646,450.23566,501.89273,176.6063,361.59363,608066.5,39510
2013-11-07 07:30:00+01:00,366.03665,551.4694,640.1186,222.45216,467.46204,662300.8,42404
2013-11-07 07:40:00+01:00,343.3436,668.009,692.9434,228.0537,440.03168,704818.6,42469
2013-11-07 07:50:00+01:00,437.7565,713.10925,691.93524,301.58548,452.0509,748327.0,44317
2013-11-07 08:00:00+01:00,610.7681,898.4717,762.478,313.86005,542.6013,788251.2,45931
2013-11-07 08:10:00+01:00,681.46326,935.6832,895.0891,309.3599,842.6579,829204.75,45698
2013-11-07 08:20:00+01:00,802.54346,1165.9429,1071.0173,326.5336,611.6335,847561.9,47980
2013-11-07 08:30:00+01:00,875.59784,1109.8241,1315.484,349.79776,598.26526,873893.1,50925
2013-11-07 08:40:00+01:00,961.1181,1425.298,1636.314,433.2975,702.2453,892383.0,52272
2013-11-07 08:50:00+01:00,921.36115,1594.8678,1768.0148,456.19617,522.32367,898919.25,53352
2013-11-07 09:00:00+01:00,892.92584,1502.4847,2103.3904,406.77628,621.6748,916066.94,56555
2013-11-07 09:10:00+01:00,930.61993,1909.68,2337.0227,450.67838,537.14655,918094.9,55235
2013-11-07 09:20:00+01:00,1075.4607,1633.0409,2566.782,470.74377,464.93408,917411.0,54551
2013-11-07 09:30:00+01:00,1383.5333,1567.5155,2532.9119,434.8389,521.23474,922546.0,56235
2013-11-07 09:40:00+01:00,1296.0798,1762.6798,2531.8,464.26578,478.95468,928819.0,55258
2013-11-07 09:50:00+01:00,1345.43,1958.639,3029.0732,512.3583,674.22736,935294.06,56229
2013-11-07 10:00:00+01:00,1199.9829,2191.1152,2745.7305,462.74417,531.1741,945922.0,56690
2013-11-07 10:10:00+01:00,1342.0453,2088.106,2777.7327,634.1228,508.49435,950117.56,53782
2013-11-07 10:20:00+01:00,1377.7369,2268.1636,2997.6636,643.952,499.00745,957354.4,54998
2013-11-07 10:30:00+01:00,1466.7385,2228.997,3109.8315,605.23035,468.6802,953716.1,54890
2013-11-07 10:40:00+01:00,1768.5497,2221.2878,3265.7625,561.7232,597.363,962743.8,54107
2013-11-07 10:50:00+01:00,1744.4615,2498.7798,3314.3298,615.5068,543.6197,960588.75,56198
2013-11-07 11:00:00+01:00,1743.344,2250.9878,3102.4175,509.18823,493.89886,972387.94,55727
2013-11-07 11:10:00+01:00,1802.7461,2449.457,2997.8208,504.7616,455.85596,979344.0,55081
2013-11-07 11:20:00+01:00,1935.6356,2905.347,3053.3862,501.2049,633.9069,964991.1,54146
2013-11-07 11:30:00+01:00,1912.1117,2019.3812,3252.9573,530.1281,501.83945,971895.44,53866
2013-11-07 11:40:00+01:00,1961.6082,2217.7395,3180.918,547.18634,675.6038,968942.6,53238
2013-11-07 11:50:00+01:00,2093.073,2346.266,3189.8364,527.2049,605.86914,971241.0,54681
2013-11-07 12:00:00+01:00,2539.1511,2315.8428,3273.7153,648.73175,654.84326,982447.06,56628
2013-11-07 12:10:00+01:00,2599.2524,2530.2048,3379.454,613.2849,764.3215,988436.4,54710
2013-11-07 12:20:00+01:00,2423.4197,2967.6746,3310.7898,765.915,605.8115,992804.3,55301
2013-11-07 12:30:00+01:00,2211.0205,2624.4543,3651.7747,744.44086,588.0678,1004708.0,55147
2013-11-07 12:40:00+01:00,2726.4448,2591.2717,3539.2178,704.68524,629.24,1007799.1,56360
2013-11-07 12:50:00+01:00,2651.1401,2732.9932,3674.3953,788.1481,593.61475,1009409.44,55678
2013-11-07 13:00:00+01:00,2761.0955,2750.0125,3713.125,691.2262,618.8904,1027599.5,56375
2013-11-07 13:10:00+01:00,2983.2058,3195.773,3598.2725,668.67035,653.3762,1028475.9,51432
2013-11-07 13:20:00+01:00,3304.8806,3711.1003,3327.7583,636.8682,818.3238,1038935.25,54167
2013-11-07 13:30:00+01:00,2701.3494,2827.5703,3616.1807,626.56616,814.2582,1042190.5,54187
2013-11-07 13:40:00+01:00,2994.1326,2924.8672,3669.6042,678.52466,716.2816,1045542.75,51541
2013-11-07 13:50:00+01:00,3035.8542,2790.0913,3414.3835,644.1173,808.78705,1053789.9,51998
2013-11-07 14:00:00+01:00,3072.7742,2854.6687,3759.4312,707.4776,757.22327,1059770.2,53732
2013-11-07 14:10:00+01:00,2910.718,2855.3704,3836.272,796.34894,698.5919,1049809.1,52684
2013-11-07 14:20:00+01:00,3683.277,3523.5735,3461.8618,731.1514,684.64105,1037829.56,55029
2013-11-07 14:30:00+01:00,2614.0579,3213.6477,3242.3848,613.5862,710.22943,1024984.9,55894
2013-11-07 14:40:00+01:00,2668.7095,3310.9404,3265.762,717.0406,603.5299,1026874.7,55444
2013-11-07 14:50:00+01:00,2957.3962,3194.5393,3439.3186,692.97406,627.71124,1016363.1,53387
2013-11-07 15:00:00+01:00,2593.3538,3011.8948,3357.6204,574.18225,544.24744,1005177.1,52561
2013-11-07 15:10:00+01:00,2967.9792,2686.7969,3829.5708,662.67725,567.19885,996157.94,51658
2013-11-07 15:20:00+01:00,2832.1692,2896.0728,3239.4836,575.91437,584.9088,1003320.0,53319
2013-11-07 15:30:00+01:00,2711.9822,2614.8865,3082.9253,647.2292,587.42065,987894.4,53162
2013-11-07 15:40:00+01:00,2510.7986,2462.0776,2917.5337,719.54816,529.4787,991876.3,51900
2013-11-07 15:50:00+01:00,2452.4836,3062.3118,3656.8157,633.94183,585.31384,995178.7,53626
2013-11-07 16:00:00+01:00,2456.8518,2523.7944,3152.616,634.31683,535.3046,1009345.6,57479
2013-11-07 16:10:00+01:00,2943.9592,2253.6843,3081.5273,787.4187,540.924,1002297.44,54491
2013-11-07 16:20:00+01:00,2572.4915,2433.2563,3083.7786,564.685,579.39496,996126.7,54047
2013-11-07 16:30:00+01:00,3096.3076,2677.2612,3281.0034,522.6594,554.2759,989365.56,54302
2013-11-07 16:40:00+01:00,2445.7712,2599.958,3030.799,584.92993,567.0958,979785.94,55185
2013-11-07 16:50:00+01:00,2208.775,2823.023,3094.8125,533.1925,605.5169,987566.56,55026
2013-11-07 17:00:00+01:00,2289.7588,3201.2776,3100.458,528.78845,551.51324,988881.7,55882
2013-11-07 17:10:00+01:00,2475.732,2692.2114,2879.666,506.8325,533.2167,988785.2,52895
2013-11-07 17:20:00+01:00,2256.0479,3057.2148,2714.2205,491.4497,519.7991,991305.94,53283
2013-11-07 17:30:00+01:00,2605.915,2203.5208,2763.6052,563.1967,582.6028,999917.8,54705
2013-11-07 17:40:00+01:00,2772.3696,2164.3943,2788.2258,600.0818,648.04987,987553.6,56268
2013-11-07 17:50:00+01:00,2716.2715,2321.4062,2522.7751,586.401,615.1526,996152.06,55553
2013-11-07 18:00:00+01:00,2456.819,2331.7153,2673.001,647.19995,622.9141,1009639.6,53819
2013-11-07 18:10:00+01:00,2416.4963,2563.8894,2495.5142,547.8621,583.8569,993454.94,53191
2013-11-07 18:20:00+01:00,2237.321,1962.4778,2604.5586,575.2314,625.952,990944.1,53007
2013-11-07 18:30:00+01:00,2352.8186,1816.2128,2405.7368,428.8983,647.0375,989248.0,52413
2013-11-07 18:40:00+01:00,2358.767,2018.7891,2250.132,491.0337,661.326,981653.0,51292
2013-11-07 18:50:00+01:00,1961.1506,2048.6636,2139.8628,449.5763,655.62866,962097.06,51399
2013-11-07 19:00:00+01:00,2781.381,2151.2285,2118.0833,469.2379,832.7979,960441.06,51972
2013-11-07 19:10:00+01:00,2332.5918,1963.3392,2028.2032,494.24564,949.33264,952457.94,51767
2013-11-07 19:20:00+01:00,2011.7659,2629.6985,1822.2236,453.4473,788.3871,927752.06,50168
2013-11-07 19:30:00+01:00,2066.998,1745.896,1818.1486,435.89587,871.8798,913914.1,51296
2013-11-07 19:40:00+01:00,2322.964,1767.8842,1639.214,366.00076,888.0525,905012.0,50929
2013-11-07 19:50:00+01:00,2710.2378,1565.7184,1582.919,385.86514,732.58295,896499.2,50365
2013-11-07 20:00:00+01:00,1756.031,1342.6514,1544.9181,318.57086,835.37286,879925.94,48378
2013-11-07 20:10:00+01:00,1570.8972,1305.831,1322.7866,393.72583,780.9056,859851.94,48556
2013-11-07 20:20:00+01:00,1557.682,1294.2961,1247.7006,294.33643,808.7685,860555.0,47084
2013-11-07 20:30:00+01:00,1298.0648,1464.9056,1209.2695,308.33844,915.09534,857435.94,46167
2013-11-07 20:40:00+01:00,1204.2072,1259.48,1191.5264,418.4852,872.27216,848045.44,45217
2013-11-07 20:50:00+01:00,1203.2405,1411.6086,1144.3385,290.81815,874.7348,845332.9,43225
2013-11-07 21:00:00+01:00,1298.727,1305.8794,1185.3899,285.9907,881.8136,838184.06,42223
2013-11-07 21:10:00+01:00,1340.5664,1011.1875,996.73193,301.89926,957.0555,840080.2,43023
2013-11-07 21:20:00+01:00,1018.01404,1047.8909,1017.8908,268.17233,858.7346,821268.4,41588
2013-11-07 21:30:00+01:00,1364.9459,1113.3389,1156.9788,336.59683,1070.9972,817836.3,40769
2013-11-07 21:40:00+01:00,1399.9171,978.8971,1044.1465,265.72757,866.2082,799674.7,39427
2013-11-07 21:50:00+01:00,1078.1235,1195.3539,975.01544,295.0542,954.97266,807767.4,38623
2013-11-07 22:00:00+01:00,1360.8008,795.16815,955.1637,235.10158,1038.4425,796264.3,37828
2013-11-07 22:10:00+01:00,1090.3594,864.6154,896.23816,264.93732,1030.1902,784241.5,36828
2013-11-07 22:20:00+01:00,695.63586,825.38184,985.8863,323.7403,1049.9373,774227.5,37605
2013-11-07 22:30:00+01:00,678.10114,833.3557,917.489,279.01202,1024.9949,768658.44,33916
2013-11-07 22:40:00+01:00,744.81915,1537.7858,789.6682,243.37274,1025.0205,750577.7,34685
2013-11-07 22:50:00+01:00,624.878,750.36096,835.36566,250.22041,1077.8804,748769.2,32630
2013-11-07 23:00:00+01:00,612.6564,861.0386,759.74615,252.3571,876.0547,726231.3,32996
2013-11-07 23:10:00+01:00,648.51166,672.74384,888.34607,295.82266,867.8984,716355.56,32483
2013-11-07 23:20:00+01:00,684.5982,915.3625,1242.116,270.17105,1088.7781,705978.4,31150
2013-11-07 23:30:00+01:00,670.2885,851.31616,1039.2318,218.78387,839.7316,688797.56,30763
2013-11-07 23:40:00+01:00,518.5247,753.0388,915.70233,257.60828,805.22595,670758.6,29007
2013-11-07 23:50:00+01:00,496.3252,719.093,631.7427,245.98717,882.6645,651803.2,27394
2013-11-08 00:00:00+01:00,424.53076,795.2982,567.88184,269.727,752.84143,632996.6,27106
2013-11-08 00:10:00+01:00,452.26562,526.7659,583.40063,261.59488,807.6863,609811.75,26967
2013-11-08 00:20:00+01:00,458.51086,2009.2892,608.7896,299.04788,807.86774,590933.3,24559
2013-11-08 00:30:00+01:00,327.82874,652.32404,500.34445,206.14488,765.89795,571310.56,25114
2013-11-08 00:40:00+01:00,372.0065,442.26642,568.72186,198.4195,772.826,552144.25,23634
2013-11-08 00:50:00+01:00,273.55353,434.00476,524.3083,185.81035,591.98755,527977.94,21354
2013-11-08 01:00:00+01:00,251.41972,437.31635,471.5114,178.34296,539.80084,508250.53,21704
2013-11-08 01:10:00+01:00,330.53174,403.827,489.80676,224.67859,473.24258,499449.5,20736
2013-11-08 01:20:00+01:00,309.15063,415.181,473.9747,169.69174,473.51923,487548.78,19658
2013-11-08 01:30:00+01:00,224.50418,409.24542,454.14944,163.81778,472.22305,472795.28,19355
2013-11-08 01:40:00+01:00,285.90942,398.36752,455.8847,200.15211,484.46652,467143.56,19619
2013-11-08 01:50:00+01:00,221.6969,416.60962,525.00836,183.96582,601.14044,466070.22,18353
2013-11-08 02:00:00+01:00,217.91757,341.11707,404.6952,156.24464,374.7711,438816.1,19090
2013-11-08 02:10:00+01:00,200.55922,342.34845,440.30008,168.49622,381.4268,421570.66,18021
2013-11-08 02:20:00+01:00,243.42345,374.21487,440.10706,150.03871,371.5107,405516.12,17620
2013-11-08 02:30:00+01:00,174.46208,343.8687,394.92944,147.11308,444.26614,409780.56,17631
2013-11-08 02:40:00+01:00,195.50354,332.4813,419.29462,165.42442,337.42374,398004.34,17444
2013-11-08 02:50:00+01:00,181.85498,404.52744,498.8414,146.6996,359.316,399125.28,17831
2013-11-08 03:00:00+01:00,262.4422,318.569,451.65332,270.44138,326.67062,399874.38,17496
2013-11-08 03:10:00+01:00,192.686,329.02432,492.61884,152.45045,330.05942,390478.53,17104
2013-11-08 03:20:00+01:00,180.65352,370.0942,482.72504,141.03365,301.52692,383737.28,17300
2013-11-08 03:30:00+01:00,176.84673,301.81366,428.8536,148.39174,307.07724,379174.84,16783
2013-11-08 03:40:00+01:00,213.03557,311.1821,466.18982,153.99818,278.06735,365391.03,17504
2013-11-08 03:50:00+01:00,300.52798,343.1709,511.01404,140.96272,276.37613,364579.34,18130
2013-11-08 04:00:00+01:00,194.87729,285.93314,428.0544,138.80989,289.74487,351301.6,18760
2013-11-08 04:10:00+01:00,201.56543,332.37527,448.4928,140.2711,250.11281,345167.94,18717
2013-11-08 04:20:00+01:00,191.29628,326.84058,474.71008,133.22305,251.26726,346508.5,17942
2013-11-08 04:30:00+01:00,218.84618,284.24878,429.6333,127.98585,264.48373,340235.6,19276
2013-11-08 04:40:00+01:00,209.40431,305.18887,405.02423,144.12581,269.85693,341567.7,18998
2013-11-08 04:50:00+01:00,183.70505,351.06866,483.13327,135.90575,256.58997,339514.28,19212
2013-11-08 05:00:00+01:00,171.9013,334.83124,451.31403,132.58856,241.30196,341794.38,19739
2013-11-08 05:10:00+01:00,199.34314,339.48962,471.03308,141.69995,271.59735,342585.28,19699
2013-11-08 05:20:00+01:00,169.91492,365.3414,454.6701,144.8251,276.73486,341210.06,19603
2013-11-08 05:30:00+01:00,177.03334,310.05963,412.23785,130.00314,263.26938,357445.03,21368
2013-11-08 05:40:00+01:00,210.89403,344.24408,419.89725,147.05083,272.2744,353636.25,21418
2013-11-08 05:50:00+01:00,194.87723,351.4578,452.7405,137.72485,258.00775,367203.7,22032
2013-11-08 06:00:00+01:00,168.20258,320.9647,440.98856,136.51491,264.9805,377299.84,24446
2013-11-08 06:10:00+01:00,204.38324,373.49335,469.22485,147.59651,267.09222,387367.72,24510
2013-11-08 06:20:00+01:00,203.0229,371.0723,480.67892,143.78107,304.8132,400263.56,25064
2013-11-08 06:30:00+01:00,178.33337,341.94995,464.93466,133.4251,345.25763,407927.4,27769
2013-11-08 06:40:00+01:00,289.98633,400.17258,489.96768,168.5506,280.83124,437210.25,29481
2013-11-08 06:50:00+01:00,276.6656,461.0937,484.45795,160.7812,283.07376,465823.72,31041
2013-11-08 07:00:00+01:00,236.05359,443.25436,532.21185,182.68044,342.49277,509445.3,34075
2013-11-08 07:10:00+01:00,288.50485,449.36124,560.9442,205.20642,300.75232,555439.44,36699
2013-11-08 07:20:00+01:00,283.5649,573.7818,663.7794,211.06487,377.938,603523.0,37895
2013-11-08 07:30:00+01:00,273.68234,492.83426,656.88477,239.46529,427.43723,646870.9,39271
2013-11-08 07:40:00+01:00,334.1654,920.03284,658.86945,244.53087,419.25888,703132.56,40256
2013-11-08 07:50:00+01:00,404.56577,1052.6287,736.25275,240.89282,595.1691,749481.75,42562
2013-11-08 08:00:00+01:00,352.76636,725.3035,750.6621,279.03183,548.25745,790755.75,44574
2013-11-08 08:10:00+01:00,463.49362,1232.6287,964.77625,313.3175,540.0229,814536.8,46454
2013-11-08 08:20:00+01:00,481.3687,1177.5624,1146.2809,280.27463,712.79803,851124.44,48793
2013-11-08 08:30:00+01:00,743.00885,1057.8899,1327.8062,373.50653,623.4644,879312.5,50352
2013-11-08 08:40:00+01:00,726.1491,1489.8939,1526.4879,485.7838,667.7864,895532.75,50066
2013-11-08 08:50:00+01:00,858.90485,1917.3284,1816.3466,485.8652,567.26196,901596.25,52701
2013-11-08 09:00:00+01:00,832.928,1434.8691,2125.908,450.13715,538.7722,915718.25,54832
2013-11-08 09:10:00+01:00,1012.0366,1559.069,2273.094,482.8605,631.8579,915880.75,53653
2013-11-08 09:20:00+01:00,956.75226,1645.268,2422.9163,401.90863,620.3414,927075.94,55309
2013-11-08 09:30:00+01:00,989.5891,1624.5619,2581.9902,453.3214,562.66766,931255.0,55477
2013-11-08 09:40:00+01:00,1113.5726,1851.338,2675.1177,452.04437,542.07806,907458.25,55726
2013-11-08 09:50:00+01:00,1264.5304,1763.9722,2708.25,494.7881,667.8153,923750.3,56759
2013-11-08 10:00:00+01:00,1394.2771,1887.2914,2943.9766,563.4128,596.04736,944353.75,56441
2013-11-08 10:10:00+01:00,1323.1444,1996.8337,3439.985,561.16693,575.9114,959715.7,53649
2013-11-08 10:20:00+01:00,1590.0968,1917.1737,2986.6592,591.96204,520.52985,959607.8,58462
2013-11-08 10:30:00+01:00,1618.5352,2062.0774,3041.8296,487.34497,603.5252,967798.56,54942
2013-11-08 10:40:00+01:00,1811.6053,2098.005,3043.8994,557.5657,448.57214,973645.44,53900
2013-11-08 10:50:00+01:00,1603.5356,2208.0964,3026.1091,518.87537,658.7253,976501.4,54077
2013-11-08 11:00:00+01:00,1825.107,2201.1758,3288.6465,555.2578,652.4181,990599.75,54626
2013-11-08 11:10:00+01:00,1861.8782,2126.3958,3174.9407,537.73566,615.5509,986964.1,55135
2013-11-08 11:20:00+01:00,2009.6906,2408.6316,2908.404,541.4771,602.3152,975981.06,54952
2013-11-08 11:30:00+01:00,2110.8223,2262.0474,3398.2788,518.8966,558.17755,982487.7,55273
2013-11-08 11:40:00+01:00,2435.3386,2208.745,3261.4563,533.6261,539.355,975912.7,55436
2013-11-08 11:50:00+01:00,2134.032,2516.3926,3221.9258,568.0038,566.7237,969124.6,54490
2013-11-08 12:00:00+01:00,2639.1167,2542.9346,3194.525,613.0525,564.46387,981442.5,54118
2013-11-08 12:10:00+01:00,2014.007,2520.1367,2984.219,618.29126,606.5081,989059.75,53449
2013-11-08 12:20:00+01:00,2445.6948,2507.7505,3438.359,681.42175,598.90857,997880.2,55416
2013-11-08 12:30:00+01:00,2190.7021,2617.3142,3436.7214,598.3633,600.4518,994379.5,57366
2013-11-08 12:40:00+01:00,2329.8164,2543.4895,3841.263,629.89557,601.623,1009129.56,54548
2013-11-08 12:50:00+01:00,2413.073,2488.2563,3628.881,606.69965,754.3103,1017437.1,55816
2013-11-08 13:00:00+01:00,2560.0686,2649.9324,3759.0483,810.1875,654.38586,1031613.06,57074
2013-11-08 13:10:00+01:00,3238.8125,2979.8162,3727.1416,629.45337,577.0184,1034273.2,52902
2013-11-08 13:20:00+01:00,2745.818,2719.2637,3846.7563,656.5167,643.17395,1036627.56,52215
2013-11-08 13:30:00+01:00,3030.8555,3063.5168,4163.1133,715.17694,638.132,1042671.2,53826
2013-11-08 13:40:00+01:00,3470.5051,3120.6755,4262.8955,660.953,641.2658,1046027.5,51418
2013-11-08 13:50:00+01:00,3585.9988,2867.414,3805.7473,579.78424,631.3517,1041754.8,52465
2013-11-08 14:00:00+01:00,3566.9365,3488.3489,3717.5132,605.9571,604.2437,1044773.94,52450
2013-11-08 14:10:00+01:00,3771.865,2753.8381,3726.9736,646.6907,666.1409,1030999.9,53159
2013-11-08 14:20:00+01:00,3202.3118,2928.4766,4005.7876,685.45074,575.24536,1021480.44,55162
2013-11-08 14:30:00+01:00,3241.2988,2753.137,3401.8655,595.73236,677.9939,1010964.0,54148
2013-11-08 14:40:00+01:00,3020.9548,2538.9124,3479.1772,568.1066,723.2968,1003534.9,52792
2013-11-08 14:50:00+01:00,3104.6802,2622.8503,3434.0032,558.5466,665.4879,989997.06,53214
2013-11-08 15:00:00+01:00,3180.8213,2763.9187,3160.41,501.10846,639.8857,992664.2,53338
2013-11-08 15:10:00+01:00,3354.2803,2727.962,3339.781,551.3169,818.75366,994059.9,53554
2013-11-08 15:20:00+01:00,2780.2876,2458.528,3262.2146,477.36746,635.8593,985673.94,54935
2013-11-08 15:30:00+01:00,3611.6519,2909.6794,3149.0796,513.61224,634.8652,991806.25,53500
2013-11-08 15:40:00+01:00,2996.589,2410.9001,2934.6228,573.9094,614.4218,991012.0,55334
2013-11-08 15:50:00+01:00,2911.6292,2390.6833,3100.9539,485.3166,577.0913,992030.2,53932
2013-11-08 16:00:00+01:00,2949.638,2501.6685,3332.8916,515.912,560.5329,1001887.25,51382
2013-11-08 16:10:00+01:00,3150.2842,2944.9563,2973.777,504.57108,595.08575,1006388.8,53615
2013-11-08 16:20:00+01:00,3193.3738,2325.793,3067.8855,565.2104,567.4226,1001257.6,55549
2013-11-08 16:30:00+01:00,2877.9026,2252.2427,2994.7017,486.73907,566.7763,997639.25,53083
2013-11-08 16:40:00+01:00,2869.048,2233.3787,3198.8274,548.7669,585.911,1003058.3,54457
2013-11-08 16:50:00+01:00,2929.2888,2260.634,2752.7864,513.1496,600.6548,989289.75,53994
2013-11-08 17:00:00+01:00,2643.3157,2386.335,3002.5117,453.38904,612.9799,997974.6,55454
2013-11-08 17:10:00+01:00,2909.3633,2793.071,2687.5647,512.4432,591.07245,1006505.94,55388
2013-11-08 17:20:00+01:00,2632.6865,2314.3008,3076.1675,471.30627,590.4591,1004621.7,57266
2013-11-08 17:30:00+01:00,2795.6492,2853.919,3040.3752,594.9513,641.94415,1007999.8,55075
2013-11-08 17:40:00+01:00,2951.2422,2992.0728,2778.2205,540.6283,700.7448,1007909.25,53521
2013-11-08 17:50:00+01:00,2980.5933,3123.677,2651.2878,424.23874,831.07635,1013826.4,56439
2013-11-08 18:00:00+01:00,2988.5671,2030.2554,2560.199,427.60236,758.3322,1008342.25,54696
2013-11-08 18:10:00+01:00,2947.6687,2504.0708,2426.0393,397.08368,708.65173,991124.6,53380
2013-11-08 18:20:00+01:00,2742.7693,1899.3776,2398.945,491.76266,779.0725,1014389.75,55741
2013-11-08 18:30:00+01:00,2890.583,1892.3253,2143.6763,437.5855,825.3803,1005755.06,53722
2013-11-08 18:40:00+01:00,2687.816,2598.3696,1971.6517,379.91345,741.41895,991357.75,51910
2013-11-08 18:50:00+01:00,2149.0386,2259.6433,1965.4894,351.24155,614.84534,968142.25,54031
2013-11-08 19:00:00+01:00,2209.5413,1700.2305,1960.4602,370.17496,633.27795,966544.25,54419
2013-11-08 19:10:00+01:00,2203.1006,2470.8079,1744.1206,348.114,638.383,943491.56,53612
2013-11-08 19:20:00+01:00,1996.0511,1943.4282,1721.0918,357.03333,851.608,935030.75,52014
2013-11-08 19:30:00+01:00,1941.8445,1612.0494,1650.2307,343.91068,842.47705,935089.3,52141
2013-11-08 19:40:00+01:00,1713.9554,1439.6549,1677.3812,320.17114,684.1328,914641.75,51304
2013-11-08 19:50:00+01:00,2030.6428,1422.5713,1436.2632,294.825,817.5594,902671.44,51109
2013-11-08 20:00:00+01:00,1492.0381,1531.9963,1332.6342,326.20267,931.6381,884847.25,49100
2013-11-08 20:10:00+01:00,1497.5914,1079.6246,1225.0613,313.28436,761.7089,886705.8,46663
2013-11-08 20:20:00+01:00,1673.6001,1296.8976,1282.5706,294.13916,920.60236,875591.4,47200
2013-11-08 20:30:00+01:00,1396.9321,1346.4342,1178.2943,265.41077,935.0775,870768.75,47082
2013-11-08 20:40:00+01:00,1417.6143,1914.4873,1207.1265,313.29803,900.8017,869982.06,45783
2013-11-08 20:50:00+01:00,1678.0731,975.6078,1218.82,258.05005,1102.1074,846098.7,44405
2013-11-08 21:00:00+01:00,1478.9788,947.3521,1017.1128,242.62912,1031.9934,829948.5,43110
2013-11-08 21:10:00+01:00,1201.002,874.2264,1241.548,231.09605,1125.1793,829477.5,42445
2013-11-08 21:20:00+01:00,1264.4102,785.3259,830.24646,306.28082,1084.1357,812687.75,42616
2013-11-08 21:30:00+01:00,890.7989,782.3544,863.4961,225.75688,1133.6311,809663.0,41876
2013-11-08 21:40:00+01:00,1128.733,928.4462,982.1678,279.39,1238.4698,802721.06,40730
2013-11-08 21:50:00+01:00,1035.5928,737.0515,800.9611,244.84317,1293.2312,791649.06,38327
2013-11-08 22:00:00+01:00,1270.8967,764.5472,937.809,210.94539,988.42615,785151.9,36803
2013-11-08 22:10:00+01:00,1217.7224,874.33386,829.2451,268.37674,1150.1846,780565.94,38981
2013-11-08 22:20:00+01:00,839.9656,1449.886,773.7375,256.57266,1142.8104,771624.75,37214
2013-11-08 22:30:00+01:00,855.2154,792.4085,819.01526,255.44939,1111.2891,767052.25,35528
2013-11-08 22:40:00+01:00,1208.8317,775.2998,727.93933,211.59515,1091.1554,760692.5,36089
2013-11-08 22:50:00+01:00,560.89276,841.97925,1284.1517,216.69656,1217.5865,748612.2,34016
2013-11-08 23:00:00+01:00,611.62646,793.71826,1620.8291,197.2811,1156.6392,732787.1,33272
2013-11-08 23:10:00+01:00,516.3354,820.409,939.35876,203.8825,1273.777,727779.9,31918
2013-11-08 23:20:00+01:00,551.4859,757.12384,779.8289,212.29585,1185.835,718914.94,31464
2013-11-08 23:30:00+01:00,580.49695,864.79315,782.00226,259.7208,1271.1073,697628.2,30250
2013-11-08 23:40:00+01:00,858.1077,564.9844,731.0321,218.66331,1095.1533,683283.3,28878
2013-11-08 23:50:00+01:00,606.6731,486.76065,1155.9552,222.0299,1117.7885,673620.7,29648
2013-11-09 00:00:00+01:00,556.99945,470.87213,794.30994,232.77795,1185.4279,655769.56,30056
2013-11-09 00:10:00+01:00,551.3605,685.6022,791.5981,234.21094,1161.8322,636493.9,27421
2013-11-09 00:20:00+01:00,453.7208,503.66476,801.94714,224.82356,1208.8976,625714.4,26594
2013-11-09 00:30:00+01:00,643.4971,460.66428,927.2309,210.21129,1062.6433,602076.75,25981
2013-11-09 00:40:00+01:00,518.89465,499.4163,880.79584,259.60214,931.33234,579788.44,23686
2013-11-09 00:50:00+01:00,379.83337,411.1038,1152.7205,194.74521,1013.0135,564861.0,23691
2013-11-09 01:00:00+01:00,349.17654,347.8369,1068.7368,191.43237,759.1631,542836.5,24505
2013-11-09 01:10:00+01:00,359.50455,333.43857,1180.8215,269.8707,724.2547,533100.75,22276
2013-11-09 01:20:00+01:00,375.3659,356.05545,1123.1556,217.24953,723.813,525181.0,21596
2013-11-09 01:30:00+01:00,392.19156,383.39917,1221.4203,188.97037,607.6727,504356.0,21562
2013-11-09 01:40:00+01:00,309.18375,336.1361,1226.406,187.70552,621.3398,491009.84,20396
2013-11-09 01:50:00+01:00,300.44962,360.8924,1314.0394,175.87958,579.9352,482859.3,19832
2013-11-09 02:00:00+01:00,285.4973,304.71246,1235.5012,161.19852,587.2006,471232.72,20513
2013-11-09 02:10:00+01:00,247.28574,314.63736,1196.5339,173.7108,619.0414,461095.22,20250
2013-11-09 02:20:00+01:00,225.16951,379.2592,1245.3079,161.55167,654.39386,448789.28,18017
2013-11-09 02:30:00+01:00,254.6164,325.42242,1079.1333,183.69893,596.09515,437211.34,18916
2013-11-09 02:40:00+01:00,221.15532,298.8195,1015.4373,167.4367,444.5123,424422.2,18378
2013-11-09 02:50:00+01:00,206.84314,315.56302,971.6862,165.50058,445.0626,418768.03,18223
2013-11-09 03:00:00+01:00,252.61546,277.93655,979.1462,163.76082,457.0832,412857.53,17946
2013-11-09 03:10:00+01:00,192.49977,300.51517,873.1657,168.88138,397.95395,408191.25,18372
2013-11-09 03:20:00+01:00,206.63914,293.71283,776.22833,157.45215,429.06552,393794.44,17842
2013-11-09 03:30:00+01:00,250.62666,274.84195,833.5445,151.48012,373.93472,400938.4,18043
2013-11-09 03:40:00+01:00,213.33517,318.24115,767.7345,147.50075,408.99692,387477.84,17573
2013-11-09 03:50:00+01:00,211.81369,299.31766,850.5448,145.66849,389.90262,374321.9,17252
2013-11-09 04:00:00+01:00,256.14282,281.83975,720.8858,143.93057,424.10388,373035.0,19000
2013-11-09 04:10:00+01:00,195.01662,320.56955,516.3846,152.72571,309.34943,362157.9,17168
2013-11-09 04:20:00+01:00,195.74461,307.62552,582.7377,137.39534,307.2261,359487.56,17876
2013-11-09 04:30:00+01:00,230.73871,300.8308,564.89264,138.55501,284.72855,355648.7,18336
2013-11-09 04:40:00+01:00,236.92354,318.94595,753.6479,138.18347,305.73294,354556.44,17671
2013-11-09 04:50:00+01:00,199.04141,317.9465,445.10132,135.74081,267.89465,353539.38,17657
2013-11-09 05:00:00+01:00,240.80646,309.7971,422.05478,140.80437,265.32095,348001.56,18815
2013-11-09 05:10:00+01:00,202.85143,310.1113,355.27274,130.25458,265.19656,350878.94,18993
2013-11-09 05:20:00+01:00,210.6884,342.66272,330.6946,134.795,259.00018,341269.78,19047
2013-11-09 05:30:00+01:00,236.74963,306.93143,346.35272,125.159874,239.64967,340900.97,19831
2013-11-09 05:40:00+01:00,198.88174,325.37186,366.46817,128.74419,257.9915,343711.47,20733
2013-11-09 05:50:00+01:00,195.20418,316.37372,309.4368,120.20175,247.57542,349446.78,19630
2013-11-09 06:00:00+01:00,239.99542,281.56256,320.62073,122.863045,260.74176,353905.5,21603
2013-11-09 06:10:00+01:00,185.9302,313.71133,286.2919,129.18779,245.59668,358536.0,21576
2013-11-09 06:20:00+01:00,200.37227,316.62683,272.536,118.67926,254.77284,369024.62,22527
2013-11-09 06:30:00+01:00,256.29404,286.4568,332.7162,128.72551,349.56027,372019.03,23057
2013-11-09 06:40:00+01:00,206.3237,287.38245,326.71722,135.59274,273.61823,371734.72,23950
2013-11-09 06:50:00+01:00,217.09195,278.29855,315.0617,138.03288,265.6504,392400.66,24111
2013-11-09 07:00:00+01:00,284.66104,340.46426,334.98993,147.97346,253.15697,408168.62,27026
2013-11-09 07:10:00+01:00,229.91124,307.78143,330.31317,148.70938,269.18735,413984.84,29226
2013-11-09 07:20:00+01:00,229.02162,379.5352,452.84186,148.4169,279.34344,439616.8,30562
2013-11-09 07:30:00+01:00,295.4242,378.0207,339.90952,157.54276,260.8039,457650.38,31642
2013-11-09 07:40:00+01:00,258.56995,454.22665,362.73904,149.97464,317.40634,475994.5,30035
2013-11-09 07:50:00+01:00,329.282,412.02026,355.28717,181.21027,288.23346,500214.3,34838
2013-11-09 08:00:00+01:00,526.89545,400.40445,520.4904,193.4947,354.7346,521453.97,35090
2013-11-09 08:10:00+01:00,286.2327,477.5847,437.50275,206.29813,359.56744,524634.0,35889
2013-11-09 08:20:00+01:00,220.29706,421.00034,472.61752,174.03932,354.10034,546174.5,37319
2013-11-09 08:30:00+01:00,424.84903,567.2595,620.4744,183.46011,327.38,580696.94,38247
2013-11-09 08:40:00+01:00,433.7835,635.9207,540.6259,214.61905,414.17902,599115.56,40426
2013-11-09 08:50:00+01:00,410.47318,802.56445,444.88712,202.9609,487.7509,617181.0,41184
2013-11-09 09:00:00+01:00,907.7997,567.7556,518.9413,187.50816,432.09402,637966.2,43004
2013-11-09 09:10:00+01:00,627.8218,940.7234,548.689,196.3857,454.02014,651162.56,41871
2013-11-09 09:20:00+01:00,688.1654,1130.7972,526.8577,216.54677,515.01447,680640.56,42890
2013-11-09 09:30:00+01:00,583.35315,891.8509,539.84674,233.48929,554.33356,707055.44,43604
2013-11-09 09:40:00+01:00,752.7364,732.03876,575.64667,219.6039,726.8972,723515.8,42914
2013-11-09 09:50:00+01:00,728.1013,960.16254,630.761,261.37927,789.4712,744544.2,43160
2013-11-09 10:00:00+01:00,885.11346,869.239,735.15283,194.42334,633.4831,761930.94,45455
2013-11-09 10:10:00+01:00,883.27075,888.46924,667.99835,253.65977,510.63303,768181.56,45661
2013-11-09 10:20:00+01:00,1201.0187,1108.5078,774.65247,250.94144,587.5361,777042.8,47239
2013-11-09 10:30:00+01:00,977.552,1621.0682,610.41895,239.49435,642.98486,785423.6,46723
2013-11-09 10:40:00+01:00,1341.1085,981.3321,713.02045,250.40184,554.5045,796852.0,45660
2013-11-09 10:50:00+01:00,1618.6058,1266.5411,737.2739,221.02417,554.0984,814187.9,44992
2013-11-09 11:00:00+01:00,1323.4604,1178.0171,692.76624,257.81647,597.6205,810314.25,46718
2013-11-09 11:10:00+01:00,1728.4011,1208.5087,718.008,245.52913,558.7119,819312.2,46416
2013-11-09 11:20:00+01:00,1754.4869,1480.8062,701.61084,345.68204,660.9025,829004.56,46027
2013-11-09 11:30:00+01:00,2037.966,1428.3059,641.89166,328.18976,623.21783,829789.75,46630
2013-11-09 11:40:00+01:00,2136.804,1924.2714,728.95905,314.4544,573.3097,838378.8,45916
2013-11-09 11:50:00+01:00,2591.6675,1468.88,671.15955,291.7998,577.8592,832123.5,46213
2013-11-09 12:00:00+01:00,2405.6335,1642.402,701.80707,317.31985,583.0088,832012.7,46513
2013-11-09 12:10:00+01:00,2898.5881,1830.7806,827.3325,296.58572,628.8808,833068.94,44176
2013-11-09 12:20:00+01:00,2677.7683,1699.5217,698.15393,284.81604,582.4554,838312.4,45620
2013-11-09 12:30:00+01:00,2355.5222,2010.8632,707.40924,339.9044,614.2233,838610.3,46376
2013-11-09 12:40:00+01:00,2828.0046,1918.7216,754.84375,315.36893,633.38666,838422.6,47932
2013-11-09 12:50:00+01:00,2715.61,1758.6793,752.21924,351.57635,627.1324,824597.1,45651
2013-11-09 13:00:00+01:00,2484.8965,2231.1943,833.16876,279.07593,652.1748,821361.0,45685
2013-11-09 13:10:00+01:00,3216.804,2523.9302,691.31165,288.02948,688.159,823539.94,44598
2013-11-09 13:20:00+01:00,3408.0137,2251.0183,714.3532,308.15256,695.23334,812177.8,42977
2013-11-09 13:30:00+01:00,2660.9412,2165.4941,698.96246,251.85164,802.01404,820580.8,43884
2013-11-09 13:40:00+01:00,2850.5864,2437.6367,789.12854,293.88226,804.13477,824095.9,42018
2013-11-09 13:50:00+01:00,3409.8313,2138.012,721.6571,251.80553,708.6013,819320.4,43616
2013-11-09 14:00:00+01:00,3100.9294,2595.191,606.57135,256.02414,707.31146,826850.5,45328
2013-11-09 14:10:00+01:00,2930.2644,2198.2588,684.22955,284.94196,725.6588,832540.6,43291
2013-11-09 14:20:00+01:00,2746.0176,2064.7207,711.64655,263.25888,741.1571,838919.5,44891
2013-11-09 14:30:00+01:00,3136.1084,2007.1412,883.2382,259.94208,819.8923,835139.6,43803
2013-11-09 14:40:00+01:00,3780.1526,2116.1702,694.4511,254.41711,931.8121,831359.8,44008
2013-11-09 14:50:00+01:00,3854.931,2528.9324,667.99457,285.68933,780.4746,837175.1,45205
2013-11-09 15:00:00+01:00,3617.5356,2360.9526,781.0814,287.16315,903.8025,838847.25,43718
2013-11-09 15:10:00+01:00,3160.0442,2335.6296,626.6724,274.8736,744.5923,845533.4,43748
2013-11-09 15:20:00+01:00,3480.2795,2508.744,629.2194,269.97998,912.1113,840350.3,43803
2013-11-09 15:30:00+01:00,4607.5015,2451.665,627.44995,252.22528,877.02344,840232.3,42138
2013-11-09 15:40:00+01:00,4062.3755,2431.4448,693.8838,235.62927,927.8384,830010.44,43356
2013-11-09 15:50:00+01:00,4025.3245,2154.8232,645.2979,270.51202,939.8026,843194.44,44734
2013-11-09 16:00:00+01:00,3945.1743,2629.6702,670.236,245.06274,845.93713,848675.1,44103
2013-11-09 16:10:00+01:00,4319.503,2490.629,589.754,273.94943,906.76996,848839.5,45161
2013-11-09 16:20:00+01:00,4249.707,2278.5342,633.93896,260.63843,914.7926,847922.4,43604
2013-11-09 16:30:00+01:00,4275.8594,2783.737,581.56726,250.15092,760.4972,849830.2,43990
2013-11-09 16:40:00+01:00,4239.275,3054.7778,592.1707,294.20752,951.69183,850942.56,44401
2013-11-09 16:50:00+01:00,4619.958,2921.4292,671.51227,359.17743,973.8195,860231.5,43359
2013-11-09 17:00:00+01:00,5026.948,2658.1663,611.11273,303.98962,764.6121,867212.4,44141
2013-11-09 17:10:00+01:00,4782.121,2470.5232,670.6899,278.8698,735.1674,865013.2,43794
2013-11-09 17:20:00+01:00,4314.4536,2333.506,630.8029,252.48007,932.90936,863954.44,43642
2013-11-09 17:30:00+01:00,4080.3652,2138.2253,632.6342,243.97333,918.10474,864841.25,45232
2013-11-09 17:40:00+01:00,4086.4434,2367.667,575.79364,311.02362,882.03217,881038.25,44865
2013-11-09 17:50:00+01:00,4847.1465,2646.1707,531.732,284.8741,775.5451,864970.06,44513
2013-11-09 18:00:00+01:00,4395.167,2196.989,561.5479,293.6574,847.1843,873044.7,44806
2013-11-09 18:10:00+01:00,4473.3936,2699.3015,542.7953,263.7403,825.6917,881109.5,46019
2013-11-09 18:20:00+01:00,4482.252,2521.8267,521.26544,254.0221,713.85,870992.44,45979
2013-11-09 18:30:00+01:00,4185.6104,2460.2239,664.34265,344.33182,743.77167,875872.8,44579
2013-11-09 18:40:00+01:00,3608.2024,2263.6394,604.0362,268.14832,918.78345,861879.0,43688
2013-11-09 18:50:00+01:00,3765.861,2152.8801,689.9356,280.97006,684.2271,852001.8,44007
2013-11-09 19:00:00+01:00,3993.3516,2526.1401,609.5933,271.82437,689.1721,857279.5,44054
2013-11-09 19:10:00+01:00,3768.0398,2132.3616,553.88495,263.00763,877.44183,851337.4,43660
2013-11-09 19:20:00+01:00,3437.2236,2712.9536,598.86456,235.99619,876.0362,838303.6,43050
2013-11-09 19:30:00+01:00,3064.115,2324.933,686.2584,242.02332,914.0071,846188.3,42105
2013-11-09 19:40:00+01:00,3175.8093,1931.8624,615.88513,251.93205,1019.9021,835304.1,42358
2013-11-09 19:50:00+01:00,2818.8113,1766.5162,534.5228,225.11409,1049.2295,825643.9,43419
2013-11-09 20:00:00+01:00,2670.9048,2409.358,626.76416,234.09473,881.5623,818500.75,41573
2013-11-09 20:10:00+01:00,2403.7825,2003.067,515.7289,273.37897,1203.672,811233.06,41347
2013-11-09 20:20:00+01:00,2594.4714,1797.7836,522.88617,255.42279,1013.4216,802347.44,40820
2013-11-09 20:30:00+01:00,1750.9606,1822.0297,554.91644,251.288,1218.7202,808864.06,37717
2013-11-09 20:40:00+01:00,1788.8716,1673.3413,550.8349,234.72504,1154.2998,802759.1,38813
2013-11-09 20:50:00+01:00,2023.6158,2004.2156,727.26294,249.1949,1324.7793,803990.9,37775
2013-11-09 21:00:00+01:00,1472.4882,2362.3608,648.69727,204.405,1240.6598,803636.9,35704
2013-11-09 21:10:00+01:00,1334.0441,1412.789,790.66925,225.2655,1418.9017,809168.94,36870
2013-11-09 21:20:00+01:00,1528.427,1196.29,932.63153,216.30902,1226.0203,806701.44,36462
2013-11-09 21:30:00+01:00,1510.0427,1069.0424,1273.8405,198.22226,1428.3787,799653.9,35813
2013-11-09 21:40:00+01:00,1748.4957,1354.5181,1189.5702,215.55157,1436.0837,797390.9,36243
2013-11-09 21:50:00+01:00,1576.0183,1105.8136,1281.64,229.24803,1420.2559,799660.4,34859
2013-11-09 22:00:00+01:00,1784.0254,1127.6488,1337.8655,212.31972,1448.589,795773.6,34213
2013-11-09 22:10:00+01:00,1434.2434,1287.9637,1444.166,208.12369,1868.742,785333.25,32588
2013-11-09 22:20:00+01:00,1648.1514,1287.809,1404.3296,203.56862,1718.0978,789461.44,32266
2013-11-09 22:30:00+01:00,1947.1658,1170.3279,1273.76,296.8849,1458.0815,781921.2,32142
2013-11-09 22:40:00+01:00,1215.3129,875.04034,1305.1107,262.10287,1483.8748,772403.8,33288
2013-11-09 22:50:00+01:00,1171.3195,716.34534,1472.5,229.58704,1415.2845,763642.75,32839
2013-11-09 23:00:00+01:00,976.848,1359.7268,1272.1738,210.01614,1589.8533,764035.4,33367
2013-11-09 23:10:00+01:00,948.57874,834.72437,1076.8251,241.35641,1564.8187,741381.5,30913
2013-11-09 23:20:00+01:00,1178.3373,991.80896,1227.3619,243.0586,1494.9358,739401.4,30520
2013-11-09 23:30:00+01:00,800.002,930.13727,1177.2758,222.38603,1437.9014,730802.56,29731
2013-11-09 23:40:00+01:00,733.2398,758.41406,1234.7089,219.68222,1541.6785,692487.75,30644
2013-11-09 23:50:00+01:00,809.8934,906.1005,1211.473,247.9285,1419.3054,681932.0,27232
2013-11-10 00:00:00+01:00,786.864,842.0045,1111.7076,245.68054,1469.4165,673488.4,27781
2013-11-10 00:10:00+01:00,837.5694,742.7678,1191.5974,233.44633,1381.128,646971.5,27579
2013-11-10 00:20:00+01:00,669.6103,563.44135,1129.3024,255.31136,1314.424,632780.3,26047
2013-11-10 00:30:00+01:00,519.45825,740.5498,1420.478,221.5938,1186.9294,620431.44,25365
2013-11-10 00:40:00+01:00,619.67566,665.1373,1303.8322,220.6963,1242.8284,601219.9,25715
2013-11-10 00:50:00+01:00,591.1265,571.5378,1436.3247,312.8552,1455.6659,597554.94,23827
2013-11-10 01:00:00+01:00,369.151,537.677,1406.1738,271.65262,1237.2456,586584.2,22989
2013-11-10 01:10:00+01:00,342.6936,499.9169,1352.1189,218.96039,1145.4995,574564.56,23323
2013-11-10 01:20:00+01:00,354.4383,447.0536,1290.1426,255.10968,1119.8156,555078.25,22504
2013-11-10 01:30:00+01:00,325.13147,357.24057,1202.2804,232.87564,1064.1881,534199.75,21118
2013-11-10 01:40:00+01:00,311.74774,331.89844,1141.1703,291.0693,1147.4548,519376.66,20163
2013-11-10 01:50:00+01:00,282.99838,365.02844,1149.3428,234.89233,834.3296,505492.97,20516
2013-11-10 02:00:00+01:00,286.32922,341.82608,766.13153,238.12712,764.79517,491520.78,19470
2013-11-10 02:10:00+01:00,266.6923,303.0618,808.3088,204.82373,737.08887,477101.1,17998
2013-11-10 02:20:00+01:00,239.4142,348.38632,969.13806,208.26605,652.93567,461784.0,19487
2013-11-10 02:30:00+01:00,234.65804,300.3878,819.063,199.0133,599.8921,453051.6,18834
2013-11-10 02:40:00+01:00,238.58167,321.834,839.8555,198.92859,644.4588,441928.66,18145
2013-11-10 02:50:00+01:00,238.44943,348.96027,807.1731,218.50143,572.5671,427536.0,17737
2013-11-10 03:00:00+01:00,264.1488,266.62436,821.2557,246.02043,507.6141,420366.4,19149
2013-11-10 03:10:00+01:00,235.1137,224.39375,632.235,163.71288,435.05984,412249.03,17314
2013-11-10 03:20:00+01:00,252.46567,304.43097,601.4691,222.77634,346.06583,403870.7,17211
2013-11-10 03:30:00+01:00,413.72183,299.756,637.8742,194.60648,330.22293,399428.38,17688
2013-11-10 03:40:00+01:00,270.87915,270.5484,521.84814,190.21999,345.8831,386225.28,17428
2013-11-10 03:50:00+01:00,295.25116,272.25555,493.34134,178.2047,283.18848,378025.8,15744
2013-11-10 04:00:00+01:00,229.72151,264.294,430.1993,153.30095,293.52313,374739.4,18311
2013-11-10 04:10:00+01:00,236.67053,234.65878,472.0515,209.7246,304.4341,365825.2,17550
2013-11-10 04:20:00+01:00,235.08136,260.49728,409.14636,145.74693,253.73642,357306.7,16866
2013-11-10 04:30:00+01:00,225.16945,261.29074,402.12112,148.60603,309.90924,354498.47,17014
2013-11-10 04:40:00+01:00,254.26917,223.49464,328.2716,128.3713,358.06396,350040.8,17038
2013-11-10 04:50:00+01:00,264.5495,234.62122,334.4088,135.99852,242.54341,345620.22,17203
2013-11-10 05:00:00+01:00,231.9616,263.67532,276.39325,132.75838,281.1366,340634.12,17496
2013-11-10 05:10:00+01:00,244.52505,231.5648,321.2463,120.16023,307.39276,339496.4,17155
2013-11-10 05:20:00+01:00,250.09053,319.0236,239.55414,130.28418,242.67601,336738.7,16813
2013-11-10 05:30:00+01:00,227.69327,250.66472,263.2101,132.77838,268.19208,332792.94,17132
2013-11-10 05:40:00+01:00,254.03108,210.45049,219.40657,118.54649,271.97668,333209.9,18526
2013-11-10 05:50:00+01:00,264.17233,299.48288,221.943,142.23578,226.01793,329418.72,16928
2013-11-10 06:00:00+01:00,206.86124,295.59958,211.435,143.47098,249.81955,329446.22,18545
2013-11-10 06:10:00+01:00,237.78276,250.81322,193.65181,124.95229,273.7229,333194.53,18893
2013-11-10 06:20:00+01:00,263.84186,228.99667,197.92624,135.04338,246.81657,331806.47,18124
2013-11-10 06:30:00+01:00,212.42317,231.60107,204.10957,136.23663,258.13385,329515.2,19197
2013-11-10 06:40:00+01:00,451.01746,226.12503,199.07152,122.86539,293.96927,337963.6,19049
2013-11-10 06:50:00+01:00,267.71793,297.84042,202.58412,124.77336,241.12654,339878.56,20152
2013-11-10 07:00:00+01:00,229.39041,278.4337,220.02132,133.43744,290.75772,345748.8,21333
2013-11-10 07:10:00+01:00,266.91302,428.27515,204.98187,133.46214,291.01993,352650.53,21392
2013-11-10 07:20:00+01:00,231.25507,305.53766,197.67148,134.33058,305.10376,362794.34,22008
2013-11-10 07:30:00+01:00,368.6953,318.94073,243.24948,148.3793,278.55313,372501.03,23631
2013-11-10 07:40:00+01:00,397.61734,265.61496,201.10297,141.74919,287.02618,382827.4,24591
2013-11-10 07:50:00+01:00,308.80322,357.45334,227.66512,149.33572,286.26437,396676.28,26190
2013-11-10 08:00:00+01:00,244.06387,331.5262,235.98122,159.0144,318.0612,408664.03,29317
2013-11-10 08:10:00+01:00,294.09763,324.94586,233.0557,158.18208,345.7004,426298.0,30566
2013-11-10 08:20:00+01:00,262.53595,312.29428,224.1349,159.45488,276.30136,445666.1,32731
2013-11-10 08:30:00+01:00,280.5425,380.34625,289.21954,156.08386,315.11392,457114.97,32795
2013-11-10 08:40:00+01:00,492.07468,334.27783,246.96881,192.13834,343.21628,472685.2,34053
2013-11-10 08:50:00+01:00,368.4624,341.79492,300.43286,165.08322,332.08444,499490.78,36139
2013-11-10 09:00:00+01:00,339.0729,335.70743,286.68262,218.38629,387.9503,516013.62,36479
2013-11-10 09:10:00+01:00,316.5443,366.98907,256.33002,434.80545,350.43448,532576.75,37042
2013-11-10 09:20:00+01:00,499.33884,366.5638,293.23062,223.08002,333.2583,562018.0,37858
2013-11-10 09:30:00+01:00,360.8593,464.33978,285.63367,172.8301,424.59695,581716.8,38038
2013-11-10 09:40:00+01:00,345.3927,451.72433,256.33875,187.79344,368.49014,593577.3,38525
2013-11-10 09:50:00+01:00,440.87405,553.0104,283.14655,168.87361,404.31345,608108.56,41069
2013-11-10 10:00:00+01:00,620.4167,501.09012,305.96173,242.41202,590.51935,637195.94,42978
2013-11-10 10:10:00+01:00,855.0348,588.09717,267.19662,320.67676,517.5033,651474.8,41692
2013-11-10 10:20:00+01:00,830.7611,707.7514,310.73483,216.97804,440.3522,666588.7,42351
2013-11-10 10:30:00+01:00,823.6671,842.71,556.61346,248.22585,400.67987,679891.94,42499
2013-11-10 10:40:00+01:00,1349.7097,682.13495,420.93073,240.69728,408.42212,678822.9,43406
2013-11-10 10:50:00+01:00,1007.844,799.6838,312.66327,219.6562,457.0239,698116.6,43927
2013-11-10 11:00:00+01:00,1264.3768,1093.3414,420.06406,229.33528,451.03268,708101.0,42546
2013-11-10 11:10:00+01:00,1850.4946,943.00104,495.46716,288.6641,442.0615,713951.0,43205
2013-11-10 11:20:00+01:00,1870.8195,1168.5315,406.87833,311.87885,539.6811,724319.9,43870
2013-11-10 11:30:00+01:00,1743.686,1181.4039,426.02518,273.8703,565.77606,728782.94,41942
2013-11-10 11:40:00+01:00,2103.3425,1430.8765,367.8277,267.74524,478.44742,734889.0,42303
2013-11-10 11:50:00+01:00,2063.9595,1386.388,359.11398,183.79202,595.7269,741297.3,42762
2013-11-10 12:00:00+01:00,2360.1628,1343.3907,414.8873,198.16345,503.9382,747363.94,42934
2013-11-10 12:10:00+01:00,2637.9048,1214.2166,461.46445,204.42705,584.8095,753665.1,42885
2013-11-10 12:20:00+01:00,2356.303,1370.0469,492.1248,199.12743,573.91315,760695.5,43530
2013-11-10 12:30:00+01:00,3281.5586,1558.5176,649.836,204.23744,615.81213,754598.7,41723
2013-11-10 12:40:00+01:00,2854.5066,1618.383,661.86035,263.65942,529.3473,755974.25,42871
2013-11-10 12:50:00+01:00,2269.152,2157.1616,454.2729,201.1215,589.517,760158.4,41918
2013-11-10 13:00:00+01:00,2675.119,1901.3016,472.63144,224.54347,569.30927,755038.7,42276
2013-11-10 13:10:00+01:00,2690.9182,1668.3555,505.09583,240.73454,560.4427,753807.25,42237
2013-11-10 13:20:00+01:00,2568.4592,1796.5343,414.19577,220.35771,629.519,738428.4,40085
2013-11-10 13:30:00+01:00,2714.7007,1620.1233,526.83215,274.4503,831.1399,745307.44,41553
2013-11-10 13:40:00+01:00,2611.4646,1821.6372,523.0163,245.77818,793.37427,751334.7,40293
2013-11-10 13:50:00+01:00,2723.0728,2141.8306,466.9117,208.52357,648.0475,764482.56,39687
2013-11-10 14:00:00+01:00,3742.3953,1673.1418,667.31055,296.23206,692.766,767921.5,42366
2013-11-10 14:10:00+01:00,2716.999,1951.6859,540.3746,221.09225,928.0141,771726.1,40811
2013-11-10 14:20:00+01:00,2811.553,2646.918,735.4455,218.80241,830.4977,771280.7,41350
2013-11-10 14:30:00+01:00,3366.1777,1903.1235,438.6076,223.42201,849.9687,784230.1,41287
2013-11-10 14:40:00+01:00,3366.9543,1867.3553,499.69363,225.33301,798.88904,786131.9,40484
2013-11-10 14:50:00+01:00,3436.4995,2172.958,341.28403,220.66095,797.7933,789896.2,42570
2013-11-10 15:00:00+01:00,3903.3086,1977.2097,440.98126,211.46146,698.6484,803996.8,42624
2013-11-10 15:10:00+01:00,3619.4243,2336.9814,480.20618,194.9353,748.61115,816536.3,42525
2013-11-10 15:20:00+01:00,3761.4805,2223.5952,810.164,216.41216,831.3639,815180.0,41462
2013-11-10 15:30:00+01:00,3924.7957,2078.5068,445.71765,223.79903,686.22986,815508.6,41399
2013-11-10 15:40:00+01:00,4890.349,1792.583,482.7193,209.56668,614.2642,809557.06,40474
2013-11-10 15:50:00+01:00,4089.589,1942.8256,558.29425,258.28848,661.5131,814704.75,40788
2013-11-10 16:00:00+01:00,4004.28,2496.1597,544.9413,181.71227,706.72974,818596.3,41410
2013-11-10 16:10:00+01:00,4480.1733,2460.667,653.95294,238.21835,655.75653,820016.8,40478
2013-11-10 16:20:00+01:00,4369.656,2167.7935,628.79913,250.73567,692.8503,823758.1,42067
2013-11-10 16:30:00+01:00,5199.9976,2399.3828,634.6639,225.38847,715.8306,841487.9,41636
2013-11-10 16:40:00+01:00,5225.8687,2207.949,495.336,255.80383,770.17413,847937.44,42470
2013-11-10 16:50:00+01:00,5050.2856,2737.8672,469.36023,247.51445,676.42914,852538.25,41063
2013-11-10 17:00:00+01:00,4943.9224,2196.774,797.33923,264.88028,684.7134,841719.94,41839
2013-11-10 17:10:00+01:00,5042.9805,2218.1938,506.73837,223.88622,667.7952,845225.25,42669
2013-11-10 17:20:00+01:00,4875.335,2237.088,826.82605,248.04454,616.50824,844354.94,43840
2013-11-10 17:30:00+01:00,4430.38,1934.1868,1086.5792,244.6337,688.0373,847386.7,44453
2013-11-10 17:40:00+01:00,4618.46,2292.391,435.39508,235.60661,735.8315,840307.9,44182
2013-11-10 17:50:00+01:00,5049.6978,2329.8074,474.86996,259.37357,874.3606,849221.5,43932
2013-11-10 18:00:00+01:00,4840.183,2363.1938,451.3595,278.69452,688.1643,842190.06,43238
2013-11-10 18:10:00+01:00,3753.6853,2188.1814,476.6289,233.81932,618.2114,840924.75,44333
2013-11-10 18:20:00+01:00,3666.0808,2021.0583,455.4894,275.13876,671.0674,838517.75,43162
2013-11-10 18:30:00+01:00,3861.0823,2032.3672,624.5497,267.87823,623.0551,841072.5,42853
2013-11-10 18:40:00+01:00,3675.2673,1937.0981,560.4558,273.1334,688.3595,835324.5,41536
2013-11-10 18:50:00+01:00,3704.5627,1856.6698,581.3118,236.77374,655.47125,833867.4,45155
2013-11-10 19:00:00+01:00,3191.3003,1681.2992,724.99475,313.86,682.46844,830346.6,42526
2013-11-10 19:10:00+01:00,3668.0361,1925.3633,626.83875,265.45804,768.12067,822217.2,42219
2013-11-10 19:20:00+01:00,2912.5088,1826.3658,695.6143,234.8644,749.82965,813792.2,42165
2013-11-10 19:30:00+01:00,3246.5603,1636.4518,569.3151,242.90948,746.2989,805132.56,42471
2013-11-10 19:40:00+01:00,3541.769,1263.6328,481.51273,271.5776,771.2216,808640.06,41951
2013-11-10 19:50:00+01:00,2657.7383,1274.8534,731.6048,343.3023,766.7799,791589.0,40632
2013-11-10 20:00:00+01:00,2384.1306,1678.4338,514.9509,260.35568,837.8607,785443.5,39238
2013-11-10 20:10:00+01:00,1907.7302,2324.7349,478.14722,237.0196,833.88153,785998.1,39366
2013-11-10 20:20:00+01:00,1638.5773,1383.8555,556.8205,226.6572,810.092,789442.2,38981
2013-11-10 20:30:00+01:00,1802.9491,946.10626,645.3417,227.08542,822.04,790525.5,38977
2013-11-10 20:40:00+01:00,1327.1674,868.7822,453.54703,265.56104,898.6068,803760.56,38219
2013-11-10 20:50:00+01:00,1674.3711,873.99567,629.13873,246.93477,814.43445,814747.3,37467
2013-11-10 21:00:00+01:00,1121.1343,881.0741,466.12936,250.85448,797.4741,813913.56,36355
2013-11-10 21:10:00+01:00,1147.4292,735.6985,379.7048,241.97997,880.90424,802895.6,35356
2013-11-10 21:20:00+01:00,1101.0178,736.12885,378.36603,201.99338,1047.9711,798404.2,35212
2013-11-10 21:30:00+01:00,1499.4445,742.93805,501.9821,245.29846,904.5346,795145.9,35353
2013-11-10 21:40:00+01:00,1071.8241,722.91626,359.264,226.50264,960.6973,785701.3,35969
2013-11-10 21:50:00+01:00,1019.4356,713.5185,357.62192,207.67574,930.01324,781926.7,34068
2013-11-10 22:00:00+01:00,1593.1681,688.3322,438.17886,239.52199,968.559,786091.75,33770
2013-11-10 22:10:00+01:00,1212.8735,534.02844,389.957,243.00404,1182.1534,776290.8,32260
2013-11-10 22:20:00+01:00,1151.6682,515.56335,389.9333,225.5034,1084.875,777489.25,31629
2013-11-10 22:30:00+01:00,783.08154,603.31006,505.97824,259.93277,849.8179,762024.8,32563
2013-11-10 22:40:00+01:00,792.03284,599.66064,422.4454,240.47047,837.4378,748095.1,32308
2013-11-10 22:50:00+01:00,834.2275,480.1305,395.32065,254.55049,769.8622,726470.8,31389
2013-11-10 23:00:00+01:00,844.9635,453.7772,337.07733,263.95444,883.21216,699452.8,29805
2013-11-10 23:10:00+01:00,554.19855,493.3248,312.08072,225.2624,725.14795,682436.1,28856
2013-11-10 23:20:00+01:00,821.8926,470.5053,284.05505,242.42937,628.63434,673538.8,28766
2013-11-10 23:30:00+01:00,658.8613,496.08105,300.16528,206.8789,734.72766,654145.4,28558
2013-11-10 23:40:00+01:00,409.02817,529.3137,284.30634,191.36174,680.591,632042.5,26079
2013-11-10 23:50:00+01:00,498.5259,402.36368,324.4902,212.82077,558.25085,619857.6,26264
2013-11-11 00:00:00+01:00,419.43158,453.60297,328.1924,193.20052,578.15906,596916.6,25267
2013-11-11 00:10:00+01:00,368.35663,389.15994,250.78474,191.66096,558.02527,570411.75,23678
2013-11-11 00:20:00+01:00,386.437,388.18988,281.11002,197.62837,470.48486,550581.44,22182
2013-11-11 00:30:00+01:00,425.96152,373.02673,316.3536,185.96307,530.3681,535727.06,22872
2013-11-11 00:40:00+01:00,291.75775,523.7187,269.55957,191.90388,468.03204,523174.1,20239
2013-11-11 00:50:00+01:00,269.13568,341.55725,360.5393,172.57433,400.27405,504604.56,19649
2013-11-11 01:00:00+01:00,261.19174,363.33496,281.0698,151.25412,405.26346,491157.53,20394
2013-11-11 01:10:00+01:00,216.59457,297.37677,316.73685,143.57625,381.59778,475689.28,19122
2013-11-11 01:20:00+01:00,261.5654,420.91702,286.13947,163.29361,392.45468,459895.25,19578
2013-11-11 01:30:00+01:00,365.66354,306.89468,284.18857,166.22523,348.33078,445065.44,19195
2013-11-11 01:40:00+01:00,193.41747,312.42303,209.46198,155.8972,362.99203,431001.56,17273
2013-11-11 01:50:00+01:00,226.58064,254.73648,203.25456,159.5307,312.70724,425637.12,17172
2013-11-11 02:00:00+01:00,242.1376,304.67657,260.7339,154.22804,343.78973,416848.2,16428
2013-11-11 02:10:00+01:00,196.89674,284.41287,257.2407,154.51425,333.57892,404431.75,16617
2013-11-11 02:20:00+01:00,243.08475,248.60844,248.14044,150.79097,284.6886,404560.1,16620
2013-11-11 02:30:00+01:00,243.43643,285.00467,221.0463,135.37045,294.30743,393754.97,16746
2013-11-11 02:40:00+01:00,191.83008,266.5753,194.44545,142.97531,287.45734,382487.9,16750
2013-11-11 02:50:00+01:00,226.55054,267.59216,186.07593,139.36763,261.56012,382571.12,16403
2013-11-11 03:00:00+01:00,233.91481,262.75864,216.03062,131.74467,291.21603,374371.34,16879
2013-11-11 03:10:00+01:00,195.72617,246.20221,181.92612,132.03754,294.70807,365664.5,16029
2013-11-11 03:20:00+01:00,396.9038,258.07657,174.38417,141.81097,268.99188,360682.22,15771
2013-11-11 03:30:00+01:00,497.51874,291.7041,208.28041,122.7284,265.5825,361213.06,16565
2013-11-11 03:40:00+01:00,178.98796,311.72113,181.85654,138.3229,261.37558,352240.88,16287
2013-11-11 03:50:00+01:00,227.27602,252.78992,178.77908,131.17424,246.00441,351261.88,16350
2013-11-11 04:00:00+01:00,240.0581,256.6665,198.86592,124.16013,243.97371,348052.84,17308
2013-11-11 04:10:00+01:00,190.91388,238.14975,184.3658,136.87233,243.43869,343026.28,16990
2013-11-11 04:20:00+01:00,240.89912,242.62029,181.07578,125.004105,230.04945,340705.28,16022
2013-11-11 04:30:00+01:00,234.0753,260.7316,201.43658,127.28417,257.05496,340355.22,18279
2013-11-11 04:40:00+01:00,196.94432,263.1457,177.74393,131.44916,232.8895,333894.28,17044
2013-11-11 04:50:00+01:00,231.79445,267.51175,158.29831,125.8989,219.99812,334531.44,18305
2013-11-11 05:00:00+01:00,236.39548,253.82059,203.7233,122.96976,238.28497,339189.1,18106
2013-11-11 05:10:00+01:00,185.36325,254.96779,175.02267,123.01532,221.22643,338068.78,19300
2013-11-11 05:20:00+01:00,234.37477,262.8586,162.6437,125.24744,210.73256,336906.25,18568
2013-11-11 05:30:00+01:00,225.7009,269.00146,225.50703,136.97014,245.02753,340892.66,20980
2013-11-11 05:40:00+01:00,176.80423,262.754,189.03903,126.44744,225.71188,343300.0,21074
2013-11-11 05:50:00+01:00,237.95409,281.69504,173.66476,138.59224,204.55939,350701.9,21291
2013-11-11 06:00:00+01:00,214.05238,295.0796,205.32683,130.63753,240.25719,366341.66,21696
2013-11-11 06:10:00+01:00,181.99768,316.22357,195.49197,138.17679,243.21634,376423.75,24409
2013-11-11 06:20:00+01:00,236.06033,282.16895,180.86148,146.16582,214.37646,386948.34,25339
2013-11-11 06:30:00+01:00,231.85379,303.8879,224.27603,154.63893,250.53929,407188.62,26847
2013-11-11 06:40:00+01:00,217.01056,331.9636,209.7981,153.61523,260.90894,432484.3,28734
2013-11-11 06:50:00+01:00,267.45557,382.76508,207.80481,150.82597,249.62048,461989.47,29606
2013-11-11 07:00:00+01:00,286.82977,356.7795,304.69717,149.08124,303.94968,497341.6,33805
2013-11-11 07:10:00+01:00,209.46706,379.96555,251.9897,159.40202,309.15732,531576.4,32900
2013-11-11 07:20:00+01:00,332.1186,436.2503,311.96,174.75967,343.26505,580800.0,35897
2013-11-11 07:30:00+01:00,400.56662,531.1333,398.87247,201.25218,422.5105,627300.75,36795
2013-11-11 07:40:00+01:00,447.91058,685.51465,528.2126,236.84366,428.21823,669382.56,37609
2013-11-11 07:50:00+01:00,427.24338,625.20807,519.52203,235.92238,428.78177,709123.5,40720
2013-11-11 08:00:00+01:00,395.81158,737.3764,715.4087,263.79608,440.64285,754584.94,40659
2013-11-11 08:10:00+01:00,486.468,1162.8661,693.9463,337.37863,544.4763,787770.6,41140
2013-11-11 08:20:00+01:00,614.164,1170.6897,951.91284,331.6651,597.54095,813187.56,43259
2013-11-11 08:30:00+01:00,608.8525,1099.518,1087.6716,344.39285,511.6512,836000.25,43256
2013-11-11 08:40:00+01:00,704.8731,1428.0114,1359.4576,374.1966,546.5519,856212.0,44419
2013-11-11 08:50:00+01:00,825.3197,1536.4412,1891.7599,411.79718,570.98834,873249.6,45624
2013-11-11 09:00:00+01:00,981.7976,1434.3934,2033.8684,411.80405,556.4692,884225.56,48748
2013-11-11 09:10:00+01:00,1152.53,1555.3563,1935.8877,423.26324,554.33966,892016.5,47040
2013-11-11 09:20:00+01:00,1040.8104,1784.0411,2306.4177,429.0834,654.54987,887599.56,48632
2013-11-11 09:30:00+01:00,1070.3289,1354.9507,2165.2693,402.73303,617.59796,894846.6,48828
2013-11-11 09:40:00+01:00,1128.8857,1539.3773,2359.286,467.7541,547.6274,903108.56,49004
2013-11-11 09:50:00+01:00,1111.7938,1767.203,2440.7979,461.8455,563.1598,907799.1,49879
2013-11-11 10:00:00+01:00,1179.2278,1605.1028,2913.5933,523.9577,656.6124,922248.4,50694
2013-11-11 10:10:00+01:00,1204.895,1743.1317,2389.98,630.1661,538.0983,919677.6,51505
2013-11-11 10:20:00+01:00,1521.4855,1718.3972,2644.1672,737.89594,553.9903,933471.6,50889
2013-11-11 10:30:00+01:00,1459.0693,1666.4103,2584.1536,552.30145,623.201,935548.25,51837
2013-11-11 10:40:00+01:00,1443.7208,1861.129,2869.3784,500.17297,545.21185,936443.2,51401
2013-11-11 10:50:00+01:00,1273.1008,2084.9575,2603.8997,566.09296,514.23944,941532.4,51294
2013-11-11 11:00:00+01:00,1869.7903,2028.5153,2746.5193,503.19904,509.55087,941263.06,51952
2013-11-11 11:10:00+01:00,2106.107,2532.3618,2837.2185,527.75806,491.4578,947229.3,50694
2013-11-11 11:20:00+01:00,1613.0999,1946.5669,2997.388,539.8085,547.16534,944230.1,52706
2013-11-11 11:30:00+01:00,1763.4604,2781.2993,2950.463,531.9645,502.8122,947795.94,50101
2013-11-11 11:40:00+01:00,2030.0953,2610.5264,2932.8472,571.29095,517.6941,946635.75,51848
2013-11-11 11:50:00+01:00,2334.6,2353.5347,2820.4077,540.3232,448.07898,950201.6,49787
2013-11-11 12:00:00+01:00,2551.7378,2318.4163,2891.6028,655.8233,504.3442,962993.4,51233
2013-11-11 12:10:00+01:00,2156.592,2727.7031,3216.837,679.6037,554.7105,963095.2,50331
2013-11-11 12:20:00+01:00,1972.8832,2636.359,3017.4832,683.5072,513.6352,966164.4,54238
2013-11-11 12:30:00+01:00,2625.1396,3060.7366,2978.8677,607.70233,541.9359,982790.6,54406
2013-11-11 12:40:00+01:00,2389.176,2643.333,3330.905,652.2916,665.75616,985208.56,52632
2013-11-11 12:50:00+01:00,2096.961,3062.885,3555.1309,630.437,665.40967,995216.3,50199
2013-11-11 13:00:00+01:00,2783.296,2856.4138,3682.7742,602.55096,567.6649,1006817.25,51899
2013-11-11 13:10:00+01:00,2971.1577,2833.067,3688.0125,693.8414,601.715,1020482.94,49905
2013-11-11 13:20:00+01:00,2674.4126,2998.6887,3688.2834,547.68396,594.3469,1026637.5,50712
2013-11-11 13:30:00+01:00,2797.9265,2775.6877,3739.2998,679.38043,734.4497,1034975.7,52590
2013-11-11 13:40:00+01:00,2792.5005,2921.146,3764.189,705.9985,729.9437,1041558.94,48958
2013-11-11 13:50:00+01:00,2724.3372,2937.9004,3433.305,631.119,634.1796,1031207.4,48505
2013-11-11 14:00:00+01:00,3135.4446,2848.326,3388.3494,722.0237,674.3161,1019505.3,50128
2013-11-11 14:10:00+01:00,2807.71,3175.4346,3294.3281,632.7944,769.7415,1015856.44,49251
2013-11-11 14:20:00+01:00,3087.1199,2943.9612,3414.8867,647.2848,705.1641,1018514.4,50975
2013-11-11 14:30:00+01:00,2969.8992,2602.3481,3372.8538,631.5181,629.62537,999546.44,49471
2013-11-11 14:40:00+01:00,2324.4822,2840.8782,3331.2073,709.9516,680.3316,982232.44,49240
2013-11-11 14:50:00+01:00,2597.5981,2740.693,3268.859,635.05597,576.28644,979095.8,49177
2013-11-11 15:00:00+01:00,2498.3655,3619.6973,3109.837,590.61285,566.81934,983820.94,50293
2013-11-11 15:10:00+01:00,2564.5,2848.8018,3170.8723,619.5044,766.38055,979739.4,51163
2013-11-11 15:20:00+01:00,2876.2734,3109.5605,3096.7212,578.10156,581.10443,983215.4,52614
2013-11-11 15:30:00+01:00,2982.6792,2929.3958,3194.1382,616.3599,766.61206,991320.2,51955
2013-11-11 15:40:00+01:00,2284.5942,2850.6016,3134.998,578.08215,682.3755,981683.8,52261
2013-11-11 15:50:00+01:00,2536.7512,2801.6145,3279.0522,612.7246,693.4704,978258.3,51825
2013-11-11 16:00:00+01:00,2454.2031,2503.6213,3605.855,736.2326,575.1938,984429.2,51505
2013-11-11 16:10:00+01:00,2244.0347,2772.8064,3317.8855,793.7785,618.5321,983277.1,51080
2013-11-11 16:20:00+01:00,2504.453,2692.3545,2967.5989,646.3483,652.0806,983870.2,50040
2013-11-11 16:30:00+01:00,2413.0017,2850.588,3133.5356,625.97833,788.967,984914.75,50596
2013-11-11 16:40:00+01:00,2407.4834,2634.829,3025.8525,718.3771,561.70264,969867.75,49936
2013-11-11 16:50:00+01:00,2520.6436,2396.054,3418.8408,591.7078,658.4141,970442.75,49919
2013-11-11 17:00:00+01:00,2603.5015,2606.2483,2933.0981,543.70984,600.0511,974332.7,50583
2013-11-11 17:10:00+01:00,2505.7812,2418.4915,3089.5322,641.31244,631.8415,980540.5,48673
2013-11-11 17:20:00+01:00,2389.2275,2988.3047,2685.4482,675.3866,627.8123,983740.9,49658
2013-11-11 17:30:00+01:00,2482.089,2574.6018,2735.367,653.17175,625.3833,982233.6,52705
2013-11-11 17:40:00+01:00,2387.8718,2867.2488,2926.457,627.63885,601.81024,987434.4,51878
2013-11-11 17:50:00+01:00,2606.673,2271.852,2581.5652,614.4397,645.36066,985178.7,49210
2013-11-11 18:00:00+01:00,3212.3447,2379.6978,2661.4968,620.6373,668.3894,987767.4,51832
2013-11-11 18:10:00+01:00,2581.0637,1869.4287,2586.0305,641.91595,612.195,983086.3,51262
2013-11-11 18:20:00+01:00,2628.155,2268.6912,2495.1245,496.0057,654.6996,973414.0,51377
2013-11-11 18:30:00+01:00,2235.9497,2304.642,2326.8037,558.7431,623.3697,967943.5,50481
2013-11-11 18:40:00+01:00,2123.066,2037.9357,2166.8086,484.97775,742.6047,962312.6,50071
2013-11-11 18:50:00+01:00,2551.3792,1703.1068,2065.7603,520.10846,659.41455,945472.94,50419
2013-11-11 19:00:00+01:00,2310.469,2085.3386,2462.0137,519.9446,699.20447,935455.25,51021
2013-11-11 19:10:00+01:00,1957.398,1705.9799,2147.128,470.15442,633.4635,915155.2,49680
2013-11-11 19:20:00+01:00,2205.5903,2148.8757,1736.8225,427.33728,684.3821,893920.1,47791
2013-11-11 19:30:00+01:00,1789.3518,1847.969,1921.0125,484.17105,694.158,881600.3,46663
2013-11-11 19:40:00+01:00,1985.9675,1654.2615,1665.5245,460.19653,711.0196,866470.5,46937
2013-11-11 19:50:00+01:00,1715.5391,1302.2936,1638.366,398.01993,765.1491,850364.06,44411
2013-11-11 20:00:00+01:00,1765.3126,1460.563,1453.8273,357.93954,701.12244,840116.75,42973
2013-11-11 20:10:00+01:00,1428.3838,1609.9373,1498.579,338.96094,813.0224,822991.2,43080
2013-11-11 20:20:00+01:00,1592.6514,1517.9463,1361.9846,339.88043,673.79083,812486.5,43113
2013-11-11 20:30:00+01:00,1320.7172,1152.7335,1161.0659,309.52374,663.45416,820518.06,42582
2013-11-11 20:40:00+01:00,1204.8463,1092.5724,1265.0714,349.52176,745.226,822804.06,39196
2013-11-11 20:50:00+01:00,1219.3583,862.995,1167.5907,437.1809,750.14935,811778.7,39809
2013-11-11 21:00:00+01:00,907.19073,1184.253,1037.0605,344.06125,732.40265,794888.8,41104
2013-11-11 21:10:00+01:00,929.61786,1202.9924,922.5966,316.9966,822.98505,795150.25,40673
2013-11-11 21:20:00+01:00,1164.2672,905.17017,971.64453,317.82507,741.5112,785336.4,38853
2013-11-11 21:30:00+01:00,1201.8799,788.3654,862.9005,316.5693,696.45874,774755.5,37797
2013-11-11 21:40:00+01:00,688.96185,756.4451,945.0857,349.21475,834.5555,780717.9,37733
2013-11-11 21:50:00+01:00,754.69836,748.09924,933.2399,344.68982,693.9768,762808.1,36096
2013-11-11 22:00:00+01:00,810.6209,836.298,876.36664,307.29974,729.0024,750325.4,35306
2013-11-11 22:10:00+01:00,635.02704,866.99524,1069.7408,343.83826,904.2935,755445.4,33877
2013-11-11 22:20:00+01:00,541.36816,747.6571,768.6906,314.65814,815.23535,734064.25,33869
2013-11-11 22:30:00+01:00,559.0719,693.7313,818.9979,284.8462,790.1647,731642.5,32962
2013-11-11 22:40:00+01:00,543.49286,892.6682,816.57336,254.43896,689.8903,712110.06,31763
2013-11-11 22:50:00+01:00,534.82,763.57874,702.2579,247.91367,907.86584,705710.56,29613
2013-11-11 23:00:00+01:00,734.3658,737.26044,762.6539,323.9561,716.4316,684466.4,30776
2013-11-11 23:10:00+01:00,495.62582,503.49478,710.0599,253.63347,724.417,692938.0,29891
2013-11-11 23:20:00+01:00,481.19788,572.2176,947.9452,225.27722,790.4111,678873.1,28753
2013-11-11 23:30:00+01:00,711.33405,979.50415,643.3419,278.4613,722.73785,660898.75,28500
2013-11-11 23:40:00+01:00,383.69342,429.5653,642.4637,294.83475,667.1871,634973.5,26850
2013-11-11 23:50:00+01:00,394.5388,631.58746,707.64777,239.23181,777.01324,618504.94,25249
2013-11-12 00:00:00+01:00,360.6898,472.5212,780.6602,224.8907,521.44104,589562.44,23751
2013-11-12 00:10:00+01:00,524.54974,456.9867,770.70215,228.94676,517.5631,568253.3,23443
2013-11-12 00:20:00+01:00,388.91064,550.96814,645.0897,234.6768,491.29547,541044.7,22607
2013-11-12 00:30:00+01:00,463.9404,633.4367,680.3485,196.9953,474.85117,520976.72,21383
2013-11-12 00:40:00+01:00,416.87247,588.2004,563.6594,195.2952,425.6606,495440.66,20789
2013-11-12 00:50:00+01:00,316.977,484.6873,551.1602,207.38058,398.90915,480444.1,19895
2013-11-12 01:00:00+01:00,297.11588,512.87213,539.7124,183.20988,417.049,468090.3,19563
2013-11-12 01:10:00+01:00,283.5572,287.8573,472.3411,186.21626,391.0958,448003.8,19614
2013-11-12 01:20:00+01:00,260.39578,352.6387,481.6554,172.61652,476.94186,443768.22,18119
2013-11-12 01:30:00+01:00,245.6997,388.82523,525.1143,173.91316,391.37094,432766.4,17582
2013-11-12 01:40:00+01:00,266.1008,419.7101,441.47693,183.79907,380.44028,417683.03,17111
2013-11-12 01:50:00+01:00,261.5042,438.1799,469.62085,182.95677,379.85315,516376.75,18314
2013-11-12 02:00:00+01:00,238.64317,338.18005,460.66763,179.32166,346.85425,419118.75,17999
2013-11-12 02:10:00+01:00,231.68944,291.22675,446.31613,173.00229,311.33096,385395.28,17194
2013-11-12 02:20:00+01:00,275.6321,314.11603,438.99762,156.95589,331.17758,408542.56,16729
2013-11-12 02:30:00+01:00,263.35852,296.9614,535.8033,183.59734,310.19763,394999.88,17165
2013-11-12 02:40:00+01:00,190.72778,269.36517,389.5511,169.60576,304.61795,445700.97,17165
2013-11-12 02:50:00+01:00,211.79677,308.3627,398.1294,163.21364,290.57645,392825.6,15955
2013-11-12 03:00:00+01:00,254.35799,294.29446,388.7912,179.93417,285.91794,367899.88,16304
2013-11-12 03:10:00+01:00,205.03163,321.23987,381.31516,181.75323,278.5989,363170.84,16107
2013-11-12 03:20:00+01:00,197.33853,278.8833,392.9878,154.62991,275.89487,378937.72,16048
2013-11-12 03:30:00+01:00,182.44537,262.62656,411.74625,152.97266,266.73587,352346.66,16268
2013-11-12 03:40:00+01:00,176.74397,251.73059,388.10938,160.80669,243.67714,355177.72,16030
2013-11-12 03:50:00+01:00,193.78264,271.14822,387.3323,147.11339,244.61726,356287.75,15108
2013-11-12 04:00:00+01:00,238.1245,262.48688,397.7009,156.19667,261.80255,342513.62,16283
2013-11-12 04:10:00+01:00,216.48645,278.24542,376.9244,153.70284,245.38988,341092.97,17430
2013-11-12 04:20:00+01:00,201.84941,281.03033,374.16342,145.5146,220.01492,343959.56,16855
2013-11-12 04:30:00+01:00,181.75954,287.9826,407.19543,150.72435,250.44664,336068.6,17618
2013-11-12 04:40:00+01:00,176.72961,267.72546,366.85635,153.06744,241.65935,331571.25,17793
2013-11-12 04:50:00+01:00,194.87535,255.6337,349.18918,135.04286,215.65082,338349.25,17234
2013-11-12 05:00:00+01:00,186.23221,264.9059,421.08337,143.80609,252.08926,339200.3,18048
2013-11-12 05:10:00+01:00,170.60658,235.12311,355.67844,148.77795,253.85457,334229.5,19436
2013-11-12 05:20:00+01:00,179.4503,297.4507,369.31787,141.54855,237.0319,339133.53,19002
2013-11-12 05:30:00+01:00,197.18735,276.53864,408.45773,146.43889,237.66376,347479.72,19170
2013-11-12 05:40:00+01:00,164.31804,265.52322,357.48874,152.6265,249.91882,348544.7,20743
2013-11-12 05:50:00+01:00,187.71239,292.3796,375.1629,142.64284,269.21646,359454.56,20946
2013-11-12 06:00:00+01:00,199.30154,287.3321,406.30286,144.20549,353.17865,373028.84,22852
2013-11-12 06:10:00+01:00,165.65457,268.22003,349.912,149.79512,259.8485,377142.12,23940
2013-11-12 06:20:00+01:00,201.53392,349.46548,367.27603,145.36911,274.97772,387004.62,24896
2013-11-12 06:30:00+01:00,201.05482,326.4291,461.51767,151.57654,340.2836,414958.4,26464
2013-11-12 06:40:00+01:00,227.28175,363.00793,363.37177,153.46922,326.84467,437872.66,27718
2013-11-12 06:50:00+01:00,284.50616,340.08798,417.077,150.49538,317.1985,465702.0,29158
2013-11-12 07:00:00+01:00,278.4429,403.05252,471.41916,185.81296,329.67386,512186.34,32261
2013-11-12 07:10:00+01:00,282.8537,360.37753,471.47733,212.73532,312.62897,552356.06,34020
2013-11-12 07:20:00+01:00,299.80185,491.75833,558.33636,177.44609,394.98758,592343.44,34882
2013-11-12 07:30:00+01:00,375.26407,480.9786,593.938,208.05914,464.35956,650244.75,38458
2013-11-12 07:40:00+01:00,443.78595,588.9811,656.2817,229.12938,468.454,688173.06,38866
2013-11-12 07:50:00+01:00,471.88474,695.3175,811.89874,282.8745,451.71213,729987.56,39615
2013-11-12 08:00:00+01:00,396.44794,964.1206,804.61316,324.25818,514.821,780541.4,40894
2013-11-12 08:10:00+01:00,387.65567,883.4335,878.1751,358.82306,530.2849,808212.3,42525
2013-11-12 08:20:00+01:00,765.2705,1283.3053,1127.907,339.5399,525.41,823787.3,45831
2013-11-12 08:30:00+01:00,703.412,1164.2278,2045.4957,403.7724,524.1499,858900.9,48134
2013-11-12 08:40:00+01:00,674.5188,1128.7443,1632.5709,455.4844,591.4961,867920.1,47921
2013-11-12 08:50:00+01:00,766.711,1284.0024,1714.7405,523.66296,603.70917,882946.1,48422
2013-11-12 09:00:00+01:00,849.3082,1445.0541,2225.793,460.96564,638.06885,895619.7,48330
2013-11-12 09:10:00+01:00,824.0858,1561.3634,2050.8154,467.17242,557.1468,898620.75,50319
2013-11-12 09:20:00+01:00,971.06055,1776.1294,2166.6526,524.336,560.17566,904000.8,50874
2013-11-12 09:30:00+01:00,1045.8271,1558.0618,2463.9802,600.7032,606.15454,914041.25,52010
2013-11-12 09:40:00+01:00,1133.3811,1661.0773,2423.7417,581.93854,534.4908,908673.7,52137
2013-11-12 09:50:00+01:00,1219.5039,1789.5923,2411.2007,639.1845,599.71277,914977.44,51339
2013-11-12 10:00:00+01:00,1445.6661,1772.2684,2866.3354,573.57495,610.1045,926831.2,51661
2013-11-12 10:10:00+01:00,1346.1824,1960.9138,2873.2605,599.4815,538.65497,923219.3,49604
2013-11-12 10:20:00+01:00,1516.5726,1968.8351,2989.1707,714.5716,531.40094,929286.06,50951
2013-11-12 10:30:00+01:00,1571.0869,1924.5087,3198.2612,640.29114,510.7833,940018.94,51676
2013-11-12 10:40:00+01:00,1637.9816,2196.9463,2930.4897,621.6391,498.58627,943199.2,52922
2013-11-12 10:50:00+01:00,1651.3608,2177.0083,3408.985,678.75916,571.7492,935043.44,53115
2013-11-12 11:00:00+01:00,1731.8009,2341.2979,3010.264,593.9512,476.4642,958111.2,52797
2013-11-12 11:10:00+01:00,1989.8282,2427.047,2798.7866,599.2029,493.49936,950294.5,50491
2013-11-12 11:20:00+01:00,1870.9918,2310.6902,2782.8882,645.3077,531.1847,955461.5,49935
2013-11-12 11:30:00+01:00,2018.799,2413.968,2904.0244,666.48816,429.96994,964561.6,50664
2013-11-12 11:40:00+01:00,2336.6594,2408.8884,2693.3018,688.9916,614.2478,963553.9,52306
2013-11-12 11:50:00+01:00,2306.1218,2368.647,2669.2756,681.07635,552.9537,957596.1,51848
2013-11-12 12:00:00+01:00,2201.1357,2546.7378,3064.515,721.2829,670.5658,979669.3,49849
2013-11-12 12:10:00+01:00,2470.2078,2366.46,2859.341,670.9815,717.2996,975794.6,51877
2013-11-12 12:20:00+01:00,2326.6313,2303.8418,2954.9355,679.9492,708.178,970817.8,52702
2013-11-12 12:30:00+01:00,2491.0828,3060.561,3358.7969,659.5308,579.659,988895.25,52328
2013-11-12 12:40:00+01:00,2330.5464,3183.247,3368.9673,668.5093,774.068,994834.8,51691
2013-11-12 12:50:00+01:00,2362.3965,2729.5894,3711.1748,674.8945,519.98,999049.94,51207
2013-11-12 13:00:00+01:00,2821.1663,3177.8887,3633.7947,744.797,660.6353,1025419.3,51244
2013-11-12 13:10:00+01:00,2702.7515,2759.1658,3579.7905,722.40356,720.1146,1023960.25,50405
2013-11-12 13:20:00+01:00,3002.7427,3124.8909,3335.0017,670.30756,685.54083,1027665.3,51106
2013-11-12 13:30:00+01:00,3650.02,2989.6833,3434.802,649.34686,614.603,1041055.3,50947
2013-11-12 13:40:00+01:00,3465.0952,3276.125,3390.2944,636.0186,778.4422,1041286.06,50438
2013-11-12 13:50:00+01:00,3252.0234,3095.9805,3536.3428,582.05316,628.4004,1030069.3,50814
2013-11-12 14:00:00+01:00,3261.9146,3100.3193,3360.2761,677.33014,819.5488,1037744.2,51494
2013-11-12 14:10:00+01:00,2781.5925,3025.561,3402.6956,700.34607,665.92664,1035633.0,51589
2013-11-12 14:20:00+01:00,2726.5176,2950.5479,3434.6829,742.51855,535.5208,1024498.5,50669
2013-11-12 14:30:00+01:00,2605.937,2832.0708,3289.9084,690.5811,645.107,1012769.7,49293
2013-11-12 14:40:00+01:00,2872.2747,4182.7554,3359.3247,645.3787,632.53784,1020491.94,52774
2013-11-12 14:50:00+01:00,3043.2295,2539.196,3090.348,636.1203,645.53265,1004370.44,52483
2013-11-12 15:00:00+01:00,3460.572,2389.9146,3458.1555,607.775,658.22833,1015516.06,51963
2013-11-12 15:10:00+01:00,2675.4983,2414.9302,3048.4995,588.5693,603.7836,988998.6,52615
2013-11-12 15:20:00+01:00,2448.6365,2454.4526,3314.1487,587.6215,568.5885,1001635.25,51778
2013-11-12 15:30:00+01:00,2346.053,2462.5688,3139.4014,677.0341,615.4201,960165.56,49615
2013-11-12 15:40:00+01:00,2496.2546,2668.4873,3141.9524,650.8912,642.3739,976449.9,51976
2013-11-12 15:50:00+01:00,2400.8818,2891.6182,3311.7605,587.3062,638.9578,978961.25,53764
2013-11-12 16:00:00+01:00,2617.7173,2807.1023,3431.76,684.3877,556.9212,994692.7,53637
2013-11-12 16:10:00+01:00,2674.9248,3019.7646,3036.2617,738.0659,602.3522,977127.7,51830
2013-11-12 16:20:00+01:00,2998.0718,2595.6628,3045.2695,709.4693,617.53564,974566.56,50748
2013-11-12 16:30:00+01:00,2639.2832,2469.0376,3240.4656,603.15137,534.02185,974053.25,51887
2013-11-12 16:40:00+01:00,2505.0808,2342.0923,2969.276,723.1405,581.0863,976876.8,51135
2013-11-12 16:50:00+01:00,2734.8909,2335.8484,3176.6775,685.1015,610.169,972762.94,54745
2013-11-12 17:00:00+01:00,3953.7717,2436.9631,2985.0547,570.2293,849.9134,991462.0,52802
2013-11-12 17:10:00+01:00,2852.3818,2256.8616,3343.5903,755.574,721.3056,991058.4,50517
2013-11-12 17:20:00+01:00,2793.9238,2483.1572,3946.7783,657.2789,627.2407,991728.75,53239
2013-11-12 17:30:00+01:00,2430.7124,2723.7935,2903.0012,572.5718,573.1218,991644.56,53265
2013-11-12 17:40:00+01:00,2344.1245,2122.0554,2809.06,652.1771,744.8732,993261.0,52243
2013-11-12 17:50:00+01:00,2627.7634,2384.7527,2805.888,642.8309,582.12506,994348.9,51322
2013-11-12 18:00:00+01:00,2399.8772,2519.6357,2662.2297,609.93414,585.5699,1004256.56,52547
2013-11-12 18:10:00+01:00,2448.1807,2462.4805,2569.296,613.1676,713.70624,996483.8,53785
2013-11-12 18:20:00+01:00,2509.6067,2119.82,2379.451,560.49567,672.27716,980270.9,51389
2013-11-12 18:30:00+01:00,2395.3687,2253.0112,2233.0483,571.8838,752.8906,966581.6,50473
2013-11-12 18:40:00+01:00,2399.3923,2110.6165,2261.5674,519.7896,726.13226,971707.3,50809
2013-11-12 18:50:00+01:00,2270.5027,2068.7363,2227.9377,521.05115,846.12866,947866.0,49353
2013-11-12 19:00:00+01:00,2147.0647,1847.996,2122.8079,460.30527,709.6028,937057.44,53247
2013-11-12 19:10:00+01:00,2158.9514,1649.5104,2157.2148,476.40414,603.8086,924799.6,50782
2013-11-12 19:20:00+01:00,2386.422,1694.3395,2016.069,447.01,597.5554,902257.4,49657
2013-11-12 19:30:00+01:00,2044.8875,1562.7031,1747.3408,415.70886,662.4683,890372.75,48401
2013-11-12 19:40:00+01:00,2026.0675,1409.3535,1635.5027,470.66107,666.9025,875700.75,48653
2013-11-12 19:50:00+01:00,2196.2122,1454.7994,1450.7585,529.23126,710.57764,856459.44,48397
2013-11-12 20:00:00+01:00,1541.1055,1288.7296,1423.0156,452.74615,870.2053,845675.0,47144
2013-11-12 20:10:00+01:00,1548.8376,1221.79,1377.2115,363.31802,762.421,841047.6,45275
2013-11-12 20:20:00+01:00,1604.3585,1147.3168,1465.5956,357.42288,963.8462,837043.56,45160
2013-11-12 20:30:00+01:00,1294.6296,1115.7742,1669.9818,359.13367,985.3419,840614.44,44642
2013-11-12 20:40:00+01:00,1318.8871,971.0573,1343.0255,405.17282,1331.7251,843668.0,44568
2013-11-12 20:50:00+01:00,1643.9319,1108.8009,1241.0468,349.90646,963.2997,824864.06,41454
2013-11-12 21:00:00+01:00,1155.5043,971.05536,1294.6177,309.65338,800.58,821917.75,41026
2013-11-12 21:10:00+01:00,936.6223,1012.5562,1034.8668,320.0055,883.82306,816799.6,43128
2013-11-12 21:20:00+01:00,1396.3688,878.5122,1178.4124,318.8266,808.94977,793706.7,40200
2013-11-12 21:30:00+01:00,1181.3723,809.8274,1397.6008,308.43588,782.80365,799640.75,39141
2013-11-12 21:40:00+01:00,1217.7788,881.8003,1103.0037,306.2001,802.57947,787967.1,39270
2013-11-12 21:50:00+01:00,1234.0411,775.3198,943.60065,327.2756,830.2166,777701.9,38330
2013-11-12 22:00:00+01:00,1230.6215,679.5672,1180.7118,332.7452,930.7887,771615.94,36820
2013-11-12 22:10:00+01:00,891.5085,747.4227,963.3831,340.9503,807.3735,762970.5,37324
2013-11-12 22:20:00+01:00,795.43036,851.3737,894.5795,266.76047,862.5614,760420.06,34180
2013-11-12 22:30:00+01:00,730.75806,800.3683,947.01373,261.49634,929.0945,761803.94,34283
2013-11-12 22:40:00+01:00,702.683,601.1759,882.1672,273.6521,843.5457,723913.8,33244
2013-11-12 22:50:00+01:00,716.1526,562.83844,1006.88245,260.506,831.53,716551.75,31989
2013-11-12 23:00:00+01:00,600.8521,661.30493,1000.6311,260.1155,848.4241,709259.2,32272
2013-11-12 23:10:00+01:00,514.755,562.9643,919.43945,228.20723,903.2719,700850.25,32039
2013-11-12 23:20:00+01:00,438.8285,557.9614,911.5656,221.73724,825.29816,687526.5,31014
2013-11-12 23:30:00+01:00,669.80444,728.8854,816.4888,247.37419,689.18744,672580.5,29403
2013-11-12 23:40:00+01:00,561.2886,567.7957,774.45374,204.24512,1011.47,660286.9,28896
2013-11-12 23:50:00+01:00,424.23218,458.58734,891.9532,220.54646,770.8309,629240.3,26668
2013-11-13 00:00:00+01:00,413.13593,397.7728,741.6568,217.8957,632.0197,612655.0,27371
2013-11-13 00:10:00+01:00,342.6797,454.60156,632.5393,212.05994,595.8448,580422.8,26180
2013-11-13 00:20:00+01:00,379.97107,401.54987,618.6221,181.23466,595.50464,554767.7,23820
2013-11-13 00:30:00+01:00,367.2019,411.35794,700.09454,190.93605,505.57346,551553.7,23336
2013-11-13 00:40:00+01:00,312.79358,479.5983,568.00464,180.94629,543.54205,525429.56,21311
2013-11-13 00:50:00+01:00,316.6261,412.0371,553.22046,183.62216,478.7299,502586.75,20195
2013-11-13 01:00:00+01:00,314.44257,376.4658,587.6564,176.04681,415.49377,490670.28,20354
2013-11-13 01:10:00+01:00,279.0575,427.74777,524.2012,184.0053,466.21368,476641.16,19585
2013-11-13 01:20:00+01:00,252.58328,430.42297,608.7336,185.19855,389.85983,462422.5,18773
2013-11-13 01:30:00+01:00,249.8038,352.7697,474.96832,181.13855,355.04712,456691.4,17993
2013-11-13 01:40:00+01:00,215.60207,337.68137,631.66394,187.81512,388.4254,444411.78,15443
2013-11-13 01:50:00+01:00,246.47287,344.30704,998.8852,164.3856,383.88943,426596.34,15513
2013-11-13 02:00:00+01:00,242.23999,293.59396,548.4627,188.17422,374.82343,427641.0,16081
2013-11-13 02:10:00+01:00,226.94012,309.48306,477.22632,267.9158,351.2081,415292.22,16731
2013-11-13 02:20:00+01:00,262.5127,370.5216,442.2736,153.4447,331.94656,407384.94,18218
2013-11-13 02:30:00+01:00,271.56683,301.8806,426.93826,156.28874,305.29813,400540.44,16151
2013-11-13 02:40:00+01:00,235.55034,330.8014,413.65234,145.71494,337.58908,384802.03,16654
2013-11-13 02:50:00+01:00,233.61375,343.20407,420.03574,156.80624,306.9224,379296.7,16588
2013-11-13 03:00:00+01:00,208.71631,333.4393,418.0415,150.60374,265.33945,375933.16,16304
2013-11-13 03:10:00+01:00,188.11586,345.96564,387.0024,156.82893,290.8576,368640.72,16395
2013-11-13 03:20:00+01:00,228.08649,334.80054,417.46597,139.9218,268.6698,364201.2,16835
2013-11-13 03:30:00+01:00,208.37392,378.17703,457.46457,135.91605,255.24344,361976.4,16535
2013-11-13 03:40:00+01:00,189.29071,399.8662,427.24988,140.552,288.82596,357934.66,15848
2013-11-13 03:50:00+01:00,216.42021,352.20053,451.37375,133.04156,273.79446,346700.56,16713
2013-11-13 04:00:00+01:00,205.34155,324.2453,429.69476,126.34792,253.24617,348224.47,15950
2013-11-13 04:10:00+01:00,225.48471,338.54236,405.8334,131.87361,266.02383,344723.47,16603
2013-11-13 04:20:00+01:00,207.03467,347.8885,381.85025,124.3814,259.27383,339203.4,18188
2013-11-13 04:30:00+01:00,211.04048,345.6914,398.44537,131.40091,243.59248,339670.06,16844
2013-11-13 04:40:00+01:00,193.08003,343.2965,383.6058,140.14728,249.89307,337057.7,18105
2013-11-13 04:50:00+01:00,207.65132,344.14584,399.32632,126.38764,241.85225,333912.56,17531
2013-11-13 05:00:00+01:00,211.7095,351.5836,392.52005,133.604,238.07973,340494.22,18725
2013-11-13 05:10:00+01:00,193.6998,386.13315,395.95386,135.38087,251.38754,338133.22,17689
2013-11-13 05:20:00+01:00,205.17406,393.02182,404.9435,126.25988,223.46234,338878.56,19488
2013-11-13 05:30:00+01:00,224.60596,341.55554,402.76315,125.65428,253.73308,344518.3,20594
2013-11-13 05:40:00+01:00,206.84473,339.5169,399.45703,134.34239,256.1332,348222.66,20068
2013-11-13 05:50:00+01:00,232.28731,330.46246,420.7886,128.83278,249.15482,355540.97,21098
2013-11-13 06:00:00+01:00,228.914,375.93082,405.21564,137.40681,275.9813,367105.8,23311
2013-11-13 06:10:00+01:00,242.6948,340.5899,436.76666,154.44856,284.57092,375296.94,23299
2013-11-13 06:20:00+01:00,254.88297,341.2324,420.2675,134.30792,261.185,396363.97,25228
2013-11-13 06:30:00+01:00,234.82185,316.32526,454.558,155.09483,236.70384,415879.25,29104
2013-11-13 06:40:00+01:00,238.30978,375.55136,501.2117,164.01033,280.47015,437057.4,27866
2013-11-13 06:50:00+01:00,291.49725,406.7022,442.46252,150.05058,288.6845,467530.5,29588
2013-11-13 07:00:00+01:00,283.97958,476.8198,500.0513,165.80089,268.4367,504855.0,33258
2013-11-13 07:10:00+01:00,452.38464,474.51855,527.45605,175.91675,333.06924,552390.1,36078
2013-11-13 07:20:00+01:00,641.03766,492.32687,577.1252,183.34967,329.51007,593074.5,36161
2013-11-13 07:30:00+01:00,363.7677,644.8892,663.39185,204.08994,324.64584,644811.56,39170
2013-11-13 07:40:00+01:00,436.51855,669.3792,730.3956,223.97937,494.28812,693954.0,40737
2013-11-13 07:50:00+01:00,467.7547,800.03534,716.6337,232.27023,436.9446,727175.56,42373
2013-11-13 08:00:00+01:00,605.7343,1065.4062,893.1494,340.88132,485.32645,777556.1,45706
2013-11-13 08:10:00+01:00,642.50195,1276.4768,1133.8934,281.25473,536.405,807263.06,44682
2013-11-13 08:20:00+01:00,671.34656,1250.4146,1116.209,334.83365,568.8837,833249.1,45532
2013-11-13 08:30:00+01:00,753.3596,1131.9457,1226.4445,388.91675,619.3007,867238.44,46994
2013-11-13 08:40:00+01:00,738.86017,1231.5842,1585.4229,470.32947,729.1438,878464.0,47681
2013-11-13 08:50:00+01:00,899.1207,1732.5382,1880.6392,390.37888,704.1265,886210.25,50909
2013-11-13 09:00:00+01:00,1018.6349,1776.5322,2188.5383,463.45795,529.8256,911868.56,53393
2013-11-13 09:10:00+01:00,1329.1862,1716.1005,2128.706,459.81274,581.6566,914328.7,49786
2013-11-13 09:20:00+01:00,1117.1924,1941.6951,2471.1372,450.16965,627.6785,903919.3,51205
2013-11-13 09:30:00+01:00,1412.091,1821.4047,2665.2117,473.80823,565.62915,919678.25,51381
2013-11-13 09:40:00+01:00,1164.0997,1997.281,2478.8118,527.7276,568.38544,926102.56,50045
2013-11-13 09:50:00+01:00,1251.5146,2110.154,2717.8813,499.72867,627.65753,938196.9,52022
2013-11-13 10:00:00+01:00,1425.1761,2096.873,2770.8252,580.5339,473.54028,946699.44,53032
2013-11-13 10:10:00+01:00,1440.1843,2083.6086,2665.4182,654.8762,580.8244,943954.4,51380
2013-11-13 10:20:00+01:00,1580.8005,2456.1572,2891.934,683.9309,604.6198,938208.3,52642
2013-11-13 10:30:00+01:00,1690.017,2218.2644,2959.8955,661.4132,432.06122,951181.8,54802
2013-11-13 10:40:00+01:00,1700.7601,1993.7611,3171.9924,596.13007,519.7673,939659.06,53918
2013-11-13 10:50:00+01:00,2108.1353,2325.2573,2977.0603,533.55347,534.3657,950775.25,53354
2013-11-13 11:00:00+01:00,1931.0242,2090.0159,2812.2915,570.4313,466.32233,957153.7,54084
2013-11-13 11:10:00+01:00,1886.3187,2461.0354,2968.9858,526.55273,588.21765,962000.2,54081
2013-11-13 11:20:00+01:00,2334.7366,2594.6345,2913.934,565.58594,526.27167,966489.44,53840
2013-11-13 11:30:00+01:00,2159.97,2770.4458,3286.7935,550.4392,510.87085,965720.25,55689
2013-11-13 11:40:00+01:00,2266.95,2910.1204,3069.0977,546.8914,545.3896,953781.2,52645
2013-11-13 11:50:00+01:00,2458.4817,2858.6658,3076.4094,688.75806,511.30588,959004.94,50948
2013-11-13 12:00:00+01:00,2224.5515,3102.9785,3083.1987,743.6965,493.57907,965038.94,50141
2013-11-13 12:10:00+01:00,2433.479,2787.7373,3134.46,777.8721,568.25995,972166.56,52142
2013-11-13 12:20:00+01:00,2478.794,2308.7317,3177.5657,702.07666,570.20197,971861.8,53745
2013-11-13 12:30:00+01:00,2446.2083,2613.199,3216.1965,656.66833,635.02856,999740.1,54809
2013-11-13 12:40:00+01:00,2531.8542,2771.6843,3756.8228,667.1443,538.4159,995861.56,54690
2013-11-13 12:50:00+01:00,3066.4392,2864.955,3651.58,628.9364,600.7061,991992.2,53139
2013-11-13 13:00:00+01:00,3035.3735,2868.7288,3790.798,718.7966,559.0527,1020348.1,51683
2013-11-13 13:10:00+01:00,3137.9255,2827.4226,3463.6807,666.4647,583.6103,1031484.9,50171
2013-11-13 13:20:00+01:00,3378.031,2904.7832,3582.8904,686.65546,604.0053,1021806.8,52086
2013-11-13 13:30:00+01:00,4214.5684,3183.4722,3436.2212,672.6788,635.69293,1036544.6,51725
2013-11-13 13:40:00+01:00,3145.8447,3268.8923,3228.7715,695.80786,760.9821,1036166.6,51648
2013-11-13 13:50:00+01:00,2889.564,3113.2305,3506.8352,687.6913,636.81396,1043501.06,52786
2013-11-13 14:00:00+01:00,2888.7554,2911.615,3485.6328,701.84393,562.5786,1037528.9,52658
2013-11-13 14:10:00+01:00,3284.6162,3461.4373,3483.1604,700.0544,793.3565,1021380.3,52690
2013-11-13 14:20:00+01:00,3825.676,3688.208,3325.102,712.9327,616.92615,1012724.25,50860
2013-11-13 14:30:00+01:00,3003.2527,3568.6812,3321.3843,818.7219,582.65106,1008722.5,52530
2013-11-13 14:40:00+01:00,3364.477,3393.2239,3173.9065,582.022,590.3903,994444.0,51191
2013-11-13 14:50:00+01:00,3906.6143,2838.3398,3004.0535,566.4335,746.9935,976685.25,50964
2013-11-13 15:00:00+01:00,2838.449,2737.6282,2979.3123,609.36816,663.62787,978083.2,51944
2013-11-13 15:10:00+01:00,2798.113,2884.4688,3002.6152,662.47656,672.5079,981434.6,51036
2013-11-13 15:20:00+01:00,3046.3584,2513.3794,2838.1816,556.0582,557.47705,974163.44,52362
2013-11-13 15:30:00+01:00,2397.571,2597.665,3302.3574,709.9612,587.8064,986695.4,53788
2013-11-13 15:40:00+01:00,2554.2273,2531.946,2913.6545,602.4693,774.0947,971836.6,52613
2013-11-13 15:50:00+01:00,2973.8625,2472.9,3061.9443,643.62463,597.1347,954596.75,52098
2013-11-13 16:00:00+01:00,2937.9106,2848.3193,3198.6228,676.9302,616.1006,990017.1,52612
2013-11-13 16:10:00+01:00,2787.086,2889.6313,3174.734,731.759,662.36035,986504.9,52363
2013-11-13 16:20:00+01:00,2525.43,2772.448,3058.0786,722.5169,693.5765,969626.25,51940
2013-11-13 16:30:00+01:00,2308.4558,2780.31,2907.5813,765.80676,677.9427,965425.8,53509
2013-11-13 16:40:00+01:00,2418.4773,2909.119,2926.5413,662.04724,587.37683,968569.9,51068
2013-11-13 16:50:00+01:00,2714.7175,3405.565,2674.0212,597.26624,581.1981,974837.75,52976
2013-11-13 17:00:00+01:00,2389.9905,2722.5823,2736.324,574.7852,655.2119,978634.6,53673
2013-11-13 17:10:00+01:00,2495.9875,2828.5654,2818.2544,585.8311,694.9952,971868.2,52542
2013-11-13 17:20:00+01:00,2461.494,2759.368,3437.2139,606.84216,601.8791,989773.6,53012
2013-11-13 17:30:00+01:00,2772.975,2700.2036,2682.6394,590.82196,600.6102,987890.06,55208
2013-11-13 17:40:00+01:00,2449.315,2465.5337,2605.8467,636.7813,741.89606,979247.0,55065
2013-11-13 17:50:00+01:00,2503.6365,2852.534,3271.8638,553.6238,761.7016,994982.0,53151
2013-11-13 18:00:00+01:00,2511.3748,2457.031,2752.4333,537.2643,736.52686,988741.8,52061
2013-11-13 18:10:00+01:00,2489.313,2605.748,2858.9285,506.27563,759.5872,967227.25,51461
2013-11-13 18:20:00+01:00,2661.759,2641.3738,2773.3596,526.5444,710.98834,973177.7,52654
2013-11-13 18:30:00+01:00,2365.2197,2293.1003,2341.1038,523.937,888.8937,977500.5,52009
2013-11-13 18:40:00+01:00,2053.7446,2355.1338,2395.6719,461.88568,779.7119,959932.0,52999
2013-11-13 18:50:00+01:00,2419.889,2312.8115,2315.459,469.50848,719.74274,948598.25,51330
2013-11-13 19:00:00+01:00,2355.0754,2254.8232,1956.4053,474.94067,672.7863,934621.5,51185
2013-11-13 19:10:00+01:00,2120.9995,2134.9128,1710.5135,501.05344,731.2535,917552.0,51675
2013-11-13 19:20:00+01:00,2747.556,2339.3687,1789.4429,462.79935,801.3415,904045.4,48647
2013-11-13 19:30:00+01:00,2086.8223,2166.0215,1809.41,437.80264,800.20245,890406.3,50938
2013-11-13 19:40:00+01:00,1864.2859,1669.973,1578.8513,467.99664,882.6264,870708.0,49349
2013-11-13 19:50:00+01:00,1996.5793,3208.773,1635.3287,378.7957,744.9409,862717.44,49612
2013-11-13 20:00:00+01:00,1938.888,1744.7703,1483.2424,384.88226,821.8221,858630.75,49547
2013-11-13 20:10:00+01:00,1823.808,1674.7133,1327.086,377.17416,742.04663,849239.2,46738
2013-11-13 20:20:00+01:00,1736.0013,1347.5115,1241.4634,314.70926,782.8305,838173.75,43946
2013-11-13 20:30:00+01:00,1420.0681,1494.4899,1343.2363,277.03107,988.2602,834196.1,44669
2013-11-13 20:40:00+01:00,1600.2523,1455.2135,1252.3661,292.11816,852.83746,834293.06,44541
2013-11-13 20:50:00+01:00,1499.6517,1606.5568,1321.7968,288.60693,847.017,819351.4,41802
2013-11-13 21:00:00+01:00,1212.0203,1040.9681,1457.0114,279.06378,972.0591,818571.4,41354
2013-11-13 21:10:00+01:00,1144.0352,1375.4086,1191.4937,349.4143,974.24725,808790.5,43177
2013-11-13 21:20:00+01:00,1322.779,1075.8203,1085.4231,334.0245,994.4205,793334.7,37784
2013-11-13 21:30:00+01:00,1075.9513,1093.3414,1281.4729,296.9587,999.52026,788058.4,37361
2013-11-13 21:40:00+01:00,936.47833,945.88983,1246.0648,271.20865,1024.2117,776178.5,39600
2013-11-13 21:50:00+01:00,981.575,797.33484,1081.6239,261.4801,1049.9609,770707.06,37657
2013-11-13 22:00:00+01:00,925.29535,760.3467,1363.7968,250.59702,944.1359,762873.7,35698
2013-11-13 22:10:00+01:00,1252.913,836.8803,1005.49396,244.79012,993.0231,764453.44,36233
2013-11-13 22:20:00+01:00,788.5223,1147.4392,1027.1996,323.04352,960.27905,742755.56,35006
2013-11-13 22:30:00+01:00,771.0321,869.1984,1266.699,267.70282,916.716,741100.56,33749
2013-11-13 22:40:00+01:00,912.37665,705.50684,1284.8789,285.50705,1066.3528,729127.4,33596
2013-11-13 22:50:00+01:00,763.3441,836.70325,1181.0966,372.68567,992.12036,708021.1,32864
2013-11-13 23:00:00+01:00,636.0254,897.61774,1144.1437,248.09512,915.98315,707887.3,33597
2013-11-13 23:10:00+01:00,816.76434,1036.2593,1100.2322,240.42593,1039.456,695809.7,32552
2013-11-13 23:20:00+01:00,604.1292,811.57043,1005.4345,225.12997,1002.1072,679370.56,30320
2013-11-13 23:30:00+01:00,510.8261,881.3909,940.9642,221.00778,953.6791,668016.6,29459
2013-11-13 23:40:00+01:00,437.28882,870.71466,675.1773,223.77277,1085.7388,642846.94,28820
2013-11-13 23:50:00+01:00,585.32715,577.8497,793.27277,268.88107,842.77795,618307.56,29175
2013-11-14 00:00:00+01:00,352.99313,511.87256,717.33575,234.84029,748.8656,609078.56,28089
2013-11-14 00:10:00+01:00,373.19727,557.27466,646.1808,237.32716,917.7325,580785.25,25501
2013-11-14 00:20:00+01:00,362.27155,442.88757,589.2064,201.01088,807.1897,561105.44,25761
2013-11-14 00:30:00+01:00,407.55573,429.75058,548.791,285.2214,707.7967,540729.5,23751
2013-11-14 00:40:00+01:00,338.26794,590.2318,531.79504,388.65848,764.92523,525663.4,22225
2013-11-14 00:50:00+01:00,267.80957,390.23355,529.66846,193.41696,701.73334,507423.94,21714
2013-11-14 01:00:00+01:00,255.56325,375.86526,507.88187,238.21284,698.83496,495148.84,21851
2013-11-14 01:10:00+01:00,238.94807,392.6457,459.40463,182.46501,609.7441,477938.16,19448
2013-11-14 01:20:00+01:00,247.12564,371.54727,453.5357,191.59444,478.20612,459671.75,19965
2013-11-14 01:30:00+01:00,251.79938,396.0312,464.57086,193.48236,478.02493,451915.6,18247
2013-11-14 01:40:00+01:00,207.4498,363.74158,415.22815,230.77008,444.1765,446191.0,19834
2013-11-14 01:50:00+01:00,224.96649,316.921,392.06268,248.79948,429.44638,432214.56,18585
2013-11-14 02:00:00+01:00,220.00566,347.6086,425.5158,224.11452,401.08353,428944.25,18907
2013-11-14 02:10:00+01:00,329.81366,321.129,400.63416,148.52101,383.59363,413851.12,18498
2013-11-14 02:20:00+01:00,303.40906,339.70993,421.06067,165.25348,367.24173,397229.8,18172
2013-11-14 02:30:00+01:00,219.94121,340.95166,425.33685,161.91818,336.88242,393046.47,16909
2013-11-14 02:40:00+01:00,198.9364,335.55368,405.7717,151.47733,365.93866,383126.5,16523
2013-11-14 02:50:00+01:00,193.9031,306.25302,399.49277,151.26086,375.42963,376720.8,17237
2013-11-14 03:00:00+01:00,189.4484,332.534,427.11765,134.45364,345.3734,376790.22,16880
2013-11-14 03:10:00+01:00,182.72397,322.66275,404.94852,135.15039,342.53525,366958.1,16463
2013-11-14 03:20:00+01:00,198.1683,446.4092,405.34616,148.3628,311.6759,363087.2,16353
2013-11-14 03:30:00+01:00,209.89615,470.21414,435.69968,147.78162,298.91815,364791.22,15871
2013-11-14 03:40:00+01:00,190.9012,452.16113,406.9354,144.49638,325.58105,361242.28,16073
2013-11-14 03:50:00+01:00,209.85649,330.93274,423.5867,162.27963,297.03015,347204.56,17330
2013-11-14 04:00:00+01:00,209.90703,309.57187,424.42444,149.01605,290.04178,347801.72,17426
2013-11-14 04:10:00+01:00,204.95186,323.3283,412.04486,127.70335,286.27426,343361.53,17415
2013-11-14 04:20:00+01:00,208.81349,348.02094,388.58173,169.65071,263.9716,335328.2,16908
2013-11-14 04:30:00+01:00,187.06525,339.27234,516.3778,124.06522,266.1738,338160.44,17243
2013-11-14 04:40:00+01:00,180.1819,373.5784,396.7394,128.66711,262.9391,333632.25,18885
2013-11-14 04:50:00+01:00,200.90991,492.11203,399.11194,133.36163,281.56766,334239.47,18033
2013-11-14 05:00:00+01:00,191.08238,323.15945,424.31506,132.42885,243.63002,340103.7,19287
2013-11-14 05:10:00+01:00,189.9529,305.43015,399.0473,133.4133,257.3622,337813.72,18682
2013-11-14 05:20:00+01:00,199.83281,309.55612,394.61435,135.24214,261.90915,336320.3,21147
2013-11-14 05:30:00+01:00,200.96701,292.0589,405.7377,122.97155,282.5891,346427.56,20375
2013-11-14 05:40:00+01:00,193.46263,310.2645,465.6651,215.00797,251.57993,352595.62,20764
2013-11-14 05:50:00+01:00,201.7788,325.43317,397.68195,161.59032,242.29436,353085.38,21364
2013-11-14 06:00:00+01:00,193.69505,336.2488,423.17996,124.53806,292.60794,366810.03,24886
2013-11-14 06:10:00+01:00,189.62376,320.32022,446.61435,131.41797,262.69522,373550.44,24432
2013-11-14 06:20:00+01:00,211.81134,303.97134,389.7976,135.43803,319.30966,387296.44,28367
2013-11-14 06:30:00+01:00,210.71075,335.7563,425.9642,130.38104,297.77942,414208.34,29197
2013-11-14 06:40:00+01:00,223.3189,424.19983,416.85355,140.45706,289.33636,435491.88,29446
2013-11-14 06:50:00+01:00,275.9891,427.86932,409.88342,146.90425,319.2234,461021.84,31197
2013-11-14 07:00:00+01:00,383.47156,391.9349,515.38104,176.78307,322.7533,506664.62,34513
2013-11-14 07:10:00+01:00,315.89532,422.41663,518.6705,161.74434,363.30386,544220.5,34718
2013-11-14 07:20:00+01:00,610.2804,445.61734,445.55905,186.95326,407.78192,589507.8,37648
2013-11-14 07:30:00+01:00,298.14438,494.6309,611.7963,222.45694,430.27405,650243.75,38820
2013-11-14 07:40:00+01:00,335.84088,678.36066,736.1681,253.02141,486.16724,687549.3,41563
2013-11-14 07:50:00+01:00,422.65436,665.81146,657.7594,226.07275,408.52072,721776.75,42277
2013-11-14 08:00:00+01:00,379.6436,802.56226,677.0549,267.49106,557.1847,772323.8,44779
2013-11-14 08:10:00+01:00,423.15274,988.98737,935.8756,319.81284,622.94916,804824.0,44291
2013-11-14 08:20:00+01:00,528.12244,1115.7098,1124.8688,320.68845,601.6779,827917.0,47433
2013-11-14 08:30:00+01:00,618.1935,1405.3177,1230.9792,365.23682,623.3409,849903.5,48911
2013-11-14 08:40:00+01:00,593.64545,1322.84,1266.1322,427.4844,628.9833,878895.94,48547
2013-11-14 08:50:00+01:00,814.24207,1338.625,1658.0731,438.71127,596.4766,884180.7,51439
2013-11-14 09:00:00+01:00,1050.7438,1634.4854,1938.2234,469.5377,529.3429,900414.6,51708
2013-11-14 09:10:00+01:00,1002.6573,1815.0377,2087.9207,465.7546,477.12,902431.8,52036
2013-11-14 09:20:00+01:00,1258.7584,1628.9961,2266.8245,489.4929,504.38446,901565.44,53485
2013-11-14 09:30:00+01:00,1050.19,1917.1559,2289.8687,449.60852,518.6817,918189.2,52828
2013-11-14 09:40:00+01:00,1420.5829,2160.607,2510.7593,472.73642,590.0335,910231.3,52506
2013-11-14 09:50:00+01:00,1269.9293,1902.2992,2419.0515,494.18268,706.46893,917530.1,53802
2013-11-14 10:00:00+01:00,1342.068,1943.0327,2700.5432,523.7623,556.5223,942565.6,52244
2013-11-14 10:10:00+01:00,1393.4432,2142.4846,2736.3542,540.7748,505.76544,945089.9,54432
2013-11-14 10:20:00+01:00,1219.1046,2149.0164,2672.2974,597.0273,478.2121,947641.7,53665
2013-11-14 10:30:00+01:00,1458.9023,2188.6106,2805.0808,643.6569,548.8447,948689.25,53589
2013-11-14 10:40:00+01:00,1434.0208,2294.8513,2642.4944,646.14874,533.63,954889.6,52460
2013-11-14 10:50:00+01:00,1886.951,2610.3025,2740.4429,584.3688,535.89264,955393.8,51869
2013-11-14 11:00:00+01:00,1900.3228,2320.1875,2777.5828,559.92883,487.33517,957523.2,50195
2013-11-14 11:10:00+01:00,1760.4462,2432.3457,2819.1833,511.32764,455.17017,962164.9,53067
2013-11-14 11:20:00+01:00,1967.691,2414.327,3009.3176,537.72626,623.47894,956704.5,51675
2013-11-14 11:30:00+01:00,1965.4521,2404.5076,2885.6428,534.7858,494.19382,964914.3,50203
2013-11-14 11:40:00+01:00,2261.8364,2367.7734,2900.6482,583.62134,554.8705,956852.0,51431
2013-11-14 11:50:00+01:00,2232.5693,3045.327,2937.6914,565.05566,482.94238,962385.4,52604
2013-11-14 12:00:00+01:00,2214.8816,2549.745,3139.2375,635.9859,614.5996,979143.6,52238
2013-11-14 12:10:00+01:00,2440.8738,3078.757,3025.6404,724.29236,705.7099,980018.3,50550
2013-11-14 12:20:00+01:00,2156.6042,2776.0413,3037.7185,695.8085,631.17834,976470.25,52269
2013-11-14 12:30:00+01:00,2237.4429,3505.3145,3236.8167,673.365,667.6507,1016206.3,54605
2013-11-14 12:40:00+01:00,2033.6084,3450.373,3308.0361,778.78503,684.0199,995214.06,53568
2013-11-14 12:50:00+01:00,2319.1243,2746.0967,3340.5522,794.1906,512.33734,1003362.8,53236
2013-11-14 13:00:00+01:00,2603.9414,2995.521,3456.4243,732.52203,598.85455,1035213.56,52727
2013-11-14 13:10:00+01:00,3369.67,2771.6145,3399.9705,801.4557,657.2351,1022227.1,51956
2013-11-14 13:20:00+01:00,2672.9338,2583.39,3388.352,628.5312,653.8256,1022356.8,50824
2013-11-14 13:30:00+01:00,3016.594,3114.0264,3558.4995,618.46313,724.8053,1051985.2,52981
2013-11-14 13:40:00+01:00,3397.5737,2984.6536,3368.7095,642.8729,627.58575,1040422.25,51686
2013-11-14 13:50:00+01:00,3103.03,3263.5105,3467.8748,633.7111,789.5691,1042989.4,51020
2013-11-14 14:00:00+01:00,3376.9846,3049.3516,3827.607,666.5913,802.4671,1051241.0,51348
2013-11-14 14:10:00+01:00,2978.2432,2888.382,3270.942,680.88763,705.41223,1026651.7,49099
2013-11-14 14:20:00+01:00,3020.789,2864.3376,3595.5261,682.54517,667.0043,1022212.56,51255
2013-11-14 14:30:00+01:00,3756.9348,2938.5308,3074.4124,717.09485,674.3486,1010128.3,50768
2013-11-14 14:40:00+01:00,3067.8032,2832.3657,3282.7024,668.95935,592.168,1001183.2,51797
2013-11-14 14:50:00+01:00,3192.8997,2846.988,2986.4277,576.0413,585.5037,980774.0,51880
2013-11-14 15:00:00+01:00,3573.658,3195.0679,3106.6143,584.8482,639.34924,1005231.44,53161
2013-11-14 15:10:00+01:00,2878.0464,2732.145,3126.718,647.3846,611.0151,984919.8,52440
2013-11-14 15:20:00+01:00,3104.8625,3131.6519,2965.6536,555.5754,565.84576,987652.6,52044
2013-11-14 15:30:00+01:00,2859.1372,2641.066,2876.253,533.69934,621.40125,999099.5,51124
2013-11-14 15:40:00+01:00,2856.3555,2760.4133,2979.1426,546.12604,581.6888,979288.06,51207
2013-11-14 15:50:00+01:00,2787.4456,2784.6243,2970.8774,616.7905,478.94562,986887.9,50081
2013-11-14 16:00:00+01:00,2965.931,2651.703,3145.2126,631.87366,501.41888,994354.25,54189
2013-11-14 16:10:00+01:00,3043.7534,2650.7097,2808.632,669.24365,511.6343,991193.4,52134
2013-11-14 16:20:00+01:00,2994.078,2445.7627,3168.1465,625.238,564.77277,988121.0,51870
2013-11-14 16:30:00+01:00,3003.5537,2419.6094,3034.9841,605.76483,550.95526,981716.25,53703
2013-11-14 16:40:00+01:00,3219.094,2485.015,2958.3289,666.2308,550.59607,981226.0,52464
2013-11-14 16:50:00+01:00,2616.1223,2526.6643,2733.4014,548.68976,561.2203,984327.4,51988
2013-11-14 17:00:00+01:00,2697.5847,2397.3757,2926.8733,568.109,599.0077,996640.44,52561
2013-11-14 17:10:00+01:00,3127.941,2641.168,3025.7522,591.1359,581.7455,1000580.56,51017
2013-11-14 17:20:00+01:00,2256.244,2614.2969,2859.2222,589.92786,647.44495,998597.75,50684
2013-11-14 17:30:00+01:00,2445.4348,2555.6655,2920.3882,552.58215,563.7707,1013226.56,51619
2013-11-14 17:40:00+01:00,2447.5273,2579.9924,2522.299,589.6461,512.03656,993368.3,51983
2013-11-14 17:50:00+01:00,2144.7126,2287.0076,2573.9165,669.27924,645.79114,985598.3,51982
2013-11-14 18:00:00+01:00,2436.2634,2264.681,2722.5247,582.03186,595.4074,999280.75,51376
2013-11-14 18:10:00+01:00,2692.551,2209.8286,2783.0706,549.6226,657.4678,988728.25,52449
2013-11-14 18:20:00+01:00,2820.6704,2511.9045,2398.5508,503.4388,665.1829,984198.9,49763
2013-11-14 18:30:00+01:00,2317.0256,1936.3287,2547.8123,503.42575,660.80505,983390.5,50997
2013-11-14 18:40:00+01:00,2299.8494,2127.2954,2192.8818,548.10114,629.73846,968447.25,54860
2013-11-14 18:50:00+01:00,2103.1797,2107.3318,2168.526,506.011,781.4088,959100.0,52170
2013-11-14 19:00:00+01:00,2329.8318,1733.5167,2056.6003,503.9668,1172.5624,958315.06,53214
2013-11-14 19:10:00+01:00,2495.555,1862.6075,2246.596,553.54285,944.128,932575.75,50612
2013-11-14 19:20:00+01:00,2268.3477,2491.0708,2008.8696,511.1898,752.3767,903777.4,50525
2013-11-14 19:30:00+01:00,2350.5823,2107.6013,1796.469,455.59567,805.9997,910916.1,51215
2013-11-14 19:40:00+01:00,2229.0022,1557.2812,1773.5,491.68884,755.90375,879033.56,49186
2013-11-14 19:50:00+01:00,1829.6416,1814.7827,1773.5724,395.06094,746.5332,872643.25,50152
2013-11-14 20:00:00+01:00,2045.6458,1568.8508,1786.2544,353.16763,767.0652,864328.94,48379
2013-11-14 20:10:00+01:00,1456.841,1310.7925,1473.0171,331.8257,774.3351,847723.9,45368
2013-11-14 20:20:00+01:00,1722.6057,1282.0984,1438.896,335.05453,789.76385,836853.0,45936
2013-11-14 20:30:00+01:00,1339.4854,1322.6846,1294.598,310.35852,810.6348,835362.9,42774
2013-11-14 20:40:00+01:00,1198.8014,1055.3733,1395.0322,297.93024,780.0748,818616.1,41820
2013-11-14 20:50:00+01:00,1185.9391,1162.9508,1259.4498,329.92923,862.49475,822493.9,40972
2013-11-14 21:00:00+01:00,1366.0009,1097.9205,1250.8822,301.41104,864.1421,825412.4,41007
2013-11-14 21:10:00+01:00,1501.0107,1151.905,1321.2914,341.05865,854.30597,806340.5,41528
2013-11-14 21:20:00+01:00,1607.6218,1176.4028,1033.6534,306.85754,997.1089,804091.44,40052
2013-11-14 21:30:00+01:00,1209.3132,870.97577,1131.6757,352.3998,874.595,804028.75,39565
2013-11-14 21:40:00+01:00,1042.9309,811.9583,1169.4213,359.65656,917.1435,786008.4,40436
2013-11-14 21:50:00+01:00,1212.5684,892.67096,989.8208,341.50748,990.46576,786865.5,37461
2013-11-14 22:00:00+01:00,1585.8688,797.82654,993.1295,362.7813,878.2644,793077.56,34853
2013-11-14 22:10:00+01:00,999.11694,731.6857,995.24316,510.04327,1031.162,782031.5,35367
2013-11-14 22:20:00+01:00,882.32416,760.0088,1077.2815,325.77966,872.23126,764351.5,35364
2013-11-14 22:30:00+01:00,709.8286,742.99274,889.3655,309.9244,859.2911,754717.25,35335
2013-11-14 22:40:00+01:00,953.791,644.17975,1011.5747,305.26965,855.3009,756735.44,34254
2013-11-14 22:50:00+01:00,1296.6649,610.6272,786.5671,243.66579,758.0927,738169.25,32711
2013-11-14 23:00:00+01:00,554.78204,634.6442,783.36957,259.55777,833.2353,726306.4,31827
2013-11-14 23:10:00+01:00,746.8611,689.735,867.1388,281.4958,821.91296,707835.06,30648
2013-11-14 23:20:00+01:00,569.82404,713.04266,874.4083,289.1655,775.7062,704569.9,29926
2013-11-14 23:30:00+01:00,727.6285,697.3756,777.2012,412.5074,780.00287,687451.6,29809
2013-11-14 23:40:00+01:00,432.4315,668.3627,855.34875,307.47668,815.68176,665631.44,28444
2013-11-14 23:50:00+01:00,464.6143,628.37244,643.8865,301.6898,804.07166,642949.2,28981
2013-11-15 00:00:00+01:00,390.5163,652.4656,650.96045,219.17606,694.5019,632884.5,29056
2013-11-15 00:10:00+01:00,405.01306,843.60364,581.8033,218.84622,643.3956,600873.7,27029
2013-11-15 00:20:00+01:00,476.67038,623.8791,469.9859,223.62561,757.4243,579320.9,25396
2013-11-15 00:30:00+01:00,430.55627,448.58276,533.96344,221.61963,630.0452,558784.1,23828
2013-11-15 00:40:00+01:00,535.51843,436.2343,570.2629,201.64178,592.95166,541114.4,24022
2013-11-15 00:50:00+01:00,387.03802,409.7039,484.61655,188.31459,551.03595,522766.78,21327
2013-11-15 01:00:00+01:00,455.75922,531.92725,472.61688,187.71562,481.9566,515295.3,21695
2013-11-15 01:10:00+01:00,641.1093,347.4484,506.79663,178.4444,478.2669,488960.94,20726
2013-11-15 01:20:00+01:00,491.0115,400.81,426.4295,169.00076,399.9755,472491.03,19568
2013-11-15 01:30:00+01:00,321.02655,385.767,497.99515,176.64478,383.85318,460270.84,19936
2013-11-15 01:40:00+01:00,396.30368,340.83017,515.3396,156.2314,468.6675,448345.62,17724
2013-11-15 01:50:00+01:00,336.212,366.8792,463.76172,148.5958,366.16925,440789.78,18658
2013-11-15 02:00:00+01:00,232.16858,357.74823,494.58554,174.20036,441.4619,436292.9,17958
2013-11-15 02:10:00+01:00,219.02359,352.38434,480.36832,148.31944,338.43243,420733.78,17658
2013-11-15 02:20:00+01:00,198.5555,325.57837,417.30255,147.17458,343.16315,410440.66,17762
2013-11-15 02:30:00+01:00,564.8512,332.8204,431.02545,162.18875,316.01944,405977.62,17145
2013-11-15 02:40:00+01:00,341.59692,336.53662,439.3872,144.72424,306.0128,396925.84,17414
2013-11-15 02:50:00+01:00,192.2091,329.00693,436.53867,148.89624,299.40155,383693.78,17417
2013-11-15 03:00:00+01:00,206.96663,314.86597,471.63507,157.36069,282.36212,378240.56,17456
2013-11-15 03:10:00+01:00,194.92644,307.50763,443.54285,141.33125,295.3225,371403.5,17138
2013-11-15 03:20:00+01:00,177.96806,350.01035,421.76498,171.1289,286.6581,367239.7,17918
2013-11-15 03:30:00+01:00,206.71805,314.22882,447.43927,165.95116,292.0117,363074.53,16477
2013-11-15 03:40:00+01:00,200.3775,334.69098,414.13342,144.02321,293.40063,357734.06,16699
2013-11-15 03:50:00+01:00,462.40167,315.94083,379.06122,141.11705,260.709,350332.0,16494
2013-11-15 04:00:00+01:00,834.69965,327.24115,411.94434,142.65353,260.6658,349309.28,18210
2013-11-15 04:10:00+01:00,193.59387,291.91226,420.79114,151.16646,260.22202,345601.0,17716
2013-11-15 04:20:00+01:00,188.81346,304.60577,380.05063,138.78987,243.39032,331953.94,17054
2013-11-15 04:30:00+01:00,193.71802,318.4954,387.26303,144.475,237.98235,335384.78,17411
2013-11-15 04:40:00+01:00,183.72289,278.9517,393.7635,141.1758,241.64467,332269.84,17555
2013-11-15 04:50:00+01:00,195.57184,308.46844,362.56265,138.52516,234.15694,329724.6,17867
2013-11-15 05:00:00+01:00,212.85403,321.35123,397.34637,151.6403,237.25961,336123.06,19799
2013-11-15 05:10:00+01:00,193.88896,297.56796,437.2441,142.21834,232.29396,336672.4,17643
2013-11-15 05:20:00+01:00,175.39725,335.2355,402.1045,133.54852,240.50424,334392.97,19700
2013-11-15 05:30:00+01:00,591.30066,351.06946,427.29456,143.677,224.00645,343009.78,20466
2013-11-15 05:40:00+01:00,212.95186,309.6956,444.1009,126.75202,245.7033,344115.62,21049
2013-11-15 05:50:00+01:00,203.2305,321.2301,427.20206,145.168,237.04597,349716.8,20752
2013-11-15 06:00:00+01:00,215.51857,346.9757,432.45868,169.5712,245.25644,364092.94,24379
2013-11-15 06:10:00+01:00,196.24434,476.17465,428.6484,127.97103,216.98671,371713.53,24839
2013-11-15 06:20:00+01:00,183.94106,370.10135,417.12564,153.58563,230.99156,384982.66,26246
2013-11-15 06:30:00+01:00,244.8685,461.17075,437.07452,148.21837,281.32156,410097.1,29098
2013-11-15 06:40:00+01:00,216.32047,363.20853,437.33673,139.90161,326.31128,429850.34,29669
2013-11-15 06:50:00+01:00,282.30048,368.5469,471.96664,156.16797,375.88116,457379.34,31057
2013-11-15 07:00:00+01:00,314.82578,386.7204,470.01266,167.74687,348.22244,497131.9,34329
2013-11-15 07:10:00+01:00,296.73923,547.53174,520.3426,174.90005,380.7151,537770.25,34992
2013-11-15 07:20:00+01:00,326.32492,492.8016,543.8754,221.4315,437.88858,574818.25,33430
2013-11-15 07:30:00+01:00,410.20853,517.2186,559.9068,281.77798,417.42215,628842.5,39414
2013-11-15 07:40:00+01:00,391.64935,665.1333,721.08655,205.24463,476.18484,674464.7,39771
2013-11-15 07:50:00+01:00,477.79437,721.8037,723.71936,239.93175,463.763,713482.7,41883
2013-11-15 08:00:00+01:00,727.9111,954.01013,812.6422,245.05994,423.46567,768404.7,44164
2013-11-15 08:10:00+01:00,427.45648,960.45276,914.9509,276.5594,526.1048,789789.1,43920
2013-11-15 08:20:00+01:00,505.32303,1104.9056,1118.7512,296.77777,568.89746,804420.2,47990
2013-11-15 08:30:00+01:00,646.2763,1167.2153,1449.2571,323.99155,655.8226,849639.44,45190
2013-11-15 08:40:00+01:00,726.0507,1405.9507,1374.4391,513.2414,542.13495,845934.5,48897
2013-11-15 08:50:00+01:00,738.31946,1481.9789,1725.9036,399.22855,627.41235,856285.56,49115
2013-11-15 09:00:00+01:00,1086.8108,1709.1223,1987.024,485.16876,576.07715,882239.44,50026
2013-11-15 09:10:00+01:00,897.5707,1552.6285,2090.0298,447.753,541.46674,891603.25,50927
2013-11-15 09:20:00+01:00,1053.215,1837.4288,2383.535,446.79355,612.1981,883766.8,51669
2013-11-15 09:30:00+01:00,1298.7585,1769.589,2648.7947,437.498,671.9978,893284.56,51606
2013-11-15 09:40:00+01:00,1142.1598,2125.1133,2540.4287,446.34042,681.49207,886070.25,51901
2013-11-15 09:50:00+01:00,1077.0221,1885.0288,2818.107,431.23035,577.00464,904305.3,51681
2013-11-15 10:00:00+01:00,1244.5696,2064.3408,2824.926,531.69855,635.4559,904540.2,53760
2013-11-15 10:10:00+01:00,1335.3759,2414.2224,2886.805,586.5034,613.4612,930081.3,52776
2013-11-15 10:20:00+01:00,1403.6663,2337.072,2912.756,558.05084,550.3556,922287.7,52680
2013-11-15 10:30:00+01:00,1425.993,2255.2588,2949.1096,584.78613,491.94348,940896.1,53608
2013-11-15 10:40:00+01:00,1658.3491,2366.8503,3481.4067,566.10693,577.39075,953139.6,53438
2013-11-15 10:50:00+01:00,1693.2174,2399.096,3085.87,561.94165,546.1028,926898.7,53524
2013-11-15 11:00:00+01:00,1749.5007,2340.3328,3324.462,536.63165,676.74774,966343.44,51450
2013-11-15 11:10:00+01:00,2019.9762,2430.0193,3165.8076,583.7305,646.322,945990.2,52133
2013-11-15 11:20:00+01:00,1765.6741,2342.274,3170.1653,665.2868,564.369,940535.75,51696
2013-11-15 11:30:00+01:00,1978.0571,2286.676,3754.148,504.48706,515.5814,955465.3,53329
2013-11-15 11:40:00+01:00,1838.0836,2566.501,3149.9426,580.83636,588.7517,925699.2,53795
2013-11-15 11:50:00+01:00,1883.2224,2571.097,3323.148,573.1378,706.47046,949688.6,52650
2013-11-15 12:00:00+01:00,1961.8535,2410.762,3341.848,629.64197,660.5552,984310.3,54058
2013-11-15 12:10:00+01:00,2153.2197,2326.4836,3423.5923,576.6004,593.1215,970506.1,52151
2013-11-15 12:20:00+01:00,2072.2927,2409.156,3067.465,611.2363,616.89606,960116.2,51755
2013-11-15 12:30:00+01:00,2143.3542,2562.634,3476.571,665.6369,560.18304,973835.2,52136
2013-11-15 12:40:00+01:00,2697.8162,2696.7979,3800.719,596.50507,606.26984,987293.2,51986
2013-11-15 12:50:00+01:00,2660.6553,2760.8892,3869.1526,581.2487,591.42816,980018.06,53121
2013-11-15 13:00:00+01:00,2500.207,2770.8235,4221.046,658.5891,494.5013,993088.06,53609
2013-11-15 13:10:00+01:00,2536.4626,2876.5168,3999.922,673.53827,591.55786,1001645.75,51119
2013-11-15 13:20:00+01:00,2868.991,2657.0786,3772.3691,607.0655,654.91327,1000133.06,51021
2013-11-15 13:30:00+01:00,2657.0776,2743.2695,3857.3442,611.04724,722.13947,1026212.0,50413
2013-11-15 13:40:00+01:00,2690.196,4083.8784,3654.952,716.01324,556.66846,1011633.44,49177
2013-11-15 13:50:00+01:00,2416.4836,2842.26,3989.4033,582.82513,682.7621,1022875.7,51498
2013-11-15 14:00:00+01:00,2883.4312,2664.8977,3858.9614,638.105,770.6051,1012823.25,51429
2013-11-15 14:10:00+01:00,2987.5107,2618.2747,3762.7268,594.83734,761.30566,1008438.56,53123
2013-11-15 14:20:00+01:00,2781.6301,2484.64,3584.3928,571.2422,776.3775,996273.0,53288
2013-11-15 14:30:00+01:00,2823.451,2433.8162,3729.2744,578.4753,674.72687,990667.7,53351
2013-11-15 14:40:00+01:00,2721.328,2527.6152,3604.4846,575.69006,697.5896,1015117.75,52858
2013-11-15 14:50:00+01:00,2670.7693,2524.6099,3250.7449,583.43085,707.73364,978411.56,52257
2013-11-15 15:00:00+01:00,3003.0222,2522.855,3147.515,581.69727,622.3837,977399.25,53482
2013-11-15 15:10:00+01:00,2595.0122,2566.6216,3598.783,502.8541,626.09467,983300.75,53229
2013-11-15 15:20:00+01:00,2470.5884,2357.847,3219.6675,472.08914,599.924,963367.75,50956
2013-11-15 15:30:00+01:00,2464.0898,2650.429,3716.7053,518.7523,710.7331,970342.25,50968
2013-11-15 15:40:00+01:00,2672.6787,2364.9038,3138.4915,521.0789,630.0712,986526.06,50653
2013-11-15 15:50:00+01:00,2687.399,2339.4888,3004.6936,494.58386,615.9483,950604.1,52103
2013-11-15 16:00:00+01:00,2636.2373,2189.7239,3095.2886,540.8444,696.14545,960269.25,55920
2013-11-15 16:10:00+01:00,2815.573,2412.8057,3357.0645,527.66833,680.8123,988677.8,54454
2013-11-15 16:20:00+01:00,2325.1792,2590.4258,3010.9128,468.58026,639.9681,944527.7,52532
2013-11-15 16:30:00+01:00,2832.7886,2255.6548,3347.2292,499.47992,563.5279,958763.56,50675
2013-11-15 16:40:00+01:00,2405.8843,2163.8716,3229.4844,484.629,598.86536,959590.25,52726
2013-11-15 16:50:00+01:00,2582.9038,2666.5012,3007.9033,493.41748,599.61255,990187.94,52179
2013-11-15 17:00:00+01:00,2359.1824,2397.9592,3114.004,583.80286,634.80334,966814.4,52480
2013-11-15 17:10:00+01:00,2190.8003,2804.8887,3039.9585,504.1643,609.85565,965563.9,53603
2013-11-15 17:20:00+01:00,2349.1448,2496.927,2712.0256,465.1863,569.5211,952600.2,52622
2013-11-15 17:30:00+01:00,2256.4167,2598.672,2540.8398,492.08627,579.93585,948119.3,56122
2013-11-15 17:40:00+01:00,2402.2651,2275.0327,2694.4258,490.84485,937.9459,966255.7,52491
2013-11-15 17:50:00+01:00,2199.8018,1925.7,2422.682,583.10065,753.10376,958132.9,53197
2013-11-15 18:00:00+01:00,2926.0051,1774.4413,2441.8171,449.9698,673.6199,956333.9,53595
2013-11-15 18:10:00+01:00,2202.8013,2108.4543,2176.4448,702.7045,723.54297,953868.56,52003
2013-11-15 18:20:00+01:00,2136.1042,1817.9135,2449.986,426.80432,678.05475,940847.9,53346
2013-11-15 18:30:00+01:00,2167.2456,1741.4391,2022.4288,358.24838,682.3883,933811.25,52276
2013-11-15 18:40:00+01:00,1705.8928,1835.3054,1883.264,447.38797,757.37036,925609.8,51039
2013-11-15 18:50:00+01:00,2176.1035,1981.3201,2001.107,381.33392,863.4965,913191.56,49718
2013-11-15 19:00:00+01:00,2186.48,1913.0394,1903.5044,358.13425,943.70465,902862.3,52108
2013-11-15 19:10:00+01:00,1829.1862,1639.6432,1656.6919,322.0475,768.0979,874960.44,49218
2013-11-15 19:20:00+01:00,1748.7665,1797.8005,1478.1115,315.0971,743.7634,866584.25,50811
2013-11-15 19:30:00+01:00,1676.2714,1507.4512,1782.5525,342.63196,689.3084,856658.3,52217
2013-11-15 19:40:00+01:00,1796.5284,1257.3442,1512.9952,317.4557,822.39514,842409.4,48289
2013-11-15 19:50:00+01:00,2133.5193,1402.6696,1583.4761,462.6615,870.18243,825365.94,48377
2013-11-15 20:00:00+01:00,1653.1116,1329.4581,1608.2803,360.26938,756.22394,826903.94,48067
2013-11-15 20:10:00+01:00,1579.2034,1220.0922,1069.6659,266.32956,723.1224,805231.06,45182
2013-11-15 20:20:00+01:00,1256.4994,1372.0952,1129.7401,327.6309,783.228,801504.06,43718
2013-11-15 20:30:00+01:00,1133.588,1239.8322,1164.9558,276.86118,838.9447,798558.9,44679
2013-11-15 20:40:00+01:00,1111.5388,905.1199,1317.2063,244.50444,862.0031,782948.6,42163
2013-11-15 20:50:00+01:00,1022.7792,772.5767,1126.1471,280.0572,774.7742,780532.3,40674
2013-11-15 21:00:00+01:00,956.01306,763.0655,975.88086,476.0675,970.04535,778635.9,40837
2013-11-15 21:10:00+01:00,862.5737,720.12305,882.61127,364.7946,947.0178,786821.9,41125
2013-11-15 21:20:00+01:00,1012.2605,1379.1749,957.6673,273.5851,884.53784,767906.1,39407
2013-11-15 21:30:00+01:00,748.16205,701.40765,987.4468,233.36984,989.7295,762994.0,38276
2013-11-15 21:40:00+01:00,927.7033,877.25476,1204.0394,236.01445,1030.3678,765121.94,37279
2013-11-15 21:50:00+01:00,1152.1536,851.37573,1247.1979,246.14558,950.8392,754631.2,38196
2013-11-15 22:00:00+01:00,1571.2915,662.7353,999.96173,236.24643,993.11835,744478.75,35925
2013-11-15 22:10:00+01:00,1080.5481,638.2548,1039.6716,253.2639,862.07806,738076.94,35705
2013-11-15 22:20:00+01:00,732.9894,698.7556,1077.0942,328.44556,976.48456,728549.56,34673
2013-11-15 22:30:00+01:00,767.78815,618.8951,950.6868,288.57578,1081.7224,734778.2,34921
2013-11-15 22:40:00+01:00,792.79706,598.3746,1013.71704,276.293,942.3497,733857.8,35348
2013-11-15 22:50:00+01:00,1025.9021,761.51685,984.9478,308.69348,1014.2099,715820.3,32586
2013-11-15 23:00:00+01:00,615.44006,678.42914,1072.0515,249.02066,1040.2942,709502.5,33237
2013-11-15 23:10:00+01:00,569.7066,619.69543,1052.5801,222.38641,1277.0936,698774.9,31303
2013-11-15 23:20:00+01:00,525.8716,1023.13226,966.7333,245.69766,1110.7426,685200.56,30499
2013-11-15 23:30:00+01:00,621.5877,763.9545,1056.0295,243.0682,1124.9147,680319.94,32479
2013-11-15 23:40:00+01:00,439.8293,692.4997,1013.2662,184.59789,1152.2797,655658.3,29461
2013-11-15 23:50:00+01:00,376.48813,836.7536,981.206,191.09805,1118.5548,631310.75,28568
2013-11-16 00:00:00+01:00,566.2631,802.394,1144.1204,199.71082,1019.55634,612724.44,27662
2013-11-16 00:10:00+01:00,426.4128,488.68085,1251.971,170.62192,848.52893,613206.5,26885
2013-11-16 00:20:00+01:00,701.2457,480.43207,1232.2257,267.48624,824.6752,576059.8,26914
2013-11-16 00:30:00+01:00,446.05286,589.28516,1341.7598,192.53249,921.7135,563093.5,24724
2013-11-16 00:40:00+01:00,404.97577,392.23294,1498.0896,154.68628,774.2785,535146.9,24683
2013-11-16 00:50:00+01:00,281.17334,367.13998,1559.1849,191.79153,870.48254,543194.6,23841
2013-11-16 01:00:00+01:00,395.57208,321.53455,1505.0332,191.31493,717.8102,516419.56,23762
2013-11-16 01:10:00+01:00,188.92763,317.5115,1550.5831,186.47243,772.063,501138.84,23269
2013-11-16 01:20:00+01:00,195.02989,354.2684,1745.324,179.90938,766.7557,480757.72,21409
2013-11-16 01:30:00+01:00,198.5181,301.20932,1648.0142,173.01555,961.7716,470876.12,21997
2013-11-16 01:40:00+01:00,191.10611,309.61926,1603.2087,156.76562,659.51794,466678.47,20570
2013-11-16 01:50:00+01:00,151.77599,330.9494,1561.5659,165.53893,739.82,448321.53,19785
2013-11-16 02:00:00+01:00,196.70438,312.75693,1530.9241,161.36009,664.6692,437401.22,20788
2013-11-16 02:10:00+01:00,173.78395,268.027,1687.1136,150.77792,533.57904,430019.97,19418
2013-11-16 02:20:00+01:00,150.94873,291.56186,1950.1987,155.75217,502.2711,414637.84,19523
2013-11-16 02:30:00+01:00,163.16855,264.37848,1537.6077,153.4869,497.0308,406243.72,18671
2013-11-16 02:40:00+01:00,160.43578,255.33598,1760.3143,132.47072,426.87845,399939.3,18257
2013-11-16 02:50:00+01:00,147.09569,292.58337,1744.1042,165.33736,423.06787,388444.0,18762
2013-11-16 03:00:00+01:00,151.18721,249.92717,1661.231,147.68446,419.05777,381028.94,18781
2013-11-16 03:10:00+01:00,170.86241,243.49184,1616.154,122.991,389.95224,376596.22,18967
2013-11-16 03:20:00+01:00,140.95271,304.7176,1218.468,157.67784,350.33286,359290.22,17973
2013-11-16 03:30:00+01:00,146.50143,269.9843,1299.1493,175.71825,303.85718,354095.0,17629
2013-11-16 03:40:00+01:00,151.43579,397.09167,1359.7755,140.36441,353.28696,371022.16,17434
2013-11-16 03:50:00+01:00,138.97688,400.87787,1391.5023,148.44307,315.08304,350299.75,17568
2013-11-16 04:00:00+01:00,140.35503,280.4165,1110.1659,133.50337,287.78815,343909.72,18193
2013-11-16 04:10:00+01:00,145.49442,306.39792,1186.9519,125.54136,296.36597,340814.56,19670
2013-11-16 04:20:00+01:00,136.92984,296.80838,1062.4895,146.7487,274.65677,332776.9,16277
2013-11-16 04:30:00+01:00,138.83275,267.45825,676.46515,126.7748,270.49878,323897.7,18882
2013-11-16 04:40:00+01:00,132.9487,271.50296,644.06744,125.4339,333.97214,326570.38,16456
2013-11-16 04:50:00+01:00,151.78165,312.20166,468.06616,138.32399,257.49313,321220.8,17532
2013-11-16 05:00:00+01:00,142.13626,268.44128,463.7903,128.13133,246.5135,317682.8,18717
2013-11-16 05:10:00+01:00,143.1911,272.80518,422.3569,133.61823,265.98376,323533.1,17657
2013-11-16 05:20:00+01:00,159.34203,306.65875,427.85648,125.87884,245.62054,313394.0,19738
2013-11-16 05:30:00+01:00,166.57777,255.41179,408.2795,119.685,245.35402,312657.75,18999
2013-11-16 05:40:00+01:00,145.64433,309.5267,428.79044,110.80617,251.86447,319704.03,19883
2013-11-16 05:50:00+01:00,143.02153,290.47095,437.44925,111.680305,226.53954,316291.4,20752
2013-11-16 06:00:00+01:00,156.14723,231.4201,433.01013,120.108604,278.6687,329541.3,20212
2013-11-16 06:10:00+01:00,156.00932,288.16586,392.36603,115.49098,262.58728,329124.84,21185
2013-11-16 06:20:00+01:00,154.05618,296.2497,407.71118,111.23934,233.75363,330623.28,22024
2013-11-16 06:30:00+01:00,286.0631,262.77576,391.2477,122.010086,243.75447,342295.56,23821
2013-11-16 06:40:00+01:00,182.21454,321.23715,322.04117,113.798775,244.02959,349766.56,23664
2013-11-16 06:50:00+01:00,154.1526,293.44186,346.05484,125.47604,211.71375,349320.9,23582
2013-11-16 07:00:00+01:00,183.70103,407.34012,408.3709,118.65521,240.15012,372532.0,27253
2013-11-16 07:10:00+01:00,187.5232,322.685,360.6682,125.16475,279.97836,390986.3,26889
2013-11-16 07:20:00+01:00,194.83682,371.41864,348.79764,132.73619,289.2443,398070.94,28398
2013-11-16 07:30:00+01:00,193.32693,377.5493,332.9074,164.52045,321.05286,423018.78,29464
2013-11-16 07:40:00+01:00,221.98633,339.76514,339.8202,145.81715,322.12955,447897.84,30129
2013-11-16 07:50:00+01:00,197.78441,446.02597,400.16382,177.14192,312.8587,456776.78,31351
2013-11-16 08:00:00+01:00,234.8106,378.0896,397.13284,163.67627,307.15433,478687.2,33183
2013-11-16 08:10:00+01:00,210.77986,399.96356,456.67123,165.58093,414.37088,494013.0,35470
2013-11-16 08:20:00+01:00,202.13031,431.39636,421.23056,169.93758,366.66888,501324.72,37242
2013-11-16 08:30:00+01:00,289.36563,470.7563,434.66,196.698,327.0198,524772.0,37771
2013-11-16 08:40:00+01:00,317.5222,601.9382,564.4282,223.92238,384.55508,550916.1,37349
2013-11-16 08:50:00+01:00,335.97617,570.6008,459.89886,228.90108,387.30383,564055.7,37359
2013-11-16 09:00:00+01:00,378.1642,721.03094,464.26727,209.62054,511.04077,600252.56,39624
2013-11-16 09:10:00+01:00,616.33905,587.28125,498.5505,279.90875,397.90735,617342.94,39042
2013-11-16 09:20:00+01:00,504.78668,595.7397,576.1231,209.25877,470.66907,623246.75,39652
2013-11-16 09:30:00+01:00,531.68164,692.2396,550.43243,200.07935,522.5244,659256.25,42534
2013-11-16 09:40:00+01:00,698.1316,700.55347,532.12085,194.91151,440.6512,674512.4,41273
2013-11-16 09:50:00+01:00,734.25934,774.6534,579.46857,229.81297,426.6355,689748.4,42083
2013-11-16 10:00:00+01:00,864.9876,841.5707,561.93677,248.12004,426.51584,691199.44,43635
2013-11-16 10:10:00+01:00,960.26544,796.4193,531.7397,223.85764,496.69296,713506.2,44865
2013-11-16 10:20:00+01:00,955.7009,935.4918,639.5411,267.9834,462.0054,725506.44,43275
2013-11-16 10:30:00+01:00,1067.2799,1173.5264,601.5401,285.39154,531.27814,723388.9,42898
2013-11-16 10:40:00+01:00,1193.4777,1372.526,500.5362,316.3979,618.2447,732647.44,43907
2013-11-16 10:50:00+01:00,1352.402,1420.5458,587.78906,252.98112,596.1337,742295.56,45500
2013-11-16 11:00:00+01:00,1449.9761,1355.0885,564.905,248.43422,679.84467,768628.2,42450
2013-11-16 11:10:00+01:00,2041.8569,1452.2325,783.6234,265.30182,670.39716,750232.9,43765
2013-11-16 11:20:00+01:00,2120.3232,1498.5365,602.43225,283.72925,606.87555,762280.75,43230
2013-11-16 11:30:00+01:00,2339.923,1667.8467,685.8677,244.5966,523.8007,783759.8,42093
2013-11-16 11:40:00+01:00,2122.141,1779.2051,649.675,226.69218,592.71497,776555.9,43737
2013-11-16 11:50:00+01:00,2298.4895,1971.2014,998.6606,248.49635,669.2156,769177.44,44397
2013-11-16 12:00:00+01:00,2756.2625,1950.974,704.20447,256.0576,660.3547,782507.75,45395
2013-11-16 12:10:00+01:00,2548.8574,1976.3939,643.55035,291.8613,587.3991,783494.75,44006
2013-11-16 12:20:00+01:00,2355.77,2717.3386,648.7458,281.61993,707.4367,766441.44,45439
2013-11-16 12:30:00+01:00,2737.6145,2086.1675,706.1933,216.19366,679.17413,778204.5,43184
2013-11-16 12:40:00+01:00,2751.4338,1992.3904,688.48,255.12907,779.95233,793729.1,42944
2013-11-16 12:50:00+01:00,3198.7651,2152.3777,721.67725,264.46524,821.5017,770192.56,44362
2013-11-16 13:00:00+01:00,2836.8792,2024.0024,741.5691,337.76398,861.5514,752720.56,41995
2013-11-16 13:10:00+01:00,3403.623,2094.4656,737.7268,252.1561,808.06195,764262.56,43975
2013-11-16 13:20:00+01:00,2810.627,2444.0613,701.62524,259.6401,885.916,779187.8,41683
2013-11-16 13:30:00+01:00,3231.623,2467.2842,703.99176,264.12537,786.1433,757916.0,44418
2013-11-16 13:40:00+01:00,2770.4412,2234.6787,601.7367,266.95865,757.1152,755343.3,42350
2013-11-16 13:50:00+01:00,3337.3884,2185.8435,750.2954,281.91553,809.67804,771639.56,41440
2013-11-16 14:00:00+01:00,3251.6558,2127.463,694.57605,273.24197,941.65436,775430.7,42121
2013-11-16 14:10:00+01:00,3498.7283,2491.1653,707.8364,301.1457,960.6502,770407.0,41285
2013-11-16 14:20:00+01:00,3926.9792,2613.9365,742.7843,346.9679,871.3549,779261.6,42781
2013-11-16 14:30:00+01:00,3662.1016,2011.7456,692.4005,309.2903,856.40424,774496.44,40707
2013-11-16 14:40:00+01:00,3745.2444,2005.8042,613.85126,249.25246,879.75415,769576.5,41996
2013-11-16 14:50:00+01:00,3856.7053,2454.2817,675.2511,256.45502,823.66187,763829.0,40482
2013-11-16 15:00:00+01:00,4111.0483,2601.4463,923.7198,304.6545,925.8975,802515.9,40118
2013-11-16 15:10:00+01:00,3140.0264,2506.22,624.122,252.75984,817.2611,778909.75,40005
2013-11-16 15:20:00+01:00,3900.811,2787.287,653.72095,333.00244,839.66254,769844.56,41760
2013-11-16 15:30:00+01:00,4206.056,2293.742,581.5595,260.47174,874.68274,778393.2,40281
2013-11-16 15:40:00+01:00,4391.9233,2715.9128,587.4038,256.47485,877.9236,790990.06,43053
2013-11-16 15:50:00+01:00,4846.077,2474.7915,695.894,284.79266,774.43506,773070.5,41073
2013-11-16 16:00:00+01:00,4697.2334,2451.6562,683.6908,312.07193,833.7245,793381.0,40531
2013-11-16 16:10:00+01:00,5140.1084,2645.8733,600.9655,300.70425,738.59686,806816.6,40888
2013-11-16 16:20:00+01:00,4403.723,3035.5557,750.5901,318.8493,731.9145,783279.6,40530
2013-11-16 16:30:00+01:00,4521.118,2533.6711,707.6987,305.20828,788.31464,794270.44,40695
2013-11-16 16:40:00+01:00,4948.252,2215.9485,715.8695,285.49136,782.89984,787967.44,40872
2013-11-16 16:50:00+01:00,4727.4297,2687.776,644.8738,271.4623,745.0101,792947.3,41587
2013-11-16 17:00:00+01:00,4994.1743,2718.8838,638.3709,310.76636,759.0785,799832.4,42174
2013-11-16 17:10:00+01:00,4617.014,2802.1147,613.975,321.3836,708.94293,779390.2,42822
2013-11-16 17:20:00+01:00,4742.575,2413.4172,670.43884,321.60312,775.7352,804076.0,44019
2013-11-16 17:30:00+01:00,4417.2227,2604.5022,645.0042,294.6272,963.89453,825255.25,41759
2013-11-16 17:40:00+01:00,4258.6445,2417.198,600.9552,346.21094,891.2277,801147.4,45397
2013-11-16 17:50:00+01:00,4536.348,2326.658,592.8385,282.31442,864.10583,786792.8,43374
2013-11-16 18:00:00+01:00,4164.2993,2648.9592,663.5362,344.50488,837.40344,824229.6,43346
2013-11-16 18:10:00+01:00,3989.1528,2595.4893,687.3895,247.14433,739.39386,811478.9,42677
2013-11-16 18:20:00+01:00,3848.7002,2694.2268,650.0097,268.1761,929.39355,797950.9,41952
2013-11-16 18:30:00+01:00,4096.8745,2618.4036,558.8691,396.4853,724.9067,804704.4,42612
2013-11-16 18:40:00+01:00,3899.9282,1902.6667,549.4537,235.20499,731.879,791044.44,41304
2013-11-16 18:50:00+01:00,3717.9426,1863.2365,625.5578,251.90233,747.2766,785235.2,41216
2013-11-16 19:00:00+01:00,3892.9084,1958.0587,594.93097,258.1209,941.637,826975.56,42143
2013-11-16 19:10:00+01:00,3218.8262,1972.7435,667.6465,225.02509,800.9758,781669.6,42003
2013-11-16 19:20:00+01:00,2980.5002,1750.352,806.4883,233.49022,953.6354,795371.94,41054
2013-11-16 19:30:00+01:00,2779.4214,1782.812,611.46796,212.94342,848.3065,800412.8,41655
2013-11-16 19:40:00+01:00,3051.863,1764.0586,586.49475,267.38327,823.5288,779232.5,40667
2013-11-16 19:50:00+01:00,2231.2478,1704.1481,604.5953,212.3708,972.2565,760096.3,39947
2013-11-16 20:00:00+01:00,2417.1174,1910.2284,573.11224,222.32018,985.2843,775315.94,38375
2013-11-16 20:10:00+01:00,2947.7534,1607.3274,517.0024,230.25948,936.8282,753849.75,39430
2013-11-16 20:20:00+01:00,2416.6057,1456.5243,608.73083,249.95157,1103.5741,777901.0,37962
2013-11-16 20:30:00+01:00,1928.5042,1368.7418,772.54083,227.95955,1083.5098,768578.6,37732
2013-11-16 20:40:00+01:00,1541.9938,1127.9509,743.4019,239.77069,936.2678,741912.0,38203
2013-11-16 20:50:00+01:00,1836.2299,1462.0541,840.1411,211.76898,1057.9567,772330.94,37840
2013-11-16 21:00:00+01:00,1571.3788,1192.8464,809.38525,262.84705,1217.4707,775012.0,36699
2013-11-16 21:10:00+01:00,1222.3167,1105.3967,894.90466,279.86038,1178.6082,756017.94,36522
2013-11-16 21:20:00+01:00,1567.2477,1447.7583,899.41364,225.26329,1281.4666,753766.94,34850
2013-11-16 21:30:00+01:00,1291.7872,1413.6836,854.8345,219.97293,1213.3362,731192.56,34899
2013-11-16 21:40:00+01:00,1659.2075,1222.627,944.8955,199.1553,1208.697,721564.2,35261
2013-11-16 21:50:00+01:00,1608.3145,1705.9329,824.6177,219.97353,1335.87,730792.6,32555
2013-11-16 22:00:00+01:00,1507.7076,992.43945,877.57776,209.47266,1573.718,733871.06,31999
2013-11-16 22:10:00+01:00,1533.553,1100.0541,812.70966,197.11472,1555.7714,710045.0,31382
2013-11-16 22:20:00+01:00,1582.3981,1015.9316,846.2435,215.44504,1484.0895,734194.1,30575
2013-11-16 22:30:00+01:00,1168.934,1038.8546,793.6337,215.65828,1358.6338,718644.3,32125
2013-11-16 22:40:00+01:00,1001.08136,753.9234,670.51337,209.5618,1301.625,697317.7,29689
2013-11-16 22:50:00+01:00,1028.2975,950.97156,790.02136,194.26364,1551.05,699616.6,30465
2013-11-16 23:00:00+01:00,1051.5576,847.15753,668.6355,218.78917,1567.546,697681.75,29837
2013-11-16 23:10:00+01:00,1049.7563,850.73456,594.0169,245.52559,1401.4987,677524.5,29756
2013-11-16 23:20:00+01:00,1380.4363,1044.3861,826.7563,220.93446,1798.5999,680341.7,28439
2013-11-16 23:30:00+01:00,1016.32764,687.23413,766.063,237.89653,1441.453,668540.4,29646
2013-11-16 23:40:00+01:00,769.70557,672.50885,699.3142,209.84422,1664.6663,647661.75,27767
2013-11-16 23:50:00+01:00,751.46704,667.2797,761.36597,218.65787,1361.4817,641426.94,27360
2013-11-17 00:00:00+01:00,904.4677,569.6701,888.59314,260.44604,1295.9628,614835.2,27555
2013-11-17 00:10:00+01:00,712.5183,580.23303,986.10333,224.79588,1322.7198,601160.56,28479
2013-11-17 00:20:00+01:00,743.6028,625.3207,1353.1932,251.36253,1494.7446,638126.75,26207
2013-11-17 00:30:00+01:00,703.625,476.1818,1563.9955,208.34412,1207.5183,583003.3,24426
2013-11-17 00:40:00+01:00,679.79584,424.23685,1739.4724,235.92134,1105.9669,562759.3,24173
2013-11-17 00:50:00+01:00,391.33112,516.4882,2073.8428,237.03746,1153.2084,572788.06,23468
2013-11-17 01:00:00+01:00,380.72015,383.02127,2164.6948,384.12146,1192.2181,554790.25,23637
2013-11-17 01:10:00+01:00,278.7842,339.59122,2010.2236,240.3237,1120.5463,524798.6,22107
2013-11-17 01:20:00+01:00,262.05872,399.2499,2250.2378,229.75868,894.25165,519573.22,20880
2013-11-17 01:30:00+01:00,258.68878,322.56128,2179.1763,223.89459,906.5303,497197.66,20937
2013-11-17 01:40:00+01:00,195.15508,289.1877,2426.2268,221.17413,973.8747,474368.0,20798
2013-11-17 01:50:00+01:00,226.96756,304.76093,2518.4653,236.4298,951.65546,489559.88,19238
2013-11-17 02:00:00+01:00,231.98737,290.9372,2596.394,222.18747,807.60986,451357.62,20630
2013-11-17 02:10:00+01:00,174.6486,249.9251,2551.965,216.64235,724.27545,437176.66,19002
2013-11-17 02:20:00+01:00,200.44225,344.6375,2597.0618,225.57027,682.60376,452853.88,20044
2013-11-17 02:30:00+01:00,215.9366,293.9149,2491.069,225.41154,507.8081,423963.88,18457
2013-11-17 02:40:00+01:00,188.38489,267.89365,2427.5142,246.01765,535.8201,408467.62,18489
2013-11-17 02:50:00+01:00,192.55872,304.7393,2268.7246,239.82571,496.3381,409247.6,17033
2013-11-17 03:00:00+01:00,195.96283,269.075,2374.4348,233.05453,443.9082,394010.72,17431
2013-11-17 03:10:00+01:00,157.43057,250.2271,2183.176,223.37747,450.82153,374139.4,17847
2013-11-17 03:20:00+01:00,180.88298,236.45918,2277.6348,214.51003,454.90054,378758.9,17136
2013-11-17 03:30:00+01:00,171.97531,272.69623,1803.3168,211.38257,384.32098,364498.47,18133
2013-11-17 03:40:00+01:00,154.84595,219.20059,1817.5193,195.803,321.51584,351728.2,17228
2013-11-17 03:50:00+01:00,176.07605,250.9249,1897.8503,209.17828,339.8581,350807.3,17087
2013-11-17 04:00:00+01:00,164.22649,328.13852,1618.1781,212.90837,309.638,337988.4,16738
2013-11-17 04:10:00+01:00,139.76451,222.00587,1563.3296,182.8723,315.5172,333360.7,16766
2013-11-17 04:20:00+01:00,170.52182,256.1876,1314.1616,187.24577,297.6207,331667.8,16694
2013-11-17 04:30:00+01:00,166.02994,251.12184,1209.4116,226.15102,284.61987,327219.3,16626
2013-11-17 04:40:00+01:00,135.68927,219.4921,1014.66846,160.12378,280.4864,319336.6,17097
2013-11-17 04:50:00+01:00,161.96495,238.37299,1288.6658,162.34624,296.1594,317187.38,16712
2013-11-17 05:00:00+01:00,157.76685,248.69283,687.4655,153.30164,238.64055,310336.1,16774
2013-11-17 05:10:00+01:00,144.20483,244.69951,360.52005,156.14018,251.05081,306835.1,16148
2013-11-17 05:20:00+01:00,159.51512,471.59256,320.94305,131.16489,252.293,309024.16,16616
2013-11-17 05:30:00+01:00,173.18571,268.7046,259.00784,162.31439,263.28442,309500.47,16360
2013-11-17 05:40:00+01:00,134.8431,235.95035,261.1204,145.6209,249.86629,299677.5,16283
2013-11-17 05:50:00+01:00,173.10626,244.23666,315.7148,125.78961,267.9618,302245.3,17404
2013-11-17 06:00:00+01:00,197.24875,238.13622,259.93738,143.26437,249.51648,304078.28,17442
2013-11-17 06:10:00+01:00,137.38588,224.44333,205.01236,150.43843,308.48816,298413.0,17265
2013-11-17 06:20:00+01:00,172.82565,265.76718,218.84183,105.98437,244.03091,299669.94,17436
2013-11-17 06:30:00+01:00,162.94223,293.77823,234.16258,117.593414,228.81361,301598.8,19887
2013-11-17 06:40:00+01:00,163.3754,303.93738,163.72493,107.423325,257.44,301888.34,17732
2013-11-17 06:50:00+01:00,199.11855,280.82065,216.76949,105.78603,239.9025,311616.38,19676
2013-11-17 07:00:00+01:00,185.60663,269.87018,190.29044,114.40997,222.96754,316399.75,21441
2013-11-17 07:10:00+01:00,150.84242,320.17822,183.58542,108.36042,226.594,320153.66,21899
2013-11-17 07:20:00+01:00,176.3749,282.30994,197.22754,108.79271,224.1198,333864.5,21601
2013-11-17 07:30:00+01:00,164.98427,313.68893,194.64954,125.55044,216.97456,339894.62,23016
2013-11-17 07:40:00+01:00,156.43614,270.2809,190.75153,114.96464,228.77672,345998.44,24433
2013-11-17 07:50:00+01:00,181.84306,281.32788,227.97496,112.8199,240.37065,354527.38,24453
2013-11-17 08:00:00+01:00,197.54561,348.50772,221.54163,129.48068,253.46217,369650.6,29048
2013-11-17 08:10:00+01:00,176.0956,321.1094,212.13208,117.58322,257.4627,379724.16,30507
2013-11-17 08:20:00+01:00,206.55919,386.6329,263.4178,116.72203,251.06241,397608.7,32331
2013-11-17 08:30:00+01:00,174.57971,366.6966,245.79282,141.7035,238.55165,410617.44,33251
2013-11-17 08:40:00+01:00,174.16116,370.83807,228.7804,123.38894,287.86783,427551.06,32948
2013-11-17 08:50:00+01:00,264.93387,474.4695,274.12366,122.169716,288.6396,451649.84,33761
2013-11-17 09:00:00+01:00,439.35098,448.41644,302.33194,131.31819,273.57233,475606.3,34849
2013-11-17 09:10:00+01:00,356.21536,418.15463,267.7203,137.78418,301.13376,479131.75,35947
2013-11-17 09:20:00+01:00,367.51245,470.64322,324.18137,131.01738,327.00317,500079.53,36784
2013-11-17 09:30:00+01:00,273.40698,471.40448,337.12955,178.20139,325.88647,515851.7,35881
2013-11-17 09:40:00+01:00,383.89807,522.20404,361.28107,160.57257,372.7404,535404.7,38655
2013-11-17 09:50:00+01:00,461.8739,517.0849,343.22107,131.77817,389.6357,555357.3,38803
2013-11-17 10:00:00+01:00,538.4745,641.3147,306.89014,148.73482,334.74017,572966.5,39155
2013-11-17 10:10:00+01:00,493.2573,652.4351,350.50128,164.98936,425.4727,581295.94,39587
2013-11-17 10:20:00+01:00,605.8421,705.08075,373.85205,181.45103,441.28513,609062.06,40120
2013-11-17 10:30:00+01:00,764.26654,674.58887,472.96848,184.51138,529.892,623567.9,40138
2013-11-17 10:40:00+01:00,875.17084,1260.8494,448.48367,157.8181,607.7955,613496.3,40344
2013-11-17 10:50:00+01:00,968.87036,1124.0896,335.3991,173.23811,540.2575,633493.06,41264
2013-11-17 11:00:00+01:00,1252.2457,1153.7416,391.34854,167.22685,508.76825,643753.8,41879
2013-11-17 11:10:00+01:00,1207.9232,1249.3785,387.7698,177.6152,483.03714,646541.06,41333
2013-11-17 11:20:00+01:00,1457.2573,1333.2816,354.57898,186.27507,504.60333,660429.0,42706
2013-11-17 11:30:00+01:00,1819.3555,1271.9391,395.89542,199.09969,540.29694,717674.2,41618
2013-11-17 11:40:00+01:00,1812.5087,1418.1829,325.7958,196.49693,564.48047,672369.75,41967
2013-11-17 11:50:00+01:00,1761.655,1522.0897,391.31152,207.11441,605.5332,679369.5,41822
2013-11-17 12:00:00+01:00,2114.5315,1572.8877,570.04846,208.77289,612.4488,699898.75,42225
2013-11-17 12:10:00+01:00,2735.1758,1581.4086,353.93698,239.23569,676.28314,721659.5,42479
2013-11-17 12:20:00+01:00,2609.5393,1529.946,366.3779,188.37692,691.3533,699982.0,42725
2013-11-17 12:30:00+01:00,2196.9197,1562.2327,424.225,171.712,642.283,706029.9,41167
2013-11-17 12:40:00+01:00,2454.7427,1611.556,381.26004,172.2513,656.48627,699516.5,42506
2013-11-17 12:50:00+01:00,2353.6929,1890.5353,419.41434,193.8259,748.9503,693618.7,42776
2013-11-17 13:00:00+01:00,2430.4954,1922.6329,506.85184,192.40695,843.90405,690248.44,38796
2013-11-17 13:10:00+01:00,2706.7666,2017.5106,417.648,188.04053,604.5237,678712.06,40759
2013-11-17 13:20:00+01:00,3100.806,1916.9685,566.7067,193.86989,804.8822,673152.94,39526
2013-11-17 13:30:00+01:00,3413.2144,1721.4797,457.79868,234.05495,825.95514,685454.75,39927
2013-11-17 13:40:00+01:00,3138.837,1761.8585,420.63245,248.76205,806.23676,704199.2,39585
2013-11-17 13:50:00+01:00,2713.4082,1783.3859,574.7522,192.05692,805.0713,703048.44,38457
2013-11-17 14:00:00+01:00,2472.5027,1731.5146,523.123,190.87152,844.75867,717034.5,39446
2013-11-17 14:10:00+01:00,3138.005,2284.752,473.30753,180.27379,852.4861,723194.25,39482
2013-11-17 14:20:00+01:00,2791.7063,2032.7029,496.022,183.29683,1007.62305,715859.75,39586
2013-11-17 14:30:00+01:00,3304.6326,1858.2942,477.67667,205.51657,998.22375,747977.5,38019
2013-11-17 14:40:00+01:00,3219.449,2015.1573,475.01794,217.1162,893.05774,734145.4,39575
2013-11-17 14:50:00+01:00,3223.5815,1772.0608,518.5218,239.75905,747.1738,716666.6,39292
2013-11-17 15:00:00+01:00,3312.4082,1883.761,628.3817,245.09225,775.22955,734237.6,40157
2013-11-17 15:10:00+01:00,3498.5925,1895.3627,504.97763,239.73769,794.76337,749730.2,39898
2013-11-17 15:20:00+01:00,3551.4758,2251.0222,491.2703,248.43143,953.0743,752789.1,38630
2013-11-17 15:30:00+01:00,3662.2908,2127.9028,523.6546,247.75087,735.74426,746129.06,38356
2013-11-17 15:40:00+01:00,3820.7068,2142.013,442.1492,232.5193,754.21234,739019.94,41261
2013-11-17 15:50:00+01:00,3915.6667,2124.0847,530.25134,231.59718,894.5008,742972.06,40095
2013-11-17 16:00:00+01:00,4007.5774,2817.3855,617.1284,201.09114,712.1486,760202.0,41718
2013-11-17 16:10:00+01:00,3970.4187,1994.6769,514.36633,226.51608,756.0001,757217.94,40823
2013-11-17 16:20:00+01:00,5108.7554,2070.1697,436.38254,204.20789,847.8558,751131.5,40585
2013-11-17 16:30:00+01:00,4854.29,1839.7754,434.16113,236.41827,736.51965,742264.75,41320
2013-11-17 16:40:00+01:00,5120.602,2108.063,500.35382,311.49747,761.27924,801475.06,41885
2013-11-17 16:50:00+01:00,4618.4775,2050.9167,424.4535,281.1317,665.4545,772083.8,42894
2013-11-17 17:00:00+01:00,4778.696,2104.5864,449.817,205.6579,707.09424,783511.8,42202
2013-11-17 17:10:00+01:00,4756.125,2177.205,566.0087,220.65746,683.24084,810689.75,43260
2013-11-17 17:20:00+01:00,4145.114,2607.4646,489.8252,266.941,612.35315,779486.25,42462
2013-11-17 17:30:00+01:00,5440.5156,2016.4562,488.23444,190.78984,743.5598,788355.1,43777
2013-11-17 17:40:00+01:00,4482.4395,2010.6228,380.45093,216.24844,739.6164,789996.0,43226
2013-11-17 17:50:00+01:00,4456.7207,1996.5481,508.93848,200.65613,603.8653,784707.5,42293
2013-11-17 18:00:00+01:00,4697.7163,2218.6218,507.0142,211.76178,627.06866,795141.94,42199
2013-11-17 18:10:00+01:00,3851.5833,1904.1411,371.74545,205.9327,641.42035,779174.06,41282
2013-11-17 18:20:00+01:00,3937.3,2201.9338,395.22043,190.36986,659.76935,808432.7,43132
2013-11-17 18:30:00+01:00,3280.4153,1818.9436,427.25464,208.79236,679.0265,786356.3,42239
2013-11-17 18:40:00+01:00,3507.824,1552.6702,409.44504,213.46733,747.6639,778065.94,42455
2013-11-17 18:50:00+01:00,4917.7153,1515.8782,445.4943,215.28323,787.774,779731.2,41997
2013-11-17 19:00:00+01:00,3303.3943,1551.9413,485.52167,215.53368,715.7723,759737.75,42829
2013-11-17 19:10:00+01:00,2933.5662,1414.421,332.19485,275.59958,754.6418,784511.8,42552
2013-11-17 19:20:00+01:00,2747.2908,1393.9929,370.60202,240.20811,719.7807,783700.94,40659
2013-11-17 19:30:00+01:00,2592.1475,1424.7767,288.4392,299.9808,741.8421,772230.6,41231
2013-11-17 19:40:00+01:00,2265.8215,1344.8461,302.9252,235.79364,807.21857,762913.0,41463
2013-11-17 19:50:00+01:00,2190.2363,1212.5588,344.06805,227.31075,784.70776,753498.1,38862
2013-11-17 20:00:00+01:00,1801.7272,1023.9265,280.37158,304.81873,658.4715,750796.0,38815
2013-11-17 20:10:00+01:00,1949.6818,994.1859,243.19157,231.31345,798.4644,731829.3,39516
2013-11-17 20:20:00+01:00,1636.8707,893.689,273.5645,243.42015,877.2836,754727.4,37944
2013-11-17 20:30:00+01:00,1214.8591,877.5247,280.6596,258.9262,1103.2288,762571.94,38942
2013-11-17 20:40:00+01:00,1173.1152,885.1311,284.57184,292.30435,875.2223,730973.25,36419
2013-11-17 20:50:00+01:00,1032.8918,1277.595,317.36896,245.54759,846.0318,736893.75,37798
2013-11-17 21:00:00+01:00,849.7849,661.1209,275.34384,228.88449,787.9097,733715.3,36492
2013-11-17 21:10:00+01:00,859.0746,728.4556,260.0234,218.01775,922.0995,732109.25,37424
2013-11-17 21:20:00+01:00,1000.7641,740.30975,248.36917,229.91551,983.23303,727852.6,35566
2013-11-17 21:30:00+01:00,698.56854,715.23865,280.40698,262.9755,855.895,713732.6,35572
2013-11-17 21:40:00+01:00,585.4667,906.4586,232.7266,350.54895,943.21704,700959.8,35353
2013-11-17 21:50:00+01:00,538.338,711.94336,292.8598,380.43665,884.248,710309.06,33745
2013-11-17 22:00:00+01:00,702.99207,1108.2147,255.32448,243.14612,758.1897,704802.56,33207
2013-11-17 22:10:00+01:00,700.4982,561.6613,233.0346,210.68489,852.093,686296.9,31085
2013-11-17 22:20:00+01:00,691.05817,430.48782,269.0849,206.74411,963.1563,679370.5,31353
2013-11-17 22:30:00+01:00,523.06573,519.6649,307.0017,221.89009,843.7419,694741.25,30803
2013-11-17 22:40:00+01:00,483.81097,451.34525,306.2984,215.85774,722.24,666750.3,28952
2013-11-17 22:50:00+01:00,673.08136,485.0932,300.61188,209.0278,728.03796,637780.06,30435
2013-11-17 23:00:00+01:00,372.7831,494.02496,321.08395,201.1615,738.5646,652752.6,29147
2013-11-17 23:10:00+01:00,383.7193,417.9965,270.12488,192.54007,659.2492,625598.9,27220
2013-11-17 23:20:00+01:00,375.1758,454.03464,297.27252,192.67047,637.3804,620026.2,25501
2013-11-17 23:30:00+01:00,664.20166,420.39328,235.08778,199.71835,639.485,601931.7,27129
2013-11-17 23:40:00+01:00,417.51614,362.9166,204.81223,212.08844,575.2406,572008.44,26115
2013-11-17 23:50:00+01:00,323.5076,393.40945,224.79132,187.91866,603.40155,556654.4,23732
2013-11-18 00:00:00+01:00,297.21677,365.09616,237.6353,160.68994,527.1338,543466.2,23603
2013-11-18 00:10:00+01:00,354.4732,442.9881,249.88716,195.40434,491.89624,544706.1,22753
2013-11-18 00:20:00+01:00,483.98547,404.28177,185.23459,155.34654,437.27573,502293.03,21074
2013-11-18 00:30:00+01:00,1275.5612,285.1175,196.18126,224.73167,523.8419,504296.6,21328
2013-11-18 00:40:00+01:00,906.1418,428.46692,192.6885,227.9678,432.04047,486841.94,20002
2013-11-18 00:50:00+01:00,1809.5704,299.50394,215.35556,163.8813,379.58252,476586.22,19346
2013-11-18 01:00:00+01:00,207.29155,244.62234,249.68289,152.07625,401.50098,467253.53,18235
2013-11-18 01:10:00+01:00,200.99196,271.85526,189.6363,177.42598,389.53867,441267.56,17504
2013-11-18 01:20:00+01:00,188.83423,269.68332,179.06732,187.86092,368.2945,426847.8,17916
2013-11-18 01:30:00+01:00,168.22552,242.3348,175.0629,179.08682,336.58926,415760.2,18038
2013-11-18 01:40:00+01:00,178.35733,233.69286,178.74182,182.74026,348.524,406544.25,16724
2013-11-18 01:50:00+01:00,175.65508,244.7558,170.08675,135.07683,358.88507,397045.44,17037
2013-11-18 02:00:00+01:00,168.58781,241.43245,155.19037,133.31174,341.08337,388755.22,16267
2013-11-18 02:10:00+01:00,173.4287,256.58,147.80145,124.374695,286.95663,376597.47,15949
2013-11-18 02:20:00+01:00,171.2946,255.33722,169.34862,125.96727,282.79233,371276.16,15711
2013-11-18 02:30:00+01:00,177.98982,257.5909,156.76703,120.157364,312.14105,363473.6,16020
2013-11-18 02:40:00+01:00,156.74297,225.97112,150.91534,116.487,278.02322,350861.16,16518
2013-11-18 02:50:00+01:00,180.54025,261.8771,167.13385,151.2123,266.0362,344840.34,16227
2013-11-18 03:00:00+01:00,149.94301,246.27907,162.51228,121.78843,266.79956,345758.25,16183
2013-11-18 03:10:00+01:00,150.95174,216.88399,162.76683,119.21055,263.69965,338324.5,16595
2013-11-18 03:20:00+01:00,159.50642,221.35713,184.99982,118.1573,256.12555,331272.44,16381
2013-11-18 03:30:00+01:00,142.8013,238.98921,173.99368,120.18147,261.24997,328005.6,16065
2013-11-18 03:40:00+01:00,153.27995,237.89377,158.39842,121.20045,232.72342,326571.0,15217
2013-11-18 03:50:00+01:00,159.50319,215.96448,158.24603,122.69848,238.47499,316550.03,16234
2013-11-18 04:00:00+01:00,148.59946,214.63287,151.56131,112.49897,256.42856,318058.78,16386
2013-11-18 04:10:00+01:00,147.49878,231.09415,170.11684,112.91075,234.73965,317114.6,16016
2013-11-18 04:20:00+01:00,161.6754,249.60054,192.46742,112.14813,221.30145,311793.16,16394
2013-11-18 04:30:00+01:00,140.99252,322.90924,179.95212,110.299065,242.73587,308514.88,17357
2013-11-18 04:40:00+01:00,154.63605,211.57698,158.53336,109.90705,227.64905,307416.34,16956
2013-11-18 04:50:00+01:00,168.81226,227.07164,167.26822,118.557236,188.41081,307790.25,16389
2013-11-18 05:00:00+01:00,141.48947,217.58908,145.9885,108.447525,219.74562,309705.75,18914
2013-11-18 05:10:00+01:00,165.77168,230.20712,156.34221,122.27199,203.23376,312853.62,18501
2013-11-18 05:20:00+01:00,168.06221,275.17416,160.72179,115.20725,195.078,309400.22,18082
2013-11-18 05:30:00+01:00,151.99083,238.37427,162.48436,110.47049,215.69597,311159.28,18951
2013-11-18 05:40:00+01:00,157.05977,238.42732,169.37378,121.45658,207.39716,314510.44,19954
2013-11-18 05:50:00+01:00,185.9003,238.43759,172.44937,126.92895,214.67136,334125.88,20288
2013-11-18 06:00:00+01:00,153.27432,242.80023,162.61823,116.00675,244.84889,334568.34,22269
2013-11-18 06:10:00+01:00,155.40771,217.843,176.54855,116.86846,225.95596,344312.94,23644
2013-11-18 06:20:00+01:00,199.81374,252.808,172.36668,123.28967,215.45558,359571.03,23546
2013-11-18 06:30:00+01:00,175.82079,238.66336,187.8918,136.15115,230.68784,375924.78,26201
2013-11-18 06:40:00+01:00,182.84265,264.4246,178.19623,135.56935,252.83914,397617.38,27424
2013-11-18 06:50:00+01:00,223.68573,361.03305,263.3923,126.97348,278.94165,422855.7,28529
2013-11-18 07:00:00+01:00,211.94539,309.01053,297.01337,152.86086,337.928,460234.22,30919
2013-11-18 07:10:00+01:00,246.49457,369.73312,342.3788,204.88272,313.8451,496521.03,33602
2013-11-18 07:20:00+01:00,274.1723,342.8729,288.38522,171.0055,327.3034,536506.5,35230
2013-11-18 07:30:00+01:00,324.8653,467.40414,337.30743,189.1546,469.16397,603297.44,36232
2013-11-18 07:40:00+01:00,284.16833,519.00995,379.2516,210.6219,394.69803,627424.56,37726
2013-11-18 07:50:00+01:00,330.92987,675.9453,467.8051,219.5444,453.1661,684644.5,39565
2013-11-18 08:00:00+01:00,370.18674,843.18195,580.9954,240.36317,542.0547,711668.4,40235
2013-11-18 08:10:00+01:00,427.53717,769.38495,699.10974,295.74963,474.61902,740147.5,42875
2013-11-18 08:20:00+01:00,567.921,925.09314,853.1908,305.7274,513.4086,769465.25,42866
2013-11-18 08:30:00+01:00,691.002,997.8319,602.99365,353.6628,542.8975,806105.25,43856
2013-11-18 08:40:00+01:00,686.9683,1148.9348,644.0638,363.8261,532.3218,824905.06,46567
2013-11-18 08:50:00+01:00,708.9596,1320.7988,675.70935,395.42505,407.97964,819528.56,47077
2013-11-18 09:00:00+01:00,926.54333,1491.0658,695.9794,421.01993,422.36884,857040.9,49955
2013-11-18 09:10:00+01:00,1006.9499,1461.2875,704.5161,428.50284,445.66983,882509.4,48582
2013-11-18 09:20:00+01:00,1051.8059,1499.7483,751.2512,480.56326,404.86908,856760.6,48151
2013-11-18 09:30:00+01:00,1117.537,1689.7661,818.17194,486.9672,478.48615,905790.2,49715
2013-11-18 09:40:00+01:00,1155.8433,1552.4536,758.2202,452.3959,449.14938,881932.25,49598
2013-11-18 09:50:00+01:00,1072.8308,1687.7864,744.11914,497.65402,418.1319,865444.8,52857
2013-11-18 10:00:00+01:00,1308.3357,1736.1041,714.00525,511.03882,391.19476,889401.0,49054
2013-11-18 10:10:00+01:00,1352.0284,1939.8298,778.8587,630.699,415.90283,920879.8,51677
2013-11-18 10:20:00+01:00,1207.1824,2067.7808,754.32745,656.7886,427.59958,889512.56,50742
2013-11-18 10:30:00+01:00,1446.4811,2158.8264,853.18646,632.92584,455.3677,920491.4,51985
2013-11-18 10:40:00+01:00,1520.2124,1947.3601,798.5495,612.60315,379.29373,908814.3,49818
2013-11-18 10:50:00+01:00,1379.6969,2159.5237,772.3825,553.10754,417.13998,900687.5,50816
2013-11-18 11:00:00+01:00,1847.4806,2269.0803,852.08435,608.86865,418.3701,937671.94,50237
2013-11-18 11:10:00+01:00,1685.7065,2394.1548,864.46875,623.65955,439.19998,948051.9,49259
2013-11-18 11:20:00+01:00,1692.5433,2798.593,806.0709,591.29895,444.0048,924685.44,49517
2013-11-18 11:30:00+01:00,2026.53,2181.8215,866.65985,574.7441,463.66617,915117.7,52107
2013-11-18 11:40:00+01:00,1923.8394,2346.8782,859.95624,688.46716,499.14587,941818.8,50852
2013-11-18 11:50:00+01:00,1971.0951,2707.71,803.83307,611.61993,448.96234,918217.4,50477
2013-11-18 12:00:00+01:00,2233.8362,2787.2297,785.0784,680.7174,431.0365,934062.56,48207
2013-11-18 12:10:00+01:00,2270.3354,2812.22,841.9672,720.82715,494.36438,968126.56,49789
2013-11-18 12:20:00+01:00,2252.052,2842.287,863.95355,629.50397,544.9863,953764.4,52082
2013-11-18 12:30:00+01:00,2212.4983,2870.7488,943.6561,625.19696,407.9853,980915.75,52348
2013-11-18 12:40:00+01:00,2030.7354,2732.5754,872.1624,619.1366,560.486,953720.0,51757
2013-11-18 12:50:00+01:00,2339.1953,2773.3179,971.0617,761.6805,473.11392,973677.75,50563
2013-11-18 13:00:00+01:00,2701.879,2803.2317,1249.3905,745.6325,560.79663,1035307.7,50037
2013-11-18 13:10:00+01:00,2416.5645,2977.0225,977.32697,737.3432,565.3471,1015076.2,50585
2013-11-18 13:20:00+01:00,2937.4646,3274.0999,972.82465,728.6031,544.0664,1015332.6,50232
2013-11-18 13:30:00+01:00,2639.386,3360.832,1043.3876,651.24634,480.12125,1014205.06,49659
2013-11-18 13:40:00+01:00,2630.7544,3092.7,956.8261,708.88403,539.1051,1007296.4,48985
2013-11-18 13:50:00+01:00,2887.648,2944.0872,956.6613,784.6336,644.37463,1009865.7,48655
2013-11-18 14:00:00+01:00,3017.1282,3070.3757,1090.9974,802.2576,597.95825,1041574.9,49148
2013-11-18 14:10:00+01:00,2767.0635,2864.9463,1204.5381,790.2505,576.22217,1003987.8,50888
2013-11-18 14:20:00+01:00,2599.4434,3102.392,1012.37335,717.3147,546.89935,988759.25,51205
2013-11-18 14:30:00+01:00,2682.562,3402.7815,1017.9486,679.00793,532.2361,990773.8,49631
2013-11-18 14:40:00+01:00,2432.0002,2828.5693,917.37054,621.3092,512.92804,965763.9,51065
2013-11-18 14:50:00+01:00,2312.7654,2699.8547,962.87305,645.7396,537.42566,940566.9,51637
2013-11-18 15:00:00+01:00,2304.3857,2480.7212,907.7104,594.6809,571.07056,941701.56,50784
2013-11-18 15:10:00+01:00,2605.477,2835.7266,860.2588,633.3265,478.9639,968667.4,50405
2013-11-18 15:20:00+01:00,2393.93,2679.2083,978.4966,627.86896,539.07764,974924.56,50363
2013-11-18 15:30:00+01:00,2517.155,2644.8455,873.86835,590.0953,587.25574,953566.1,50723
2013-11-18 15:40:00+01:00,2197.0278,2348.0002,874.2311,579.92896,496.54828,952493.44,49490
2013-11-18 15:50:00+01:00,2095.3237,2778.067,881.37524,670.22375,567.24817,953437.3,52962
2013-11-18 16:00:00+01:00,2527.717,2735.7886,1668.7546,732.88336,527.2542,943866.1,51594
2013-11-18 16:10:00+01:00,2240.5051,2401.9822,1757.0713,744.24506,573.2545,944942.0,51503
2013-11-18 16:20:00+01:00,2561.2173,2850.035,2336.7659,621.87616,552.87463,976082.2,50926
2013-11-18 16:30:00+01:00,2120.8076,2660.9075,2350.6973,720.8997,530.1115,954092.56,50610
2013-11-18 16:40:00+01:00,2574.675,2380.86,2366.529,664.24396,597.95654,958810.1,49056
2013-11-18 16:50:00+01:00,2213.1719,2422.51,2384.0415,703.2948,487.23364,956311.56,51087
2013-11-18 17:00:00+01:00,2616.9492,2453.2683,2529.6333,632.28503,464.44595,952948.9,52303
2013-11-18 17:10:00+01:00,2010.324,2073.1519,2390.0605,588.96954,477.0255,950015.9,51321
2013-11-18 17:20:00+01:00,2266.8586,2316.0974,2651.3284,598.143,484.99738,972697.8,51526
2013-11-18 17:30:00+01:00,1965.4641,2088.2847,2397.4805,634.2469,588.7634,961648.44,50656
2013-11-18 17:40:00+01:00,2261.2866,2015.4697,2318.5251,698.4322,573.24194,954456.25,50291
2013-11-18 17:50:00+01:00,2356.3687,2189.7676,2762.6584,673.8652,583.0955,977192.1,51392
2013-11-18 18:00:00+01:00,2469.269,2320.2244,2566.1013,580.0357,601.538,970050.94,51124
2013-11-18 18:10:00+01:00,2537.836,2267.9646,2610.478,619.55176,635.4546,972023.56,47889
2013-11-18 18:20:00+01:00,2312.4197,2072.0684,2430.6025,548.2697,629.8069,954528.25,49070
2013-11-18 18:30:00+01:00,1905.4376,1918.1298,2389.7776,488.37964,573.3905,936549.6,47821
2013-11-18 18:40:00+01:00,1949.0525,2038.0123,2519.197,486.82474,668.8784,971473.06,50112
2013-11-18 18:50:00+01:00,2294.0547,2144.7666,2324.1663,439.81937,713.06665,922459.3,48291
2013-11-18 19:00:00+01:00,1752.7205,1737.147,2444.7832,499.4399,682.2525,901160.6,47727
2013-11-18 19:10:00+01:00,1588.7687,1715.0159,2432.6653,437.68536,702.09735,901884.2,47980
2013-11-18 19:20:00+01:00,1979.5509,1635.3756,1947.4604,404.74988,645.7011,893564.6,48209
2013-11-18 19:30:00+01:00,1593.5078,1668.9274,1618.215,510.6802,695.619,844963.2,47499
2013-11-18 19:40:00+01:00,2547.5083,1674.1643,1499.3611,428.39047,665.0875,867418.06,45777
2013-11-18 19:50:00+01:00,1629.1965,1718.8734,1348.5721,360.38174,706.18713,820107.7,45948
2013-11-18 20:00:00+01:00,1449.4749,1605.365,1467.3152,412.89798,716.56726,816983.1,44411
2013-11-18 20:10:00+01:00,1751.0647,1224.5302,1482.5988,348.16882,826.0999,842562.7,42101
2013-11-18 20:20:00+01:00,2298.4734,1413.2683,1266.6874,317.6641,821.07306,813743.1,42282
2013-11-18 20:30:00+01:00,1334.538,1068.785,1116.4005,325.10205,850.812,794818.06,43377
2013-11-18 20:40:00+01:00,1069.843,1091.844,1031.1094,303.09927,785.7735,812223.75,40418
2013-11-18 20:50:00+01:00,1115.9034,1151.6849,999.87445,287.96567,771.9137,781963.75,39813
2013-11-18 21:00:00+01:00,890.4808,979.389,895.5721,328.33853,803.69525,783985.75,38308
2013-11-18 21:10:00+01:00,801.45856,981.93744,1035.9639,382.6853,863.9953,782462.06,38176
2013-11-18 21:20:00+01:00,852.7985,1319.4247,907.6358,264.333,775.78894,762478.44,36648
2013-11-18 21:30:00+01:00,1091.1448,1050.191,812.7008,311.00937,803.1918,750426.0,38217
2013-11-18 21:40:00+01:00,750.90137,711.2471,852.37854,271.40213,756.5479,755492.6,37778
2013-11-18 21:50:00+01:00,862.8137,929.6037,700.6637,283.9056,715.4081,733468.5,35587
2013-11-18 22:00:00+01:00,749.64343,1097.0352,769.8073,267.98218,780.41266,726458.06,33670
2013-11-18 22:10:00+01:00,608.10657,1005.7347,975.82007,282.5688,740.67017,709019.6,34591
2013-11-18 22:20:00+01:00,699.75244,787.622,885.08496,246.38332,771.01263,721852.94,33213
2013-11-18 22:30:00+01:00,863.1909,711.4443,728.7245,285.70236,722.3763,714786.9,31482
2013-11-18 22:40:00+01:00,686.14105,679.3374,730.19495,249.99106,696.05115,700027.25,32761
2013-11-18 22:50:00+01:00,608.183,685.1626,649.6118,236.38522,725.18964,678774.4,31620
2013-11-18 23:00:00+01:00,555.29333,611.7613,615.9692,231.59941,618.0778,672205.94,29885
2013-11-18 23:10:00+01:00,440.18527,543.0754,682.6881,220.94835,756.9972,660918.7,27366
2013-11-18 23:20:00+01:00,479.68588,1066.807,564.5914,261.00916,690.9524,653725.2,28072
2013-11-18 23:30:00+01:00,412.7267,421.6327,747.7086,227.9073,580.1123,639931.75,28765
2013-11-18 23:40:00+01:00,350.49048,435.79254,507.34122,228.74823,627.6829,635439.75,27907
2013-11-18 23:50:00+01:00,368.23706,511.58322,534.99963,212.34009,635.41315,613863.0,25598
2013-11-19 00:00:00+01:00,395.9279,510.33563,498.79013,207.50719,674.7057,591893.9,24810
2013-11-19 00:10:00+01:00,314.07083,568.1368,672.6686,214.51747,542.20215,571531.0,24094
2013-11-19 00:20:00+01:00,303.01346,407.8961,420.91104,284.85553,488.1225,539351.6,24062
2013-11-19 00:30:00+01:00,284.17148,438.1563,469.73703,193.85414,580.65076,512380.84,21055
2013-11-19 00:40:00+01:00,229.58723,347.17325,419.18567,186.1754,626.88464,511521.78,20357
2013-11-19 00:50:00+01:00,288.45303,377.6473,414.34164,164.53912,868.432,483245.28,20666
2013-11-19 01:00:00+01:00,255.12119,372.94553,377.36462,152.99529,576.33295,466791.47,19639
2013-11-19 01:10:00+01:00,250.68567,314.15686,358.76413,165.69835,381.68826,465224.6,18322
2013-11-19 01:20:00+01:00,262.36472,376.97568,368.9199,154.76309,375.7161,440120.03,18291
2013-11-19 01:30:00+01:00,159.48904,328.7911,347.7984,142.43742,357.8412,421123.03,18104
2013-11-19 01:40:00+01:00,168.0817,308.37814,412.33243,162.3542,369.17377,430918.0,17813
2013-11-19 01:50:00+01:00,192.79462,347.2676,361.39688,140.87363,359.55865,409192.66,16544
2013-11-19 02:00:00+01:00,164.20917,313.73898,307.76288,143.40407,323.44095,398916.78,17282
2013-11-19 02:10:00+01:00,154.48892,263.09393,343.23788,150.2688,352.5434,403083.72,15741
2013-11-19 02:20:00+01:00,280.21085,328.63193,307.49426,157.75356,310.73956,385417.53,16530
2013-11-19 02:30:00+01:00,191.48088,278.59482,293.14822,137.17905,287.65714,371195.34,16139
2013-11-19 02:40:00+01:00,266.0405,282.02795,324.67816,136.04953,352.42612,377864.9,15386
2013-11-19 02:50:00+01:00,199.36354,320.8735,294.03473,137.6855,293.7027,364809.0,16040
2013-11-19 03:00:00+01:00,132.87225,282.57074,282.3172,128.15913,252.15912,353274.22,15374
2013-11-19 03:10:00+01:00,147.06572,254.15848,311.03265,135.32027,274.32916,365050.38,15967
2013-11-19 03:20:00+01:00,155.96248,324.5622,284.67294,122.441444,266.25784,342645.97,15404
2013-11-19 03:30:00+01:00,181.3133,275.53394,296.8953,131.49115,238.33395,337749.22,16913
2013-11-19 03:40:00+01:00,188.13467,254.16383,329.14362,136.80632,264.04474,354361.22,14659
2013-11-19 03:50:00+01:00,184.54056,306.5892,298.2041,122.768845,261.91898,331943.47,15690
2013-11-19 04:00:00+01:00,140.65936,271.90814,294.03265,124.22796,208.50224,331431.94,16018
2013-11-19 04:10:00+01:00,147.93188,292.1179,306.5761,120.639595,240.58821,341200.9,15767
2013-11-19 04:20:00+01:00,171.76445,281.70355,296.4846,119.99664,244.68257,327553.0,16990
2013-11-19 04:30:00+01:00,145.73875,278.17532,309.57156,120.65576,199.60068,321743.62,17106
2013-11-19 04:40:00+01:00,139.66412,272.37323,319.63486,118.50539,226.35252,329626.53,16036
2013-11-19 04:50:00+01:00,171.2427,289.9178,304.0823,121.64239,251.79076,324222.44,16459
2013-11-19 05:00:00+01:00,139.74818,382.0478,293.13797,116.45533,208.14351,318628.3,18035
2013-11-19 05:10:00+01:00,152.84525,309.4175,306.39453,121.65666,233.78432,332685.94,18461
2013-11-19 05:20:00+01:00,169.8077,322.7577,293.28882,125.32096,245.8323,326581.6,17981
2013-11-19 05:30:00+01:00,158.35222,384.7464,325.13623,118.20817,206.44084,329946.06,19595
2013-11-19 05:40:00+01:00,145.90808,291.06107,325.21573,132.10435,224.42242,342828.5,20102
2013-11-19 05:50:00+01:00,198.2695,335.0673,302.25116,122.93207,238.43028,339523.56,21356
2013-11-19 06:00:00+01:00,164.50473,318.93518,311.0148,118.920525,204.31227,355031.88,23254
2013-11-19 06:10:00+01:00,159.965,293.25714,323.82108,123.74339,274.8132,371206.22,23862
2013-11-19 06:20:00+01:00,173.85555,356.2166,307.48657,131.69652,261.3107,380258.88,26012
2013-11-19 06:30:00+01:00,158.08006,381.45267,319.1599,137.2786,239.14198,398030.78,25675
2013-11-19 06:40:00+01:00,180.16922,339.8183,331.28183,145.25534,243.7509,427155.94,28220
2013-11-19 06:50:00+01:00,254.59448,377.90128,353.08124,159.59973,257.2367,444869.53,28476
2013-11-19 07:00:00+01:00,217.93285,389.17477,439.08594,153.4337,234.83527,480833.0,31193
2013-11-19 07:10:00+01:00,226.69568,383.26434,437.49982,189.66148,265.5812,533802.7,34343
2013-11-19 07:20:00+01:00,337.2759,442.24802,403.96643,170.35568,293.28308,569275.8,35472
2013-11-19 07:30:00+01:00,328.03003,512.878,432.8033,193.51233,366.99557,625396.25,38410
2013-11-19 07:40:00+01:00,332.53427,593.67755,627.42865,210.08649,367.0034,658611.8,38964
2013-11-19 07:50:00+01:00,445.76202,780.32874,671.017,239.73323,393.06287,714428.75,41523
2013-11-19 08:00:00+01:00,396.22495,849.238,616.1717,253.79504,432.8662,740501.75,42343
2013-11-19 08:10:00+01:00,440.45807,919.8756,834.1145,304.8883,448.95007,770473.06,44139
2013-11-19 08:20:00+01:00,577.2588,1158.2484,1044.5542,321.5222,563.7524,808813.44,45087
2013-11-19 08:30:00+01:00,588.0202,1109.8867,1216.2019,314.4623,453.54584,830918.94,45752
2013-11-19 08:40:00+01:00,610.7634,1141.7474,1649.4453,421.30157,597.9411,860539.6,47608
2013-11-19 08:50:00+01:00,730.5611,1484.2784,1796.5348,396.2672,558.03186,867881.44,49002
2013-11-19 09:00:00+01:00,892.8201,1757.5292,2247.923,456.2989,467.7521,894519.4,48531
2013-11-19 09:10:00+01:00,945.1731,1625.5596,2304.6335,447.17615,492.1501,900958.25,49691
2013-11-19 09:20:00+01:00,1117.9788,1820.1201,2442.3252,493.14062,527.0241,917412.3,50102
2013-11-19 09:30:00+01:00,1099.7273,2023.7534,2323.016,493.999,489.30472,913145.7,50484
2013-11-19 09:40:00+01:00,1104.6814,2013.3475,2446.2053,475.09775,492.6611,908459.44,52134
2013-11-19 09:50:00+01:00,1264.5144,1955.1106,2724.2905,574.9016,602.5423,928276.0,52516
2013-11-19 10:00:00+01:00,1125.5594,2017.2457,2978.7559,558.1235,591.2868,910100.7,51158
2013-11-19 10:10:00+01:00,1330.7733,2067.6711,2686.1196,653.26074,523.5903,941276.0,53092
2013-11-19 10:20:00+01:00,1513.0797,2124.5938,2663.3188,703.7849,514.65955,938893.7,54394
2013-11-19 10:30:00+01:00,1419.5137,1965.2415,2992.9963,687.5211,477.8505,931774.7,54910
2013-11-19 10:40:00+01:00,1555.2544,2056.3188,3057.3657,611.5768,546.0589,916704.25,53903
2013-11-19 10:50:00+01:00,1737.1085,2232.1565,3085.2512,678.1409,444.8662,923006.75,51860
2013-11-19 11:00:00+01:00,1654.1941,2410.9055,3121.8726,651.23346,475.33484,956543.06,51720
2013-11-19 11:10:00+01:00,1683.295,2876.2437,3071.3083,631.78796,544.4803,974040.06,52638
2013-11-19 11:20:00+01:00,1831.0879,2665.502,3617.0857,641.04553,593.2291,967461.5,52704
2013-11-19 11:30:00+01:00,1692.1572,3026.4697,3420.8093,689.4354,580.75116,966393.5,54482
2013-11-19 11:40:00+01:00,1783.817,2381.5852,3075.497,617.4113,536.5046,947983.56,53408
2013-11-19 11:50:00+01:00,1637.2131,2501.0254,2965.66,710.73737,466.99057,938311.4,51896
2013-11-19 12:00:00+01:00,2060.6824,3409.59,3039.5457,723.47186,660.42975,991744.3,55707
2013-11-19 12:10:00+01:00,1786.7842,3258.5352,3180.8499,736.4813,492.49194,967046.6,53476
2013-11-19 12:20:00+01:00,1864.4939,2609.8086,3251.3777,804.0971,627.2056,968793.9,52631
2013-11-19 12:30:00+01:00,2598.5725,2792.8235,3457.7473,839.82983,578.6258,997664.06,53781
2013-11-19 12:40:00+01:00,2368.6536,2433.492,3468.5176,896.93115,567.35846,985238.8,53194
2013-11-19 12:50:00+01:00,2471.7625,3107.2227,3632.7742,778.3014,686.7409,989624.75,51247
2013-11-19 13:00:00+01:00,2401.5615,2995.8228,3547.2065,836.4036,743.152,1012057.44,53736
2013-11-19 13:10:00+01:00,2612.758,2709.1333,3932.9946,717.726,766.97345,1027703.8,50617
2013-11-19 13:20:00+01:00,2639.3176,3113.657,3359.29,651.87933,676.1889,1020481.0,49433
2013-11-19 13:30:00+01:00,2812.412,3434.1484,3642.9668,709.8187,777.54584,1027190.6,50440
2013-11-19 13:40:00+01:00,3030.0864,3286.644,3540.0854,635.6324,717.45306,1046020.2,50272
2013-11-19 13:50:00+01:00,3138.5354,2846.2437,3616.7424,851.8767,627.7531,1014992.2,50059
2013-11-19 14:00:00+01:00,2805.7825,4666.1206,3404.4255,868.06354,551.94806,1038460.8,52405
2013-11-19 14:10:00+01:00,2874.2402,3215.2703,3565.2244,716.736,613.8019,1014615.5,51575
2013-11-19 14:20:00+01:00,2776.9194,3680.3694,3655.0947,664.7178,541.0441,1008489.9,52956
2013-11-19 14:30:00+01:00,2621.1348,2967.3386,3283.1223,661.452,483.68704,1001191.2,50574
2013-11-19 14:40:00+01:00,2947.9148,2836.1975,3209.27,642.03424,615.54095,991950.56,51819
2013-11-19 14:50:00+01:00,2502.6697,2687.3403,3286.636,575.10614,579.3431,966732.3,49681
2013-11-19 15:00:00+01:00,2533.0369,2418.562,3200.6528,623.00256,587.4678,990540.3,52594
2013-11-19 15:10:00+01:00,2382.412,2336.3293,3081.3599,653.55365,583.1409,979437.75,51836
2013-11-19 15:20:00+01:00,3190.3208,2777.3843,3050.252,632.4841,668.8558,970833.1,52759
2013-11-19 15:30:00+01:00,2416.254,2452.4673,3173.8274,612.6081,628.49695,975863.75,51730
2013-11-19 15:40:00+01:00,2465.5237,2501.5437,3353.995,618.36615,601.3611,982525.75,53529
2013-11-19 15:50:00+01:00,2444.4326,2760.3352,3065.8162,647.8045,587.34454,966822.56,54476
2013-11-19 16:00:00+01:00,2231.996,2721.2046,3112.2656,711.6774,551.2084,972586.2,52709
2013-11-19 16:10:00+01:00,2636.682,2653.9478,3328.0398,712.5366,611.5111,969146.2,51941
2013-11-19 16:20:00+01:00,2531.5652,2533.903,3261.0632,639.2385,658.1531,962898.0,53952
2013-11-19 16:30:00+01:00,2950.104,2484.4136,3032.7212,610.43066,682.7061,970306.7,52553
2013-11-19 16:40:00+01:00,2044.7405,2541.4675,3119.149,714.0087,599.85516,964240.9,50359
2013-11-19 16:50:00+01:00,2622.5332,2389.6746,2963.9084,629.8057,596.805,951406.9,50932
2013-11-19 17:00:00+01:00,3129.9753,2236.8909,3027.3333,618.05286,553.7251,972755.94,52229
2013-11-19 17:10:00+01:00,2166.0051,2257.0151,2981.612,620.9943,587.223,966381.6,53053
2013-11-19 17:20:00+01:00,2046.731,2171.1187,3062.1313,616.5555,534.8605,968221.9,51649
2013-11-19 17:30:00+01:00,2283.3962,2341.0767,2839.7542,597.0553,485.24762,984358.06,53088
2013-11-19 17:40:00+01:00,1962.9028,2316.4294,3234.0273,698.37115,557.72986,977944.6,52267
2013-11-19 17:50:00+01:00,2280.4517,2277.0532,3168.9077,659.1604,567.179,974288.1,49135
2013-11-19 18:00:00+01:00,2133.196,2402.3926,2833.261,618.40894,577.85724,980543.56,51672
2013-11-19 18:10:00+01:00,2021.317,2261.6492,2838.8901,558.6089,699.30707,982734.94,50881
2013-11-19 18:20:00+01:00,1923.1046,2077.2554,2612.164,499.4375,742.76855,966748.56,51225
2013-11-19 18:30:00+01:00,1859.0337,2196.2788,2321.0205,496.54996,677.7004,958571.9,49078
2013-11-19 18:40:00+01:00,2686.5383,2166.0212,2180.9727,500.38245,682.2044,949544.2,50686
2013-11-19 18:50:00+01:00,2155.6997,1997.5667,2529.0698,464.80295,692.48505,942251.94,48348
2013-11-19 19:00:00+01:00,2497.669,2163.781,2182.8516,471.1338,753.4248,931584.56,50694
2013-11-19 19:10:00+01:00,1993.1687,1950.1495,2183.9329,445.08704,628.0056,914225.2,48750
2013-11-19 19:20:00+01:00,2470.2156,1655.1267,1990.1431,436.90576,652.0201,897163.7,47704
2013-11-19 19:30:00+01:00,1800.578,2071.5132,1995.5197,425.4409,702.1015,885428.44,47844
2013-11-19 19:40:00+01:00,1562.813,1720.6833,1804.0333,385.91275,721.2146,870642.25,48703
2013-11-19 19:50:00+01:00,1794.5648,1698.8472,1500.8265,466.7629,892.55255,858978.1,46693
2013-11-19 20:00:00+01:00,1900.358,1669.258,1595.2152,345.37604,966.34265,834023.8,44557
2013-11-19 20:10:00+01:00,1419.4025,2137.832,1866.0192,349.17203,872.42737,824965.1,43815
2013-11-19 20:20:00+01:00,1295.999,1713.1029,1419.9768,333.44476,787.92,815793.25,44957
2013-11-19 20:30:00+01:00,1090.7601,1357.4806,1184.5632,344.23062,743.5438,817571.44,42681
2013-11-19 20:40:00+01:00,1052.8973,1292.8337,1251.8385,300.13785,886.6844,820709.7,41479
2013-11-19 20:50:00+01:00,1245.3667,1329.5763,1275.1544,305.4932,777.6549,810500.5,41820
2013-11-19 21:00:00+01:00,1433.5791,1471.4492,1226.4845,303.94205,845.66656,803475.8,40463
2013-11-19 21:10:00+01:00,1119.2745,1326.0549,1110.6292,287.19354,753.26306,798072.25,40381
2013-11-19 21:20:00+01:00,1278.2311,1386.4352,1199.4911,281.95187,696.45105,790655.25,40872
2013-11-19 21:30:00+01:00,1252.3954,1140.3367,1040.2877,288.6911,813.62616,786599.44,39264
2013-11-19 21:40:00+01:00,946.2125,1422.4121,1019.5265,260.23688,722.80475,782808.8,37057
2013-11-19 21:50:00+01:00,754.57086,1003.44867,1065.3359,283.8911,1053.7245,770663.6,37499
2013-11-19 22:00:00+01:00,888.2504,940.3029,943.0641,300.93686,861.8459,771388.6,35803
2013-11-19 22:10:00+01:00,925.8019,903.4493,1070.6421,332.6265,874.66425,762997.44,34909
2013-11-19 22:20:00+01:00,827.94745,826.67303,950.0692,307.07437,861.7574,746708.8,34260
2013-11-19 22:30:00+01:00,818.0709,807.1242,833.1193,309.1713,873.7039,723361.94,33863
2013-11-19 22:40:00+01:00,765.7513,760.897,912.5055,286.35864,931.51624,723244.44,31504
2013-11-19 22:50:00+01:00,609.0586,727.9792,834.2985,293.6334,728.67145,700383.56,32679
2013-11-19 23:00:00+01:00,852.3314,1040.8029,836.55304,294.03915,964.3654,695960.06,31165
2013-11-19 23:10:00+01:00,706.7834,709.22986,927.9065,230.20119,866.0279,680783.4,30164
2013-11-19 23:20:00+01:00,556.329,734.05927,871.817,245.30833,777.44543,665399.44,28708
2013-11-19 23:30:00+01:00,619.9894,795.7467,751.351,274.1406,793.6198,653779.9,30110
2013-11-19 23:40:00+01:00,424.25262,741.01984,763.7845,251.939,708.2528,638003.06,28154
2013-11-19 23:50:00+01:00,427.37778,804.40967,614.2559,269.92178,637.43274,612850.75,27086
2013-11-20 00:00:00+01:00,425.19125,1064.7888,559.6798,288.9144,800.66315,607990.1,24826
2013-11-20 00:10:00+01:00,407.69128,995.0629,545.44135,204.89067,665.7055,580504.56,25190
2013-11-20 00:20:00+01:00,392.70578,617.8764,547.5245,216.54428,785.3906,545351.3,23606
2013-11-20 00:30:00+01:00,381.65125,721.211,480.11505,183.30548,760.84924,547785.94,22409
2013-11-20 00:40:00+01:00,322.83383,629.30945,513.45624,179.3394,694.1668,527025.56,22200
2013-11-20 00:50:00+01:00,285.76352,624.2109,471.207,190.79875,508.5509,502120.1,21305
2013-11-20 01:00:00+01:00,285.10574,648.92084,512.2111,174.22188,677.2669,494780.2,20352
2013-11-20 01:10:00+01:00,239.62274,613.36,497.78235,176.11931,608.6478,470336.53,20194
2013-11-20 01:20:00+01:00,259.91257,675.358,501.48923,167.15266,427.39365,462553.16,19718
2013-11-20 01:30:00+01:00,243.79578,622.1973,716.47504,153.05705,400.8548,454703.2,18582
2013-11-20 01:40:00+01:00,275.2372,582.46625,699.75446,167.20038,351.4447,440445.84,17293
2013-11-20 01:50:00+01:00,231.25903,542.07886,482.58557,147.0421,372.59857,426379.06,17775
2013-11-20 02:00:00+01:00,269.79517,590.6502,412.50314,151.07042,382.70563,419229.84,17473
2013-11-20 02:10:00+01:00,202.3461,571.2824,421.03906,145.64268,316.74234,407496.6,16172
2013-11-20 02:20:00+01:00,231.1478,596.7012,433.55157,137.16814,290.81815,395680.4,16655
2013-11-20 02:30:00+01:00,243.22833,657.52454,392.48727,132.13365,300.00586,389796.66,17101
2013-11-20 02:40:00+01:00,194.06657,572.7123,398.91595,128.38228,281.0545,380830.7,16606
2013-11-20 02:50:00+01:00,243.58223,523.8853,439.74048,137.81535,288.0617,371848.62,16803
2013-11-20 03:00:00+01:00,230.79562,566.49786,381.72485,133.05794,266.48544,368558.06,17407
2013-11-20 03:10:00+01:00,198.51617,543.1648,394.6004,122.86689,270.36923,360985.25,17005
2013-11-20 03:20:00+01:00,219.94923,601.8666,396.46576,134.1696,302.47168,353670.84,16947
2013-11-20 03:30:00+01:00,234.90387,635.22156,396.55002,135.11244,303.37027,359455.44,16742
2013-11-20 03:40:00+01:00,202.29034,654.64923,412.57346,123.142006,387.78912,349525.22,16756
2013-11-20 03:50:00+01:00,223.11934,595.6824,440.04517,137.9238,285.9904,344212.8,15943
2013-11-20 04:00:00+01:00,235.5475,623.17426,363.79428,126.94863,230.58119,341993.4,16751
2013-11-20 04:10:00+01:00,232.21515,593.6586,410.42285,117.57867,238.57,339327.28,16922
2013-11-20 04:20:00+01:00,261.1805,637.33734,382.66138,165.19226,229.60822,334413.03,16252
2013-11-20 04:30:00+01:00,255.43835,595.25037,353.6778,125.734985,219.67174,331258.0,17716
2013-11-20 04:40:00+01:00,248.22774,493.15152,408.73386,118.21883,228.97487,325604.8,17684
2013-11-20 04:50:00+01:00,225.32909,505.25327,395.5856,132.12415,233.65994,330046.0,17866
2013-11-20 05:00:00+01:00,248.4159,531.8783,347.738,120.64864,218.68616,333696.28,19203
2013-11-20 05:10:00+01:00,366.92773,474.45404,372.42584,118.82079,217.07574,333356.72,19149
2013-11-20 05:20:00+01:00,237.81186,530.53217,401.34402,128.37282,227.89299,334843.1,19321
2013-11-20 05:30:00+01:00,233.78836,535.0034,394.33694,128.2861,221.57245,337771.97,20483
2013-11-20 05:40:00+01:00,216.3522,472.08514,441.77554,124.85334,241.38722,338546.56,20206
2013-11-20 05:50:00+01:00,260.05725,502.07645,445.76752,144.99318,296.47452,345203.78,20850
2013-11-20 06:00:00+01:00,284.25458,526.9442,432.4717,136.12755,249.08295,363356.97,23930
2013-11-20 06:10:00+01:00,232.08942,517.5879,414.0124,125.84901,240.57503,367159.75,25139
2013-11-20 06:20:00+01:00,250.81834,509.49698,380.23853,133.9051,301.14215,380919.94,26698
2013-11-20 06:30:00+01:00,231.50406,562.2697,384.25934,137.35745,271.3409,401992.66,29239
2013-11-20 06:40:00+01:00,251.64134,493.31018,500.23773,144.83267,291.15497,426214.28,30287
2013-11-20 06:50:00+01:00,257.97775,479.80002,452.78992,150.98758,280.44244,456480.28,31389
2013-11-20 07:00:00+01:00,310.09723,629.55927,488.20996,176.21024,312.48444,494391.66,32689
2013-11-20 07:10:00+01:00,268.8245,620.3002,561.5492,186.72617,293.29602,533253.25,34770
2013-11-20 07:20:00+01:00,317.19046,613.01886,572.3263,221.05502,480.10284,577971.75,36168
2013-11-20 07:30:00+01:00,322.17633,704.597,510.93564,197.38196,404.42526,623425.75,39033
2013-11-20 07:40:00+01:00,360.05255,779.246,609.9011,257.22034,385.01843,667170.6,40082
2013-11-20 07:50:00+01:00,600.9837,851.28516,725.92224,268.97928,414.73386,707154.2,42701
2013-11-20 08:00:00+01:00,528.30237,1104.1074,896.6714,285.89197,503.5422,748726.8,44998
2013-11-20 08:10:00+01:00,596.40784,966.1043,912.29626,327.1601,500.9245,781816.9,45193
2013-11-20 08:20:00+01:00,543.41595,1158.3561,1042.491,310.51935,554.95264,804247.8,47126
2013-11-20 08:30:00+01:00,705.77313,1390.7513,1206.3213,424.3391,530.3027,831956.56,47737
2013-11-20 08:40:00+01:00,759.9196,1663.8298,1509.7372,478.62292,567.3834,850693.2,48234
2013-11-20 08:50:00+01:00,810.9307,1853.9219,1849.7395,381.97205,702.3581,864220.2,49269
2013-11-20 09:00:00+01:00,942.45703,1832.2272,2100.8088,396.8272,533.9391,882937.1,51325
2013-11-20 09:10:00+01:00,1157.365,1898.7036,2745.911,410.35895,539.3263,876996.3,52545
2013-11-20 09:20:00+01:00,1129.4133,1897.5636,2565.4465,471.84592,717.7737,881194.44,54334
2013-11-20 09:30:00+01:00,1130.3188,2102.9236,2353.3928,550.0001,639.7606,886743.2,53946
2013-11-20 09:40:00+01:00,1340.5758,2252.9146,2583.7395,486.35953,590.0849,900410.44,51293
2013-11-20 09:50:00+01:00,1126.3596,2114.5793,2451.6401,533.15906,653.45703,903611.94,49166
2013-11-20 10:00:00+01:00,1241.2197,2626.4207,2887.7952,636.68604,593.91797,904233.25,51773
2013-11-20 10:10:00+01:00,1312.6135,2487.0466,2992.9758,568.7148,550.89923,911701.7,51606
2013-11-20 10:20:00+01:00,1531.9618,2647.3765,2798.1914,705.96344,503.92755,903962.3,51850
2013-11-20 10:30:00+01:00,1642.8488,3078.8813,3162.998,628.8821,535.02466,915511.2,52816
2013-11-20 10:40:00+01:00,1785.8679,2765.4192,2930.4216,653.8704,649.75653,921163.1,50414
2013-11-20 10:50:00+01:00,1908.3302,2832.8354,2912.72,661.32983,555.46643,926687.8,52781
2013-11-20 11:00:00+01:00,1659.4647,2804.5693,3146.6614,595.28235,679.38934,929558.3,53070
2013-11-20 11:10:00+01:00,2053.602,2475.5396,3064.5662,632.9153,700.15625,942249.25,50578
2013-11-20 11:20:00+01:00,1916.406,2600.3286,3086.2588,638.8286,601.3423,933247.56,51264
2013-11-20 11:30:00+01:00,2018.712,2639.3428,3041.2275,578.3926,632.2516,932103.94,50971
2013-11-20 11:40:00+01:00,2066.1333,2595.27,3709.374,599.10504,723.4608,935930.3,51731
2013-11-20 11:50:00+01:00,2216.3071,2950.0872,3011.4287,657.7323,662.6095,946321.8,49876
2013-11-20 12:00:00+01:00,2051.514,3376.667,3197.8984,679.28595,582.1959,941392.25,54378
2013-11-20 12:10:00+01:00,2212.8408,3403.7769,3085.7573,749.44574,600.2371,945518.25,51339
2013-11-20 12:20:00+01:00,2160.296,2868.8545,2986.1013,807.3066,662.94714,945152.25,52781
2013-11-20 12:30:00+01:00,2357.1882,2963.4097,3392.357,736.104,598.81537,962912.6,53284
2013-11-20 12:40:00+01:00,2420.8591,2818.0247,3540.6753,685.0982,535.4529,968339.8,53599
2013-11-20 12:50:00+01:00,2495.1575,3075.983,3535.3694,608.35706,647.0829,958738.0,51624
2013-11-20 13:00:00+01:00,2562.7993,3119.546,4195.34,696.3823,609.2974,986073.2,53127
2013-11-20 13:10:00+01:00,2665.4656,2947.9253,3765.1587,637.4479,586.9364,1000758.9,50403
2013-11-20 13:20:00+01:00,3390.454,3127.3518,3779.8022,627.5775,591.3341,999956.3,51031
2013-11-20 13:30:00+01:00,3398.3386,3042.0298,3841.0908,661.6628,620.3279,1000768.94,53457
2013-11-20 13:40:00+01:00,3533.811,3527.5051,3710.0881,681.9491,674.8967,1012711.2,52806
2013-11-20 13:50:00+01:00,3611.268,3749.3208,3883.2378,712.8981,655.1071,1004978.1,50537
2013-11-20 14:00:00+01:00,3079.8838,3406.14,4067.531,689.1203,699.47095,1004130.0,53707
2013-11-20 14:10:00+01:00,2740.2847,3097.3167,3767.5535,748.1602,644.07623,1000826.2,53218
2013-11-20 14:20:00+01:00,3382.3828,3118.5603,3546.348,770.3676,805.46625,986751.5,53239
2013-11-20 14:30:00+01:00,3035.993,3500.6917,3360.0972,754.7793,550.4552,970086.44,52172
2013-11-20 14:40:00+01:00,2662.5327,2806.3584,3190.2595,631.1829,526.1532,897071.94,50396
2013-11-20 14:50:00+01:00,2560.8064,2624.7683,3174.1162,575.8281,539.16846,887921.4,51645
2013-11-20 15:00:00+01:00,2409.5476,2692.2651,3096.5085,567.0162,534.9789,876935.6,52098
2013-11-20 15:10:00+01:00,2226.5234,2470.9368,3073.1382,582.2352,463.79688,876628.7,52530
2013-11-20 15:20:00+01:00,2284.081,2384.0154,3029.7969,571.96045,537.7799,872266.9,51559
2013-11-20 15:30:00+01:00,2460.0662,2682.9192,3396.1094,590.2159,541.8832,957750.44,51980
2013-11-20 15:40:00+01:00,2520.0012,2867.0327,3447.6812,547.8668,665.41595,949280.4,52614
2013-11-20 15:50:00+01:00,2517.1082,3202.61,3031.8098,595.0333,526.12933,940363.06,54106
2013-11-20 16:00:00+01:00,2432.471,2903.893,3300.4778,724.41925,491.37076,955374.9,54250
2013-11-20 16:10:00+01:00,2607.3943,2577.538,3271.867,663.5371,573.2218,956675.06,54054
2013-11-20 16:20:00+01:00,2555.0295,2768.3599,3563.5488,621.4153,483.92914,956149.3,52255
2013-11-20 16:30:00+01:00,2418.814,3269.2554,3300.3018,581.63135,583.07635,949272.1,52845
2013-11-20 16:40:00+01:00,2203.4902,3091.117,3201.9333,590.58923,557.5972,952251.0,52771
2013-11-20 16:50:00+01:00,2306.6475,2371.6184,3250.5247,572.4739,497.04697,952069.25,52552
2013-11-20 17:00:00+01:00,2634.551,2363.2153,3321.3025,589.8192,540.34564,957523.9,53722
2013-11-20 17:10:00+01:00,2371.4358,2613.5366,2785.763,547.8375,536.9642,957116.2,53952
2013-11-20 17:20:00+01:00,2400.1824,3077.5417,2995.001,616.3917,566.655,967083.25,54962
2013-11-20 17:30:00+01:00,2112.9668,2638.05,2864.3682,585.0355,573.5711,952439.0,51509
2013-11-20 17:40:00+01:00,2202.9336,2644.756,2749.8699,591.4879,646.0517,969181.8,51531
2013-11-20 17:50:00+01:00,2325.5627,2264.8662,2767.3398,581.23615,648.84985,963847.25,47854
2013-11-20 18:00:00+01:00,2559.2834,2224.5422,2759.7332,661.0287,610.9406,965093.1,51182
2013-11-20 18:10:00+01:00,2223.8777,2474.457,2834.69,506.01804,647.1442,971333.6,52995
2013-11-20 18:20:00+01:00,2058.0798,2480.3071,2508.6326,508.2508,805.7268,970771.4,53902
2013-11-20 18:30:00+01:00,2102.6,3088.91,2433.0989,500.91522,750.0489,961578.1,51094
2013-11-20 18:40:00+01:00,1909.7411,2411.4001,2300.1794,659.492,700.6384,957275.2,48406
2013-11-20 18:50:00+01:00,1924.891,2595.4055,2063.5725,492.18494,753.43146,935821.2,51712
2013-11-20 19:00:00+01:00,2258.2202,2653.8855,2176.882,514.2497,662.9697,925421.9,49520
2013-11-20 19:10:00+01:00,1814.8499,2050.5525,2059.835,466.73383,759.0401,915451.5,49888
2013-11-20 19:20:00+01:00,1750.8054,2075.3455,1968.3275,467.2529,823.2937,903921.8,48244
2013-11-20 19:30:00+01:00,1898.6986,1912.3392,1824.3954,473.20618,685.7844,878412.75,46708
2013-11-20 19:40:00+01:00,1681.0878,1651.0338,1726.4479,465.0048,734.44336,868424.4,49302
2013-11-20 19:50:00+01:00,1674.4019,1959.5051,1727.3975,406.1395,767.40875,849293.56,47968
2013-11-20 20:00:00+01:00,1567.331,1595.3729,1647.6663,385.72467,760.4107,848716.8,47470
2013-11-20 20:10:00+01:00,1513.6935,1314.9823,1737.4714,356.14154,885.8353,828174.94,45816
2013-11-20 20:20:00+01:00,1379.3394,1299.6089,1719.6462,457.82043,938.988,820933.25,43823
2013-11-20 20:30:00+01:00,1449.4786,1676.443,1492.5695,356.0277,865.25616,816346.75,43500
2013-11-20 20:40:00+01:00,1133.0402,1345.0554,1363.6,433.78293,808.77734,813393.56,40725
2013-11-20 20:50:00+01:00,1313.2399,1922.0479,1231.7117,358.57364,900.9059,803423.94,40008
2013-11-20 21:00:00+01:00,1035.8507,1167.9622,1350.9135,345.058,867.48315,796261.0,40644
2013-11-20 21:10:00+01:00,1111.8939,1051.7977,1140.9182,317.56128,864.54663,784593.25,38254
2013-11-20 21:20:00+01:00,852.8191,1302.9049,1269.3088,342.48813,990.4683,785642.25,39380
2013-11-20 21:30:00+01:00,1193.0883,963.89844,1356.8772,375.79666,1167.085,761312.8,40053
2013-11-20 21:40:00+01:00,978.0732,1060.5616,1017.14136,366.09323,973.31366,762555.25,38358
2013-11-20 21:50:00+01:00,878.39966,1125.5438,1437.0093,272.66205,973.6084,769652.44,36125
2013-11-20 22:00:00+01:00,804.2468,1015.48486,1025.7467,292.5773,915.2562,743493.06,36142
2013-11-20 22:10:00+01:00,938.8903,973.1443,1311.4824,286.39014,1052.3132,756237.44,34446
2013-11-20 22:20:00+01:00,554.8187,1264.3988,1073.0742,331.42413,950.504,731574.3,32939
2013-11-20 22:30:00+01:00,729.3828,789.79236,1092.9606,325.54446,859.4737,721116.4,33413
2013-11-20 22:40:00+01:00,743.4361,753.2413,951.2515,303.8059,899.86725,709672.7,33076
2013-11-20 22:50:00+01:00,528.85443,736.83575,818.567,288.116,831.3808,703664.06,31510
2013-11-20 23:00:00+01:00,543.8213,705.8036,765.14453,264.57944,899.6702,698924.44,31407
2013-11-20 23:10:00+01:00,423.45422,725.124,786.766,268.29657,932.87354,691207.2,30093
2013-11-20 23:20:00+01:00,470.07074,600.79456,729.238,256.37656,818.9719,675610.56,29818
2013-11-20 23:30:00+01:00,478.21515,726.34644,713.52246,228.76468,804.90936,648500.4,28523
2013-11-20 23:40:00+01:00,490.43826,695.64014,610.9347,496.9193,919.0191,641711.94,27679
2013-11-20 23:50:00+01:00,433.12375,658.5817,557.1543,246.96278,1141.4347,613706.0,26218
2013-11-21 00:00:00+01:00,362.54584,695.1906,578.54047,230.71211,813.31805,590105.1,26337
2013-11-21 00:10:00+01:00,301.11252,647.62683,546.1963,254.60269,723.008,567290.06,23815
2013-11-21 00:20:00+01:00,383.99228,739.3025,496.07144,248.96548,687.85626,546932.1,22966
2013-11-21 00:30:00+01:00,391.43872,462.53693,515.108,181.64748,709.81213,536688.56,22258
2013-11-21 00:40:00+01:00,283.5433,472.8776,479.43924,176.11731,644.4205,506519.16,20563
2013-11-21 00:50:00+01:00,271.57965,467.88504,559.56067,194.79114,531.559,487976.94,20607
2013-11-21 01:00:00+01:00,280.0194,445.76175,587.7678,195.26733,495.69287,474014.66,19852
2013-11-21 01:10:00+01:00,231.39381,415.18112,505.50903,187.98666,482.6222,563479.8,20316
2013-11-21 01:20:00+01:00,255.19557,528.9827,439.06668,206.31734,386.79904,440299.8,18281
2013-11-21 01:30:00+01:00,216.3249,387.702,467.38263,145.84401,416.2249,447293.2,18085
2013-11-21 01:40:00+01:00,197.2123,336.45325,421.76904,148.9074,454.21,431791.97,18284
2013-11-21 01:50:00+01:00,243.94685,377.90277,604.785,161.19728,396.27286,434614.03,18562
2013-11-21 02:00:00+01:00,183.9102,399.76306,459.89346,158.73094,351.3347,417323.16,17407
2013-11-21 02:10:00+01:00,181.38173,322.49557,394.1689,141.535,359.71213,407137.7,17172
2013-11-21 02:20:00+01:00,203.21248,329.14026,387.0953,154.02979,333.3334,392325.0,17156
2013-11-21 02:30:00+01:00,180.26349,342.63785,382.60004,150.93475,322.6,390849.1,16319
2013-11-21 02:40:00+01:00,172.9039,294.0145,472.688,141.98991,308.85135,383920.1,16359
2013-11-21 02:50:00+01:00,204.76526,347.01532,476.62918,147.26697,301.27573,380121.16,16417
2013-11-21 03:00:00+01:00,193.9279,309.492,429.46613,139.91873,269.56686,367790.38,15109
2013-11-21 03:10:00+01:00,195.3563,284.74014,368.17035,131.43259,278.61655,369217.16,15850
2013-11-21 03:20:00+01:00,187.02136,336.46994,365.64984,143.8446,258.2258,357425.88,15903
2013-11-21 03:30:00+01:00,178.40707,322.9835,384.27472,138.96579,249.80832,357831.84,15879
2013-11-21 03:40:00+01:00,162.57251,341.4122,416.60385,141.08142,246.5429,350028.03,15145
2013-11-21 03:50:00+01:00,176.29602,409.32794,448.3505,134.73099,225.86082,344855.9,16450
2013-11-21 04:00:00+01:00,166.91725,383.38736,416.47388,129.9825,251.38326,341816.53,16339
2013-11-21 04:10:00+01:00,162.23795,285.9675,429.98038,131.67506,234.32132,371875.75,16549
2013-11-21 04:20:00+01:00,179.18864,320.51773,454.22275,137.26021,209.70363,330776.75,17061
2013-11-21 04:30:00+01:00,158.40349,310.7021,426.689,122.23599,224.62575,339133.3,17063
2013-11-21 04:40:00+01:00,154.74326,304.62033,327.15363,123.57535,233.41138,335251.28,16772
2013-11-21 04:50:00+01:00,173.53006,334.03915,433.83655,132.63684,196.11455,328279.12,16541
2013-11-21 05:00:00+01:00,167.55508,292.04382,411.99515,121.935486,216.44878,331182.62,18152
2013-11-21 05:10:00+01:00,164.95064,282.60757,383.79184,122.57735,216.82997,331662.12,16898
2013-11-21 05:20:00+01:00,181.69084,323.3205,398.8464,132.63129,183.26637,333605.75,18556
2013-11-21 05:30:00+01:00,163.79755,333.99725,436.85526,120.503784,212.57715,338881.5,19373
2013-11-21 05:40:00+01:00,189.17142,315.1752,431.67596,128.54001,208.71024,347431.2,20363
2013-11-21 05:50:00+01:00,189.03867,343.78928,457.774,171.23781,186.20575,347290.06,21650
2013-11-21 06:00:00+01:00,202.8921,347.06604,442.91748,125.6679,200.6964,360825.88,23496
2013-11-21 06:10:00+01:00,185.07808,291.45856,393.67715,132.6066,220.88705,376521.3,24757
2013-11-21 06:20:00+01:00,180.14722,337.84744,341.29767,149.03705,200.23065,380845.5,24943
2013-11-21 06:30:00+01:00,171.08662,347.87686,348.03934,140.40652,219.30756,400134.28,25772
2013-11-21 06:40:00+01:00,185.9448,347.9705,375.1809,160.35072,217.71242,419587.9,29133
2013-11-21 06:50:00+01:00,234.7852,420.83954,458.39297,154.56735,303.33527,446716.16,30282
2013-11-21 07:00:00+01:00,258.48605,410.2632,508.13135,154.03488,252.05232,488043.0,31001
2013-11-21 07:10:00+01:00,282.01126,417.11978,460.88785,174.4012,262.92114,526785.44,32420
2013-11-21 07:20:00+01:00,276.4337,511.68747,461.66025,180.39175,278.23532,563428.7,35594
2013-11-21 07:30:00+01:00,350.04636,550.1534,519.7051,248.22696,397.86243,616376.6,36612
2013-11-21 07:40:00+01:00,365.94046,563.4516,550.43317,204.43648,376.18265,663553.56,37775
2013-11-21 07:50:00+01:00,429.0319,821.39374,611.5202,237.67015,411.21304,702592.56,39637
2013-11-21 08:00:00+01:00,380.16592,1281.1105,765.01904,273.73557,441.1541,743847.8,42419
2013-11-21 08:10:00+01:00,527.9512,1189.9408,895.5652,298.22235,535.7006,764589.75,43964
2013-11-21 08:20:00+01:00,524.7252,1167.2855,1086.5497,337.7531,471.22522,792942.44,46085
2013-11-21 08:30:00+01:00,667.7219,1588.9545,1665.4769,329.2108,509.24915,817405.4,46043
2013-11-21 08:40:00+01:00,681.9262,1362.652,1828.7118,391.84277,507.77155,834797.5,48825
2013-11-21 08:50:00+01:00,777.90576,1499.2633,1972.2849,417.1125,637.1927,847315.44,46909
2013-11-21 09:00:00+01:00,898.285,1961.2716,2170.3376,408.11606,577.6744,864816.44,49453
2013-11-21 09:10:00+01:00,960.99036,1750.3013,2363.4365,452.13626,525.46484,874482.9,51083
2013-11-21 09:20:00+01:00,1007.5224,1986.3079,2439.8218,431.58832,526.87726,865363.5,52100
2013-11-21 09:30:00+01:00,1041.654,1935.712,2522.3396,499.1908,560.9667,869050.56,53819
2013-11-21 09:40:00+01:00,1209.1029,2190.9597,2814.319,542.00134,589.34094,886993.44,54595
2013-11-21 09:50:00+01:00,1196.0466,2083.2224,2506.3242,592.67505,527.71234,883588.6,54762
2013-11-21 10:00:00+01:00,1291.7162,2201.5466,2840.8655,535.7792,585.41003,896686.75,55095
2013-11-21 10:10:00+01:00,1382.9861,2383.634,2619.9756,566.7309,529.9394,899739.94,53496
2013-11-21 10:20:00+01:00,1685.9958,2622.244,2875.8408,618.2649,623.8048,905418.56,54968
2013-11-21 10:30:00+01:00,1539.2736,2925.1318,3543.433,555.9218,532.88214,913640.2,55433
2013-11-21 10:40:00+01:00,1742.1135,2734.9514,3829.231,558.8294,614.1773,926304.6,52440
2013-11-21 10:50:00+01:00,1780.7964,3114.8628,3095.7197,562.19336,622.92096,916697.56,53741
2013-11-21 11:00:00+01:00,1643.4017,2474.3088,3057.826,551.4388,657.49603,937549.0,53124
2013-11-21 11:10:00+01:00,1865.8641,2435.8755,2927.1733,580.10925,495.93893,931880.7,52208
2013-11-21 11:20:00+01:00,2022.7715,2596.277,2851.6072,598.3875,542.1249,926324.94,52543
2013-11-21 11:30:00+01:00,1999.5786,2777.5442,3117.0962,582.50024,577.8764,930505.8,51259
2013-11-21 11:40:00+01:00,1825.282,2652.4111,3256.2998,584.3333,647.927,931400.1,51122
2013-11-21 11:50:00+01:00,1936.909,2703.2266,3070.5972,666.45715,574.7238,931577.3,50356
2013-11-21 12:00:00+01:00,2181.2437,3101.048,3201.1223,732.89545,763.9193,948126.56,52071
2013-11-21 12:10:00+01:00,2155.5493,2790.0862,3343.7993,777.1696,583.1379,935097.1,55270
2013-11-21 12:20:00+01:00,2558.3354,3049.1985,3226.635,736.03595,568.34064,946470.8,55110
2013-11-21 12:30:00+01:00,2669.6675,3101.3362,3494.1873,708.24384,683.9398,965793.75,55039
2013-11-21 12:40:00+01:00,2636.4072,3180.309,3428.521,723.99316,741.3577,967515.3,52890
2013-11-21 12:50:00+01:00,2789.981,2845.993,3368.9778,692.166,607.3975,977723.56,53991
2013-11-21 13:00:00+01:00,3599.8687,2982.6436,3724.5503,835.04724,598.0548,995626.44,51261
2013-11-21 13:10:00+01:00,2915.9827,3202.9124,3697.356,767.85706,716.55176,1004783.06,52744
2013-11-21 13:20:00+01:00,2897.0571,3062.79,3884.1548,638.81287,598.40265,1013067.9,51393
2013-11-21 13:30:00+01:00,3272.128,3630.162,3525.3035,694.0807,727.61847,1022934.94,51434
2013-11-21 13:40:00+01:00,3298.9597,3281.001,3703.7476,676.1488,608.73914,1011757.1,50210
2013-11-21 13:50:00+01:00,3184.2178,3322.3748,3502.4434,753.66785,629.2353,1022869.06,50556
2013-11-21 14:00:00+01:00,3382.7908,3854.5273,3863.5356,732.24646,600.3762,1011554.25,51765
2013-11-21 14:10:00+01:00,3407.9539,3557.4297,3636.443,718.23517,607.5955,1010456.9,51406
2013-11-21 14:20:00+01:00,3361.1362,3061.4182,3538.063,866.4406,528.4388,992803.6,53546
2013-11-21 14:30:00+01:00,2969.7122,2932.1567,3413.824,672.9418,624.61163,988789.25,51700
2013-11-21 14:40:00+01:00,3038.3562,2787.0518,3334.1902,634.89844,523.0217,975017.1,54156
2013-11-21 14:50:00+01:00,3027.962,2682.3662,3250.4722,650.7777,551.89734,962248.44,51501
2013-11-21 15:00:00+01:00,2751.8276,3404.4946,3638.9688,643.5252,627.8359,969304.75,52283
2013-11-21 15:10:00+01:00,2947.498,3246.115,2986.4746,778.21747,552.30145,961240.3,54068
2013-11-21 15:20:00+01:00,2588.8518,2950.1868,3075.406,685.63214,574.68054,969421.3,52165
2013-11-21 15:30:00+01:00,2405.139,2592.746,3035.599,697.2696,526.0651,960599.75,50969
2013-11-21 15:40:00+01:00,2707.801,2517.6255,2979.787,667.48956,626.7464,959994.25,51659
2013-11-21 15:50:00+01:00,2746.1196,2502.5886,3110.9849,940.8912,637.7888,964273.25,52792
2013-11-21 16:00:00+01:00,2301.786,2535.7524,3326.925,750.7637,555.0365,966726.44,53253
2013-11-21 16:10:00+01:00,2547.2769,2567.3499,2910.8784,856.8756,603.3077,982404.5,54074
2013-11-21 16:20:00+01:00,2886.4285,2693.1748,3182.8533,808.8722,493.3847,965746.56,53762
2013-11-21 16:30:00+01:00,2656.842,2292.9768,3037.964,775.49274,519.9279,948857.75,52641
2013-11-21 16:40:00+01:00,2866.1743,2266.6355,3129.931,764.8533,730.17004,959062.7,52464
2013-11-21 16:50:00+01:00,2276.241,2612.6782,3096.3433,690.60266,600.11426,967394.6,50173
2013-11-21 17:00:00+01:00,2459.1274,2299.8516,3450.7393,655.75696,521.98584,968344.6,53272
2013-11-21 17:10:00+01:00,2861.6477,2186.2097,3212.634,672.0498,630.25696,968729.44,52962
2013-11-21 17:20:00+01:00,2480.5173,2063.7349,2759.4238,628.0789,571.8106,964096.0,54185
2013-11-21 17:30:00+01:00,2070.1248,2098.4624,2798.9067,625.27435,550.47314,963836.75,51570
2013-11-21 17:40:00+01:00,2360.5205,2385.3813,2722.9521,655.0545,679.37573,963877.7,50216
2013-11-21 17:50:00+01:00,2227.1138,2041.0822,3002.2385,631.5377,732.4814,966540.94,50702
2013-11-21 18:00:00+01:00,2059.5183,1939.5566,2942.652,575.6187,701.1747,966600.9,50363
2013-11-21 18:10:00+01:00,2164.248,2078.596,2480.5972,567.35376,610.2536,964268.5,51106
2013-11-21 18:20:00+01:00,2168.537,2339.1985,2396.7637,605.11646,586.7682,963496.1,49823
2013-11-21 18:30:00+01:00,2102.4841,2092.6936,2615.2595,545.2012,784.2268,955025.5,51962
2013-11-21 18:40:00+01:00,2769.494,2080.6687,2255.8967,496.21017,750.53864,947334.75,51121
2013-11-21 18:50:00+01:00,2131.4402,2219.7239,2247.1985,454.26617,685.1006,930251.7,51377
2013-11-21 19:00:00+01:00,2354.4636,2018.8484,1988.4999,536.2952,709.8498,916192.8,48068
2013-11-21 19:10:00+01:00,1925.4972,1944.4045,1999.2412,578.26117,693.29236,907032.56,48552
2013-11-21 19:20:00+01:00,2045.3862,1956.0276,1726.2188,479.61014,806.1793,892460.0,46895
2013-11-21 19:30:00+01:00,2213.0222,1859.523,1576.1267,434.3014,763.63904,875087.6,48010
2013-11-21 19:40:00+01:00,2191.2566,1768.4442,1675.3922,507.10858,860.1549,858759.1,49431
2013-11-21 19:50:00+01:00,1936.6537,1791.9705,1442.3547,422.00812,802.6963,843305.06,46775
2013-11-21 20:00:00+01:00,2200.6665,1973.3904,1293.4171,440.60037,720.8102,838013.4,45889
2013-11-21 20:10:00+01:00,1871.7087,1411.6694,1570.5052,470.16998,832.33826,836418.06,46101
2013-11-21 20:20:00+01:00,1367.862,1529.7216,1293.5792,330.14722,806.62885,823544.06,43194
2013-11-21 20:30:00+01:00,1247.6227,1285.9497,1356.516,334.78064,874.6118,812400.75,41694
2013-11-21 20:40:00+01:00,906.9858,1272.6074,1348.881,332.9791,718.04395,814718.44,40680
2013-11-21 20:50:00+01:00,1418.6904,1221.1608,1176.7872,287.89462,817.1202,799969.4,40972
2013-11-21 21:00:00+01:00,996.7535,1557.3981,1113.5151,283.95264,896.5162,793960.2,41278
2013-11-21 21:10:00+01:00,830.62103,1049.4025,1042.6917,324.41098,812.0889,795328.75,40297
2013-11-21 21:20:00+01:00,876.2269,1313.5372,1150.3724,320.15155,832.90674,788879.44,39980
2013-11-21 21:30:00+01:00,775.3788,1211.1594,1033.4467,309.00565,845.4519,773796.0,38749
2013-11-21 21:40:00+01:00,1090.3386,1284.4158,1040.8674,287.89767,894.58795,772856.7,36257
2013-11-21 21:50:00+01:00,901.9388,928.0729,1033.6786,280.80176,888.69324,776373.4,36632
2013-11-21 22:00:00+01:00,661.0279,1157.7847,1026.2803,268.17157,1007.7686,753099.44,35297
2013-11-21 22:10:00+01:00,743.5418,931.0842,1125.7524,250.25461,887.0106,761579.94,35222
2013-11-21 22:20:00+01:00,1057.4287,743.7188,1125.8796,271.18393,852.15424,753005.6,36074
2013-11-21 22:30:00+01:00,508.01526,768.2468,994.9094,246.41078,876.0457,737125.56,33634
2013-11-21 22:40:00+01:00,803.5436,635.32025,973.18036,271.83914,873.1708,741884.56,34736
2013-11-21 22:50:00+01:00,540.6056,767.1399,845.41486,232.61165,856.344,717053.8,31793
2013-11-21 23:00:00+01:00,846.9361,900.1621,804.9244,209.88152,1000.93756,703471.75,30825
2013-11-21 23:10:00+01:00,641.2933,603.75006,814.52246,223.5776,1009.8336,710288.2,30535
2013-11-21 23:20:00+01:00,387.22122,738.99335,789.16986,222.84256,907.7502,683980.3,28724
2013-11-21 23:30:00+01:00,386.5868,507.3239,754.81903,241.20187,799.53595,664579.94,30675
2013-11-21 23:40:00+01:00,410.89343,446.11066,622.0836,240.53354,846.92206,647983.94,28390
2013-11-21 23:50:00+01:00,369.79355,512.69714,648.70374,255.1244,767.9559,635249.75,27974
2013-11-22 00:00:00+01:00,317.6958,484.3903,857.8438,241.353,748.0655,615860.8,26205
2013-11-22 00:10:00+01:00,543.7644,347.14627,652.5616,222.16312,735.34735,639682.5,28080
2013-11-22 00:20:00+01:00,303.93488,438.20554,613.99097,202.77736,719.9003,577190.06,25261
2013-11-22 00:30:00+01:00,447.05008,453.73004,582.2458,195.04163,721.4796,548136.0,22540
2013-11-22 00:40:00+01:00,454.75018,363.1927,661.8509,187.87305,682.5496,526401.25,22150
2013-11-22 00:50:00+01:00,373.32422,428.51785,590.03973,179.09186,652.3963,528698.25,21211
2013-11-22 01:00:00+01:00,598.911,400.28778,555.96545,190.72206,518.6489,493204.3,20849
2013-11-22 01:10:00+01:00,265.22388,327.268,494.15594,205.09409,531.5918,487858.97,20901
2013-11-22 01:20:00+01:00,247.7842,340.9987,465.4021,153.90643,541.1432,467615.28,19038
2013-11-22 01:30:00+01:00,231.31064,378.2067,516.6975,180.9519,512.1456,442262.1,18673
2013-11-22 01:40:00+01:00,486.6404,407.13113,437.45374,155.738,447.3814,440477.25,18187
2013-11-22 01:50:00+01:00,410.78888,288.5524,522.67255,156.6855,444.12125,430408.94,18793
2013-11-22 02:00:00+01:00,219.54286,286.4471,492.8522,148.11035,457.83533,413214.6,17314
2013-11-22 02:10:00+01:00,207.16383,257.9601,432.46442,158.3627,425.35236,409207.2,18051
2013-11-22 02:20:00+01:00,213.17783,287.60278,466.0934,150.75162,417.62756,400630.84,16985
2013-11-22 02:30:00+01:00,169.6937,279.90155,509.7035,154.9137,433.3055,389070.8,17403
2013-11-22 02:40:00+01:00,195.7009,285.65018,424.48676,172.38737,390.63156,391672.03,16778
2013-11-22 02:50:00+01:00,192.64624,302.99637,466.99765,139.6343,372.9281,382012.66,16003
2013-11-22 03:00:00+01:00,215.91103,314.82172,434.35507,146.89192,348.85812,372308.97,16808
2013-11-22 03:10:00+01:00,215.65729,285.47748,408.9299,139.48691,321.32132,365747.12,17117
2013-11-22 03:20:00+01:00,197.05608,282.18042,515.9099,136.09825,307.7237,362716.8,17218
2013-11-22 03:30:00+01:00,162.64323,281.40094,442.53488,143.61316,302.018,352801.88,16823
2013-11-22 03:40:00+01:00,163.73491,243.8624,390.66495,137.4815,278.48633,354078.4,16254
2013-11-22 03:50:00+01:00,182.81087,265.54446,477.3424,123.36332,251.6552,351257.22,16993
2013-11-22 04:00:00+01:00,158.25943,267.46988,451.08536,131.91145,261.21106,341159.28,18123
2013-11-22 04:10:00+01:00,191.29044,250.77437,444.65488,130.75957,269.189,345178.56,17185
2013-11-22 04:20:00+01:00,193.28085,291.8455,421.14194,117.39601,254.61162,339971.53,17678
2013-11-22 04:30:00+01:00,158.25972,260.3322,416.77625,129.73218,271.28748,333560.56,18426
2013-11-22 04:40:00+01:00,184.12042,258.54803,366.7152,118.99377,261.32452,338174.1,16965
2013-11-22 04:50:00+01:00,191.84569,274.12878,388.89297,113.98607,243.1077,337535.88,17603
2013-11-22 05:00:00+01:00,162.88612,247.08667,439.76883,138.5404,255.88408,333007.78,19627
2013-11-22 05:10:00+01:00,194.99934,237.14725,404.48355,119.81233,257.95255,333684.94,18955
2013-11-22 05:20:00+01:00,192.32793,274.9384,391.38037,115.29657,235.66716,333906.25,18563
2013-11-22 05:30:00+01:00,173.80577,270.66397,457.71686,137.11195,272.3134,338463.4,19668
2013-11-22 05:40:00+01:00,192.4239,267.96976,414.76672,160.34059,298.4717,342458.1,19728
2013-11-22 05:50:00+01:00,196.31013,281.94626,451.871,129.90575,388.9896,351329.4,22015
2013-11-22 06:00:00+01:00,186.42673,313.9218,468.3156,141.86696,393.8591,358315.75,22911
2013-11-22 06:10:00+01:00,179.0412,310.52478,406.0324,132.65459,268.2956,369210.62,24140
2013-11-22 06:20:00+01:00,216.99171,560.73816,445.87912,127.41507,246.20569,377867.56,25791
2013-11-22 06:30:00+01:00,191.43399,338.86105,438.18045,141.7445,260.58893,399035.94,25911
2013-11-22 06:40:00+01:00,245.81589,309.45944,399.76285,138.24156,302.88834,421532.03,28902
2013-11-22 06:50:00+01:00,313.5298,300.05115,460.6792,153.56339,268.22763,449097.56,30512
2013-11-22 07:00:00+01:00,264.91367,445.975,584.395,191.55586,291.34573,481560.84,33310
2013-11-22 07:10:00+01:00,271.72012,513.4885,540.6536,180.82263,332.41742,517700.34,34241
2013-11-22 07:20:00+01:00,374.74405,468.9715,561.6946,167.38411,318.64478,566585.75,35279
2013-11-22 07:30:00+01:00,365.00272,378.48395,574.17993,197.6786,379.42993,611200.3,37418
2013-11-22 07:40:00+01:00,323.70258,589.0229,2290.6572,223.20868,395.26996,652414.1,38794
2013-11-22 07:50:00+01:00,399.29163,702.1087,1706.2695,261.69434,509.80215,685928.6,41457
2013-11-22 08:00:00+01:00,330.8522,701.7346,1572.3806,273.81403,466.16107,726767.75,43286
2013-11-22 08:10:00+01:00,565.511,849.16296,1097.8723,334.00168,557.3531,758554.75,44013
2013-11-22 08:20:00+01:00,747.94867,923.6761,1188.2086,310.41318,475.6149,789165.25,44625
2013-11-22 08:30:00+01:00,575.4048,1122.9819,1292.6478,374.111,606.8938,807530.8,48693
2013-11-22 08:40:00+01:00,598.6078,1281.1335,1787.4346,382.57852,565.5647,822767.1,47704
2013-11-22 08:50:00+01:00,680.90063,1309.8342,1999.4908,425.55408,574.6038,842157.8,47965
2013-11-22 09:00:00+01:00,848.967,1571.599,2219.7942,512.9897,586.9824,851951.7,48463
2013-11-22 09:10:00+01:00,763.9845,1616.7411,2308.8584,517.49146,520.2369,866530.75,50284
2013-11-22 09:20:00+01:00,1101.002,1663.6093,2519.5256,490.45523,663.0941,871505.0,50719
2013-11-22 09:30:00+01:00,1092.8215,1398.9022,2697.5815,514.5857,631.54565,881226.8,49984
2013-11-22 09:40:00+01:00,1022.03046,1830.1536,2742.0964,467.57922,525.9904,886484.75,52818
2013-11-22 09:50:00+01:00,1197.5033,1770.8502,2767.3467,458.44534,489.97095,885924.9,53302
2013-11-22 10:00:00+01:00,1217.7631,2176.9912,2933.5095,447.94705,448.4588,889073.2,51638
2013-11-22 10:10:00+01:00,1306.1302,2075.5698,2964.0562,615.71136,850.0239,903954.94,51412
2013-11-22 10:20:00+01:00,1365.7644,1863.5231,3057.358,612.51355,532.8877,904430.9,54375
2013-11-22 10:30:00+01:00,1550.65,2025.527,3039.9897,570.0652,445.4005,896028.8,52839
2013-11-22 10:40:00+01:00,1435.4219,2023.1812,3133.2476,644.7476,491.2906,899908.06,50578
2013-11-22 10:50:00+01:00,1462.5145,1986.6847,2957.714,622.40955,468.66013,917758.7,51277
2013-11-22 11:00:00+01:00,1974.7692,2221.8345,3350.705,553.44446,440.28116,936871.0,51103
2013-11-22 11:10:00+01:00,1825.9182,2199.9485,2871.2842,544.99634,630.6873,912539.25,52679
2013-11-22 11:20:00+01:00,1790.8601,2174.109,3093.9897,522.6104,527.99585,915333.3,55215
2013-11-22 11:30:00+01:00,2185.8616,2375.2512,3223.7087,490.24615,475.34653,928435.3,51172
2013-11-22 11:40:00+01:00,2555.1626,2159.5369,3044.6367,576.0805,553.1473,928477.6,51455
2013-11-22 11:50:00+01:00,2014.6807,2284.6213,3122.1458,533.19525,508.5775,921825.5,51973
2013-11-22 12:00:00+01:00,2361.6243,2399.4028,3226.0461,630.7645,499.19052,928035.7,50415
2013-11-22 12:10:00+01:00,2138.2136,2809.4302,2926.717,688.91296,508.14563,935580.94,50022
2013-11-22 12:20:00+01:00,2243.1377,2028.5304,3349.6003,635.0844,580.14014,934264.75,54094
2013-11-22 12:30:00+01:00,2719.5671,2325.8486,3375.3528,639.0455,483.90527,952467.94,54250
2013-11-22 12:40:00+01:00,2630.2568,2169.6072,3700.2798,686.37054,559.6118,957341.2,54217
2013-11-22 12:50:00+01:00,2862.9114,2469.4038,3439.0085,726.62463,510.67596,958033.8,51212
2013-11-22 13:00:00+01:00,2843.117,2658.8552,3690.0906,720.42773,679.95166,974878.2,52889
2013-11-22 13:10:00+01:00,2930.0923,2565.2217,3747.8608,654.04565,628.32367,977539.2,52272
2013-11-22 13:20:00+01:00,2938.6697,2713.2742,3742.389,698.3024,635.8538,983642.75,49840
2013-11-22 13:30:00+01:00,3094.781,3129.1147,3733.8804,829.2121,595.02997,990010.1,51143
2013-11-22 13:40:00+01:00,3122.4243,2872.7341,3424.3599,720.85223,638.7309,981265.7,49532
2013-11-22 13:50:00+01:00,3629.4185,2964.6685,3948.7427,723.4418,746.8008,989639.6,49773
2013-11-22 14:00:00+01:00,2933.7107,2963.9329,3600.2449,760.2036,610.5177,982979.25,52335
2013-11-22 14:10:00+01:00,3403.6423,2981.1348,3441.7363,640.6421,816.6955,972919.44,53203
2013-11-22 14:20:00+01:00,3015.4304,2608.9648,3466.8718,738.1397,643.9374,966446.44,50063
2013-11-22 14:30:00+01:00,2847.456,2514.0217,3497.7205,638.3603,643.7874,957335.75,51579
2013-11-22 14:40:00+01:00,2780.1436,2979.6343,3440.2173,573.9982,606.8137,950029.1,51127
2013-11-22 14:50:00+01:00,3556.017,2829.1636,3121.8806,639.2419,665.8725,949188.6,52711
2013-11-22 15:00:00+01:00,2880.3462,2533.523,3215.3994,622.664,666.91364,931378.9,52217
2013-11-22 15:10:00+01:00,2889.7576,2782.4526,3231.7053,575.07275,654.578,931891.0,52581
2013-11-22 15:20:00+01:00,3665.0662,2476.6658,3335.4036,615.4854,588.118,936861.4,52626
2013-11-22 15:30:00+01:00,3600.4595,2747.7437,2978.1128,637.3854,602.3856,930442.25,52953
2013-11-22 15:40:00+01:00,3929.218,2696.9663,3288.488,533.982,608.5949,931697.44,50454
2013-11-22 15:50:00+01:00,3676.3147,2626.4172,2972.1628,549.8022,598.78015,926644.1,53871
2013-11-22 16:00:00+01:00,3153.4185,2452.0981,3240.692,577.5802,820.35004,934577.06,54057
2013-11-22 16:10:00+01:00,3047.1155,2663.305,3122.3093,641.29767,613.7836,948185.9,51239
2013-11-22 16:20:00+01:00,2861.9524,2986.6687,3101.036,652.4247,633.44574,931139.06,51748
2013-11-22 16:30:00+01:00,2959.5898,2706.7727,3186.4602,595.5415,653.73035,937525.4,53797
2013-11-22 16:40:00+01:00,3014.699,3065.2104,3032.9565,564.91174,622.73114,934489.7,49983
2013-11-22 16:50:00+01:00,2921.949,2490.0,3121.9446,550.1398,623.83563,933525.6,51111
2013-11-22 17:00:00+01:00,3288.917,2300.146,3010.237,450.98132,580.0587,927530.3,52898
2013-11-22 17:10:00+01:00,3334.4207,2281.3213,3007.3901,496.81415,679.52216,927825.9,53366
2013-11-22 17:20:00+01:00,3130.6772,1995.3599,2872.0474,470.85373,674.9693,924781.2,52112
2013-11-22 17:30:00+01:00,2526.2024,2545.8828,2761.9104,548.81494,622.4451,916091.25,51519
2013-11-22 17:40:00+01:00,3272.0403,2632.3525,2769.9404,448.31155,681.0091,919191.2,50307
2013-11-22 17:50:00+01:00,2955.6086,2308.0254,2878.9028,427.30038,684.5744,908007.6,51043
2013-11-22 18:00:00+01:00,2828.6553,2527.053,2517.3125,390.13718,733.0871,913483.5,51296
2013-11-22 18:10:00+01:00,2572.8103,2749.4368,2502.8733,370.56952,701.1893,923528.8,51429
2013-11-22 18:20:00+01:00,2842.8828,2332.672,2407.6492,413.13083,702.69714,922066.6,51927
2013-11-22 18:30:00+01:00,2249.2173,2256.9138,2357.7737,401.87253,826.7764,919300.25,50403
2013-11-22 18:40:00+01:00,2851.317,2204.1848,2137.3894,388.65872,743.97186,917311.3,53278
2013-11-22 18:50:00+01:00,2510.0964,1685.7072,1894.8112,361.28378,848.37976,897456.44,49890
2013-11-22 19:00:00+01:00,2354.1484,2185.0178,2283.8562,332.4545,893.5524,881269.2,49102
2013-11-22 19:10:00+01:00,2749.261,2079.2644,2072.7312,358.86115,796.6093,872456.3,51806
2013-11-22 19:20:00+01:00,2864.0696,1992.1556,1613.7542,334.3806,802.9017,860049.5,49003
2013-11-22 19:30:00+01:00,2354.1963,1575.0298,1577.8274,358.77008,873.3096,848024.2,46662
2013-11-22 19:40:00+01:00,2280.295,1640.5327,1472.236,327.28137,925.5138,840153.25,47269
2013-11-22 19:50:00+01:00,1805.8883,1463.0397,1339.1058,296.06842,857.2969,825873.7,46123
2013-11-22 20:00:00+01:00,1822.3085,1589.9353,1465.2195,359.46564,906.2275,815074.9,47397
2013-11-22 20:10:00+01:00,1494.5183,1357.3809,1309.5403,280.82108,821.86664,806138.5,45279
2013-11-22 20:20:00+01:00,1532.6934,1210.218,1073.6458,281.58414,827.55273,793435.5,43987
2013-11-22 20:30:00+01:00,1319.5885,989.92914,1138.9869,263.97318,844.9255,793434.7,42279
2013-11-22 20:40:00+01:00,1650.2319,961.1643,1149.3396,273.2788,879.83057,792105.3,43385
2013-11-22 20:50:00+01:00,1152.2609,1155.9692,1179.9072,269.46542,963.23193,783069.44,39975
2013-11-22 21:00:00+01:00,1011.2757,959.10724,1168.9315,318.76938,1041.1448,772081.7,41183
2013-11-22 21:10:00+01:00,943.35376,1272.1381,995.2744,264.59454,1061.8923,773998.06,41587
2013-11-22 21:20:00+01:00,1080.9393,1314.9202,970.7965,229.15248,1054.0166,764187.9,38508
2013-11-22 21:30:00+01:00,920.9937,1166.7472,1097.2589,234.93953,1066.3014,763430.3,38635
2013-11-22 21:40:00+01:00,805.2058,1044.3658,913.7361,255.81789,1391.8228,760673.44,38826
2013-11-22 21:50:00+01:00,758.9691,1143.576,1078.8584,231.82097,1140.5509,757812.1,35756
2013-11-22 22:00:00+01:00,770.44025,1171.8912,1092.1301,261.94702,1193.555,743168.2,37343
2013-11-22 22:10:00+01:00,972.8967,1008.67474,862.7411,284.6958,1119.9313,750286.5,38219
2013-11-22 22:20:00+01:00,1121.7556,921.2857,877.2822,256.54877,1203.1399,731838.06,34601
2013-11-22 22:30:00+01:00,620.0072,965.6871,1008.46515,238.25471,1380.2957,718968.6,35040
2013-11-22 22:40:00+01:00,579.70447,854.86707,1024.9747,236.802,1404.8402,716589.0,33566
2013-11-22 22:50:00+01:00,602.895,1293.7162,1095.5018,222.21465,1228.718,695770.2,33419
2013-11-22 23:00:00+01:00,460.36838,1202.2358,960.2267,202.09006,1413.3418,689215.56,32242
2013-11-22 23:10:00+01:00,464.23987,804.1623,866.76996,206.2043,1279.9238,678611.7,31264
2013-11-22 23:20:00+01:00,547.0495,924.0007,906.7741,213.42992,1081.8385,677741.56,30562
2013-11-22 23:30:00+01:00,626.9234,681.7018,965.3581,236.42242,1263.5009,650468.7,31816
2013-11-22 23:40:00+01:00,494.60513,961.27075,864.3386,216.81711,1230.5701,646343.3,28663
2013-11-22 23:50:00+01:00,623.1561,1185.3529,1007.9264,216.92455,1124.3232,629697.25,27891
2013-11-23 00:00:00+01:00,645.9171,808.79974,812.1752,243.1787,1196.0968,609636.1,27946
2013-11-23 00:10:00+01:00,461.65338,549.96747,835.4712,214.75256,1187.3093,596921.06,26670
2013-11-23 00:20:00+01:00,483.597,621.1847,1130.0981,193.47134,878.66425,582971.06,26372
2013-11-23 00:30:00+01:00,531.66675,683.8912,1191.695,176.2737,966.33514,561904.56,26198
2013-11-23 00:40:00+01:00,349.03928,455.8826,1074.6091,169.52367,921.6021,548397.25,23464
2013-11-23 00:50:00+01:00,325.57147,663.07196,1350.6858,193.48326,972.8819,526035.0,23328
2013-11-23 01:00:00+01:00,267.63205,469.9702,1487.6106,178.57024,1195.618,505776.75,23443
2013-11-23 01:10:00+01:00,226.28886,452.78302,1993.2837,173.33311,886.7952,500202.25,21929
2013-11-23 01:20:00+01:00,242.78275,449.35992,1765.6324,194.32455,879.78613,485379.97,21647
2013-11-23 01:30:00+01:00,243.26544,392.71634,1634.1847,157.7087,708.91705,478245.9,21788
2013-11-23 01:40:00+01:00,182.37685,396.5774,1649.6173,165.05884,674.79364,468517.1,20628
2013-11-23 01:50:00+01:00,223.15057,305.36374,1633.51,150.52557,679.35876,449993.66,20245
2013-11-23 02:00:00+01:00,243.28937,317.4696,1514.3895,144.91125,669.8968,442528.1,19102
2013-11-23 02:10:00+01:00,210.49643,361.39478,1420.6694,153.49951,620.2878,435812.22,20592
2013-11-23 02:20:00+01:00,222.50977,359.67096,1286.1512,133.14697,466.1283,426503.94,19887
2013-11-23 02:30:00+01:00,305.30518,353.86658,1492.3998,126.28234,490.90112,413249.9,18249
2013-11-23 02:40:00+01:00,177.28326,388.58008,1515.7146,140.32463,529.41187,400867.3,18711
2013-11-23 02:50:00+01:00,163.02386,304.86383,1156.0001,134.09813,455.5215,392363.97,17870
2013-11-23 03:00:00+01:00,178.63963,294.05853,1345.6792,132.4106,388.98407,383583.0,17966
2013-11-23 03:10:00+01:00,160.1217,314.75,1216.1947,129.05263,462.21616,376245.5,17783
2013-11-23 03:20:00+01:00,149.34615,291.57422,1097.1621,125.45132,425.32156,374622.6,17747
2013-11-23 03:30:00+01:00,176.50922,311.61337,1217.8842,136.96304,403.97876,373706.1,17058
2013-11-23 03:40:00+01:00,149.34282,475.0466,1003.4595,162.20651,464.884,362480.94,17446
2013-11-23 03:50:00+01:00,156.11978,290.84476,837.40857,150.01549,320.17133,354511.28,17903
2013-11-23 04:00:00+01:00,183.41411,323.4925,866.94476,144.36063,326.88568,344975.1,18985
2013-11-23 04:10:00+01:00,135.6828,298.68582,740.7134,172.70975,313.0693,339378.9,18637
2013-11-23 04:20:00+01:00,144.72842,293.07825,599.9631,143.55757,257.0039,336265.94,18395
2013-11-23 04:30:00+01:00,164.63695,305.56122,604.3629,116.21856,279.16177,330026.3,18266
2013-11-23 04:40:00+01:00,129.69154,315.6599,522.8771,134.35272,280.7015,330018.72,18217
2013-11-23 04:50:00+01:00,153.85231,285.62366,417.38803,114.45459,251.24544,328366.1,18699
2013-11-23 05:00:00+01:00,162.29182,334.54684,394.1538,102.58433,241.64209,322012.28,21505
2013-11-23 05:10:00+01:00,149.8483,301.14706,321.3973,121.402435,244.58966,325166.8,19268
2013-11-23 05:20:00+01:00,142.9062,279.73715,328.14044,113.42894,273.3547,324079.75,18813
2013-11-23 05:30:00+01:00,150.26193,315.187,375.47052,108.05357,246.79094,319811.56,18535
2013-11-23 05:40:00+01:00,133.80632,309.62622,312.20813,123.97155,257.34692,319667.06,19447
2013-11-23 05:50:00+01:00,139.64844,282.9033,323.22083,114.49087,265.6092,322314.8,21018
2013-11-23 06:00:00+01:00,181.53195,325.2841,370.75833,111.7173,234.81665,321320.88,21525
2013-11-23 06:10:00+01:00,132.01552,323.53162,314.2906,157.87456,287.78595,327803.38,20518
2013-11-23 06:20:00+01:00,154.80383,293.14423,320.1165,116.15271,272.1658,338501.94,22173
2013-11-23 06:30:00+01:00,210.96352,332.66205,365.8467,116.03762,239.28114,339816.72,22650
2013-11-23 06:40:00+01:00,163.56157,325.56842,335.23428,129.03598,275.84317,351145.0,23053
2013-11-23 06:50:00+01:00,166.14195,332.90924,331.58987,134.58626,250.49846,361755.78,25010
2013-11-23 07:00:00+01:00,211.36845,337.4105,377.32492,128.7795,233.61679,369618.8,26243
2013-11-23 07:10:00+01:00,351.12088,350.1495,329.8948,130.00475,280.23834,383345.4,26595
2013-11-23 07:20:00+01:00,295.38953,357.98132,341.7888,127.08744,244.694,401281.03,27260
2013-11-23 07:30:00+01:00,223.89624,346.125,394.26038,124.76776,282.56973,422039.44,29295
2013-11-23 07:40:00+01:00,207.34662,518.25006,353.9139,152.77556,306.08398,438573.03,30211
2013-11-23 07:50:00+01:00,290.3648,491.5606,384.86154,144.47192,281.5569,455478.88,29997
2013-11-23 08:00:00+01:00,266.03247,468.57126,393.86374,154.24858,333.88525,471608.56,33228
2013-11-23 08:10:00+01:00,245.90948,547.0207,431.42062,172.17635,366.63928,484840.2,33926
2013-11-23 08:20:00+01:00,259.80362,484.28943,392.24655,198.68886,336.8837,506252.62,35006
2013-11-23 08:30:00+01:00,549.82544,540.61707,461.9958,241.8051,331.51428,524582.2,35727
2013-11-23 08:40:00+01:00,381.74936,588.4687,417.58112,262.70007,481.66034,547141.5,36347
2013-11-23 08:50:00+01:00,336.08313,484.57068,484.19324,261.8921,476.1302,567449.25,37029
2013-11-23 09:00:00+01:00,433.3531,630.5804,561.8209,292.1666,389.60678,585554.7,39102
2013-11-23 09:10:00+01:00,478.30515,799.8218,506.75848,420.01517,444.22842,601526.94,38729
2013-11-23 09:20:00+01:00,479.4251,682.0791,534.53973,469.6032,410.01022,622020.06,39046
2013-11-23 09:30:00+01:00,506.16934,736.7889,541.3598,410.15952,494.45557,629677.3,40018
2013-11-23 09:40:00+01:00,622.0353,674.1676,581.6623,464.40588,565.23175,653130.94,42161
2013-11-23 09:50:00+01:00,1055.8074,806.60077,557.29895,401.15234,503.88446,664130.06,40326
2013-11-23 10:00:00+01:00,746.15356,841.43414,627.2268,395.35843,495.3144,684003.1,41818
2013-11-23 10:10:00+01:00,1017.6603,965.9786,577.42084,458.23907,476.70123,697726.7,41858
2013-11-23 10:20:00+01:00,933.4809,881.99646,557.9586,368.61578,615.54065,706016.94,42541
2013-11-23 10:30:00+01:00,1240.2893,1258.0599,640.7091,384.0491,543.99744,718523.5,41671
2013-11-23 10:40:00+01:00,1184.1759,1156.2021,614.759,484.15622,599.405,729187.1,42155
2013-11-23 10:50:00+01:00,1364.524,1246.7374,603.98364,401.4534,539.2771,740034.8,44811
2013-11-23 11:00:00+01:00,1766.8035,1568.1798,578.831,422.94873,579.49194,745474.6,43239
2013-11-23 11:10:00+01:00,1733.3048,1560.4587,593.39386,382.30615,638.32715,753286.1,42744
2013-11-23 11:20:00+01:00,1834.002,1390.6327,687.0393,498.2774,611.102,765640.6,43042
2013-11-23 11:30:00+01:00,1935.809,1319.1239,811.1128,391.6971,687.4462,767689.94,43131
2013-11-23 11:40:00+01:00,2165.7988,1603.5116,676.97534,387.1289,709.9077,781443.7,42998
2013-11-23 11:50:00+01:00,2291.616,1494.248,762.5229,455.93057,663.1287,780537.3,42809
2013-11-23 12:00:00+01:00,2087.6858,1639.8422,782.0925,467.04935,625.9084,780185.5,42461
2013-11-23 12:10:00+01:00,2620.5454,1748.8917,789.44086,418.5482,700.70605,789769.56,43646
2013-11-23 12:20:00+01:00,2359.2742,1666.3021,675.1859,505.2345,617.2301,790479.9,44809
2013-11-23 12:30:00+01:00,2544.0222,1644.4885,752.25305,398.55484,630.2608,775871.2,43028
2013-11-23 12:40:00+01:00,2750.0083,1765.386,738.3063,487.0552,729.67535,780603.9,43746
2013-11-23 12:50:00+01:00,2874.7778,1847.2079,1168.4729,395.59247,930.4637,775442.5,42373
2013-11-23 13:00:00+01:00,3588.7617,2006.5999,1041.4847,488.01654,723.6891,767695.2,41058
2013-11-23 13:10:00+01:00,3780.6968,2728.7024,876.3148,421.4596,657.34576,770794.1,41473
2013-11-23 13:20:00+01:00,3446.3374,3236.1865,877.67206,323.3609,689.0124,765937.1,41791
2013-11-23 13:30:00+01:00,3534.5645,3339.7537,805.2781,385.29474,883.6396,759301.8,42815
2013-11-23 13:40:00+01:00,3335.2861,2343.457,927.9322,412.8532,822.88885,765149.8,40606
2013-11-23 13:50:00+01:00,3598.267,2721.756,640.27997,309.59424,1009.2418,779159.94,41496
2013-11-23 14:00:00+01:00,3061.7527,2251.743,622.32965,415.22443,830.8885,778032.4,40904
2013-11-23 14:10:00+01:00,3852.5288,2818.4744,679.71924,312.82703,1016.08923,782516.8,41747
2013-11-23 14:20:00+01:00,3704.1968,2361.564,851.6411,314.46997,999.0675,788653.94,41682
2013-11-23 14:30:00+01:00,3567.81,2151.7603,735.6663,297.43222,838.46674,779523.75,39957
2013-11-23 14:40:00+01:00,3455.756,2335.5813,693.65826,410.18115,844.9158,784075.44,40801
2013-11-23 14:50:00+01:00,3341.1562,2708.8936,912.94385,270.20743,874.1501,787956.75,40439
2013-11-23 15:00:00+01:00,3987.0369,2240.533,1374.4928,347.39594,904.105,796028.7,40885
2013-11-23 15:10:00+01:00,4366.3564,2322.1748,925.86884,374.4297,874.73145,798012.9,39491
2013-11-23 15:20:00+01:00,3921.7285,2177.003,686.27826,391.69876,852.323,792072.3,41177
2013-11-23 15:30:00+01:00,3828.59,2426.5168,715.26276,298.66705,838.5161,792635.6,41857
2013-11-23 15:40:00+01:00,4166.347,2598.9463,706.7981,294.6727,943.9125,804241.94,42030
2013-11-23 15:50:00+01:00,4513.6284,2565.306,659.0174,358.60577,985.40405,795687.2,40091
2013-11-23 16:00:00+01:00,4117.0737,2544.0051,692.6468,315.07065,1135.5085,801695.1,40236
2013-11-23 16:10:00+01:00,4583.823,2529.4143,581.3589,330.9628,942.2639,803278.5,41527
2013-11-23 16:20:00+01:00,4525.7744,2401.6863,576.20074,283.6321,926.80493,804104.56,41696
2013-11-23 16:30:00+01:00,4224.4985,2690.6995,676.0643,325.03152,814.1919,807611.94,43472
2013-11-23 16:40:00+01:00,4588.574,2575.5037,766.19745,327.22107,792.9528,813941.75,40780
2013-11-23 16:50:00+01:00,4845.13,2993.72,621.82544,296.62683,872.0816,814963.3,39705
2013-11-23 17:00:00+01:00,4976.0806,2399.5044,685.4463,290.45358,753.3552,818573.44,41796
2013-11-23 17:10:00+01:00,5153.127,2584.5833,617.5846,342.85806,720.2726,822137.56,41086
2013-11-23 17:20:00+01:00,4522.657,2777.594,627.5372,284.015,857.7504,823673.75,42012
2013-11-23 17:30:00+01:00,4697.6855,3284.047,677.8731,300.1161,826.4226,823778.6,41786
2013-11-23 17:40:00+01:00,5024.9087,3066.2354,621.4044,290.37207,809.412,820243.6,40600
2013-11-23 17:50:00+01:00,4658.852,2542.7402,617.4465,304.17545,827.96234,824572.7,41055
2013-11-23 18:00:00+01:00,4101.3906,2306.5596,642.6114,324.90442,647.1423,822408.6,42261
2013-11-23 18:10:00+01:00,4675.246,2448.9526,824.77844,265.65182,761.908,824882.4,42111
2013-11-23 18:20:00+01:00,4162.1064,2484.7195,570.05334,312.28842,736.4756,814983.0,40220
2013-11-23 18:30:00+01:00,4214.822,2313.5742,551.77844,288.1867,817.01013,812579.94,40894
2013-11-23 18:40:00+01:00,3955.823,2543.4724,747.9905,335.8897,852.37476,812385.6,41108
2013-11-23 18:50:00+01:00,3825.093,2187.8547,518.88654,282.9366,923.7452,807946.7,39693
2013-11-23 19:00:00+01:00,3582.519,2086.5435,529.595,246.73898,894.90344,815800.2,42385
2013-11-23 19:10:00+01:00,4234.254,1995.4806,608.84155,289.9145,1041.1714,805080.0,40514
2013-11-23 19:20:00+01:00,3536.3542,2705.8528,538.7154,245.98013,828.7876,798703.0,39065
2013-11-23 19:30:00+01:00,3193.8923,2445.1475,505.1507,281.0166,841.53033,797988.06,39765
2013-11-23 19:40:00+01:00,3131.9082,2476.3926,436.42804,290.0822,910.8171,792602.3,40598
2013-11-23 19:50:00+01:00,3040.9353,2549.2104,518.6955,285.24426,875.18976,787377.6,40261
2013-11-23 20:00:00+01:00,2830.026,2257.1367,630.51184,229.79536,1022.3451,786160.5,39039
2013-11-23 20:10:00+01:00,2527.248,2011.7742,684.8304,230.38278,935.86,780990.06,38189
2013-11-23 20:20:00+01:00,2143.1484,1516.5653,642.5383,342.04886,1178.2919,778929.6,37357
2013-11-23 20:30:00+01:00,2096.7847,1526.779,758.6941,238.87836,1050.0905,770306.6,36112
2013-11-23 20:40:00+01:00,1802.7378,1826.5634,781.5212,284.24374,1261.0585,775816.4,35051
2013-11-23 20:50:00+01:00,1598.462,1440.9938,885.6038,212.05168,1099.7188,770446.7,34560
2013-11-23 21:00:00+01:00,1309.8551,1215.9146,927.0312,220.48744,1204.422,777249.8,35879
2013-11-23 21:10:00+01:00,1166.3754,1286.9788,900.83746,194.97134,1464.9178,773359.2,35496
2013-11-23 21:20:00+01:00,1151.2986,1290.5378,920.5966,247.61421,1159.8824,768197.25,33964
2013-11-23 21:30:00+01:00,1550.2797,1097.8683,936.4139,252.863,1282.5192,770113.0,33863
2013-11-23 21:40:00+01:00,1212.4326,1515.5703,993.12756,215.17102,1258.3815,766458.5,34223
2013-11-23 21:50:00+01:00,1417.8248,1469.5928,1025.427,224.02171,1537.2113,769350.94,31832
2013-11-23 22:00:00+01:00,1222.3024,1687.0892,1129.9338,233.51228,1535.8433,756083.2,31871
2013-11-23 22:10:00+01:00,1516.8856,1198.7938,945.3075,235.76973,1352.0074,758427.8,31048
2013-11-23 22:20:00+01:00,1051.1726,997.8214,1443.8871,213.46022,1391.6521,760785.4,31081
2013-11-23 22:30:00+01:00,949.2746,829.07355,1207.6068,244.84877,1590.806,765679.2,31503
2013-11-23 22:40:00+01:00,805.15894,795.2812,1146.2178,246.84656,1608.547,761092.06,31227
2013-11-23 22:50:00+01:00,819.527,862.50696,1211.3756,247.99197,1746.6348,739962.75,31493
2013-11-23 23:00:00+01:00,672.2108,812.8682,1188.6556,220.78273,1386.4404,727295.2,32092
2013-11-23 23:10:00+01:00,685.7274,662.55743,1191.4193,203.48804,1245.8967,710853.1,30436
2013-11-23 23:20:00+01:00,589.607,851.3076,1509.848,189.09454,1208.1594,709547.3,29502
2013-11-23 23:30:00+01:00,628.26904,797.2471,1350.1691,219.78952,1231.7816,697702.0,29913
2013-11-23 23:40:00+01:00,499.77612,750.83185,1363.8905,207.02904,1164.7378,681720.94,28860
2013-11-23 23:50:00+01:00,597.68146,633.3081,1619.0902,237.7694,1240.5504,669248.06,27790
2013-11-24 00:00:00+01:00,719.62616,680.4866,2011.7781,215.71057,1095.827,661819.25,27551
2013-11-24 00:10:00+01:00,471.15573,582.01807,2159.6895,234.68375,1057.863,637125.56,27246
2013-11-24 00:20:00+01:00,529.3493,787.6462,2256.9807,207.88454,1090.9146,620283.8,25534
2013-11-24 00:30:00+01:00,624.8857,530.55914,2035.387,209.07233,1282.5496,607101.9,25316
2013-11-24 00:40:00+01:00,588.04175,542.3007,2438.4353,212.26355,894.9309,589800.06,24579
2013-11-24 00:50:00+01:00,350.28546,555.90076,2574.0369,212.98509,891.80426,572638.75,23638
2013-11-24 01:00:00+01:00,425.46146,469.06317,3158.4612,227.405,894.1706,564856.06,23454
2013-11-24 01:10:00+01:00,283.2996,441.1611,3179.5688,195.22043,972.67303,539787.1,22909
2013-11-24 01:20:00+01:00,252.39804,441.5126,3129.3264,198.70181,946.625,530467.0,20945
2013-11-24 01:30:00+01:00,266.50192,358.75745,3099.6882,203.78348,795.2382,513099.47,21320
2013-11-24 01:40:00+01:00,326.11807,371.91544,3078.9404,198.47694,711.8268,496097.4,19993
2013-11-24 01:50:00+01:00,232.21815,466.55936,2737.4185,186.13463,677.87604,485146.97,20245
2013-11-24 02:00:00+01:00,269.92053,349.24298,3286.072,183.0391,653.3942,464346.16,19350
2013-11-24 02:10:00+01:00,217.41336,363.03702,2976.752,178.35048,535.44543,449081.34,18097
2013-11-24 02:20:00+01:00,229.58823,504.7882,2985.5032,199.26312,560.09906,439808.25,19789
2013-11-24 02:30:00+01:00,259.7225,571.7788,3003.3884,180.09256,471.05035,428097.78,17532
2013-11-24 02:40:00+01:00,254.68121,322.48148,2855.7178,165.85304,588.57086,421174.34,18044
2013-11-24 02:50:00+01:00,213.77742,309.88162,2655.5356,167.58264,418.99146,415722.2,17718
2013-11-24 03:00:00+01:00,215.22577,266.35233,2651.185,158.81615,403.2359,404226.97,17061
2013-11-24 03:10:00+01:00,213.1293,282.10886,2603.7793,159.02338,386.15494,395159.62,17865
2013-11-24 03:20:00+01:00,205.18332,271.4173,2264.187,145.6485,351.02246,385986.44,16756
2013-11-24 03:30:00+01:00,209.09378,281.86887,2369.1792,159.00546,334.7611,372343.8,17065
2013-11-24 03:40:00+01:00,211.14658,300.7291,2016.754,155.47734,308.983,376536.84,17115
2013-11-24 03:50:00+01:00,205.94453,285.0219,2228.0627,139.73299,298.00858,358779.47,16398
2013-11-24 04:00:00+01:00,213.42116,270.7922,2124.082,148.68936,313.68152,354804.7,17153
2013-11-24 04:10:00+01:00,205.4472,260.188,2069.8596,154.65546,322.04556,352509.88,16635
2013-11-24 04:20:00+01:00,204.33234,263.09683,1405.7601,139.57445,281.19955,341112.12,16903
2013-11-24 04:30:00+01:00,201.1484,249.44371,1273.2294,159.5691,257.669,334767.0,16114
2013-11-24 04:40:00+01:00,226.28076,294.83295,1016.4593,156.55278,288.75122,329589.9,16291
2013-11-24 04:50:00+01:00,206.48274,270.7661,745.5791,205.71497,266.36945,327062.06,16180
2013-11-24 05:00:00+01:00,223.13522,286.36057,701.42316,151.46892,236.11882,324551.53,17586
2013-11-24 05:10:00+01:00,223.23016,261.21472,433.6408,133.38246,287.85226,318815.66,17464
2013-11-24 05:20:00+01:00,213.53044,245.67511,327.7744,124.54367,272.48224,312739.38,17004
2013-11-24 05:30:00+01:00,233.31285,254.99637,279.11923,217.97102,243.05211,323194.62,17018
2013-11-24 05:40:00+01:00,254.37386,250.11038,269.46786,132.726,272.93317,311114.78,17034
2013-11-24 05:50:00+01:00,262.76544,245.57547,222.2929,125.92423,244.99812,308331.34,17203
2013-11-24 06:00:00+01:00,238.82103,259.9649,243.15202,135.66931,265.3213,316137.97,17518
2013-11-24 06:10:00+01:00,204.40733,246.97197,205.32933,131.27414,276.7717,309503.56,17021
2013-11-24 06:20:00+01:00,198.69815,245.35384,197.6665,130.21165,261.57535,305538.47,17443
2013-11-24 06:30:00+01:00,234.14375,268.41733,203.88876,133.41954,243.95961,318630.12,17204
2013-11-24 06:40:00+01:00,232.71951,248.81503,207.3175,147.65753,266.37692,317648.72,19526
2013-11-24 06:50:00+01:00,221.7072,246.9823,191.01201,180.07858,267.77225,311516.88,18463
2013-11-24 07:00:00+01:00,232.6431,296.29663,222.61148,134.59024,251.33224,328476.88,20231
2013-11-24 07:10:00+01:00,210.02771,267.41116,249.76099,148.83084,260.92014,332610.75,19102
2013-11-24 07:20:00+01:00,217.9488,277.86267,185.98286,135.89989,249.21967,329074.53,22022
2013-11-24 07:30:00+01:00,223.93419,493.06238,212.6323,125.92681,238.29521,344932.1,21308
2013-11-24 07:40:00+01:00,238.61008,623.1714,214.81737,129.54453,224.02061,351642.7,22818
2013-11-24 07:50:00+01:00,243.34595,344.77475,202.4742,136.00598,242.98177,352388.1,22751
2013-11-24 08:00:00+01:00,293.12927,395.80624,259.61798,130.45824,240.27283,374491.8,27570
2013-11-24 08:10:00+01:00,288.96475,314.4239,264.06638,145.19943,238.16145,385404.5,28482
2013-11-24 08:20:00+01:00,274.0302,422.6606,230.33788,142.06056,247.88718,398651.72,29438
2013-11-24 08:30:00+01:00,318.50668,343.6877,261.43808,144.00087,266.51074,422287.16,31774
2013-11-24 08:40:00+01:00,311.37512,449.5265,298.96323,156.92264,262.68997,432673.4,31729
2013-11-24 08:50:00+01:00,307.24292,483.22565,266.5686,148.76152,281.0995,449383.6,32828
2013-11-24 09:00:00+01:00,270.06183,377.80588,296.11014,154.59128,292.7516,473673.78,32968
2013-11-24 09:10:00+01:00,330.36725,408.93475,281.35333,166.66904,354.33987,482561.25,34272
2013-11-24 09:20:00+01:00,305.00085,401.5384,294.32666,209.71286,392.12207,503777.78,34809
2013-11-24 09:30:00+01:00,368.78088,408.238,300.254,201.20775,371.38696,526464.3,36237
2013-11-24 09:40:00+01:00,594.1865,516.13763,341.1342,179.48026,391.40427,545490.94,35315
2013-11-24 09:50:00+01:00,569.6008,492.311,364.81018,186.98158,429.61716,550765.1,35894
2013-11-24 10:00:00+01:00,539.28357,567.02094,358.70074,169.40405,440.30606,584938.44,37728
2013-11-24 10:10:00+01:00,666.858,688.34406,365.12463,206.81897,433.636,596253.94,39388
2013-11-24 10:20:00+01:00,756.0698,754.89105,363.65805,186.61108,455.7441,613399.7,38688
2013-11-24 10:30:00+01:00,889.9718,853.2004,336.58945,168.9592,527.495,628281.5,40148
2013-11-24 10:40:00+01:00,930.0932,1174.9023,357.68695,207.95424,630.92334,638943.1,40136
2013-11-24 10:50:00+01:00,1212.8047,1077.2704,401.67236,227.99551,586.1267,640331.7,39289
2013-11-24 11:00:00+01:00,1355.399,1361.695,556.43744,190.20703,636.72473,661326.06,39113
2013-11-24 11:10:00+01:00,1564.647,1169.6886,656.9825,167.81938,605.13727,676064.94,41465
2013-11-24 11:20:00+01:00,1605.025,1106.4901,513.0065,197.4467,691.3285,675719.0,41828
2013-11-24 11:30:00+01:00,1789.6512,1202.3711,446.94064,208.33856,714.7455,691233.0,41357
2013-11-24 11:40:00+01:00,2075.1929,1194.9518,387.42126,196.05864,624.7258,692859.0,39022
2013-11-24 11:50:00+01:00,2205.2434,1339.58,408.14056,251.66171,621.32166,696098.4,39820
2013-11-24 12:00:00+01:00,2498.8223,1612.4108,406.61523,264.064,1027.0038,714662.3,39929
2013-11-24 12:10:00+01:00,2550.9353,1366.2014,442.04767,199.95882,867.7576,712036.0,43495
2013-11-24 12:20:00+01:00,2776.2961,1583.3717,431.30624,194.33365,890.7643,703987.1,42416
2013-11-24 12:30:00+01:00,2372.851,1511.0299,511.95752,212.70746,969.2032,708033.4,41268
2013-11-24 12:40:00+01:00,2946.8765,1417.9388,488.8955,262.0873,862.1431,716478.6,40970
2013-11-24 12:50:00+01:00,2619.4836,1628.905,436.5407,297.41144,782.63074,707715.8,40968
2013-11-24 13:00:00+01:00,2434.0088,1894.4833,456.5046,230.96979,994.67664,705023.06,40267
2013-11-24 13:10:00+01:00,2543.782,1982.2408,444.1029,182.50545,880.8589,701322.7,40471
2013-11-24 13:20:00+01:00,2681.7932,1764.7012,400.85217,166.69695,951.8281,692773.75,37533
2013-11-24 13:30:00+01:00,2766.7205,1643.3358,484.62677,180.73499,1103.434,702086.3,39763
2013-11-24 13:40:00+01:00,3405.8293,1703.4956,585.6935,209.42894,1151.2544,710757.75,38496
2013-11-24 13:50:00+01:00,2891.2842,1694.4331,560.85156,223.0387,1150.3286,707691.2,38295
2013-11-24 14:00:00+01:00,2944.2986,1790.4054,446.3602,196.34798,1241.395,725186.6,39953
2013-11-24 14:10:00+01:00,3097.2185,1926.9265,508.26874,178.13269,1045.4675,724592.3,39468
2013-11-24 14:20:00+01:00,3023.407,2189.3936,454.74536,214.19958,1125.5525,723364.7,41310
2013-11-24 14:30:00+01:00,3633.83,1986.1901,691.71277,212.82445,1112.2947,736473.8,39596
2013-11-24 14:40:00+01:00,3471.145,1750.8157,496.71704,214.86679,995.9686,742825.44,38898
2013-11-24 14:50:00+01:00,3879.684,1886.6422,400.82272,226.07182,1027.1382,749569.5,40666
2013-11-24 15:00:00+01:00,3537.642,1895.1499,471.46713,238.25476,1055.2904,760029.1,39403
2013-11-24 15:10:00+01:00,4537.445,1816.0492,479.47348,241.17763,1050.258,780933.7,40151
2013-11-24 15:20:00+01:00,3780.2256,2205.7734,494.647,194.24498,1000.0368,781055.3,40286
2013-11-24 15:30:00+01:00,4245.2466,1908.7946,479.39737,187.23676,1003.05786,773774.0,39180
2013-11-24 15:40:00+01:00,4280.1846,2188.386,431.2824,216.61978,978.5733,781871.44,39548
2013-11-24 15:50:00+01:00,4215.8154,2549.8237,447.8976,216.4637,1071.8937,773166.9,38571
2013-11-24 16:00:00+01:00,4295.82,2650.6091,481.3973,181.38986,909.14795,784012.7,38730
2013-11-24 16:10:00+01:00,4725.725,2288.0974,732.5165,226.26155,879.40125,789311.56,40774
2013-11-24 16:20:00+01:00,4298.0713,2994.0786,480.52457,230.30003,940.5166,784077.06,40709
2013-11-24 16:30:00+01:00,4963.3228,2445.576,467.8392,178.45457,1128.5122,798905.8,43119
2013-11-24 16:40:00+01:00,4705.4126,2558.6355,484.07593,194.1187,1295.7574,808144.0,40687
2013-11-24 16:50:00+01:00,5147.586,2071.132,697.5631,187.6337,921.891,796610.06,42921
2013-11-24 17:00:00+01:00,4772.823,3318.3079,800.1558,196.43573,813.57074,789848.75,41423
2013-11-24 17:10:00+01:00,4445.386,2201.3088,593.22906,177.2921,882.2308,792267.1,41915
2013-11-24 17:20:00+01:00,4566.0557,2160.2166,486.06662,174.00252,1069.4131,794479.4,42660
2013-11-24 17:30:00+01:00,4709.7544,2473.5442,459.03934,208.87743,812.43054,799327.7,42389
2013-11-24 17:40:00+01:00,4842.323,2318.8735,549.9844,216.08464,776.4832,800195.44,42606
2013-11-24 17:50:00+01:00,4922.5034,2003.7833,448.3191,188.99664,796.905,792724.44,43513
2013-11-24 18:00:00+01:00,4524.5244,2762.478,476.7065,215.87212,825.48926,799340.44,44778
2013-11-24 18:10:00+01:00,4781.274,2406.1665,513.0398,221.61989,881.87354,787205.25,41647
2013-11-24 18:20:00+01:00,5065.004,1849.1571,484.5677,171.74895,827.85785,792374.56,41524
2013-11-24 18:30:00+01:00,4151.807,1795.236,501.26178,207.62276,919.15643,796374.9,41220
2013-11-24 18:40:00+01:00,3855.191,1869.4426,410.1329,203.15718,1043.4005,796827.5,42131
2013-11-24 18:50:00+01:00,4190.24,2068.907,393.2542,199.83691,939.9709,791662.6,42989
2013-11-24 19:00:00+01:00,3771.9585,1862.6107,487.69992,218.23195,1031.3711,781745.3,42348
2013-11-24 19:10:00+01:00,2938.7712,1948.0728,420.88306,235.85446,773.6325,779495.75,41513
2013-11-24 19:20:00+01:00,3422.9988,1822.1761,481.56796,209.00847,765.98755,772873.44,40658
2013-11-24 19:30:00+01:00,3182.8206,1757.3159,366.70654,212.20068,935.36865,766545.3,38711
2013-11-24 19:40:00+01:00,2670.0798,1447.684,425.82367,242.02588,1304.6305,756656.2,38843
2013-11-24 19:50:00+01:00,2600.1313,1285.675,512.2974,187.14003,1059.6581,753371.1,38711
2013-11-24 20:00:00+01:00,2369.306,1227.969,449.68845,262.38336,1158.0942,763416.9,38992
2013-11-24 20:10:00+01:00,1780.6407,1128.1313,430.14722,296.4038,1076.9014,753730.44,38047
2013-11-24 20:20:00+01:00,1553.0956,1218.6528,362.27026,237.22624,787.2677,729972.6,38003
2013-11-24 20:30:00+01:00,1413.016,1105.3434,377.81317,207.85675,824.5581,743783.94,38413
2013-11-24 20:40:00+01:00,1143.7932,1012.97345,400.26196,210.56453,871.4924,740022.75,38237
2013-11-24 20:50:00+01:00,1262.9464,1155.0701,430.77335,227.73045,1003.6811,729246.0,37822
2013-11-24 21:00:00+01:00,1180.1544,888.6649,627.6839,229.79053,1000.1473,741395.7,37032
2013-11-24 21:10:00+01:00,942.33685,824.9031,415.49503,202.35472,960.7878,742785.8,35924
2013-11-24 21:20:00+01:00,2149.7295,636.7999,399.39725,214.6969,1020.0559,738309.75,35247
2013-11-24 21:30:00+01:00,1755.358,689.88617,478.42896,202.62743,940.42487,730548.5,34496
2013-11-24 21:40:00+01:00,1837.2386,915.48535,386.5474,216.52419,1013.6991,727404.7,33920
2013-11-24 21:50:00+01:00,843.3705,659.00415,337.75525,212.17357,996.0509,726046.1,33345
2013-11-24 22:00:00+01:00,830.59827,760.9562,345.30624,276.44083,1076.8064,720957.2,34163
2013-11-24 22:10:00+01:00,1109.0095,783.1202,380.62726,244.43779,1011.33716,706928.3,31687
2013-11-24 22:20:00+01:00,1133.5076,830.75226,360.9536,225.89694,922.5763,704553.56,30669
2013-11-24 22:30:00+01:00,1267.1122,644.9444,392.51028,242.15771,1181.6346,708612.2,31193
2013-11-24 22:40:00+01:00,638.4013,608.1069,308.29605,254.41423,998.4928,694479.4,30264
2013-11-24 22:50:00+01:00,577.3198,749.1168,314.29736,233.11673,1041.8448,670709.4,28768
2013-11-24 23:00:00+01:00,552.69666,616.65576,362.3196,202.9116,787.93915,653341.25,28359
2013-11-24 23:10:00+01:00,556.3392,579.7889,266.3966,215.60548,764.8411,636952.8,28993
2013-11-24 23:20:00+01:00,699.1726,615.2847,224.6541,180.81245,805.0865,624735.7,27163
2013-11-24 23:30:00+01:00,667.61633,530.0977,287.29312,173.32512,729.4683,607838.6,26348
2013-11-24 23:40:00+01:00,551.52167,808.55945,283.55203,174.93288,737.617,589734.75,26100
2013-11-24 23:50:00+01:00,837.7375,384.8927,228.62602,181.58134,833.29407,573173.06,24990
2013-11-25 00:00:00+01:00,416.4783,401.40494,234.05833,206.60045,830.99603,556644.06,23954
2013-11-25 00:10:00+01:00,543.11707,394.54736,255.90027,170.60443,638.5885,530792.25,22543
2013-11-25 00:20:00+01:00,333.90155,346.03387,216.18117,156.34969,659.0722,518246.88,22991
2013-11-25 00:30:00+01:00,332.21475,370.96106,210.9277,156.08066,593.2967,498564.0,21716
2013-11-25 00:40:00+01:00,439.6689,520.56476,331.45242,153.55847,530.47345,490434.7,21706
2013-11-25 00:50:00+01:00,293.44965,470.66638,209.25018,144.47008,638.1847,469808.22,19530
2013-11-25 01:00:00+01:00,327.6317,321.94302,240.19168,154.23859,430.43362,452777.03,19170
2013-11-25 01:10:00+01:00,331.19507,273.2274,216.90627,135.8114,456.42795,442266.8,19003
2013-11-25 01:20:00+01:00,507.66803,293.04562,191.23306,155.96872,468.59384,425520.7,18593
2013-11-25 01:30:00+01:00,257.05698,301.4673,205.25565,153.93864,406.31287,418734.8,18305
2013-11-25 01:40:00+01:00,252.84412,300.02866,250.36717,153.8462,392.6597,411407.22,16390
2013-11-25 01:50:00+01:00,914.6452,269.11606,197.37135,152.89835,355.70724,393668.8,16126
2013-11-25 02:00:00+01:00,620.06866,303.13293,203.22742,145.67012,340.50583,389024.8,17301
2013-11-25 02:10:00+01:00,234.7584,262.50226,224.13705,150.01509,339.08502,381696.97,16053
2013-11-25 02:20:00+01:00,241.60417,271.8083,189.09677,138.71213,380.82578,368112.0,16367
2013-11-25 02:30:00+01:00,228.68239,276.85306,196.0707,130.39592,313.4846,363148.5,16886
2013-11-25 02:40:00+01:00,212.18034,267.69757,202.29604,124.59168,324.78616,358552.12,15009
2013-11-25 02:50:00+01:00,226.10814,290.03964,179.2574,134.72049,311.13593,343677.06,15522
2013-11-25 03:00:00+01:00,229.93333,290.67404,182.14111,129.19423,324.73654,343639.03,16158
2013-11-25 03:10:00+01:00,226.27394,261.88943,195.31703,124.340904,323.96878,342149.03,17762
2013-11-25 03:20:00+01:00,232.2799,275.17044,163.27815,125.35779,304.8567,327494.66,15665
2013-11-25 03:30:00+01:00,258.8955,269.65775,195.35017,123.45942,316.3052,328641.8,16632
2013-11-25 03:40:00+01:00,293.31473,286.527,189.24416,118.69043,285.47876,328268.25,16097
2013-11-25 03:50:00+01:00,234.58191,301.6573,184.83997,122.31337,358.94452,317224.7,15726
2013-11-25 04:00:00+01:00,226.20293,273.6953,177.89516,121.4478,567.76855,318873.06,16463
2013-11-25 04:10:00+01:00,214.79918,261.2542,185.57198,111.98747,379.42288,317856.88,17135
2013-11-25 04:20:00+01:00,267.90405,257.92966,189.90125,109.10946,443.26038,311660.4,17290
2013-11-25 04:30:00+01:00,258.08182,279.76306,201.5469,121.054245,284.22913,313666.2,17601
2013-11-25 04:40:00+01:00,228.95082,247.55222,182.65855,115.03858,282.5143,313493.06,17446
2013-11-25 04:50:00+01:00,220.3428,287.56998,242.56836,124.50885,261.57538,304334.44,18023
2013-11-25 05:00:00+01:00,235.34985,292.46875,174.54247,114.5458,241.13171,307923.94,19236
2013-11-25 05:10:00+01:00,207.11502,245.10074,190.25296,110.99973,297.07904,311301.03,19429
2013-11-25 05:20:00+01:00,241.00386,261.44012,195.11206,112.179474,273.24725,308241.47,19400
2013-11-25 05:30:00+01:00,231.18565,340.4663,185.89735,133.42712,298.34048,315876.7,19453
2013-11-25 05:40:00+01:00,224.03499,275.38138,180.95879,119.91908,240.34225,319946.25,21030
2013-11-25 05:50:00+01:00,224.9697,288.41916,187.25226,115.0806,276.9509,322875.56,21670
2013-11-25 06:00:00+01:00,213.95988,304.9994,184.14246,131.12305,268.15976,336244.75,22572
2013-11-25 06:10:00+01:00,204.41472,262.9818,188.81915,127.86223,325.26678,345658.5,23298
2013-11-25 06:20:00+01:00,230.6092,300.9677,201.75746,128.0942,292.0466,357338.12,24177
2013-11-25 06:30:00+01:00,233.42094,344.00772,205.22572,143.88551,294.28513,380390.44,26575
2013-11-25 06:40:00+01:00,229.03204,299.71774,265.34625,145.88345,312.09238,398253.25,28459
2013-11-25 06:50:00+01:00,297.06744,351.9845,303.38925,138.56523,280.85406,417641.22,29383
2013-11-25 07:00:00+01:00,336.57312,365.71207,262.61548,159.51093,246.7653,458454.6,33414
2013-11-25 07:10:00+01:00,322.15417,331.85327,312.0025,170.1476,301.50082,498118.06,32456
2013-11-25 07:20:00+01:00,277.3893,464.36337,314.7472,179.17981,337.71332,538641.8,34356
2013-11-25 07:30:00+01:00,340.89514,670.43884,351.8814,209.87013,348.55157,590349.75,35282
2013-11-25 07:40:00+01:00,368.18622,757.98474,469.6672,216.8966,388.28,626615.9,37895
2013-11-25 07:50:00+01:00,381.5015,813.4375,547.4645,215.40118,425.52536,655470.4,39995
2013-11-25 08:00:00+01:00,459.11615,782.5587,699.67413,289.89438,468.35773,710684.8,40719
2013-11-25 08:10:00+01:00,582.8406,987.9239,829.2975,334.82324,460.32205,739166.2,41987
2013-11-25 08:20:00+01:00,627.648,962.9199,929.52106,269.6517,556.255,749552.5,43787
2013-11-25 08:30:00+01:00,1188.251,1415.4047,1222.5331,346.27078,474.43967,783648.44,44161
2013-11-25 08:40:00+01:00,779.0233,1099.8289,1405.4418,367.86118,471.86667,807213.44,44477
2013-11-25 08:50:00+01:00,1142.0403,1160.1321,1761.8851,342.46902,514.30475,816256.7,45365
2013-11-25 09:00:00+01:00,795.412,1370.2394,1898.87,430.57687,567.23413,839050.56,46973
2013-11-25 09:10:00+01:00,859.22925,1495.1069,2189.9915,402.2264,540.88513,841654.75,46981
2013-11-25 09:20:00+01:00,979.4578,1515.6808,2591.6917,501.33658,458.4721,846421.25,48552
2013-11-25 09:30:00+01:00,1000.17175,1551.1329,2513.7417,479.97235,417.24982,862935.4,50704
2013-11-25 09:40:00+01:00,1483.483,1612.2915,2547.3093,506.1892,472.59225,864255.5,50715
2013-11-25 09:50:00+01:00,1397.8835,1764.3237,2559.1052,477.09766,514.22614,862680.44,50439
2013-11-25 10:00:00+01:00,1082.5479,1780.8127,2657.6006,491.22684,550.66394,882519.4,49882
2013-11-25 10:10:00+01:00,1119.8132,1934.4359,2771.207,508.8778,452.92508,871325.1,49657
2013-11-25 10:20:00+01:00,2291.6895,1979.6686,2790.6199,576.7194,515.7627,874764.7,51469
2013-11-25 10:30:00+01:00,1549.9327,2049.201,2841.0725,579.0918,548.333,889610.5,49947
2013-11-25 10:40:00+01:00,1911.6174,2002.2487,2883.5645,526.27673,583.98083,887210.8,48521
2013-11-25 10:50:00+01:00,1634.8961,2016.547,3229.2354,547.1828,616.7882,885993.56,49828
2013-11-25 11:00:00+01:00,1798.2876,1998.9354,2986.3728,649.6297,400.43402,900475.44,50998
2013-11-25 11:10:00+01:00,1958.9723,2297.9907,2885.2036,515.5752,402.7599,902076.25,51860
2013-11-25 11:20:00+01:00,1980.472,2196.6172,3287.451,615.8355,498.74112,903717.06,49801
2013-11-25 11:30:00+01:00,1994.822,2285.8542,3249.9373,603.6383,579.34753,896349.2,50020
2013-11-25 11:40:00+01:00,1775.1674,2854.2876,2810.9377,573.3872,425.8919,899030.1,50631
2013-11-25 11:50:00+01:00,1713.9542,2803.7131,3089.711,602.91626,606.5247,893568.25,49542
2013-11-25 12:00:00+01:00,1811.7261,2625.7393,3164.8474,644.00055,411.46765,902301.75,50342
2013-11-25 12:10:00+01:00,1880.2571,2595.1216,3018.9985,597.6095,440.04776,910073.2,50107
2013-11-25 12:20:00+01:00,2056.9934,3166.886,3500.9258,662.04517,430.3595,925386.56,50404
2013-11-25 12:30:00+01:00,2127.3628,2481.9153,3250.9382,616.4571,493.0405,939469.1,48884
2013-11-25 12:40:00+01:00,2257.4722,2468.787,3451.4575,577.7748,474.57547,927643.94,50221
2013-11-25 12:50:00+01:00,2356.9832,2871.079,3599.4807,568.6349,478.96768,932584.56,50639
2013-11-25 13:00:00+01:00,2324.6326,2771.1023,3302.0244,587.03625,500.45084,943830.75,48494
2013-11-25 13:10:00+01:00,2781.466,2989.4014,3627.149,581.50867,550.98346,968281.3,48132
2013-11-25 13:20:00+01:00,2946.891,2767.819,3825.0625,557.75134,510.623,957062.8,49138
2013-11-25 13:30:00+01:00,2962.693,2273.9165,4132.4873,609.0049,520.674,961971.9,49648
2013-11-25 13:40:00+01:00,3487.7844,2532.0493,3618.339,614.16235,486.94092,965602.2,47172
2013-11-25 13:50:00+01:00,2882.4883,2708.6052,3506.3647,628.3909,516.2096,961478.6,48501
2013-11-25 14:00:00+01:00,3070.1177,2567.1763,3725.9731,680.5927,522.9999,958077.44,48760
2013-11-25 14:10:00+01:00,2866.5544,2499.9668,3512.2236,687.54803,629.194,953664.3,49425
2013-11-25 14:20:00+01:00,3242.1653,2957.8389,3620.4998,636.8906,537.9833,936996.5,48073
2013-11-25 14:30:00+01:00,3058.6467,2958.5764,3243.6392,639.13385,496.06766,938706.7,48133
2013-11-25 14:40:00+01:00,3178.2932,2699.5947,3365.3503,647.9331,503.66202,928581.56,49074
2013-11-25 14:50:00+01:00,2951.464,2969.6135,3142.353,588.0302,613.54535,913386.56,49357
2013-11-25 15:00:00+01:00,2700.8608,2445.4333,3036.505,770.55676,481.4364,921593.4,50145
2013-11-25 15:10:00+01:00,2626.924,2552.0796,3082.5342,610.20874,449.00214,917696.1,51262
2013-11-25 15:20:00+01:00,2970.2063,2849.5269,3328.5735,593.3349,477.50775,906081.5,48199
2013-11-25 15:30:00+01:00,3543.0974,2270.8193,3087.015,638.4225,473.8321,910326.9,49572
2013-11-25 15:40:00+01:00,3371.4658,2778.2385,3064.4524,681.6331,572.01306,910697.25,50819
2013-11-25 15:50:00+01:00,3098.8555,2474.69,3141.4155,791.4402,640.4767,909640.8,49708
2013-11-25 16:00:00+01:00,2672.4822,2428.8318,3043.0918,711.9293,465.50534,915571.25,51856
2013-11-25 16:10:00+01:00,2949.859,2557.0999,3146.803,730.33075,444.06854,921015.44,52001
2013-11-25 16:20:00+01:00,2704.4502,2369.2576,3593.905,602.5819,581.6489,907666.3,48965
2013-11-25 16:30:00+01:00,2583.3406,2526.0393,3282.5667,601.12256,541.2726,918162.06,49841
2013-11-25 16:40:00+01:00,2495.9421,2609.843,3032.327,685.4241,544.0275,917807.25,48549
2013-11-25 16:50:00+01:00,2962.2214,2400.3535,3176.655,609.218,489.6389,910927.56,47718
2013-11-25 17:00:00+01:00,2464.0637,2300.3164,3015.9944,563.0148,519.1943,909657.4,49642
2013-11-25 17:10:00+01:00,3460.2412,2779.1743,2776.142,611.4423,483.13367,924614.9,49122
2013-11-25 17:20:00+01:00,2506.4102,2394.0356,3008.954,587.428,478.35397,918970.94,48313
2013-11-25 17:30:00+01:00,2430.9966,3028.4124,3020.1946,537.638,465.53952,916335.4,48837
2013-11-25 17:40:00+01:00,2314.9817,2514.2546,2680.3564,634.36255,462.12607,927273.1,50537
2013-11-25 17:50:00+01:00,2608.141,2295.7139,2743.8123,689.3244,510.99255,917815.2,48999
2013-11-25 18:00:00+01:00,2671.572,2175.3066,2765.7683,581.28906,592.1905,918110.44,48554
2013-11-25 18:10:00+01:00,2326.1653,2250.3337,2313.9927,560.2173,488.64923,914843.9,49515
2013-11-25 18:20:00+01:00,2390.131,2715.8232,2477.696,556.49493,483.60498,916435.25,49401
2013-11-25 18:30:00+01:00,3722.749,2550.229,2694.0059,476.16342,607.1582,907651.6,48946
2013-11-25 18:40:00+01:00,3014.7983,1890.1779,2135.5613,436.46735,584.7682,901085.6,47245
2013-11-25 18:50:00+01:00,2613.254,2515.0293,1903.5289,446.60114,604.0547,875180.2,47015
2013-11-25 19:00:00+01:00,2204.2136,2344.6265,1782.838,493.9775,637.1844,865995.0,47305
2013-11-25 19:10:00+01:00,2877.205,2001.7599,1702.826,403.73083,625.5284,859225.2,47726
2013-11-25 19:20:00+01:00,2659.6785,1974.4857,1723.7325,403.12817,577.9292,838196.7,46441
2013-11-25 19:30:00+01:00,1682.597,1783.7833,1616.7454,394.1535,724.46704,824663.7,44589
2013-11-25 19:40:00+01:00,1630.6079,1986.3925,1481.2272,421.4427,705.6528,814213.75,46162
2013-11-25 19:50:00+01:00,1527.492,2086.2002,1420.2947,320.5721,746.533,787176.75,45713
2013-11-25 20:00:00+01:00,1569.806,1591.596,1569.7734,339.88693,775.1494,785206.44,44508
2013-11-25 20:10:00+01:00,1341.9689,1329.0012,1216.0167,357.4676,808.11786,778584.3,42248
2013-11-25 20:20:00+01:00,1309.4406,1301.0984,1237.6199,324.8044,703.1723,768036.8,41178
2013-11-25 20:30:00+01:00,1016.2309,1182.2074,973.9622,297.99695,726.9095,762629.56,40251
2013-11-25 20:40:00+01:00,1011.5958,1339.4425,982.15045,321.79547,695.0088,769928.25,41166
2013-11-25 20:50:00+01:00,1056.6338,1215.332,976.5212,334.4506,696.363,759118.1,41063
2013-11-25 21:00:00+01:00,1053.8778,1069.9137,983.6504,318.70312,728.41565,756915.06,39057
2013-11-25 21:10:00+01:00,946.90485,886.3481,885.54095,289.5282,697.3648,749102.0,38201
2013-11-25 21:20:00+01:00,810.9023,905.2672,806.67645,301.60666,786.40643,740380.9,37514
2013-11-25 21:30:00+01:00,757.3995,753.73615,717.9897,304.88776,797.9299,739582.6,39641
2013-11-25 21:40:00+01:00,792.70044,762.69055,718.62756,299.68076,747.04083,727439.7,37933
2013-11-25 21:50:00+01:00,749.14734,830.16077,779.4568,300.93588,731.10614,720295.44,34202
2013-11-25 22:00:00+01:00,736.21857,791.5768,732.17505,277.83163,840.15753,722749.4,34464
2013-11-25 22:10:00+01:00,616.11847,887.3692,650.5037,304.67264,645.2347,715123.1,33598
2013-11-25 22:20:00+01:00,667.9539,814.6753,671.49316,307.9318,625.20026,701801.2,33715
2013-11-25 22:30:00+01:00,792.689,597.3254,624.31604,311.5646,608.7468,698800.3,32177
2013-11-25 22:40:00+01:00,465.3055,727.19336,588.29584,284.87787,675.1942,687244.8,31628
2013-11-25 22:50:00+01:00,486.40558,605.25073,744.3595,262.53177,668.56635,668755.0,30508
2013-11-25 23:00:00+01:00,472.19153,597.7498,633.7428,231.21158,633.75165,657312.6,29333
2013-11-25 23:10:00+01:00,656.16797,647.6413,588.7149,227.51157,659.41626,654144.7,28322
2013-11-25 23:20:00+01:00,388.59924,650.08234,575.04456,213.42567,570.1725,625887.56,27365
2013-11-25 23:30:00+01:00,418.39294,582.2581,541.2188,248.26169,563.90875,626551.3,27010
2013-11-25 23:40:00+01:00,433.7484,594.46857,470.73804,216.48703,631.05615,603313.8,25412
2013-11-25 23:50:00+01:00,430.40115,573.8473,555.94684,210.7932,530.8571,578042.7,23632
2013-11-26 00:00:00+01:00,568.9433,449.88113,501.8566,217.03807,491.43845,556840.6,25115
2013-11-26 00:10:00+01:00,501.7437,431.89734,452.21457,209.72876,504.28912,541592.5,22940
2013-11-26 00:20:00+01:00,431.30145,370.84177,521.2634,220.8891,629.47473,523400.94,21054
2013-11-26 00:30:00+01:00,498.38254,398.90027,450.72476,214.3795,536.97266,506517.78,20862
2013-11-26 00:40:00+01:00,413.5364,420.12927,437.4449,204.40562,455.58005,485401.1,21325
2013-11-26 00:50:00+01:00,309.00604,426.64133,461.7677,209.6224,426.70303,468052.66,19771
2013-11-26 01:00:00+01:00,268.61264,423.448,448.40408,168.45584,436.79733,459027.4,19727
2013-11-26 01:10:00+01:00,232.93173,402.85718,433.68607,185.1154,404.99835,446155.22,18382
2013-11-26 01:20:00+01:00,267.37173,367.9085,534.22534,171.79628,396.68515,429793.06,19040
2013-11-26 01:30:00+01:00,236.58987,425.38934,479.10062,155.80858,452.69412,423302.88,17488
2013-11-26 01:40:00+01:00,213.83572,586.7676,414.34363,173.73221,321.2029,415635.38,17364
2013-11-26 01:50:00+01:00,223.00952,460.9975,412.29303,162.23323,336.36862,398787.66,16862
2013-11-26 02:00:00+01:00,201.65257,313.7526,395.34183,155.24684,328.69507,390682.72,15825
2013-11-26 02:10:00+01:00,183.79666,331.96286,355.71033,151.8864,282.84503,384594.53,16919
2013-11-26 02:20:00+01:00,224.86172,302.4789,409.66754,161.02486,300.4819,370148.94,16442
2013-11-26 02:30:00+01:00,183.87059,340.54083,364.25882,145.95613,287.74332,366126.97,16148
2013-11-26 02:40:00+01:00,192.66394,336.60764,374.09998,143.9093,317.56116,359897.56,16397
2013-11-26 02:50:00+01:00,215.26105,296.80658,423.2143,148.69342,290.63223,360400.75,15980
2013-11-26 03:00:00+01:00,182.50531,321.4018,401.86435,140.40134,309.78577,348742.03,14645
2013-11-26 03:10:00+01:00,177.35182,328.8208,378.45212,132.55164,272.2243,345045.0,15825
2013-11-26 03:20:00+01:00,212.4788,284.30743,416.38547,145.55968,247.43042,336045.94,16088
2013-11-26 03:30:00+01:00,179.30031,330.59753,384.22043,141.45122,254.89589,338872.56,16278
2013-11-26 03:40:00+01:00,185.03375,331.00708,346.36343,142.46938,374.73474,338304.78,15128
2013-11-26 03:50:00+01:00,213.97276,291.86948,411.51825,154.87389,224.34903,325388.4,15389
2013-11-26 04:00:00+01:00,191.87181,301.81918,370.3798,137.54962,236.00357,328457.3,16725
2013-11-26 04:10:00+01:00,179.45804,306.38586,374.28003,132.677,232.88078,323433.9,16410
2013-11-26 04:20:00+01:00,207.94392,336.28757,405.76123,140.60504,222.40402,317209.44,16758
2013-11-26 04:30:00+01:00,197.50085,304.62167,390.48224,131.51813,229.77594,319270.2,17381
2013-11-26 04:40:00+01:00,179.95981,302.557,342.35638,133.22609,230.92455,316010.97,16990
2013-11-26 04:50:00+01:00,234.041,263.07794,388.1489,142.09215,216.28804,318140.25,16658
2013-11-26 05:00:00+01:00,174.91779,312.54654,375.0547,133.56155,220.4335,320272.6,18115
2013-11-26 05:10:00+01:00,184.86409,292.23517,330.53,127.425026,225.3993,318581.38,17035
2013-11-26 05:20:00+01:00,194.39684,273.0186,415.50076,137.1779,213.76764,320061.44,19374
2013-11-26 05:30:00+01:00,187.94434,314.60013,440.765,144.15576,210.46185,323737.47,19551
2013-11-26 05:40:00+01:00,191.6166,318.16092,383.92853,126.259895,233.52031,325032.5,19575
2013-11-26 05:50:00+01:00,214.48306,277.40326,448.02594,139.03876,202.06267,332722.84,19432
2013-11-26 06:00:00+01:00,198.68738,341.83344,399.65515,127.61412,228.3109,342691.06,22164
2013-11-26 06:10:00+01:00,174.74226,331.91678,346.6579,137.9812,255.92735,354295.94,21865
2013-11-26 06:20:00+01:00,190.072,300.9964,413.19504,142.57237,265.7919,364662.7,24182
2013-11-26 06:30:00+01:00,184.95296,395.42734,399.25992,154.51521,279.94894,386747.2,25668
2013-11-26 06:40:00+01:00,182.1491,384.33508,345.52304,146.85524,300.54208,410930.8,27884
2013-11-26 06:50:00+01:00,223.95598,323.02237,431.7263,144.29657,259.23337,427940.97,29685
2013-11-26 07:00:00+01:00,229.62064,444.7341,431.8407,178.36577,278.09296,470024.94,31908
2013-11-26 07:10:00+01:00,264.1509,377.82562,471.85785,164.18343,312.82428,509252.8,33803
2013-11-26 07:20:00+01:00,262.7449,429.00555,486.8339,195.53825,389.27548,548059.2,34419
2013-11-26 07:30:00+01:00,306.51608,521.3304,516.7649,205.1707,377.44495,589402.25,37816
2013-11-26 07:40:00+01:00,351.5777,769.4841,666.79584,204.55855,392.12262,636579.3,38323
2013-11-26 07:50:00+01:00,408.25095,727.8296,634.98785,227.70294,469.1179,664702.5,42303
2013-11-26 08:00:00+01:00,456.5493,808.03644,827.3316,279.77417,444.37674,722244.4,42590
2013-11-26 08:10:00+01:00,485.4186,933.72864,856.9616,317.59958,453.935,743092.25,41589
2013-11-26 08:20:00+01:00,550.26526,1112.6455,1021.5061,298.10168,498.67242,763205.3,44985
2013-11-26 08:30:00+01:00,829.92004,1158.19,1249.1729,337.97794,513.9211,795466.4,46031
2013-11-26 08:40:00+01:00,722.08386,1226.6993,1497.004,433.74036,496.05225,810385.25,46184
2013-11-26 08:50:00+01:00,721.04694,1395.5463,1649.6476,423.88577,468.9133,823490.56,46077
2013-11-26 09:00:00+01:00,1057.9818,1424.7292,1823.9973,450.3954,542.42145,842977.2,47287
2013-11-26 09:10:00+01:00,1239.0361,1543.0271,2186.488,490.47177,767.105,847086.44,47091
2013-11-26 09:20:00+01:00,1171.6554,1607.757,2533.9702,477.72375,536.05426,863546.2,49913
2013-11-26 09:30:00+01:00,1109.7101,1737.1647,2476.143,505.9337,508.66736,857291.2,49148
2013-11-26 09:40:00+01:00,1256.808,1721.1555,2692.2886,497.02066,486.5699,867748.75,50055
2013-11-26 09:50:00+01:00,1238.977,1808.6807,3303.487,458.60944,444.27344,874346.1,49600
2013-11-26 10:00:00+01:00,1032.3757,1941.0507,2837.649,481.56207,521.0371,875134.8,49286
2013-11-26 10:10:00+01:00,1288.6603,1972.796,2766.0098,533.43774,499.72382,869152.75,51632
2013-11-26 10:20:00+01:00,1370.1328,1802.323,2746.0867,513.4365,505.46463,869326.9,50332
2013-11-26 10:30:00+01:00,1525.518,1955.9661,2976.5288,477.51392,606.6613,887032.2,51251
2013-11-26 10:40:00+01:00,1407.5284,1853.6074,3206.34,496.50436,498.24142,885388.3,49151
2013-11-26 10:50:00+01:00,1670.1036,2151.4895,2980.98,486.20047,526.12866,873653.6,51024
2013-11-26 11:00:00+01:00,1608.5675,2107.4553,2892.6528,515.5643,551.844,902312.4,51991
2013-11-26 11:10:00+01:00,1654.6439,1911.2511,3106.8225,528.7495,675.8785,903246.06,51621
2013-11-26 11:20:00+01:00,1824.3353,2125.529,2890.9326,471.7902,514.2637,890350.1,50935
2013-11-26 11:30:00+01:00,1879.2399,2279.2412,3280.3223,463.5613,489.00485,900759.2,51107
2013-11-26 11:40:00+01:00,2558.054,2037.9216,3184.653,498.26227,484.1951,898540.75,52888
2013-11-26 11:50:00+01:00,2933.8635,2128.6519,3043.1855,494.47415,487.4194,890624.5,51303
2013-11-26 12:00:00+01:00,2528.1687,2121.3035,3282.7117,646.4912,497.36862,910976.0,52701
2013-11-26 12:10:00+01:00,2488.1133,2230.6108,3160.5745,591.792,592.9489,909837.06,52362
2013-11-26 12:20:00+01:00,2079.5466,3082.0718,3313.7773,557.27985,506.30533,900806.94,50624
2013-11-26 12:30:00+01:00,2599.46,2354.1177,3199.2954,625.28687,459.6824,921186.0,54650
2013-11-26 12:40:00+01:00,2261.564,2440.7085,3534.484,491.5573,527.32086,924935.9,53248
2013-11-26 12:50:00+01:00,2380.33,2736.617,3344.0098,529.60474,572.3253,926849.7,52141
2013-11-26 13:00:00+01:00,2733.0264,2482.405,3473.1357,605.7774,497.64258,944162.75,52153
2013-11-26 13:10:00+01:00,3153.5273,2817.1938,3516.4324,526.697,483.10745,948642.3,49344
2013-11-26 13:20:00+01:00,3351.141,2704.9172,3522.1816,564.5499,465.19345,946753.2,49563
2013-11-26 13:30:00+01:00,3092.1377,2914.7742,3589.6724,509.39728,505.10684,966738.5,50487
2013-11-26 13:40:00+01:00,3058.5583,3078.605,3665.1785,520.8577,606.82245,964552.1,49451
2013-11-26 13:50:00+01:00,3390.9434,3001.8184,3332.82,509.2483,543.19977,956367.8,52178
2013-11-26 14:00:00+01:00,3309.305,2786.451,3240.9993,585.3485,581.0411,962375.5,52477
2013-11-26 14:10:00+01:00,3146.1692,2815.6968,3415.4448,540.2982,637.33344,955218.25,51407
2013-11-26 14:20:00+01:00,3173.781,2971.8284,3633.6035,584.98505,612.8186,939852.25,49416
2013-11-26 14:30:00+01:00,3205.6052,2923.8672,3527.457,654.5678,627.573,949879.3,51200
2013-11-26 14:40:00+01:00,2758.6392,2843.7974,3346.2117,558.384,551.0741,935351.2,49279
2013-11-26 14:50:00+01:00,2663.6353,2867.3691,2616.339,498.25967,598.08795,918163.94,50599
2013-11-26 15:00:00+01:00,2728.628,2729.63,3468.4197,513.2848,570.6048,932458.6,51137
2013-11-26 15:10:00+01:00,2664.613,2556.6262,3083.0405,554.1598,545.0526,925263.7,49807
2013-11-26 15:20:00+01:00,2721.894,2709.6433,2869.5593,629.5905,524.8212,911290.4,52205
2013-11-26 15:30:00+01:00,3036.0374,2331.5024,2963.9558,499.63815,554.01874,925219.44,50473
2013-11-26 15:40:00+01:00,2948.4568,2444.1387,3015.5493,534.74536,525.2124,916639.5,50238
2013-11-26 15:50:00+01:00,2645.7144,2883.82,2762.5112,572.4342,567.16345,909598.2,51383
2013-11-26 16:00:00+01:00,2929.5994,3277.5137,3287.9597,594.40955,600.2114,940781.1,52466
2013-11-26 16:10:00+01:00,2448.3232,2685.0232,3066.8162,662.8944,545.6608,926892.1,49416
2013-11-26 16:20:00+01:00,2462.9727,2674.4944,3117.1746,628.1081,521.09186,902396.8,51290
2013-11-26 16:30:00+01:00,2493.082,2590.9297,2727.692,688.1227,721.9694,910085.3,51780
2013-11-26 16:40:00+01:00,2683.938,2712.2017,2827.0903,515.0288,653.46405,909524.06,52781
2013-11-26 16:50:00+01:00,3000.0798,2558.0312,2799.2817,553.13153,624.16156,890360.8,52421
2013-11-26 17:00:00+01:00,2462.6772,2408.017,2839.224,576.1938,607.6725,908832.8,53444
2013-11-26 17:10:00+01:00,2840.4634,2748.8447,2575.65,516.033,636.06006,903892.4,54101
2013-11-26 17:20:00+01:00,2376.6243,2883.1162,2809.4685,502.8329,612.0055,901179.94,50868
2013-11-26 17:30:00+01:00,2499.3472,2444.019,2659.0645,496.27164,570.27216,916273.06,53507
2013-11-26 17:40:00+01:00,2775.5918,2419.0679,2658.2715,507.05392,571.80334,907426.9,51741
2013-11-26 17:50:00+01:00,2199.8347,2742.674,2421.4685,614.99835,636.0723,895610.6,49268
2013-11-26 18:00:00+01:00,2302.93,3633.418,2616.685,577.95544,572.0541,911743.9,51630
2013-11-26 18:10:00+01:00,2206.2288,2098.659,2433.687,514.4756,617.56396,908542.44,50714
2013-11-26 18:20:00+01:00,2171.7695,2101.817,2427.0862,585.7795,586.52814,899234.3,50763
2013-11-26 18:30:00+01:00,2200.9167,2026.7681,2069.0981,420.16327,602.16077,897036.0,49525
2013-11-26 18:40:00+01:00,2178.6746,2251.3533,2279.8828,466.02145,646.4945,889377.75,49729
2013-11-26 18:50:00+01:00,2148.526,1841.5209,1957.9122,457.74463,690.82666,876640.44,49860
2013-11-26 19:00:00+01:00,2062.5645,1755.8378,2012.2477,510.98236,709.5458,876055.5,49169
2013-11-26 19:10:00+01:00,2113.7239,1672.9147,1828.2323,452.28998,687.46606,853292.0,50008
2013-11-26 19:20:00+01:00,2037.9438,1584.9742,1712.1736,402.66583,722.00195,831862.25,50815
2013-11-26 19:30:00+01:00,2158.4856,1824.6718,1601.9093,381.40643,724.7555,835334.3,46545
2013-11-26 19:40:00+01:00,1804.795,1412.0651,1446.1678,402.58444,704.6328,813607.8,47362
2013-11-26 19:50:00+01:00,1659.5188,1297.971,1400.8812,377.65308,684.8029,795438.94,45122
2013-11-26 20:00:00+01:00,1645.9495,1358.1295,1443.2585,359.08508,695.10583,789547.25,44528
2013-11-26 20:10:00+01:00,1345.3319,1208.9579,1377.4026,358.71475,946.1781,780941.5,45098
2013-11-26 20:20:00+01:00,1315.438,1077.7881,1426.9305,375.60925,701.94403,768387.4,43938
2013-11-26 20:30:00+01:00,1566.8601,1092.2823,1318.635,300.99207,752.97595,777396.6,43107
2013-11-26 20:40:00+01:00,2038.0314,1257.3265,1297.8458,276.3258,848.45404,775911.2,41796
2013-11-26 20:50:00+01:00,1066.4513,1349.5928,1342.3064,305.64532,751.04474,762698.7,39174
2013-11-26 21:00:00+01:00,1026.5613,1022.27716,1394.8472,295.07782,898.60144,772882.44,39883
2013-11-26 21:10:00+01:00,900.9712,998.4168,1097.2341,267.83298,876.0251,769390.7,38787
2013-11-26 21:20:00+01:00,1012.8914,974.95636,1245.9104,330.21973,896.1044,746209.4,38948
2013-11-26 21:30:00+01:00,1194.4338,1019.4636,1075.8102,290.45895,888.8417,755274.2,37724
2013-11-26 21:40:00+01:00,983.6249,1196.9026,1066.1713,257.589,966.9187,754205.3,35687
2013-11-26 21:50:00+01:00,848.31946,672.4606,1018.00916,344.2822,1018.77106,736575.6,35961
2013-11-26 22:00:00+01:00,1091.0228,657.169,846.5474,299.8206,1005.7872,744751.8,35742
2013-11-26 22:10:00+01:00,969.4983,786.4521,931.9607,294.9454,921.39233,732350.44,34525
2013-11-26 22:20:00+01:00,694.2185,945.6006,948.432,397.34222,956.80273,713956.56,34237
2013-11-26 22:30:00+01:00,668.2952,717.23956,940.3894,468.1734,845.3442,708238.0,33767
2013-11-26 22:40:00+01:00,581.7428,601.6996,839.61743,387.00702,861.379,686178.44,33791
2013-11-26 22:50:00+01:00,502.9335,572.368,739.2669,278.8556,742.8014,662759.0,32898
2013-11-26 23:00:00+01:00,478.99295,556.2744,787.32355,302.8482,1126.8647,660829.75,31122
2013-11-26 23:10:00+01:00,425.2024,555.43274,734.6303,251.43631,1060.4247,639093.75,29672
2013-11-26 23:20:00+01:00,474.0051,583.63306,690.0541,316.37357,852.74164,629338.75,29019
2013-11-26 23:30:00+01:00,402.12006,481.91153,753.46606,299.05148,845.83014,616273.56,29264
2013-11-26 23:40:00+01:00,462.28638,490.13214,667.66473,223.28064,719.3022,596329.94,27160
2013-11-26 23:50:00+01:00,453.47644,525.97455,659.00275,296.62238,665.98395,568388.94,24557
2013-11-27 00:00:00+01:00,455.29218,449.71893,646.4466,216.17017,631.10254,562569.56,25674
2013-11-27 00:10:00+01:00,382.2891,460.23376,650.08954,237.11348,581.29144,535282.9,24100
2013-11-27 00:20:00+01:00,423.69736,630.59296,592.72955,245.582,516.6017,521788.97,22852
2013-11-27 00:30:00+01:00,275.62808,418.68094,615.14703,206.51205,527.7504,508690.72,21502
2013-11-27 00:40:00+01:00,278.7113,442.67474,547.6836,213.55725,494.14362,486716.6,20469
2013-11-27 00:50:00+01:00,242.46797,369.61456,486.11728,168.11328,484.7351,471708.16,20374
2013-11-27 01:00:00+01:00,284.78525,371.1902,508.66275,362.1735,535.2198,535031.4,22020
2013-11-27 01:10:00+01:00,251.5382,393.1488,505.17517,142.50772,430.0179,431461.5,19038
2013-11-27 01:20:00+01:00,255.08386,479.50217,446.04865,177.63564,401.45862,436022.6,18290
2013-11-27 01:30:00+01:00,234.87872,329.22018,442.70578,154.41495,396.03638,429208.53,17217
2013-11-27 01:40:00+01:00,236.3091,405.8927,461.4272,143.54964,368.69067,411395.28,17946
2013-11-27 01:50:00+01:00,242.08844,300.9699,442.3108,162.64969,349.07974,397932.3,16315
2013-11-27 02:00:00+01:00,242.215,320.75607,444.2886,152.85945,352.91095,398859.22,17079
2013-11-27 02:10:00+01:00,234.53003,364.29062,435.10788,147.15211,321.89505,381804.9,16950
2013-11-27 02:20:00+01:00,252.96259,275.46875,413.90137,135.619,318.65494,367621.53,15592
2013-11-27 02:30:00+01:00,271.2222,312.38776,414.04285,143.5491,303.10257,369783.44,15764
2013-11-27 02:40:00+01:00,241.85864,345.33423,408.6124,153.78838,276.99622,358005.53,15980
2013-11-27 02:50:00+01:00,220.80927,303.63046,387.69052,136.23967,265.4173,349617.0,15764
2013-11-27 03:00:00+01:00,214.1204,289.83896,426.07336,143.58432,262.39767,355671.44,16276
2013-11-27 03:10:00+01:00,212.98837,339.6643,408.582,137.83566,247.37247,343221.84,16278
2013-11-27 03:20:00+01:00,207.51865,295.59943,402.87216,133.22487,249.70529,332370.3,15876
2013-11-27 03:30:00+01:00,212.41043,285.90244,403.90735,138.16777,266.01468,334800.25,15848
2013-11-27 03:40:00+01:00,213.10254,325.1621,408.69925,133.68518,235.68654,334472.44,16649
2013-11-27 03:50:00+01:00,210.85835,295.5863,397.6661,130.48152,237.97745,325138.7,15847
2013-11-27 04:00:00+01:00,219.77753,304.77615,385.70007,140.09935,246.43982,325878.9,16499
2013-11-27 04:10:00+01:00,200.92377,442.14835,415.06308,128.73485,228.95667,318448.66,16844
2013-11-27 04:20:00+01:00,233.99846,279.23917,389.06607,140.0346,240.33061,313913.84,16741
2013-11-27 04:30:00+01:00,191.17076,307.49585,385.24442,148.30148,244.4845,317251.4,17534
2013-11-27 04:40:00+01:00,206.41516,321.371,398.6256,131.302,237.04149,310607.9,18114
2013-11-27 04:50:00+01:00,232.88705,275.8069,375.54874,138.73703,231.76987,308580.9,17987
2013-11-27 05:00:00+01:00,200.8094,278.19492,392.3145,140.81459,222.50616,319733.25,19166
2013-11-27 05:10:00+01:00,230.67993,309.7973,393.35504,122.862495,241.32498,317425.94,18425
2013-11-27 05:20:00+01:00,236.65617,274.60153,386.1675,125.6081,228.71599,313684.16,19760
2013-11-27 05:30:00+01:00,204.26064,268.31287,395.83292,137.16646,224.66502,324280.16,20122
2013-11-27 05:40:00+01:00,251.58456,320.57043,407.26578,135.49982,243.392,324834.12,19190
2013-11-27 05:50:00+01:00,261.3581,283.54333,383.97534,134.17876,245.09125,326268.94,19960
2013-11-27 06:00:00+01:00,246.62825,311.52097,430.35794,147.13113,249.19612,342658.84,23327
2013-11-27 06:10:00+01:00,253.65254,319.64917,411.33237,136.07704,245.44646,350766.88,24411
2013-11-27 06:20:00+01:00,280.11798,306.11044,400.01785,125.47717,272.99008,354942.5,25490
2013-11-27 06:30:00+01:00,228.73213,314.99948,422.56747,153.72665,280.0732,377961.25,28246
2013-11-27 06:40:00+01:00,262.5071,381.75177,424.0655,142.90692,275.059,400280.5,29541
2013-11-27 06:50:00+01:00,265.93622,366.28296,515.94366,159.04802,283.6474,424417.94,29860
2013-11-27 07:00:00+01:00,443.9268,376.20642,498.12488,173.83078,300.52643,462296.38,31972
2013-11-27 07:10:00+01:00,305.54785,370.5689,501.79428,173.47337,319.9904,491834.06,36173
2013-11-27 07:20:00+01:00,272.74417,371.83752,551.5239,162.40767,364.46335,532055.3,36053
2013-11-27 07:30:00+01:00,372.16656,482.54935,577.1008,223.62654,428.68137,582124.56,36776
2013-11-27 07:40:00+01:00,366.921,604.05975,629.34314,208.37598,395.1112,627429.7,39987
2013-11-27 07:50:00+01:00,355.99353,613.2148,684.7879,230.59613,397.81235,663993.2,38562
2013-11-27 08:00:00+01:00,360.5849,782.6648,825.4,279.66846,515.4105,709964.2,43396
2013-11-27 08:10:00+01:00,449.3696,1142.5564,1053.335,289.8888,537.9887,739839.6,44519
2013-11-27 08:20:00+01:00,653.59235,777.83374,1308.8037,300.15768,489.843,758229.06,45427
2013-11-27 08:30:00+01:00,845.30914,1038.1515,1215.7173,384.29706,692.4401,778887.56,45401
2013-11-27 08:40:00+01:00,861.608,1318.4775,1589.909,475.84906,552.32947,799203.2,47569
2013-11-27 08:50:00+01:00,720.0957,1262.7727,1764.5916,418.92145,654.11017,805951.0,50635
2013-11-27 09:00:00+01:00,1102.6837,1610.591,2018.046,433.233,666.8717,820356.75,50905
2013-11-27 09:10:00+01:00,940.6306,1560.1924,2183.195,445.31894,527.70844,829555.2,49634
2013-11-27 09:20:00+01:00,1016.48364,1397.123,2134.2395,439.95538,464.5606,826905.6,49891
2013-11-27 09:30:00+01:00,1039.9419,1536.3625,2336.4202,540.1655,526.7811,842233.94,50661
2013-11-27 09:40:00+01:00,1107.9241,1911.4526,2760.8064,644.8948,437.82053,839585.06,50370
2013-11-27 09:50:00+01:00,1179.2334,1980.3314,2643.4734,531.8876,533.98474,843532.06,51618
2013-11-27 10:00:00+01:00,1288.8202,1762.0565,2500.3235,550.4037,510.96503,863203.0,51109
2013-11-27 10:10:00+01:00,1197.725,1757.32,2784.1006,574.19934,467.2279,853029.2,51690
2013-11-27 10:20:00+01:00,1638.1672,1973.7196,2868.434,672.0298,528.7678,861738.75,52604
2013-11-27 10:30:00+01:00,1479.3054,2059.9897,2673.4307,632.9836,509.9302,874318.9,51604
2013-11-27 10:40:00+01:00,1383.382,1849.5854,2919.436,660.0411,550.5148,876100.4,51732
2013-11-27 10:50:00+01:00,1560.0785,2567.9646,2753.25,536.50104,535.06824,872469.06,49347
2013-11-27 11:00:00+01:00,1552.8888,2132.7222,2823.67,571.1682,444.511,892173.8,51728
2013-11-27 11:10:00+01:00,1684.0842,2226.8682,3438.0798,506.53162,525.71045,891147.0,50888
2013-11-27 11:20:00+01:00,1741.3567,2102.1045,2750.0554,460.27167,568.8641,882145.25,51936
2013-11-27 11:30:00+01:00,1985.2617,2216.4944,3070.0525,473.07373,518.21484,894909.9,50065
2013-11-27 11:40:00+01:00,1880.3252,2202.9075,3272.9595,492.82452,509.32965,906070.2,51231
2013-11-27 11:50:00+01:00,2212.2988,2663.0195,3560.7402,507.12265,514.74603,902418.0,49747
2013-11-27 12:00:00+01:00,2279.2593,2424.2043,3233.302,636.65045,550.3664,908084.75,49826
2013-11-27 12:10:00+01:00,2057.1843,2730.305,3276.2983,741.1827,515.4965,891933.3,53273
2013-11-27 12:20:00+01:00,2163.9536,2462.9377,3329.0754,681.8939,466.6955,901092.1,48170
2013-11-27 12:30:00+01:00,2640.0186,2342.1748,3714.4097,679.7954,556.5209,934192.3,44956
2013-11-27 12:40:00+01:00,2663.2031,2378.7302,4079.1882,689.2817,519.12885,939810.7,47661
2013-11-27 12:50:00+01:00,2816.362,2401.27,3733.4978,672.7882,558.3178,927411.0,45786
2013-11-27 13:00:00+01:00,2585.8538,2765.0078,3891.186,704.05835,574.44714,949338.4,45689
2013-11-27 13:10:00+01:00,2481.6672,2745.1995,4442.0957,649.9384,487.20734,943917.5,47438
2013-11-27 13:20:00+01:00,3088.1123,3084.7776,3641.1375,686.99915,551.1966,937250.25,50768
2013-11-27 13:30:00+01:00,3071.624,2999.293,3636.4695,647.52185,692.817,970003.8,51087
2013-11-27 13:40:00+01:00,3131.2317,3153.395,3759.9504,701.2043,774.9146,972926.44,48252
2013-11-27 13:50:00+01:00,3379.3257,3147.3599,3981.401,643.5975,639.5881,966399.25,47477
2013-11-27 14:00:00+01:00,3974.6816,2941.403,3629.7056,694.26697,557.5118,980003.0,52170
2013-11-27 14:10:00+01:00,3499.7415,3000.4746,3924.9539,690.61755,680.46497,961582.8,51257
2013-11-27 14:20:00+01:00,3387.844,2999.5417,3675.9116,663.54767,715.95776,948384.56,47765
2013-11-27 14:30:00+01:00,3140.2937,3272.5417,3554.4905,640.8951,585.80054,954536.8,52695
2013-11-27 14:40:00+01:00,3252.874,2737.2341,3405.1877,613.25244,551.18604,930385.8,50102
2013-11-27 14:50:00+01:00,2865.8137,2787.862,3418.165,564.45984,561.7298,914179.94,48457
2013-11-27 15:00:00+01:00,2763.1309,2732.6655,3151.167,712.1702,565.412,928092.0,50622
2013-11-27 15:10:00+01:00,2685.4312,2418.3594,3552.2078,672.3389,705.6872,911979.9,53078
2013-11-27 15:20:00+01:00,3802.4268,2659.7983,3464.2021,585.8806,682.0008,913820.3,51511
2013-11-27 15:30:00+01:00,3292.8604,2833.6455,3604.5525,702.58075,618.6858,923563.2,50357
2013-11-27 15:40:00+01:00,2798.618,2701.3445,3550.0178,699.11224,590.4551,909494.6,50504
2013-11-27 15:50:00+01:00,2514.1255,2857.1294,3124.1313,642.21173,530.0179,896810.0,51151
2013-11-27 16:00:00+01:00,2571.7993,2576.3015,3192.4292,714.7098,568.2405,914700.06,50648
2013-11-27 16:10:00+01:00,2658.5466,2768.313,3248.2952,753.8648,617.9657,912083.75,50913
2013-11-27 16:20:00+01:00,2905.4675,2781.9958,3218.981,703.8548,657.29095,950991.56,51133
2013-11-27 16:30:00+01:00,2596.692,2853.1277,3003.5632,641.0377,667.1895,890882.4,49412
2013-11-27 16:40:00+01:00,2753.5737,2980.92,3307.1152,572.5908,582.4253,902577.25,51190
2013-11-27 16:50:00+01:00,2857.7957,2505.4614,3213.4941,537.4759,588.9675,898963.44,50979
2013-11-27 17:00:00+01:00,2874.3481,2489.7666,3127.1226,547.29956,518.25275,895482.9,50413
2013-11-27 17:10:00+01:00,2955.696,2417.93,3291.6506,553.5017,587.9338,911217.75,50210
2013-11-27 17:20:00+01:00,3323.993,2481.5952,3022.0984,553.5231,559.8663,907033.7,47827
2013-11-27 17:30:00+01:00,2723.5693,2492.3452,2837.9834,615.33093,552.0728,900597.4,50158
2013-11-27 17:40:00+01:00,2706.947,2560.566,2925.736,625.3263,591.20087,911482.56,51054
2013-11-27 17:50:00+01:00,2491.6643,2385.2698,2788.7595,610.6031,610.9846,914070.75,48389
2013-11-27 18:00:00+01:00,2509.1636,2919.751,2660.0105,555.1318,643.4971,913077.44,48789
2013-11-27 18:10:00+01:00,2171.3076,2798.3188,2488.9275,524.1131,629.7244,923466.75,47738
2013-11-27 18:20:00+01:00,2640.0923,2604.2964,2430.7593,518.624,546.2088,903463.4,47560
2013-11-27 18:30:00+01:00,2315.0876,2574.506,2362.4717,462.37964,668.6177,898889.1,48477
2013-11-27 18:40:00+01:00,2187.9653,2383.0554,2359.2905,497.70145,687.8494,884178.3,49503
2013-11-27 18:50:00+01:00,2213.2817,2381.9893,2112.1553,512.8638,714.19824,878575.6,48667
2013-11-27 19:00:00+01:00,2192.4207,2347.5818,1924.0964,437.8162,626.8135,854892.9,49648
2013-11-27 19:10:00+01:00,2521.2695,2639.2222,2148.921,499.88718,746.1589,847413.8,48255
2013-11-27 19:20:00+01:00,2045.3477,2028.9761,1844.3217,451.24268,1047.9655,823784.0,46463
2013-11-27 19:30:00+01:00,1714.6038,1715.4603,1861.2493,455.7043,864.7846,814847.3,47138
2013-11-27 19:40:00+01:00,1832.566,1712.6323,1769.6562,488.5834,846.5091,809122.0,47422
2013-11-27 19:50:00+01:00,1759.7897,1711.694,1663.0005,398.212,797.02423,785936.8,46705
2013-11-27 20:00:00+01:00,1656.7885,1812.4729,1674.6542,377.93286,783.83124,772726.75,44519
2013-11-27 20:10:00+01:00,1264.176,1777.0713,1528.2092,398.54953,914.6319,779394.4,44186
2013-11-27 20:20:00+01:00,1658.4236,2513.1829,1223.2988,355.68384,843.97504,768965.8,43060
2013-11-27 20:30:00+01:00,1659.9187,1490.1799,1199.5759,368.339,1085.9097,755923.3,41619
2013-11-27 20:40:00+01:00,1098.4243,1356.3317,1282.3484,418.5033,876.0215,753005.8,40689
2013-11-27 20:50:00+01:00,1263.5522,1130.3793,1504.5444,421.8208,803.91504,747530.25,38595
2013-11-27 21:00:00+01:00,950.2039,1071.6166,1201.8457,338.72546,807.1305,748790.1,37580
2013-11-27 21:10:00+01:00,1041.8153,1288.8738,1034.0062,443.9403,960.9227,756727.25,39569
2013-11-27 21:20:00+01:00,993.2498,1152.4056,922.61383,366.97595,940.95013,740573.3,37744
2013-11-27 21:30:00+01:00,793.8704,1117.3761,905.8085,384.11917,980.53986,735989.25,37613
2013-11-27 21:40:00+01:00,1004.8457,1148.7688,998.70013,295.75174,945.3916,732155.3,37406
2013-11-27 21:50:00+01:00,714.67737,1380.8905,814.5322,362.4881,911.8282,726755.9,36352
2013-11-27 22:00:00+01:00,859.6718,1167.0348,803.0507,350.25983,890.3529,714736.9,33717
2013-11-27 22:10:00+01:00,517.45746,1057.138,863.98944,371.66125,867.5138,707338.9,33593
2013-11-27 22:20:00+01:00,498.4035,871.99426,794.86096,349.9559,937.25946,697600.3,32247
2013-11-27 22:30:00+01:00,515.3661,932.97974,735.92316,361.58472,929.9369,688098.0,31178
2013-11-27 22:40:00+01:00,401.10114,816.1268,800.49194,284.13885,912.6544,673508.2,33789
2013-11-27 22:50:00+01:00,466.37396,859.5246,630.51904,274.69742,815.4975,661147.4,30173
2013-11-27 23:00:00+01:00,377.0375,909.86884,676.9076,272.94812,927.7819,647943.25,29579
2013-11-27 23:10:00+01:00,558.0228,1812.3755,672.8195,241.12657,911.37494,638450.5,29739
2013-11-27 23:20:00+01:00,482.5078,763.8018,599.3464,251.6399,1022.9626,622534.94,30670
2013-11-27 23:30:00+01:00,440.39276,699.01556,505.87906,235.88092,781.4191,603551.5,27961
2013-11-27 23:40:00+01:00,321.686,639.4625,596.8234,236.48901,682.5451,583681.8,27142
2013-11-27 23:50:00+01:00,347.4177,571.8877,572.23157,238.09053,677.0323,560530.06,27316
2013-11-28 00:00:00+01:00,307.4655,784.4592,518.51575,236.53102,771.4142,543661.6,24355
2013-11-28 00:10:00+01:00,266.78427,812.27466,626.4807,209.5901,1053.0922,527550.6,22938
2013-11-28 00:20:00+01:00,380.05017,1316.1016,661.57806,220.02148,563.3866,504593.94,23490
2013-11-28 00:30:00+01:00,290.9719,756.8237,479.98282,195.71642,557.4215,488466.84,23549
2013-11-28 00:40:00+01:00,280.8152,535.2058,535.63,172.7223,537.03,474439.9,21526
2013-11-28 00:50:00+01:00,241.7878,434.0122,544.57886,201.9816,495.56567,451780.75,20903
2013-11-28 01:00:00+01:00,235.21147,506.84387,574.73065,179.5258,499.72623,446407.56,21923
2013-11-28 01:10:00+01:00,197.42253,462.31436,632.35266,178.87827,499.70026,434040.22,19489
2013-11-28 01:20:00+01:00,270.89468,442.64322,513.23987,162.72038,452.6202,418715.9,18822
2013-11-28 01:30:00+01:00,245.97804,500.92392,481.56985,180.23521,435.13852,413984.5,18601
2013-11-28 01:40:00+01:00,220.84859,417.19736,615.63983,161.59831,414.13693,408074.9,17412
2013-11-28 01:50:00+01:00,227.663,380.62234,443.0262,152.39944,364.0069,393293.5,17545
2013-11-28 02:00:00+01:00,218.87218,419.57333,426.74,156.74112,363.72485,383633.97,17231
2013-11-28 02:10:00+01:00,177.45218,386.02655,477.29993,149.04448,365.61026,361114.47,16453
2013-11-28 02:20:00+01:00,224.18546,366.14682,434.12616,144.5909,347.8174,355242.47,16076
2013-11-28 02:30:00+01:00,214.59383,399.59586,407.1375,135.3452,319.52075,361153.3,17539
2013-11-28 02:40:00+01:00,176.09889,383.73907,478.4129,138.23927,300.9224,353044.0,17372
2013-11-28 02:50:00+01:00,240.88835,316.78302,398.6506,139.77173,243.5981,338317.28,16825
2013-11-28 03:00:00+01:00,298.8882,651.97955,532.3392,135.37193,384.61603,358936.62,17195
2013-11-28 03:10:00+01:00,268.03848,493.90515,537.21826,141.68443,504.80908,349068.62,17768
2013-11-28 03:20:00+01:00,237.96425,407.67615,457.7709,134.03589,310.0437,329194.97,16821
2013-11-28 03:30:00+01:00,185.81348,363.22583,369.3016,127.53722,216.10469,319607.3,16367
2013-11-28 03:40:00+01:00,168.28346,371.1029,479.71533,136.12741,254.92136,328497.28,17708
2013-11-28 03:50:00+01:00,229.937,353.45312,418.84814,134.20291,273.768,317062.28,15445
2013-11-28 04:00:00+01:00,173.84143,385.37952,355.5034,127.554115,210.0047,311963.7,16727
2013-11-28 04:10:00+01:00,176.61983,347.0486,443.62094,139.1488,243.47409,314363.06,16292
2013-11-28 04:20:00+01:00,210.4809,362.11017,415.32413,129.03386,254.81491,310893.88,16191
2013-11-28 04:30:00+01:00,170.65253,346.559,371.0475,120.06842,208.0292,302392.3,16672
2013-11-28 04:40:00+01:00,175.82266,352.77972,436.61844,130.41011,252.3096,309286.25,16297
2013-11-28 04:50:00+01:00,204.43709,388.05328,416.95587,129.09074,244.83617,305124.0,18159
2013-11-28 05:00:00+01:00,178.40987,376.9602,372.84308,113.08229,215.23956,303505.62,18435
2013-11-28 05:10:00+01:00,160.03426,354.86395,434.13052,128.21327,214.87196,309993.03,18357
2013-11-28 05:20:00+01:00,205.98488,357.7255,422.81836,134.79617,210.37386,307415.1,19678
2013-11-28 05:30:00+01:00,193.96332,399.62195,414.8466,119.801895,219.91582,308774.78,19710
2013-11-28 05:40:00+01:00,171.01654,390.90775,463.673,130.08554,233.07501,320563.66,20237
2013-11-28 05:50:00+01:00,203.73906,328.35153,411.697,135.46042,212.37518,316296.34,20850
2013-11-28 06:00:00+01:00,177.63872,374.604,403.18994,114.21366,242.56862,330414.53,22615
2013-11-28 06:10:00+01:00,177.9231,379.41534,462.93552,141.87529,244.81256,341794.34,23695
2013-11-28 06:20:00+01:00,210.91199,357.1475,400.7547,131.06592,233.18317,350744.34,25462
2013-11-28 06:30:00+01:00,190.53531,405.3729,423.19916,143.25941,244.89998,363813.9,26432
2013-11-28 06:40:00+01:00,253.7232,450.99414,479.41458,131.06815,283.52792,390350.9,26891
2013-11-28 06:50:00+01:00,234.45973,405.793,423.20395,140.10146,243.60411,409989.8,27231
2013-11-28 07:00:00+01:00,273.61908,448.59723,521.65106,156.28929,238.46721,444452.8,34047
2013-11-28 07:10:00+01:00,317.2772,502.66205,553.842,168.28484,343.8799,483019.6,31411
2013-11-28 07:20:00+01:00,303.0125,512.698,497.72876,167.47098,338.43936,517389.2,33785
2013-11-28 07:30:00+01:00,357.07242,637.7012,579.6432,202.63239,342.64844,563305.25,38090
2013-11-28 07:40:00+01:00,343.93613,904.5319,714.8532,200.6911,364.54477,600202.44,37905
2013-11-28 07:50:00+01:00,423.23474,954.46783,692.02673,269.9534,397.86224,641817.0,39642
2013-11-28 08:00:00+01:00,315.40665,1021.4168,706.52783,264.16208,424.80914,673745.8,41378
2013-11-28 08:10:00+01:00,411.48822,943.0791,889.909,272.01047,482.72028,702209.8,42195
2013-11-28 08:20:00+01:00,529.9841,1200.3077,1158.7495,304.07816,479.81903,724589.56,44418
2013-11-28 08:30:00+01:00,511.1198,1060.4559,1260.0927,364.28625,563.39307,745098.5,44424
2013-11-28 08:40:00+01:00,604.18085,1515.0474,1543.2544,415.49652,609.19824,770075.1,47554
2013-11-28 08:50:00+01:00,751.1437,1584.1072,1815.5094,451.47302,521.8778,770951.2,48202
2013-11-28 09:00:00+01:00,910.06213,1760.3276,2145.7178,410.98694,575.13074,797919.2,50791
2013-11-28 09:10:00+01:00,935.33527,1881.553,2204.396,465.4273,484.60223,807166.75,47312
2013-11-28 09:20:00+01:00,926.6167,1928.8085,2164.8079,450.56973,478.85724,800751.56,49860
2013-11-28 09:30:00+01:00,910.10547,1818.143,2437.4277,482.88516,510.5761,807501.4,50977
2013-11-28 09:40:00+01:00,988.05994,2125.494,2782.609,445.8058,529.86285,822453.0,50915
2013-11-28 09:50:00+01:00,1239.31,2091.8257,2602.3738,497.03952,671.78986,819373.0,51095
2013-11-28 10:00:00+01:00,1144.9371,2050.253,2649.0745,503.77194,535.0767,822610.4,50350
2013-11-28 10:10:00+01:00,1272.0706,2139.0854,2712.0332,610.95905,550.643,835721.9,50988
2013-11-28 10:20:00+01:00,1732.4968,2523.0654,3194.4597,654.4969,487.42386,834215.1,49685
2013-11-28 10:30:00+01:00,1839.3491,2631.5168,3166.1096,660.32587,499.70572,831204.06,49945
2013-11-28 10:40:00+01:00,1600.3048,2156.2078,3165.432,530.6769,537.4044,832521.8,52361
2013-11-28 10:50:00+01:00,1743.3871,2565.9734,3544.0437,618.11334,487.67554,836821.1,50151
2013-11-28 11:00:00+01:00,1704.0131,3277.0383,3142.6763,633.91705,444.7654,844232.0,51861
2013-11-28 11:10:00+01:00,1914.068,2325.867,3689.9277,693.3722,523.975,891546.94,51140
2013-11-28 11:20:00+01:00,2426.4526,2487.8303,3224.4854,702.9361,573.161,870171.8,51701
2013-11-28 11:30:00+01:00,2201.2056,2421.1938,3250.4502,605.53033,615.5506,848253.25,51440
2013-11-28 11:40:00+01:00,2142.6682,2433.7327,3607.623,644.94824,515.21967,841897.4,52270
2013-11-28 11:50:00+01:00,2069.5662,2535.3018,3559.7156,592.39996,615.60944,840478.8,49485
2013-11-28 12:00:00+01:00,2198.9143,2274.9463,3476.2952,674.00476,601.04016,846505.7,49406
2013-11-28 12:10:00+01:00,2309.5356,2304.2693,3436.459,748.2477,633.85376,851411.2,52673
2013-11-28 12:20:00+01:00,2563.4495,2642.5723,3378.8362,725.0998,461.06195,853471.94,52300
2013-11-28 12:30:00+01:00,2189.5178,2565.4292,3387.4011,666.94147,568.16565,861323.56,52452
2013-11-28 12:40:00+01:00,2381.438,2599.0312,3890.3755,626.2018,675.02234,871578.44,51118
2013-11-28 12:50:00+01:00,2558.576,2873.7449,3831.0117,624.08856,653.2767,883526.25,52176
2013-11-28 13:00:00+01:00,2394.3687,2697.448,3719.23,639.1715,533.7247,905572.3,51264
2013-11-28 13:10:00+01:00,3119.1782,2538.4639,3737.6172,635.9188,562.5026,904620.0,52353
2013-11-28 13:20:00+01:00,2826.2554,2518.8728,3583.3406,622.5342,771.06824,904776.25,49273
2013-11-28 13:30:00+01:00,3386.1875,2438.3333,3459.7773,665.67175,656.71716,920226.75,49187
2013-11-28 13:40:00+01:00,3211.8682,2853.5613,3756.4316,703.9793,615.8355,926619.8,49171
2013-11-28 13:50:00+01:00,3370.756,2568.9636,3426.841,682.37537,602.77747,931743.2,50291
2013-11-28 14:00:00+01:00,3343.386,2598.4578,3680.016,643.9282,602.5452,924286.44,51087
2013-11-28 14:10:00+01:00,3225.325,2822.6943,3415.1914,654.093,624.21454,918998.8,50379
2013-11-28 14:20:00+01:00,3209.0613,2712.4458,3270.031,648.0005,632.54596,900792.94,49517
2013-11-28 14:30:00+01:00,3049.1885,2500.152,3203.4692,634.60004,618.2717,902091.56,49558
2013-11-28 14:40:00+01:00,2828.2065,2712.7434,3360.8315,629.75684,569.1166,900877.3,51322
2013-11-28 14:50:00+01:00,3178.9307,2443.8596,3255.6343,561.84326,556.88153,886248.3,48161
2013-11-28 15:00:00+01:00,2748.5298,2625.5833,3280.8267,556.1096,558.8258,887511.4,48505
2013-11-28 15:10:00+01:00,2673.046,2516.1616,3321.9468,615.90814,535.0738,883142.8,51223
2013-11-28 15:20:00+01:00,2664.6934,2440.9607,3101.492,583.01605,520.3652,876808.56,50066
2013-11-28 15:30:00+01:00,3101.3782,2684.9631,3277.8892,565.6591,578.3307,889911.3,50002
2013-11-28 15:40:00+01:00,3231.2344,2650.7673,3484.9263,562.9101,623.4048,896113.1,50375
2013-11-28 15:50:00+01:00,2829.7173,2490.3955,3247.089,599.4021,574.8716,880341.56,51003
2013-11-28 16:00:00+01:00,2786.8271,2511.1528,2922.1726,656.5485,460.33392,885161.8,52317
2013-11-28 16:10:00+01:00,2779.2393,2802.0256,3388.777,627.7832,527.0092,887664.3,52854
2013-11-28 16:20:00+01:00,2704.5798,2941.595,3154.435,615.7582,485.47662,874216.1,51092
2013-11-28 16:30:00+01:00,2737.3513,2487.9849,3140.671,648.9265,602.52386,874763.8,50311
2013-11-28 16:40:00+01:00,2798.3877,2468.7996,3128.6218,560.49756,578.6339,881902.3,52021
2013-11-28 16:50:00+01:00,2715.4812,2642.1814,2980.8516,545.6265,690.10114,880558.6,50071
2013-11-28 17:00:00+01:00,2632.812,2679.3901,3010.5781,534.3392,549.40356,880114.94,49593
2013-11-28 17:10:00+01:00,2855.554,2773.224,2980.9685,559.548,553.9777,890001.6,51010
2013-11-28 17:20:00+01:00,2521.3228,2668.5432,2906.2913,536.0157,522.8006,878189.06,49990
2013-11-28 17:30:00+01:00,2862.0127,2522.0312,2867.741,537.25964,510.16995,883833.25,51824
2013-11-28 17:40:00+01:00,2710.9866,2537.929,2907.9558,565.28094,581.2856,891377.0,51533
2013-11-28 17:50:00+01:00,2380.494,2413.2678,2608.9307,597.8467,546.9983,887797.56,50051
2013-11-28 18:00:00+01:00,2802.8135,2267.3298,2739.9502,649.03644,644.2249,883871.0,48351
2013-11-28 18:10:00+01:00,2620.393,2691.9294,2535.1836,517.78973,635.3289,887772.8,49581
2013-11-28 18:20:00+01:00,2428.007,2164.7603,2211.8464,586.86053,566.8917,876927.94,49171
2013-11-28 18:30:00+01:00,2379.7383,2166.4358,2194.11,543.5331,589.7485,871378.94,48468
2013-11-28 18:40:00+01:00,2403.1038,2352.8699,2380.351,508.25015,576.76843,868458.7,48861
2013-11-28 18:50:00+01:00,2345.6926,2015.8804,1997.9882,420.4851,585.00305,848913.56,48903
2013-11-28 19:00:00+01:00,2189.7903,2164.9854,2100.871,435.8056,634.78204,848579.44,48514
2013-11-28 19:10:00+01:00,2370.6292,2113.946,1820.6019,478.0274,574.4313,842155.0,49424
2013-11-28 19:20:00+01:00,2365.915,1758.4934,1719.6907,455.5892,700.22943,823709.44,47662
2013-11-28 19:30:00+01:00,1878.7883,1614.9517,1563.4454,434.25604,726.4675,812806.0,47043
2013-11-28 19:40:00+01:00,1974.1729,1671.3423,1516.0576,433.1527,786.14813,801791.4,45940
2013-11-28 19:50:00+01:00,1690.9843,1284.2808,1457.9756,374.2163,715.33044,774449.25,46087
2013-11-28 20:00:00+01:00,1687.2708,1260.1881,1475.5365,379.10312,915.68066,769436.25,44648
2013-11-28 20:10:00+01:00,1997.8497,1493.8174,1442.1934,374.37512,834.5854,757204.5,44068
2013-11-28 20:20:00+01:00,1292.3481,1290.1412,1215.2932,320.77963,795.22076,739428.56,42917
2013-11-28 20:30:00+01:00,1127.715,1335.288,1343.9866,324.29843,733.1666,747285.3,40533
2013-11-28 20:40:00+01:00,1234.6488,1260.081,1252.5083,297.7088,800.12994,745746.6,41604
2013-11-28 20:50:00+01:00,1315.9073,1280.8661,1198.704,328.4898,718.9539,735755.5,42393
2013-11-28 21:00:00+01:00,1224.0664,1086.2461,1168.4307,314.61115,808.80206,734350.25,40854
2013-11-28 21:10:00+01:00,1007.9046,975.1839,1142.0505,295.70413,874.63965,742078.25,38690
2013-11-28 21:20:00+01:00,1109.9026,766.01447,1187.6647,295.87485,795.6874,728276.2,38443
2013-11-28 21:30:00+01:00,1068.354,893.895,1242.7247,300.12375,841.91187,716222.1,36698
2013-11-28 21:40:00+01:00,822.7157,1155.9644,1172.1978,304.27127,798.9935,709461.7,34657
2013-11-28 21:50:00+01:00,774.35504,1087.5767,988.2568,321.199,851.8891,701638.9,35110
2013-11-28 22:00:00+01:00,579.51086,784.87866,1091.5898,279.04425,834.5085,689156.1,34916
2013-11-28 22:10:00+01:00,633.93085,763.32544,940.21875,228.1125,859.15564,683818.06,33555
2013-11-28 22:20:00+01:00,553.97675,756.69806,819.0024,247.65125,848.5392,674400.1,34053
2013-11-28 22:30:00+01:00,489.1611,728.63727,874.2115,254.85786,831.8595,669293.75,32787
2013-11-28 22:40:00+01:00,551.164,687.3669,909.4939,222.79666,937.2676,696827.7,31660
2013-11-28 22:50:00+01:00,421.0886,749.8074,794.1979,359.0535,861.49493,681015.56,31599
2013-11-28 23:00:00+01:00,558.9143,822.3307,726.5874,265.03156,879.2055,628486.06,30244
2013-11-28 23:10:00+01:00,511.1019,607.2743,684.76385,324.11642,877.6267,624027.56,29465
2013-11-28 23:20:00+01:00,545.6413,740.7239,661.4987,250.34314,790.22675,610806.5,29754
2013-11-28 23:30:00+01:00,517.06305,726.2068,837.683,218.61191,742.6887,593917.3,28183
2013-11-28 23:40:00+01:00,650.466,507.83932,577.30646,212.87311,671.99695,575498.0,27206
2013-11-28 23:50:00+01:00,594.42664,1090.0339,570.67114,221.83101,738.70355,563533.44,26067
2013-11-29 00:00:00+01:00,380.93228,520.1654,536.0934,218.21158,654.07556,557172.44,27003
2013-11-29 00:10:00+01:00,534.5875,503.31036,545.2308,207.7434,674.08154,538421.8,23918
2013-11-29 00:20:00+01:00,279.96375,415.63724,507.2484,204.52788,596.4328,509007.66,22823
2013-11-29 00:30:00+01:00,294.61218,416.00436,523.83777,276.32394,501.19452,494488.06,23328
2013-11-29 00:40:00+01:00,219.15292,352.45157,510.2907,293.0278,490.49277,476845.34,22258
2013-11-29 00:50:00+01:00,218.14627,349.15982,461.40378,290.366,530.22363,468309.3,20894
2013-11-29 01:00:00+01:00,238.16501,367.77078,497.973,155.73964,488.5739,454021.84,20685
2013-11-29 01:10:00+01:00,200.46227,323.4682,654.357,166.16956,512.9093,432790.3,19288
2013-11-29 01:20:00+01:00,210.49037,324.7859,466.33243,150.48053,459.41003,418508.9,18933
2013-11-29 01:30:00+01:00,228.31299,349.70316,465.6804,151.73654,420.33304,411429.44,17350
2013-11-29 01:40:00+01:00,206.15814,294.5875,540.9556,154.2765,403.505,401304.16,18419
2013-11-29 01:50:00+01:00,179.10953,286.00336,408.8324,147.51892,393.76132,389494.28,17947
2013-11-29 02:00:00+01:00,213.03087,315.955,452.21274,150.32758,364.03827,386119.84,16974
2013-11-29 02:10:00+01:00,188.143,291.1113,471.49802,150.4002,352.69223,376054.25,16849
2013-11-29 02:20:00+01:00,190.525,323.5441,421.25696,166.66284,318.10272,365114.28,17067
2013-11-29 02:30:00+01:00,203.08907,318.9412,416.47568,166.32433,336.87674,358463.7,15726
2013-11-29 02:40:00+01:00,219.28952,307.4843,458.259,145.52156,328.43512,353885.9,16631
2013-11-29 02:50:00+01:00,204.87024,315.9525,425.37106,187.87271,325.9829,342637.9,16479
2013-11-29 03:00:00+01:00,192.12367,338.40842,493.23288,179.7445,323.12128,339531.9,16928
2013-11-29 03:10:00+01:00,183.59859,330.42722,458.93106,142.64415,277.1357,334255.4,16216
2013-11-29 03:20:00+01:00,164.89467,322.08978,400.50223,146.01382,291.71442,331950.56,16994
2013-11-29 03:30:00+01:00,196.36151,366.1375,403.23282,144.50003,293.01083,330741.62,16104
2013-11-29 03:40:00+01:00,203.26115,344.98956,446.6724,141.71701,275.61597,332184.03,16687
2013-11-29 03:50:00+01:00,159.46985,339.46906,380.94025,145.43903,276.00784,320238.88,15319
2013-11-29 04:00:00+01:00,213.3355,357.99335,407.25485,146.42221,261.38983,323932.22,16309
2013-11-29 04:10:00+01:00,184.402,327.4113,468.8661,138.49773,232.1415,319569.94,15568
2013-11-29 04:20:00+01:00,166.79692,334.1904,409.65326,133.59792,246.11887,311201.16,15547
2013-11-29 04:30:00+01:00,269.83463,343.78003,409.98395,144.54004,229.43929,311686.25,17231
2013-11-29 04:40:00+01:00,200.59308,329.14502,455.96823,140.59195,243.01898,309579.97,17036
2013-11-29 04:50:00+01:00,170.21693,339.07993,420.50293,136.2416,215.45258,305999.16,17863
2013-11-29 05:00:00+01:00,178.54872,349.2793,404.8848,140.57173,233.90944,313679.84,19344
2013-11-29 05:10:00+01:00,200.3673,331.21823,431.2108,135.354,228.79356,313210.6,17532
2013-11-29 05:20:00+01:00,168.47296,345.8722,388.10284,130.62817,227.27072,308479.16,18711
2013-11-29 05:30:00+01:00,187.16382,339.71182,423.05713,144.1391,244.60028,313633.7,20984
2013-11-29 05:40:00+01:00,221.93257,345.88913,466.44055,126.902954,220.76569,320261.3,22225
2013-11-29 05:50:00+01:00,194.8622,424.1359,412.01318,145.01337,242.05316,321852.5,20014
2013-11-29 06:00:00+01:00,193.85382,379.33603,415.6959,158.27995,237.60374,331722.84,22905
2013-11-29 06:10:00+01:00,220.6553,380.8459,464.93466,153.58217,215.8405,341868.94,23258
2013-11-29 06:20:00+01:00,206.24736,378.4663,446.63312,165.61784,245.83813,353489.9,24784
2013-11-29 06:30:00+01:00,201.65405,396.00848,441.6524,175.30719,250.69093,371162.1,24619
2013-11-29 06:40:00+01:00,231.07195,389.09366,513.0529,156.726,242.36061,389344.16,26876
2013-11-29 06:50:00+01:00,217.12045,444.95996,472.59085,172.39679,272.99304,413956.1,29079
2013-11-29 07:00:00+01:00,248.59732,502.30853,558.4944,188.51968,284.6578,445446.28,32509
2013-11-29 07:10:00+01:00,298.1866,472.14276,532.7843,176.83711,279.2504,481189.88,33866
2013-11-29 07:20:00+01:00,295.4235,485.3146,578.61285,190.46552,294.39658,510845.94,34103
2013-11-29 07:30:00+01:00,260.88858,573.0729,597.3379,281.89426,343.9836,561052.2,35694
2013-11-29 07:40:00+01:00,329.40094,670.265,800.3504,285.60345,356.14835,601168.0,39005
2013-11-29 07:50:00+01:00,351.58148,816.6644,787.1419,338.3198,382.99472,630556.8,39347
2013-11-29 08:00:00+01:00,407.5472,857.37744,828.003,400.23816,416.35916,664914.94,41992
2013-11-29 08:10:00+01:00,404.73712,941.8827,1159.5785,298.7074,515.4481,687972.9,41403
2013-11-29 08:20:00+01:00,415.62497,1003.6093,1041.1199,319.3677,517.3089,708213.1,44206
2013-11-29 08:30:00+01:00,525.6533,1143.3892,1366.7909,338.54236,728.9374,736794.1,44912
2013-11-29 08:40:00+01:00,636.7931,1176.9816,1510.9275,396.94604,506.25476,759060.6,46455
2013-11-29 08:50:00+01:00,679.062,1575.2368,1739.8374,404.93103,587.07135,762916.25,45140
2013-11-29 09:00:00+01:00,715.4921,1538.8326,1798.7687,430.19342,531.1744,777655.3,49310
2013-11-29 09:10:00+01:00,958.3411,1496.4468,2079.039,457.98856,672.9411,789522.3,49907
2013-11-29 09:20:00+01:00,1020.1971,1573.0465,1999.2773,421.8148,485.1421,783172.8,51140
2013-11-29 09:30:00+01:00,1057.075,1792.8486,2459.774,454.4857,491.3192,793624.1,50845
2013-11-29 09:40:00+01:00,924.0075,1694.3196,2615.409,439.2888,578.2363,802036.0,49952
2013-11-29 09:50:00+01:00,1048.7125,1814.7258,2410.2263,448.34842,499.60147,797908.6,48983
2013-11-29 10:00:00+01:00,1024.6384,2156.6262,2484.163,493.14005,457.34067,807599.56,49992
2013-11-29 10:10:00+01:00,1168.9696,2400.5244,2742.0847,506.045,483.42133,817450.5,49468
2013-11-29 10:20:00+01:00,1107.0289,2407.383,2780.578,618.1636,540.2765,809572.9,51249
2013-11-29 10:30:00+01:00,1434.2694,2019.7988,2805.692,577.85394,471.73013,822083.75,51658
2013-11-29 10:40:00+01:00,1569.4191,2098.697,2822.2346,530.7538,461.4247,820242.3,49920
2013-11-29 10:50:00+01:00,1838.6604,2298.3027,2713.1165,564.0839,466.4744,818660.4,51340
2013-11-29 11:00:00+01:00,1953.0675,2362.682,2827.9746,495.4715,597.5575,835723.0,51476
2013-11-29 11:10:00+01:00,1717.8925,2473.0676,2922.3044,479.35175,607.1021,840583.7,50770
2013-11-29 11:20:00+01:00,2054.89,2659.3696,3119.4941,509.1858,900.3897,838196.94,52178
2013-11-29 11:30:00+01:00,2040.644,2378.8196,3083.6465,536.2558,752.2828,847964.0,48828
2013-11-29 11:40:00+01:00,2070.089,2383.552,3171.4539,572.58044,571.38403,848046.8,50377
2013-11-29 11:50:00+01:00,2310.5518,2444.6514,3054.4883,517.1419,486.61832,842392.25,50369
2013-11-29 12:00:00+01:00,2424.5286,2367.0742,2914.3455,607.4012,520.10394,852847.06,49498
2013-11-29 12:10:00+01:00,2299.8867,3042.9077,3017.455,590.3637,504.17407,857354.25,50220
2013-11-29 12:20:00+01:00,2651.7434,3155.5864,3685.6162,540.0659,653.86426,851763.0,51352
2013-11-29 12:30:00+01:00,3011.8796,2643.5103,3095.9788,652.7097,540.1332,865412.94,50501
2013-11-29 12:40:00+01:00,3004.318,2952.4204,3295.148,610.6137,623.5125,874323.6,53123
2013-11-29 12:50:00+01:00,3283.324,2882.9434,3574.1738,551.0611,591.7992,874692.25,51055
2013-11-29 13:00:00+01:00,3277.5493,3126.5095,3782.4023,694.35626,565.9938,891761.4,49915
2013-11-29 13:10:00+01:00,2930.2087,2849.77,3572.4993,630.9333,657.2181,896690.56,49647
2013-11-29 13:20:00+01:00,3303.239,2958.1501,3518.1482,607.91614,547.5845,895835.25,49521
2013-11-29 13:30:00+01:00,3548.447,2696.0557,3609.6536,823.2595,583.9553,902373.1,47971
2013-11-29 13:40:00+01:00,3428.342,2910.384,3746.1147,632.66345,632.2513,896485.75,50299
2013-11-29 13:50:00+01:00,3393.647,2603.9707,3345.213,565.4665,636.32574,891946.4,49674
2013-11-29 14:00:00+01:00,3734.5686,2744.063,3653.3467,631.7569,840.7527,904167.75,50230
2013-11-29 14:10:00+01:00,3548.6406,2871.5886,3453.7256,591.70435,684.9187,895904.4,49808
2013-11-29 14:20:00+01:00,3341.3062,2774.834,3253.0127,522.8686,709.6384,878741.94,50124
2013-11-29 14:30:00+01:00,3106.7546,2849.433,3456.551,633.3199,711.6474,883791.1,49648
2013-11-29 14:40:00+01:00,3455.894,2908.3777,3334.7988,628.3548,781.0091,872160.5,52933
2013-11-29 14:50:00+01:00,3379.3655,2741.5095,3122.6558,620.5288,664.221,854095.06,48785
2013-11-29 15:00:00+01:00,3224.6543,2683.2153,3097.1416,601.3613,566.6135,865647.75,50072
2013-11-29 15:10:00+01:00,3040.847,2909.6826,3324.9636,640.502,715.96063,859150.25,52512
2013-11-29 15:20:00+01:00,3390.8977,2716.5586,3144.4897,632.6287,675.5581,859093.8,51447
2013-11-29 15:30:00+01:00,3124.051,3026.5469,2980.6145,568.14404,616.20825,862105.3,50127
2013-11-29 15:40:00+01:00,2986.474,2869.4412,3108.8884,552.1202,558.4066,861144.25,49618
2013-11-29 15:50:00+01:00,3236.9639,2969.6987,3213.8499,512.6042,532.67206,858340.2,51189
2013-11-29 16:00:00+01:00,3505.715,2859.9885,3390.6533,639.1219,562.52405,863976.06,52902
2013-11-29 16:10:00+01:00,3283.6477,2826.2056,3269.2017,537.7459,526.3532,860457.94,51287
2013-11-29 16:20:00+01:00,3269.991,2690.9487,3460.0662,589.6273,550.2456,860654.94,52108
2013-11-29 16:30:00+01:00,3089.163,2500.6375,3118.3474,554.82086,660.0693,853984.94,49084
2013-11-29 16:40:00+01:00,3356.0283,2860.995,3356.3972,497.94644,637.8565,859730.06,49753
2013-11-29 16:50:00+01:00,3550.6145,2438.992,3266.3484,468.35068,654.7967,856560.75,50224
2013-11-29 17:00:00+01:00,3249.0393,2401.5916,3156.9648,529.1222,507.19965,855890.9,53920
2013-11-29 17:10:00+01:00,3466.0078,2768.9084,2808.345,472.8447,598.32355,862381.06,52560
2013-11-29 17:20:00+01:00,3309.0127,2667.127,3021.2998,466.4915,617.10834,859291.0,52842
2013-11-29 17:30:00+01:00,2982.4167,2643.1587,3175.5288,523.0091,566.9602,866018.3,52451
2013-11-29 17:40:00+01:00,3139.065,2941.7654,2896.1497,475.3174,565.41095,862709.7,49814
2013-11-29 17:50:00+01:00,3104.3967,2581.0322,2568.112,494.71747,604.4172,862903.2,50440
2013-11-29 18:00:00+01:00,2844.86,2429.5315,2488.8564,604.5317,561.67267,865283.5,51935
2013-11-29 18:10:00+01:00,2903.9224,2258.4507,2559.2195,494.05878,650.1624,855866.25,50997
2013-11-29 18:20:00+01:00,2643.2034,2378.291,2109.102,428.73706,604.0795,852938.8,48223
2013-11-29 18:30:00+01:00,2899.7244,2271.014,2032.2811,417.86075,610.9824,851495.06,48166
2013-11-29 18:40:00+01:00,3107.266,2087.277,2133.258,443.98608,688.077,831136.6,50642
2013-11-29 18:50:00+01:00,2479.3496,2246.6284,1893.4615,368.4643,716.0533,823962.2,50334
2013-11-29 19:00:00+01:00,2227.3303,1859.5692,1831.5782,434.56668,649.2635,811741.6,47057
2013-11-29 19:10:00+01:00,2665.4346,1896.5444,1545.6245,387.65524,608.5385,806380.0,48937
2013-11-29 19:20:00+01:00,2314.9788,1672.3689,1437.2145,324.69476,673.90247,791915.0,45900
2013-11-29 19:30:00+01:00,2084.1675,1630.378,1441.9719,406.16922,692.44885,782028.06,48331
2013-11-29 19:40:00+01:00,1885.6111,1665.6711,1223.3405,366.95862,746.728,778309.4,47998
2013-11-29 19:50:00+01:00,1761.2715,1531.9425,1144.7518,340.04465,716.27734,755623.0,43193
2013-11-29 20:00:00+01:00,1596.6997,1445.9197,1423.1791,340.10297,806.75635,747374.75,44538
2013-11-29 20:10:00+01:00,2105.9592,1376.5123,1382.1195,308.5836,838.1079,739264.3,44253
2013-11-29 20:20:00+01:00,1638.1837,1121.2665,1487.4648,316.7295,810.23834,731576.6,42623
2013-11-29 20:30:00+01:00,1397.4714,1158.825,1052.2075,277.36,860.1171,733158.1,42204
2013-11-29 20:40:00+01:00,1228.3859,1084.6241,1071.2396,726.40674,914.73566,728671.6,44139
2013-11-29 20:50:00+01:00,1168.3795,1013.25476,933.0743,823.7013,901.3024,718640.1,41124
2013-11-29 21:00:00+01:00,953.44025,972.3661,891.6725,811.0303,1046.979,720763.1,41821
2013-11-29 21:10:00+01:00,878.8275,841.44525,905.5026,261.3119,1039.631,711388.9,39229
2013-11-29 21:20:00+01:00,776.7018,746.754,798.8579,283.68497,895.21063,695970.44,37876
2013-11-29 21:30:00+01:00,823.82947,1007.6523,936.1697,311.45367,988.667,688454.1,38683
2013-11-29 21:40:00+01:00,1092.372,835.38715,870.76276,261.87097,1015.39886,691421.56,38800
2013-11-29 21:50:00+01:00,747.1561,1287.8491,750.5066,251.08203,1072.6337,675434.5,35436
2013-11-29 22:00:00+01:00,851.2286,877.2478,745.24176,233.21245,1096.976,671240.5,33927
2013-11-29 22:10:00+01:00,686.07306,2323.4546,728.64874,247.45164,1029.9144,671016.44,36016
2013-11-29 22:20:00+01:00,559.16583,1047.3091,765.0388,253.06561,983.1417,660757.75,34807
2013-11-29 22:30:00+01:00,671.6892,846.9829,816.5712,223.67387,1340.0568,662084.25,34384
2013-11-29 22:40:00+01:00,616.292,701.6594,845.57715,235.51306,1323.3599,651397.0,30984
2013-11-29 22:50:00+01:00,470.63702,603.07446,700.29614,217.81216,1238.0504,633878.3,32114
2013-11-29 23:00:00+01:00,410.51215,642.5957,702.40857,239.20587,1246.119,630153.9,31575
2013-11-29 23:10:00+01:00,391.72662,690.4994,754.06256,254.83081,1152.0295,619775.8,30688
2013-11-29 23:20:00+01:00,376.12665,624.5631,678.2239,228.70915,977.7306,596422.5,29416
2013-11-29 23:30:00+01:00,394.3793,618.235,884.1666,232.91727,1117.3523,601338.44,28368
2013-11-29 23:40:00+01:00,359.89752,737.0062,1068.758,252.35863,1149.6898,583128.5,27538
2013-11-29 23:50:00+01:00,337.50247,535.0272,1104.7413,222.2537,1181.8977,567194.75,26743
2013-11-30 00:00:00+01:00,539.86945,766.44977,1281.8081,240.04091,1089.121,556907.25,27881
2013-11-30 00:10:00+01:00,349.68567,497.4442,1473.1871,205.11336,963.5547,539336.44,25634
2013-11-30 00:20:00+01:00,459.954,444.67477,1333.2887,217.39293,968.94135,523915.94,24594
2013-11-30 00:30:00+01:00,682.3879,485.444,1399.0973,295.3455,853.0657,512973.44,23865
2013-11-30 00:40:00+01:00,267.8753,569.4118,1516.6003,233.0907,804.30164,491814.66,22921
2013-11-30 00:50:00+01:00,201.91618,476.77542,1506.4369,196.93312,787.2557,481705.9,21787
2013-11-30 01:00:00+01:00,267.04605,412.12674,1443.2198,197.04314,856.86633,466602.2,22349
2013-11-30 01:10:00+01:00,318.40637,390.6313,1811.7808,237.34653,824.79004,455003.47,21107
2013-11-30 01:20:00+01:00,196.78381,316.25247,1808.9001,221.25659,730.95337,446410.8,20960
2013-11-30 01:30:00+01:00,190.279,360.3895,1813.2584,242.669,585.9488,431759.53,20110
2013-11-30 01:40:00+01:00,175.01791,346.15277,1766.3429,287.38623,524.7691,422364.72,20158
2013-11-30 01:50:00+01:00,168.10823,302.6888,1677.2572,251.97174,565.46,407608.88,18321
2013-11-30 02:00:00+01:00,179.58678,334.8424,1819.6907,180.46843,452.06754,400006.16,19541
2013-11-30 02:10:00+01:00,129.51123,332.76807,1866.6296,161.50447,456.9385,395183.9,18701
2013-11-30 02:20:00+01:00,138.29863,277.7445,1787.8463,147.92458,415.4121,384753.5,19051
2013-11-30 02:30:00+01:00,155.86465,366.11536,1773.6488,160.95888,396.57254,378932.47,16867
2013-11-30 02:40:00+01:00,127.02599,370.21475,1682.7852,189.41064,411.6497,372893.5,17374
2013-11-30 02:50:00+01:00,142.99414,274.04843,1520.6825,145.71089,351.77307,358507.62,18231
2013-11-30 03:00:00+01:00,137.01741,311.49597,1553.5027,160.01103,342.19824,355161.25,17794
2013-11-30 03:10:00+01:00,126.63591,311.69128,1482.3159,152.08882,326.48105,348870.47,17347
2013-11-30 03:20:00+01:00,128.01909,283.14893,1301.968,160.22266,326.00577,338467.62,17376
2013-11-30 03:30:00+01:00,141.26599,291.4742,1035.89,157.11597,308.93747,334719.6,17748
2013-11-30 03:40:00+01:00,153.37761,338.4603,1013.27716,141.17741,309.58356,337452.84,17319
2013-11-30 03:50:00+01:00,142.51834,274.76987,907.9133,144.22206,335.85037,324551.66,17584
2013-11-30 04:00:00+01:00,133.75243,317.0451,881.2119,164.82848,328.3926,327958.25,17876
2013-11-30 04:10:00+01:00,115.936554,307.35873,828.43524,154.82323,404.62872,323328.44,16993
2013-11-30 04:20:00+01:00,134.44029,266.967,614.6855,147.76369,357.91296,317022.97,17440
2013-11-30 04:30:00+01:00,134.18144,273.40524,792.88007,155.13428,323.35648,316590.4,16692
2013-11-30 04:40:00+01:00,124.64403,337.31815,521.24365,133.91023,314.19006,312530.97,17252
2013-11-30 04:50:00+01:00,135.6664,283.53125,389.6522,135.03577,287.629,305016.12,16568
2013-11-30 05:00:00+01:00,126.21483,290.5704,395.2999,150.05446,278.7233,307436.06,18810
2013-11-30 05:10:00+01:00,126.24018,315.74185,431.72964,129.16888,304.2031,308591.12,17677
2013-11-30 05:20:00+01:00,134.47185,256.0858,372.1766,132.36029,320.53262,302119.1,18050
2013-11-30 05:30:00+01:00,143.4275,266.4438,384.29684,140.29068,233.4271,309830.9,19246
2013-11-30 05:40:00+01:00,117.70484,295.706,391.09464,130.04077,270.56625,311030.53,19105
2013-11-30 05:50:00+01:00,140.10118,276.2732,345.56534,121.2212,242.31061,306527.56,19349
2013-11-30 06:00:00+01:00,134.66881,271.28207,398.5218,129.0053,215.38458,311522.3,20831
2013-11-30 06:10:00+01:00,109.599236,282.63614,391.4964,130.19481,258.7259,314676.8,20481
2013-11-30 06:20:00+01:00,128.9361,260.70477,338.3172,119.57414,242.55396,315249.22,21703
2013-11-30 06:30:00+01:00,137.7095,262.3253,360.54797,127.40935,282.9123,326574.06,23422
2013-11-30 06:40:00+01:00,115.557655,286.06665,341.51147,136.97238,262.41083,332210.1,23361
2013-11-30 06:50:00+01:00,148.3955,268.2295,354.31973,139.85364,274.4229,336439.34,23811
2013-11-30 07:00:00+01:00,146.28494,286.3065,377.88254,176.15994,244.45691,355073.44,24911
2013-11-30 07:10:00+01:00,145.58145,334.6683,424.83273,145.45836,293.87543,367456.56,26550
2013-11-30 07:20:00+01:00,163.93185,360.96375,382.8018,132.21939,306.87573,376580.5,27314
2013-11-30 07:30:00+01:00,300.92065,359.87766,346.463,156.5322,263.68472,397750.38,27121
2013-11-30 07:40:00+01:00,163.83043,372.6797,384.49237,156.54,281.63052,419086.66,30023
2013-11-30 07:50:00+01:00,165.48863,438.50198,349.39438,143.07008,301.76648,427165.22,29737
2013-11-30 08:00:00+01:00,184.59479,489.74774,418.8008,167.60558,303.51657,450571.4,32828
2013-11-30 08:10:00+01:00,208.60933,526.2519,581.3153,155.32002,304.38654,469454.72,33705
2013-11-30 08:20:00+01:00,200.77559,536.5267,394.44955,149.98361,295.1031,476364.28,34994
2013-11-30 08:30:00+01:00,326.99887,794.6574,419.49347,187.1861,429.53735,503862.0,34756
2013-11-30 08:40:00+01:00,282.85928,522.81,480.5307,181.55637,388.92883,522934.78,36671
2013-11-30 08:50:00+01:00,300.3472,547.026,434.4018,221.45154,472.05557,533273.3,37389
2013-11-30 09:00:00+01:00,346.75806,524.57654,470.0736,219.2981,310.95648,554845.9,38703
2013-11-30 09:10:00+01:00,465.10364,645.47394,534.3324,224.55527,367.6442,571749.4,39588
2013-11-30 09:20:00+01:00,652.0083,689.1494,542.71106,214.58195,569.2625,591208.3,39168
2013-11-30 09:30:00+01:00,761.83093,757.95825,523.70386,235.88773,483.2889,615886.3,42757
2013-11-30 09:40:00+01:00,714.359,720.79626,593.45166,261.61395,442.77136,628056.4,42489
2013-11-30 09:50:00+01:00,742.7349,848.1846,621.6023,278.39902,343.5433,636835.94,41335
2013-11-30 10:00:00+01:00,1124.5807,918.37244,584.2355,266.2088,465.64328,657236.25,40164
2013-11-30 10:10:00+01:00,1086.7153,958.67645,611.9784,277.45654,484.15814,660124.0,40513
2013-11-30 10:20:00+01:00,1185.975,1042.6084,625.72217,257.36743,397.21878,676852.8,40768
2013-11-30 10:30:00+01:00,1467.6998,1393.0266,608.9384,308.09097,499.05084,687911.94,43612
2013-11-30 10:40:00+01:00,1563.9231,1273.023,762.27637,311.1993,432.0741,695835.8,41723
2013-11-30 10:50:00+01:00,1977.3821,1256.8793,619.34033,312.02017,517.3607,705184.75,41255
2013-11-30 11:00:00+01:00,1885.8851,1462.4095,659.9693,311.037,499.2754,716091.8,43011
2013-11-30 11:10:00+01:00,2295.856,1405.883,757.12225,297.38116,544.8957,723343.0,42550
2013-11-30 11:20:00+01:00,2919.0044,1389.7262,906.9099,273.0007,597.7223,723801.06,42405
2013-11-30 11:30:00+01:00,2454.6401,1820.6455,689.8245,312.0927,543.2098,724275.4,41947
2013-11-30 11:40:00+01:00,2724.0479,1708.332,730.6527,298.89963,512.4014,725996.75,43913
2013-11-30 11:50:00+01:00,3497.0386,1588.8734,790.38226,286.33365,502.69885,733188.0,41387
2013-11-30 12:00:00+01:00,3013.7656,1827.6622,629.5719,297.2859,507.49924,732720.1,42504
2013-11-30 12:10:00+01:00,3266.8396,1784.2839,707.7087,306.52942,569.5881,739949.8,43928
2013-11-30 12:20:00+01:00,2998.7864,1975.195,638.0499,300.22852,527.7375,729884.8,42440
2013-11-30 12:30:00+01:00,3544.8174,2389.633,661.58984,297.76166,461.21255,735896.3,42330
2013-11-30 12:40:00+01:00,3516.2458,2044.1532,599.60065,285.28436,514.4894,724121.75,41678
2013-11-30 12:50:00+01:00,3550.871,2210.827,610.8108,349.51767,553.5018,718796.94,41666
2013-11-30 13:00:00+01:00,3475.4429,2463.7664,650.77936,436.26645,622.39166,720246.2,45151
2013-11-30 13:10:00+01:00,3283.1208,2339.2896,629.4194,337.20105,650.23834,717598.4,40908
2013-11-30 13:20:00+01:00,3165.4949,2328.673,931.3712,347.51764,668.3999,712584.25,41911
2013-11-30 13:30:00+01:00,3564.0408,2299.9868,838.47125,351.75595,622.4592,723855.8,42126
2013-11-30 13:40:00+01:00,3579.719,2372.725,858.88306,341.0649,661.29694,723304.8,40631
2013-11-30 13:50:00+01:00,3899.5054,2375.6086,826.82556,303.57913,562.48944,718277.25,39034
2013-11-30 14:00:00+01:00,4254.399,2570.3076,752.39954,353.41498,598.01263,724074.7,40200
2013-11-30 14:10:00+01:00,4269.1235,2540.737,687.2858,305.9387,609.4063,725240.25,40950
2013-11-30 14:20:00+01:00,3972.9165,2880.7651,706.9391,436.56693,769.307,720406.6,41852
2013-11-30 14:30:00+01:00,4778.625,2722.6228,947.8791,358.61368,701.1053,727339.2,41326
2013-11-30 14:40:00+01:00,4769.6685,2460.6565,792.7088,319.8061,731.86163,719296.1,40519
2013-11-30 14:50:00+01:00,4574.456,2407.795,781.4682,276.14624,602.3826,720065.75,40555
2013-11-30 15:00:00+01:00,4413.511,2414.5476,795.7801,280.6036,661.9149,724592.8,39721
2013-11-30 15:10:00+01:00,4687.7676,2620.797,725.0525,311.5603,548.17773,731241.1,41109
2013-11-30 15:20:00+01:00,5109.0654,3229.7908,855.69617,271.47852,553.2658,736478.4,40253
2013-11-30 15:30:00+01:00,4938.554,2815.2747,675.18304,298.37268,527.59875,739514.9,40023
2013-11-30 15:40:00+01:00,4884.7505,2725.518,771.83435,318.06735,581.24744,732995.75,39230
2013-11-30 15:50:00+01:00,5507.525,2471.4348,795.4222,288.59903,568.83887,737589.9,39914
2013-11-30 16:00:00+01:00,5529.504,2528.4624,626.4123,334.65097,574.0835,748388.44,41118
2013-11-30 16:10:00+01:00,6347.6934,2824.1914,780.7762,417.00958,667.5333,753234.5,40019
2013-11-30 16:20:00+01:00,5412.2534,2789.487,737.0669,286.35062,554.5794,743740.7,40535
2013-11-30 16:30:00+01:00,6227.594,2588.2742,608.03217,332.90335,616.1067,750341.44,40120
2013-11-30 16:40:00+01:00,5751.017,2682.5876,776.24603,286.29202,514.1488,755627.06,39560
2013-11-30 16:50:00+01:00,5523.6006,2903.9678,730.02454,357.4219,651.28046,752673.06,40884
2013-11-30 17:00:00+01:00,6270.258,2547.8862,665.25616,312.43045,608.63574,755244.75,41680
2013-11-30 17:10:00+01:00,6237.5874,2458.85,1021.9333,373.97702,729.4472,761116.6,40230
2013-11-30 17:20:00+01:00,5710.441,3061.9683,610.9053,309.70804,623.40546,758097.2,41137
2013-11-30 17:30:00+01:00,6032.755,2736.277,661.06915,270.31897,668.002,760952.4,42951
2013-11-30 17:40:00+01:00,5512.9785,2607.0613,858.0126,277.0379,585.69885,760220.8,39474
2013-11-30 17:50:00+01:00,5586.8906,2793.0728,675.67957,287.36136,712.1367,760303.06,40343
2013-11-30 18:00:00+01:00,5178.9526,2764.1038,624.02686,296.61295,551.4177,761915.25,40845
2013-11-30 18:10:00+01:00,4772.8643,2695.8567,678.9801,250.50342,579.57025,759279.94,40120
2013-11-30 18:20:00+01:00,5203.4546,2515.2307,769.5887,274.66766,555.81696,753828.6,41969
2013-11-30 18:30:00+01:00,4523.037,2732.3184,576.8369,309.85513,568.6366,755825.5,40675
2013-11-30 18:40:00+01:00,4894.513,2397.1528,622.3032,233.26118,593.0362,755895.44,39859
2013-11-30 18:50:00+01:00,4506.433,2344.2488,599.80835,215.22621,703.7991,747012.7,40184
2013-11-30 19:00:00+01:00,4712.49,2227.1094,635.55634,232.71483,792.5609,757963.75,39426
2013-11-30 19:10:00+01:00,4385.08,2016.8153,813.33435,281.68927,815.84503,750960.44,40693
2013-11-30 19:20:00+01:00,3770.607,1987.9865,649.44324,255.31897,648.83276,735841.5,39037
2013-11-30 19:30:00+01:00,3914.7551,2289.7896,581.1058,247.25726,714.105,738230.3,38136
2013-11-30 19:40:00+01:00,4428.7036,1748.8252,626.2718,212.11324,758.9105,725728.06,39040
2013-11-30 19:50:00+01:00,3020.9758,2104.6333,554.1372,214.0285,851.12695,711776.06,38985
2013-11-30 20:00:00+01:00,3709.0537,1675.317,529.7236,230.03955,779.85626,704173.9,37706
2013-11-30 20:10:00+01:00,2976.7583,1532.1589,559.12616,240.3742,844.9912,711010.75,37479
2013-11-30 20:20:00+01:00,2652.459,1624.6002,547.68665,225.95952,753.1588,706329.8,37318
2013-11-30 20:30:00+01:00,2381.201,1236.1003,497.71887,246.27121,844.5132,703477.0,36254
2013-11-30 20:40:00+01:00,2388.1528,1041.5579,869.856,261.67322,792.511,706112.6,37012
2013-11-30 20:50:00+01:00,2116.446,1226.6771,631.8074,211.68846,902.5273,698994.9,35307
2013-11-30 21:00:00+01:00,2152.7466,1171.0754,581.705,234.85707,1148.1584,696374.9,36499
2013-11-30 21:10:00+01:00,2149.7551,1092.931,597.9835,226.64342,945.3302,705479.1,34004
2013-11-30 21:20:00+01:00,1625.1951,1068.038,632.7887,382.55774,927.74365,691154.5,33349
2013-11-30 21:30:00+01:00,1342.4725,1054.7833,635.74097,214.9015,1041.2325,681366.1,33573
2013-11-30 21:40:00+01:00,1621.4692,1188.1827,536.6763,202.73465,1009.77576,673574.9,33291
2013-11-30 21:50:00+01:00,1884.8945,1046.5917,533.8394,209.94777,1098.4739,676220.8,31076
2013-11-30 22:00:00+01:00,1705.3333,914.3364,497.1393,232.93459,1014.03455,671879.4,30457
2013-11-30 22:10:00+01:00,1471.5884,773.29675,638.78143,257.97696,1193.4059,674469.44,29820
2013-11-30 22:20:00+01:00,971.3059,858.77454,544.7405,233.53905,1273.0159,665814.3,29763
2013-11-30 22:30:00+01:00,685.438,893.583,548.9339,250.38762,1088.891,667357.5,30944
2013-11-30 22:40:00+01:00,766.8865,801.94556,620.2007,235.75214,1157.733,662282.75,31920
2013-11-30 22:50:00+01:00,576.3227,754.2089,573.44165,245.64372,1060.2856,648842.6,30699
2013-11-30 23:00:00+01:00,887.4432,820.0762,516.0905,234.3969,1150.5916,684632.1,29050
2013-11-30 23:10:00+01:00,746.6263,708.1435,593.542,276.15936,1304.5503,713225.8,24648
2013-11-30 23:20:00+01:00,1010.8709,767.4021,535.7124,242.79883,1289.4274,697298.75,23890
2013-11-30 23:30:00+01:00,725.1523,696.8962,572.6091,234.0787,1221.8735,683536.6,22919
2013-11-30 23:40:00+01:00,751.828,663.6607,547.12604,270.62378,1637.0059,679949.44,23104
2013-11-30 23:50:00+01:00,621.14764,598.457,564.8418,218.32477,1226.271,651752.6,22392
2013-12-01 00:00:00+01:00,892.04535,616.5173,739.3864,242.00594,1196.409,660687.75,22751
2013-12-01 00:10:00+01:00,710.07446,702.1092,881.5097,275.2939,1276.6967,659527.25,22641
2013-12-01 00:20:00+01:00,490.3905,639.8931,1270.7433,237.04398,1190.8998,627352.6,21815
2013-12-01 00:30:00+01:00,527.38995,462.46515,991.5839,231.49074,1162.5012,623205.6,20755
2013-12-01 00:40:00+01:00,418.18594,637.9013,1272.8687,233.48914,1171.9049,602206.8,18788
2013-12-01 00:50:00+01:00,314.64957,496.57318,1345.8163,199.6764,992.28,580513.1,18866
2013-12-01 01:00:00+01:00,326.41037,453.92798,1402.5056,204.52367,1218.3448,561963.1,18889
2013-12-01 01:10:00+01:00,262.63248,338.11243,1444.1301,198.01265,873.7471,524737.5,17722
2013-12-01 01:20:00+01:00,361.33688,365.4076,1434.203,228.87451,864.138,503261.7,19924
2013-12-01 01:30:00+01:00,177.56645,315.99518,1575.5662,194.13094,798.0971,487484.84,17964
2013-12-01 01:40:00+01:00,226.627,297.43887,1484.8799,201.71982,784.51306,480855.78,16747
2013-12-01 01:50:00+01:00,181.21516,303.10556,1757.7595,195.81204,775.01013,462688.94,16405
2013-12-01 02:00:00+01:00,164.04507,300.52167,1407.3269,202.10274,619.13617,446046.66,17372
2013-12-01 02:10:00+01:00,169.03856,252.95563,1652.5392,240.07181,662.6603,418640.7,16399
2013-12-01 02:20:00+01:00,168.95839,261.56668,1479.9933,190.89983,538.16907,396912.6,17136
2013-12-01 02:30:00+01:00,131.59303,226.60764,1453.3726,172.40433,410.17664,386141.78,17571
2013-12-01 02:40:00+01:00,223.7966,233.45566,1372.321,168.48018,447.4945,367728.47,17531
2013-12-01 02:50:00+01:00,107.22722,231.55888,1474.4204,147.20038,471.04968,348315.6,18735
2013-12-01 03:00:00+01:00,130.70119,194.68898,1582.3586,148.6182,354.0435,346509.2,18796
2013-12-01 03:10:00+01:00,121.07705,224.52057,1361.4899,167.89476,338.79626,342319.34,15895
2013-12-01 03:20:00+01:00,93.16325,232.04881,1320.3362,136.06879,313.54794,333378.47,16668
2013-12-01 03:30:00+01:00,135.1799,189.49306,1467.1499,147.18419,291.09012,324273.12,15390
2013-12-01 03:40:00+01:00,110.218666,217.91747,1536.0496,141.79646,288.76562,321303.72,16007
2013-12-01 03:50:00+01:00,94.82682,217.11778,1330.2655,149.31653,282.98914,310109.78,15461
2013-12-01 04:00:00+01:00,123.11567,209.80219,1116.012,138.8723,285.40707,303596.9,15503
2013-12-01 04:10:00+01:00,95.75286,209.23714,1267.288,122.7407,279.15292,304182.84,15851
2013-12-01 04:20:00+01:00,117.128716,228.41005,1233.7937,134.82458,259.36218,296865.66,15751
2013-12-01 04:30:00+01:00,109.89935,194.96225,811.61487,119.32636,240.68823,294830.88,15694
2013-12-01 04:40:00+01:00,106.78209,208.73213,725.1242,122.949425,265.22116,291057.25,16063
2013-12-01 04:50:00+01:00,97.717445,252.4828,534.8409,135.79031,241.66982,280880.84,15521
2013-12-01 05:00:00+01:00,140.13652,214.73366,510.70517,121.97383,228.34412,284057.75,16414
2013-12-01 05:10:00+01:00,171.71704,206.3123,320.4476,125.89351,232.1611,283696.8,16387
2013-12-01 05:20:00+01:00,98.75594,204.17618,370.0574,114.6871,217.50006,281956.38,16970
2013-12-01 05:30:00+01:00,108.54849,209.38316,355.41714,111.07655,237.18282,280591.72,17276
2013-12-01 05:40:00+01:00,149.25604,186.69757,198.0177,130.9379,238.16672,280561.72,16082
2013-12-01 05:50:00+01:00,120.862915,195.13487,171.88635,116.034546,220.29373,272521.4,17082
2013-12-01 06:00:00+01:00,197.26797,194.57623,192.98206,113.48312,208.56781,276679.22,17876
2013-12-01 06:10:00+01:00,192.75908,179.09242,193.15916,119.084526,211.19743,280084.4,17224
2013-12-01 06:20:00+01:00,114.033806,202.9669,207.60068,118.826584,215.45117,281740.0,17124
2013-12-01 06:30:00+01:00,121.871826,212.9778,180.19336,109.99667,198.94522,281679.97,16592
2013-12-01 06:40:00+01:00,120.807846,185.7223,253.21306,118.91981,197.61212,286665.6,17792
2013-12-01 06:50:00+01:00,164.8765,224.43864,134.43004,113.70989,200.879,288144.12,18380
2013-12-01 07:00:00+01:00,129.05411,222.26006,144.7083,116.42267,203.83093,288492.78,20197
2013-12-01 07:10:00+01:00,136.72763,233.93053,242.8709,117.86885,212.38106,300590.75,19010
2013-12-01 07:20:00+01:00,155.60323,231.43336,157.03444,125.89581,202.69797,300462.38,20501
2013-12-01 07:30:00+01:00,181.47983,222.4113,152.45367,115.46043,200.12843,317569.25,22189
2013-12-01 07:40:00+01:00,145.97034,241.91833,161.36821,118.68583,211.56464,322584.1,22285
2013-12-01 07:50:00+01:00,123.429756,277.41135,201.90851,122.65191,242.7277,329242.28,24301
2013-12-01 08:00:00+01:00,290.3981,263.47104,169.99234,117.68848,211.94936,345872.53,28080
2013-12-01 08:10:00+01:00,375.6075,282.1981,211.36624,129.99483,241.65706,362653.88,28460
2013-12-01 08:20:00+01:00,210.77559,279.43735,172.73764,122.591736,230.27473,372515.9,30114
2013-12-01 08:30:00+01:00,243.1831,280.8488,203.00967,121.88124,270.3136,387789.25,30543
2013-12-01 08:40:00+01:00,202.938,335.24954,185.71407,147.26474,300.55585,405970.66,30466
2013-12-01 08:50:00+01:00,263.7921,280.42493,174.54617,146.13309,265.6859,412513.3,33589
2013-12-01 09:00:00+01:00,307.42496,395.74808,206.38434,133.99747,314.2108,434716.6,35473
2013-12-01 09:10:00+01:00,338.52908,364.22867,214.7659,220.30103,296.46997,460096.53,33424
2013-12-01 09:20:00+01:00,357.41956,579.1727,344.37018,148.06448,361.07364,469988.16,35416
2013-12-01 09:30:00+01:00,553.00073,457.7946,232.46979,144.24211,298.5265,491415.88,35526
2013-12-01 09:40:00+01:00,648.28436,665.68774,227.882,157.24742,290.09067,517885.2,36850
2013-12-01 09:50:00+01:00,773.24457,463.3592,356.31317,171.21889,337.68735,521332.5,37512
2013-12-01 10:00:00+01:00,918.56604,576.402,287.79236,284.65805,391.17282,542687.94,37347
2013-12-01 10:10:00+01:00,1047.1914,757.6129,463.99976,536.3471,338.96286,562882.4,38360
2013-12-01 10:20:00+01:00,1368.2219,716.3446,366.1821,197.2934,347.0739,569126.06,40651
2013-12-01 10:30:00+01:00,1438.6761,1018.83075,327.29028,180.51628,374.76437,579032.5,39818
2013-12-01 10:40:00+01:00,1988.8474,997.00714,318.84732,169.30673,379.73376,600806.3,39477
2013-12-01 10:50:00+01:00,1940.9941,966.23816,374.88052,179.14438,455.1122,601331.0,37628
2013-12-01 11:00:00+01:00,2231.2092,1309.6367,333.23392,144.42334,460.4987,613493.25,41560
2013-12-01 11:10:00+01:00,2409.1174,1214.4867,396.7467,162.42413,461.9608,628876.7,40197
2013-12-01 11:20:00+01:00,2743.5188,1407.8137,336.97342,169.10867,431.66306,633186.0,41998
2013-12-01 11:30:00+01:00,3202.4133,1611.6692,368.97543,176.37012,441.93405,640873.25,40085
2013-12-01 11:40:00+01:00,3816.2861,1650.321,433.86853,219.25331,463.85703,656713.1,41458
2013-12-01 11:50:00+01:00,4059.6235,1858.9707,432.64972,157.26707,470.70673,648497.4,39040
2013-12-01 12:00:00+01:00,3725.4841,1617.9377,417.21823,162.90958,558.8439,655525.56,39137
2013-12-01 12:10:00+01:00,4171.8433,1857.1531,535.9544,163.18207,582.05524,670677.56,40867
2013-12-01 12:20:00+01:00,4635.036,1670.6715,386.56546,135.94868,541.9071,668078.2,40930
2013-12-01 12:30:00+01:00,4547.563,1914.7095,349.68784,159.83482,568.4994,681164.9,40784
2013-12-01 12:40:00+01:00,4387.168,2093.0374,385.07568,168.03203,609.7037,681790.8,40585
2013-12-01 12:50:00+01:00,4633.255,1669.4342,399.41086,152.03441,548.62897,676000.8,40349
2013-12-01 13:00:00+01:00,4809.8403,2113.2744,388.1552,179.34729,654.1089,677822.7,39395
2013-12-01 13:10:00+01:00,5541.4775,2084.6895,412.33853,182.16815,719.7416,677193.9,40337
2013-12-01 13:20:00+01:00,4463.693,1940.728,411.77957,131.45769,544.7126,670756.06,39961
2013-12-01 13:30:00+01:00,4399.5356,2287.2832,418.9864,178.13176,633.1767,684445.94,39698
2013-12-01 13:40:00+01:00,4444.77,2242.5027,483.8678,199.05814,735.87616,685813.2,39399
2013-12-01 13:50:00+01:00,4572.7236,2224.4297,518.3196,166.60239,774.8079,694672.1,39616
2013-12-01 14:00:00+01:00,4676.4985,1828.5569,498.56424,213.65715,582.4804,690872.3,39038
2013-12-01 14:10:00+01:00,4734.934,2152.0325,472.6841,220.532,695.06854,699006.3,39719
2013-12-01 14:20:00+01:00,5942.552,2026.2239,500.48172,195.15613,554.5704,700202.8,38856
2013-12-01 14:30:00+01:00,5521.306,1959.5535,508.89102,201.96532,774.0964,705800.6,39173
2013-12-01 14:40:00+01:00,5111.0537,1832.8002,509.31354,163.17244,714.9093,706343.44,39700
2013-12-01 14:50:00+01:00,4795.2104,1910.5118,470.66144,152.1871,711.70856,702155.25,39497
2013-12-01 15:00:00+01:00,4894.802,1898.5228,494.70776,184.95009,629.88354,704541.5,39110
2013-12-01 15:10:00+01:00,5344.098,2216.141,521.7433,256.95142,769.27905,717222.75,40181
2013-12-01 15:20:00+01:00,5675.8438,2227.7114,433.96008,233.60298,739.2867,718390.5,38675
2013-12-01 15:30:00+01:00,6346.713,2532.7922,378.78848,208.33575,703.16595,722188.06,38930
2013-12-01 15:40:00+01:00,6099.8296,2808.678,456.4363,234.86739,637.66785,725255.5,40571
2013-12-01 15:50:00+01:00,6231.864,2268.5662,541.0746,180.58246,683.883,730543.4,39903
2013-12-01 16:00:00+01:00,6550.888,2595.8618,458.3605,197.41837,634.0561,728991.25,39364
2013-12-01 16:10:00+01:00,6548.4033,2639.8289,565.13025,224.54825,647.5505,739403.5,38623
2013-12-01 16:20:00+01:00,6736.9136,2492.2312,565.0918,242.68947,665.68,732919.56,38881
2013-12-01 16:30:00+01:00,6667.6235,2262.9106,519.4077,221.38571,689.46564,741763.56,41519
2013-12-01 16:40:00+01:00,6753.2896,2438.8066,534.71387,180.25204,700.1958,743905.5,39282
2013-12-01 16:50:00+01:00,6995.387,2956.3667,524.1173,197.08916,872.867,749681.06,41743
2013-12-01 17:00:00+01:00,6663.225,2659.668,482.1127,208.47377,583.88873,757171.25,41524
2013-12-01 17:10:00+01:00,6059.1704,3018.761,422.2505,215.16104,631.8783,755559.56,40790
2013-12-01 17:20:00+01:00,6412.843,2841.0574,440.15332,211.39978,676.7152,756428.5,40297
2013-12-01 17:30:00+01:00,6206.1587,2702.4866,433.05124,207.76575,621.49133,756435.9,41612
2013-12-01 17:40:00+01:00,5630.703,2798.0203,488.11798,202.84404,632.35333,757719.94,43380
2013-12-01 17:50:00+01:00,6074.71,2216.171,466.22125,205.57787,606.3669,749962.8,40385
2013-12-01 18:00:00+01:00,6442.4873,2663.3796,462.91336,201.3458,655.4692,748665.44,41247
2013-12-01 18:10:00+01:00,5525.454,2953.999,454.25128,201.23283,715.7715,751545.2,39951
2013-12-01 18:20:00+01:00,5831.346,2868.1792,451.5203,221.24683,808.87445,757971.8,41201
2013-12-01 18:30:00+01:00,6166.818,2756.1562,565.26483,190.02016,665.1504,766395.1,41038
2013-12-01 18:40:00+01:00,5187.7783,2108.0442,547.02704,201.18945,653.664,769777.6,43331
2013-12-01 18:50:00+01:00,4443.6714,2228.5083,665.1469,194.78038,659.7226,748984.8,39749
2013-12-01 19:00:00+01:00,4129.6685,1884.3735,547.7799,221.08519,688.2523,746335.06,40883
2013-12-01 19:10:00+01:00,4069.6875,2027.6335,551.78796,214.44127,603.56635,748949.8,41748
2013-12-01 19:20:00+01:00,3819.3623,1517.5044,959.74756,212.97571,746.84674,744226.25,39709
2013-12-01 19:30:00+01:00,3613.595,1458.4111,571.8501,321.12796,636.3245,731994.9,39266
2013-12-01 19:40:00+01:00,3062.484,1283.4554,528.3716,227.24338,638.38916,724315.0,39300
2013-12-01 19:50:00+01:00,2793.842,1091.112,471.20056,204.03279,745.85425,712265.25,40282
2013-12-01 20:00:00+01:00,2688.7893,992.0014,340.66385,211.42456,942.3247,704167.94,38496
2013-12-01 20:10:00+01:00,2419.4849,1314.2517,312.37476,283.50412,757.5366,708412.7,38118
2013-12-01 20:20:00+01:00,2307.3665,2095.434,336.31815,207.95279,720.30804,708749.4,38262
2013-12-01 20:30:00+01:00,2447.105,1007.1676,348.31128,202.69667,791.88153,696950.06,37292
2013-12-01 20:40:00+01:00,1645.2169,807.5451,327.93265,192.22888,922.09186,686970.56,36334
2013-12-01 20:50:00+01:00,1260.5087,670.63776,268.17004,172.7776,820.0745,673375.2,36235
2013-12-01 21:00:00+01:00,1215.4874,829.67487,320.20523,163.96164,768.39154,673650.06,34795
2013-12-01 21:10:00+01:00,1061.136,748.15173,304.2714,205.72147,886.2992,673791.8,35673
2013-12-01 21:20:00+01:00,949.0075,712.85474,276.78625,227.0305,687.5435,670766.2,33733
2013-12-01 21:30:00+01:00,911.3239,591.85474,332.93216,175.53015,837.32043,666851.44,35018
2013-12-01 21:40:00+01:00,898.184,651.8095,379.96783,196.10428,899.1304,658854.3,33719
2013-12-01 21:50:00+01:00,981.87225,717.76587,243.84511,209.17546,956.2309,655286.2,32892
2013-12-01 22:00:00+01:00,945.19904,691.8443,251.68507,216.03871,754.062,647549.2,33623
2013-12-01 22:10:00+01:00,792.8953,607.1519,368.54572,203.17511,764.1114,642237.5,29925
2013-12-01 22:20:00+01:00,570.9442,740.2138,304.69806,196.69794,713.31085,639079.06,30588
2013-12-01 22:30:00+01:00,561.54297,670.29877,325.04224,197.63681,754.6983,626086.2,31255
2013-12-01 22:40:00+01:00,519.2288,558.5889,353.9856,204.82222,663.6683,614123.2,28711
2013-12-01 22:50:00+01:00,474.32498,450.11563,333.37225,220.38257,649.48975,602340.1,29365
2013-12-01 23:00:00+01:00,384.3161,437.99817,303.10535,193.73059,656.3386,586345.44,28450
2013-12-01 23:10:00+01:00,370.1408,543.26434,342.2883,238.63829,725.0318,576326.25,28614
2013-12-01 23:20:00+01:00,336.4926,424.91498,246.66364,203.9692,598.193,568734.0,25882
2013-12-01 23:30:00+01:00,269.07556,362.09335,230.24973,181.17143,667.22046,545307.25,25392
2013-12-01 23:40:00+01:00,296.0057,338.8171,192.836,153.59723,505.03366,527431.4,25113
2013-12-01 23:50:00+01:00,399.03723,363.17126,186.68388,149.8281,567.1993,516781.88,23965
2013-12-02 00:00:00+01:00,340.3522,384.04166,227.33041,185.42696,584.1498,506839.53,24458
2013-12-02 00:10:00+01:00,308.776,430.20892,210.64001,168.63855,465.0405,487332.72,23787
2013-12-02 00:20:00+01:00,221.50871,380.05063,165.00735,150.45345,522.77014,468120.97,21688
2013-12-02 00:30:00+01:00,251.60548,325.6984,166.40996,166.51602,475.8122,458842.47,20862
2013-12-02 00:40:00+01:00,205.08844,328.33044,184.65733,179.19075,392.98633,442777.2,20666
2013-12-02 00:50:00+01:00,202.4937,306.6828,149.06815,170.27307,474.80902,433299.53,19255
2013-12-02 01:00:00+01:00,231.48093,311.0391,179.40897,226.34612,375.64517,421289.7,19313
2013-12-02 01:10:00+01:00,221.38287,303.442,187.13348,186.12631,344.20233,411267.06,18307
2013-12-02 01:20:00+01:00,204.89633,273.14142,130.53804,149.85028,384.22995,394095.72,17259
2013-12-02 01:30:00+01:00,535.27496,307.1365,146.25876,135.12737,336.6126,385730.2,17258
2013-12-02 01:40:00+01:00,200.91241,280.06848,163.37064,155.06236,308.01712,378217.5,16592
2013-12-02 01:50:00+01:00,180.57335,270.10843,133.63004,133.81117,306.45792,363645.7,16145
2013-12-02 02:00:00+01:00,211.13847,234.25243,146.01299,107.257454,277.96185,358405.44,16212
2013-12-02 02:10:00+01:00,201.1508,241.68855,170.92297,127.552795,300.71146,353111.3,15620
2013-12-02 02:20:00+01:00,202.7222,239.01575,133.65117,124.810326,278.21594,345897.25,16029
2013-12-02 02:30:00+01:00,226.46265,218.15483,144.49144,104.287285,284.45837,339337.4,14970
2013-12-02 02:40:00+01:00,199.27042,231.13039,154.81535,115.86658,312.88043,331442.12,15817
2013-12-02 02:50:00+01:00,195.9797,254.25456,129.67097,112.62165,254.50908,324956.03,15521
2013-12-02 03:00:00+01:00,202.04626,248.51286,126.938034,108.95264,275.3473,323176.7,15756
2013-12-02 03:10:00+01:00,154.9459,265.32617,144.76836,117.27098,238.26602,318685.66,15408
2013-12-02 03:20:00+01:00,163.49115,228.4614,123.52692,110.928246,237.9471,311816.28,15666
2013-12-02 03:30:00+01:00,177.31084,248.52834,121.795204,100.65687,230.31175,309811.94,15060
2013-12-02 03:40:00+01:00,154.7284,242.29732,142.24503,116.036644,238.97491,309241.25,14663
2013-12-02 03:50:00+01:00,169.52745,219.16484,131.59398,110.76122,227.16591,303466.75,14446
2013-12-02 04:00:00+01:00,187.54831,261.7435,122.503555,104.800835,225.78305,302046.78,14985
2013-12-02 04:10:00+01:00,156.68323,211.05919,144.64594,97.84695,234.57584,298046.44,15845
2013-12-02 04:20:00+01:00,181.74802,185.2354,132.4113,100.28957,213.93239,296105.44,16101
2013-12-02 04:30:00+01:00,185.82224,256.0935,127.686356,102.29715,220.52394,293639.2,16178
2013-12-02 04:40:00+01:00,160.51768,255.0851,143.11668,97.512115,241.56078,294119.06,16528
2013-12-02 04:50:00+01:00,178.78168,281.5344,129.69202,104.63419,213.05875,291616.56,18200
2013-12-02 05:00:00+01:00,210.21097,272.75632,123.34433,92.87345,217.95753,290289.72,19115
2013-12-02 05:10:00+01:00,194.33067,243.04903,141.06781,106.841034,244.80576,293284.0,18312
2013-12-02 05:20:00+01:00,169.63162,265.15436,126.28409,101.04187,213.82767,293279.9,18306
2013-12-02 05:30:00+01:00,187.87566,265.45618,122.47551,103.61011,217.71458,297721.72,19359
2013-12-02 05:40:00+01:00,159.58318,233.84927,129.71194,105.475685,233.93222,301728.03,19725
2013-12-02 05:50:00+01:00,168.12526,226.10066,115.38601,112.55177,225.84412,307186.4,21082
2013-12-02 06:00:00+01:00,191.06891,226.66779,141.48264,105.91828,222.50027,313692.34,21199
2013-12-02 06:10:00+01:00,219.70439,315.76132,135.3857,116.778076,236.38734,328161.1,23907
2013-12-02 06:20:00+01:00,201.65439,273.5116,119.13236,123.133194,256.49542,335501.38,24296
2013-12-02 06:30:00+01:00,217.61696,297.73834,152.77765,111.32842,260.6569,353489.97,25351
2013-12-02 06:40:00+01:00,204.95775,340.32355,149.86256,124.90892,272.1717,377566.75,26886
2013-12-02 06:50:00+01:00,266.2513,292.48175,176.81529,130.91243,262.82736,398764.38,28157
2013-12-02 07:00:00+01:00,297.52444,372.82785,251.41531,132.19936,254.39362,437470.47,29843
2013-12-02 07:10:00+01:00,267.8875,616.0202,259.60602,135.4739,319.3352,469920.2,31213
2013-12-02 07:20:00+01:00,246.33966,402.7453,279.46255,182.73871,321.57202,503202.88,31954
2013-12-02 07:30:00+01:00,316.21207,463.91562,297.28763,188.15186,419.96616,549393.3,36461
2013-12-02 07:40:00+01:00,315.59412,504.0395,440.9266,199.15811,386.18558,587924.75,35828
2013-12-02 07:50:00+01:00,366.28165,599.6,457.11026,244.4869,367.15848,618355.94,38353
2013-12-02 08:00:00+01:00,368.91586,671.71,650.7773,227.98804,414.6158,656600.5,38385
2013-12-02 08:10:00+01:00,394.88348,760.93005,748.73315,272.72375,444.03647,684397.3,42439
2013-12-02 08:20:00+01:00,708.51355,793.2172,715.3307,315.08777,539.53925,707249.94,42768
2013-12-02 08:30:00+01:00,519.40106,1026.3124,1054.0813,336.3372,555.51086,727696.1,43817
2013-12-02 08:40:00+01:00,522.55225,1179.7662,1251.4576,398.5366,564.642,741089.5,45570
2013-12-02 08:50:00+01:00,684.39343,1547.9354,1464.6055,364.8364,647.27094,762650.25,43670
2013-12-02 09:00:00+01:00,823.4382,1422.0637,1800.6145,421.015,507.66986,776960.7,47499
2013-12-02 09:10:00+01:00,761.4891,1381.7153,2060.306,443.23843,517.3198,778592.1,47512
2013-12-02 09:20:00+01:00,988.5684,1417.2024,1993.9302,439.6421,571.19977,780367.44,47219
2013-12-02 09:30:00+01:00,888.39355,1381.9949,2257.4553,438.20514,548.8248,790297.25,48636
2013-12-02 09:40:00+01:00,1006.0943,1842.0696,2252.5237,487.93744,502.20673,796601.5,50155
2013-12-02 09:50:00+01:00,999.1836,1551.5403,2290.0823,449.33502,465.73416,794811.94,50617
2013-12-02 10:00:00+01:00,1022.846,1802.1836,2511.5493,453.15924,503.85056,809303.1,48724
2013-12-02 10:10:00+01:00,1306.6622,2049.9465,2439.7664,471.83044,541.17163,818550.0,50141
2013-12-02 10:20:00+01:00,1421.2863,2084.4985,2441.8804,656.9199,466.9365,810952.25,50238
2013-12-02 10:30:00+01:00,1444.8519,2125.709,2609.8367,564.7465,447.16138,824464.7,50976
2013-12-02 10:40:00+01:00,1471.4491,2117.0889,2574.2576,532.1818,524.0006,820640.9,50388
2013-12-02 10:50:00+01:00,1785.3241,1802.5911,2719.0679,535.7449,432.9075,814398.4,49290
2013-12-02 11:00:00+01:00,1933.3661,2110.0073,2826.9521,549.93585,497.10184,823014.1,49894
2013-12-02 11:10:00+01:00,1885.5308,2032.6202,2677.818,559.72876,603.1825,841883.8,50034
2013-12-02 11:20:00+01:00,2191.3335,1891.553,2823.4463,609.603,454.71133,834676.1,48582
2013-12-02 11:30:00+01:00,2116.6792,1998.1769,2619.976,578.4941,460.27316,833323.06,50972
2013-12-02 11:40:00+01:00,2134.0088,2111.0605,2714.2722,599.93,456.39203,842709.25,50156
2013-12-02 11:50:00+01:00,2389.6558,1960.848,2715.9028,671.0657,467.43698,832548.44,48874
2013-12-02 12:00:00+01:00,2525.4783,2056.703,2765.1768,656.9862,465.10117,841726.0,52261
2013-12-02 12:10:00+01:00,2647.0688,2278.9336,2923.1428,710.6117,490.0344,846795.1,52875
2013-12-02 12:20:00+01:00,2351.2402,2609.9365,2817.8657,708.9385,481.1369,845929.9,50279
2013-12-02 12:30:00+01:00,2261.5647,2447.294,3004.661,660.98566,494.71014,870630.8,50611
2013-12-02 12:40:00+01:00,2423.7734,2524.7773,3098.1511,688.61426,487.3641,875397.0,50276
2013-12-02 12:50:00+01:00,2855.6194,2466.1436,3503.241,680.74744,475.7743,871647.1,48466
2013-12-02 13:00:00+01:00,2989.2417,2493.4768,3262.31,655.5239,592.65485,886804.4,50116
2013-12-02 13:10:00+01:00,2730.2317,2795.8567,3500.9385,709.82654,643.5078,897208.7,50308
2013-12-02 13:20:00+01:00,3374.08,2484.7502,3328.4204,664.4301,843.58844,895808.5,46726
2013-12-02 13:30:00+01:00,3126.0232,2655.966,3383.5586,719.6818,948.52966,905926.0,47385
2013-12-02 13:40:00+01:00,3150.429,2970.1301,3193.2402,636.6594,729.4541,915526.4,47993
2013-12-02 13:50:00+01:00,3147.5642,2801.2346,1729.6718,616.2482,524.4257,921263.94,48468
2013-12-02 14:00:00+01:00,3160.8752,2649.4329,1712.5195,748.9644,553.44507,913817.3,49055
2013-12-02 14:10:00+01:00,3055.984,2769.6694,1493.0354,769.15967,685.3828,896198.1,50026
2013-12-02 14:20:00+01:00,3177.0696,2701.933,1359.374,678.733,617.7442,891407.2,49858
2013-12-02 14:30:00+01:00,2834.28,2758.6946,1307.6548,638.31946,596.5946,873141.1,49119
2013-12-02 14:40:00+01:00,2883.321,2902.586,1319.9747,695.21497,563.613,869635.75,47734
2013-12-02 14:50:00+01:00,3082.4065,2201.3508,1301.9335,618.35815,551.27625,860937.75,47873
2013-12-02 15:00:00+01:00,2739.3918,2546.3264,2195.2883,601.6252,599.7425,870353.56,48631
2013-12-02 15:10:00+01:00,2713.3215,2637.1367,2440.0586,597.56665,546.53687,866377.6,49069
2013-12-02 15:20:00+01:00,2862.0327,3362.1396,2020.0518,647.66077,560.82104,865979.25,47819
2013-12-02 15:30:00+01:00,3236.3777,3236.9834,2093.7556,560.0515,551.7504,860368.6,48957
2013-12-02 15:40:00+01:00,3186.3184,2560.567,2303.2107,559.76965,566.184,861611.56,49353
2013-12-02 15:50:00+01:00,2554.927,2980.868,2406.1091,597.0346,541.71747,859596.56,48253
2013-12-02 16:00:00+01:00,2654.8918,2997.0464,2319.8757,744.8371,552.6137,859773.06,48581
2013-12-02 16:10:00+01:00,2511.2798,2764.4905,2692.4065,683.3885,556.1247,860412.44,50891
2013-12-02 16:20:00+01:00,3002.983,2288.2761,2642.7656,601.9286,483.13495,856595.5,50754
2013-12-02 16:30:00+01:00,3219.609,2557.9275,2694.7712,590.629,483.42307,854090.9,52022
2013-12-02 16:40:00+01:00,2495.268,2309.2732,2501.759,553.633,549.15265,860533.2,49516
2013-12-02 16:50:00+01:00,2935.6526,2405.1243,2624.5408,589.2118,539.32715,859541.44,50789
2013-12-02 17:00:00+01:00,2606.3718,2434.8904,2462.09,534.328,665.0444,860313.8,50843
2013-12-02 17:10:00+01:00,2835.7178,2261.5254,2477.1619,627.39307,619.27356,867661.06,51189
2013-12-02 17:20:00+01:00,2587.7463,2565.9082,2387.5413,557.838,716.5796,866471.94,49707
2013-12-02 17:30:00+01:00,2234.8591,2527.197,2601.7896,524.489,591.4336,862902.6,50665
2013-12-02 17:40:00+01:00,2355.7153,2845.5747,2384.5142,562.2865,508.06912,870550.6,48069
2013-12-02 17:50:00+01:00,2238.6223,2295.5059,2199.608,604.84143,573.68756,870376.06,48615
2013-12-02 18:00:00+01:00,2321.2131,2162.7139,2387.1096,534.517,561.5764,869805.6,49272
2013-12-02 18:10:00+01:00,2224.6707,2108.8025,2454.6252,510.14957,516.5571,870504.4,49727
2013-12-02 18:20:00+01:00,2108.6782,1864.1139,2069.2065,535.5039,655.34686,863871.7,49535
2013-12-02 18:30:00+01:00,1945.9894,1828.4934,2113.0073,585.7933,619.5176,863784.2,48524
2013-12-02 18:40:00+01:00,2111.2732,1542.7784,2402.0354,479.8268,573.22186,859826.75,47075
2013-12-02 18:50:00+01:00,2089.2966,1591.3461,2250.2097,485.91528,530.99426,840096.6,45488
2013-12-02 19:00:00+01:00,2513.325,1593.6428,1818.7472,480.2467,605.4013,837580.7,47039
2013-12-02 19:10:00+01:00,2355.8142,1420.4374,1737.5145,533.73065,591.0272,827681.8,47963
2013-12-02 19:20:00+01:00,1915.009,1503.9688,1759.6685,491.55676,765.08777,811907.5,46058
2013-12-02 19:30:00+01:00,1778.164,1292.4634,1624.841,471.67093,646.5401,797868.4,45842
2013-12-02 19:40:00+01:00,1799.4078,1467.5248,1588.3358,509.4813,661.6509,780259.9,44677
2013-12-02 19:50:00+01:00,1932.2006,1287.0317,1391.1946,409.324,729.0771,758395.2,43591
2013-12-02 20:00:00+01:00,2196.9604,1238.19,1327.2355,388.68173,689.2601,756110.9,44607
2013-12-02 20:10:00+01:00,1356.2246,1112.4546,1267.1111,359.52612,660.6281,740323.7,42063
2013-12-02 20:20:00+01:00,1250.9941,1095.133,1101.934,338.02063,766.22815,732893.75,41610
2013-12-02 20:30:00+01:00,1466.1052,1115.0056,1209.2141,349.19815,759.512,732820.3,41872
2013-12-02 20:40:00+01:00,889.4821,972.74207,1093.3287,399.4779,710.47314,723816.56,40457
2013-12-02 20:50:00+01:00,892.6088,1209.1277,820.31805,361.5056,842.8216,718011.56,39224
2013-12-02 21:00:00+01:00,910.8431,990.53546,849.8635,378.4649,956.15576,717478.75,40138
2013-12-02 21:10:00+01:00,790.4096,1010.92896,882.18945,345.19266,807.9762,710781.06,38580
2013-12-02 21:20:00+01:00,864.53345,868.0865,899.5015,296.60364,706.77203,697487.5,36719
2013-12-02 21:30:00+01:00,848.9668,826.16473,778.614,289.06158,665.7175,704745.7,37499
2013-12-02 21:40:00+01:00,832.1741,950.5125,728.7298,326.57053,729.8663,699617.4,36438
2013-12-02 21:50:00+01:00,1342.0596,690.84436,699.8494,350.80902,729.193,679143.75,36613
2013-12-02 22:00:00+01:00,897.78174,1165.4863,728.3374,396.97806,700.8083,686449.6,33789
2013-12-02 22:10:00+01:00,1356.4684,881.48975,649.60516,291.78693,696.93097,677244.75,34965
2013-12-02 22:20:00+01:00,922.6504,688.6715,603.97736,275.69888,707.1746,663632.2,32742
2013-12-02 22:30:00+01:00,854.0367,855.179,582.7418,286.16516,595.55615,655946.5,32129
2013-12-02 22:40:00+01:00,873.4138,1070.657,535.84595,259.1447,643.59344,648093.7,31755
2013-12-02 22:50:00+01:00,740.37146,661.7584,589.09424,276.0075,716.26385,640474.06,30421
2013-12-02 23:00:00+01:00,603.15186,632.98615,549.4643,237.7752,910.4191,633388.7,29900
2013-12-02 23:10:00+01:00,500.5914,589.32324,490.23993,314.18338,610.75323,617923.3,29727
2013-12-02 23:20:00+01:00,508.9283,517.74554,517.7146,268.6489,721.6601,603385.5,27191
2013-12-02 23:30:00+01:00,403.2863,571.4349,469.52505,299.18356,586.8555,587913.44,27880
2013-12-02 23:40:00+01:00,750.7112,648.50757,432.74625,293.71378,558.4703,570227.6,26324
2013-12-02 23:50:00+01:00,821.5272,472.32693,442.95605,280.7861,592.0146,547554.06,25283
2013-12-03 00:00:00+01:00,531.15076,575.95825,429.94638,316.54388,676.36835,540084.25,26875
2013-12-03 00:10:00+01:00,423.04614,734.88135,676.0827,217.83496,656.5407,536794.7,24857
2013-12-03 00:20:00+01:00,296.70847,473.05655,414.00885,215.81837,553.15356,507114.22,23236
2013-12-03 00:30:00+01:00,287.37485,478.82144,491.85022,219.60608,444.18073,488576.16,22868
2013-12-03 00:40:00+01:00,228.5781,428.55847,435.88803,193.36432,357.44952,472227.3,22104
2013-12-03 00:50:00+01:00,243.63629,340.31555,346.90576,168.24109,381.03732,455581.25,21159
2013-12-03 01:00:00+01:00,223.97572,425.0927,439.73752,196.48418,429.82703,447676.2,21448
2013-12-03 01:10:00+01:00,220.75409,496.8248,372.28357,435.0451,425.4481,509845.0,20485
2013-12-03 01:20:00+01:00,230.69292,356.61337,338.63727,132.9786,361.18945,397217.4,18854
2013-12-03 01:30:00+01:00,187.76793,348.7949,389.09128,199.54146,336.61362,416259.34,18957
2013-12-03 01:40:00+01:00,183.68117,361.7977,316.90457,211.36337,300.23795,404884.75,17882
2013-12-03 01:50:00+01:00,169.72165,283.46463,327.62363,131.46793,319.00497,380160.28,17702
2013-12-03 02:00:00+01:00,168.1963,321.0545,363.0009,159.81836,320.6586,426556.12,19129
2013-12-03 02:10:00+01:00,164.04199,308.42303,302.53345,168.7123,277.4398,369023.4,17233
2013-12-03 02:20:00+01:00,152.94887,273.95215,327.46164,128.91788,281.11038,361848.38,16467
2013-12-03 02:30:00+01:00,159.50238,315.14792,344.43158,150.77406,273.49567,357185.44,15680
2013-12-03 02:40:00+01:00,171.00485,284.3814,298.30792,153.53882,291.31525,348749.34,16776
2013-12-03 02:50:00+01:00,157.42801,271.35245,313.44458,135.14258,328.5786,343111.47,17532
2013-12-03 03:00:00+01:00,163.95363,291.1007,311.13144,152.25041,250.42181,377334.06,18129
2013-12-03 03:10:00+01:00,158.31671,281.27325,289.47134,149.75508,261.72778,363644.38,18635
2013-12-03 03:20:00+01:00,148.45808,254.11366,309.40253,141.09355,286.50153,333211.8,16913
2013-12-03 03:30:00+01:00,161.80656,287.10303,308.66617,152.34183,253.9371,330903.6,16052
2013-12-03 03:40:00+01:00,162.51935,303.21405,289.69196,151.40547,281.53622,330595.34,16626
2013-12-03 03:50:00+01:00,153.45747,257.07077,307.30734,130.56189,315.42978,364651.53,16502
2013-12-03 04:00:00+01:00,156.1936,265.96942,289.597,136.1582,271.79037,318492.25,15806
2013-12-03 04:10:00+01:00,135.9096,273.6072,278.68967,141.74818,270.3989,320152.78,15422
2013-12-03 04:20:00+01:00,137.12366,272.82834,302.58102,132.48312,270.22595,320805.97,15881
2013-12-03 04:30:00+01:00,138.60713,299.3164,286.14297,145.46848,238.1428,308800.28,17373
2013-12-03 04:40:00+01:00,146.22256,262.5811,261.13025,141.74104,258.0348,313906.53,17448
2013-12-03 04:50:00+01:00,148.72112,274.77332,292.61484,128.75153,264.9562,313275.2,17813
2013-12-03 05:00:00+01:00,143.88951,276.1654,302.25598,150.76547,244.659,314443.84,19204
2013-12-03 05:10:00+01:00,149.30548,277.91522,268.99374,139.1569,228.45296,311716.0,20290
2013-12-03 05:20:00+01:00,150.71954,293.9143,313.5676,134.118,274.01657,317955.22,20083
2013-12-03 05:30:00+01:00,149.66621,287.68704,303.88376,148.1897,259.58954,315132.75,21774
2013-12-03 05:40:00+01:00,144.3241,298.462,257.30026,143.12752,248.98566,324460.72,20753
2013-12-03 05:50:00+01:00,162.42163,267.51877,309.5739,123.89203,259.56766,328983.25,23358
2013-12-03 06:00:00+01:00,163.18378,326.87396,328.40366,144.18356,261.20282,340126.78,24174
2013-12-03 06:10:00+01:00,151.66379,310.9739,293.92822,145.87473,258.00018,351900.4,23666
2013-12-03 06:20:00+01:00,159.12651,324.0273,306.0311,132.45358,277.6147,360698.2,25539
2013-12-03 06:30:00+01:00,170.38792,310.94962,339.53903,153.32874,276.32504,381051.47,26716
2013-12-03 06:40:00+01:00,181.11382,356.89798,300.95932,137.65186,272.71072,402239.34,27497
2013-12-03 06:50:00+01:00,169.35756,347.96945,447.16513,159.65228,285.24628,443332.34,28541
2013-12-03 07:00:00+01:00,202.10403,447.42102,450.88345,166.04689,298.71823,457982.7,31723
2013-12-03 07:10:00+01:00,286.9651,427.3437,401.06345,159.51338,312.55774,489924.22,32256
2013-12-03 07:20:00+01:00,291.53735,440.03198,528.6688,175.05614,450.50058,541819.75,34780
2013-12-03 07:30:00+01:00,248.64345,573.46814,488.58316,196.17946,377.42368,575319.06,36666
2013-12-03 07:40:00+01:00,373.25635,518.2446,501.62115,212.66344,371.11578,613840.9,39019
2013-12-03 07:50:00+01:00,273.26486,625.9777,846.70905,320.7583,449.27612,645695.4,38652
2013-12-03 08:00:00+01:00,362.5333,780.85205,899.266,235.12952,467.69232,682422.06,42276
2013-12-03 08:10:00+01:00,444.08917,970.4041,805.1164,286.40256,566.4903,716541.75,43402
2013-12-03 08:20:00+01:00,472.0584,1260.9423,1066.7773,344.25177,559.1425,739555.44,44483
2013-12-03 08:30:00+01:00,604.1493,1186.3171,1470.6519,309.89456,469.93686,758135.75,46457
2013-12-03 08:40:00+01:00,628.88403,1180.8186,1545.1667,490.77066,573.1862,777005.44,45773
2013-12-03 08:50:00+01:00,803.5783,1176.5892,1667.0693,352.6145,474.503,781085.7,47151
2013-12-03 09:00:00+01:00,890.4538,1419.7015,2116.1375,406.2017,492.4341,805919.25,48132
2013-12-03 09:10:00+01:00,888.0616,1302.9829,2133.559,463.3854,487.78955,809176.44,49050
2013-12-03 09:20:00+01:00,1042.3813,1560.3107,2300.0273,466.19928,515.79486,812189.8,50349
2013-12-03 09:30:00+01:00,1053.9783,1750.3187,2545.3025,470.0334,527.3117,816084.44,52295
2013-12-03 09:40:00+01:00,1096.5906,1628.9281,2528.6582,458.66306,506.56573,830514.6,48834
2013-12-03 09:50:00+01:00,1070.5964,1914.1449,2558.431,450.78754,512.0369,813139.25,49428
2013-12-03 10:00:00+01:00,1263.3893,1843.5962,2685.0417,510.26907,542.8939,826456.44,52655
2013-12-03 10:10:00+01:00,1317.5452,1635.8887,2749.7007,548.11676,472.70996,831583.9,53463
2013-12-03 10:20:00+01:00,1397.6863,1825.3694,2702.2766,603.3189,516.69855,833968.4,51673
2013-12-03 10:30:00+01:00,1662.5043,1724.1136,2930.8896,621.8949,481.72992,842861.2,52345
2013-12-03 10:40:00+01:00,1319.7861,2587.7131,2925.29,648.0996,515.8277,853941.7,50647
2013-12-03 10:50:00+01:00,1740.6882,2053.9849,2765.7034,641.0951,495.76926,848962.1,52521
2013-12-03 11:00:00+01:00,2092.9294,2824.5571,3055.5767,597.393,529.5621,858549.06,52517
2013-12-03 11:10:00+01:00,1841.3533,2145.488,2954.9756,619.3238,492.91983,861109.25,50368
2013-12-03 11:20:00+01:00,2105.425,2098.9614,2940.572,598.9371,526.1789,860589.75,52192
2013-12-03 11:30:00+01:00,1948.407,2302.3853,3082.658,628.18524,589.74396,866735.25,52336
2013-12-03 11:40:00+01:00,1920.0381,2413.6643,3159.6436,679.87366,567.28235,851364.56,52203
2013-12-03 11:50:00+01:00,2187.8323,2148.9036,2953.1323,642.42633,574.259,843154.2,51252
2013-12-03 12:00:00+01:00,2098.748,2621.333,3140.1616,743.2531,529.7915,861369.3,53492
2013-12-03 12:10:00+01:00,2226.1855,3186.831,3104.0208,741.5615,513.35156,868118.44,52608
2013-12-03 12:20:00+01:00,2345.6702,2591.6108,3598.9958,685.1893,541.9325,875861.44,52373
2013-12-03 12:30:00+01:00,2366.145,2541.9006,3298.4976,712.283,577.8138,874778.4,53041
2013-12-03 12:40:00+01:00,2190.7886,2699.4333,3327.885,610.0297,521.8049,874576.7,51877
2013-12-03 12:50:00+01:00,2512.2412,2581.9592,3623.3218,613.5722,519.7385,881841.8,52122
2013-12-03 13:00:00+01:00,2525.1829,2699.4492,3570.8103,651.87524,629.7867,895573.9,51196
2013-12-03 13:10:00+01:00,2630.6074,2585.7566,3495.8157,593.8694,540.4654,902302.9,49835
2013-12-03 13:20:00+01:00,2840.7,2826.8853,3542.5496,643.14,547.0525,937911.1,50062
2013-12-03 13:30:00+01:00,2638.4631,2832.3489,3832.682,549.43414,594.56616,918559.44,49322
2013-12-03 13:40:00+01:00,3273.3474,2850.4907,3745.8652,608.3332,648.7159,906271.7,48997
2013-12-03 13:50:00+01:00,3194.2092,2945.6765,3481.7039,605.67755,658.5067,910390.25,51850
2013-12-03 14:00:00+01:00,3222.614,3225.135,3551.3142,696.75073,601.4137,907307.0,52242
2013-12-03 14:10:00+01:00,3281.8477,3208.7488,3616.2998,781.3594,616.1296,895466.25,48838
2013-12-03 14:20:00+01:00,3309.4639,3328.7383,3229.335,631.3601,671.1896,894565.7,49987
2013-12-03 14:30:00+01:00,3174.5303,3388.4268,3425.739,634.4655,613.73474,897778.7,51784
2013-12-03 14:40:00+01:00,2733.3774,3639.8362,3227.2163,568.67004,634.18805,884857.94,49930
2013-12-03 14:50:00+01:00,2602.7637,2730.7305,3299.6433,554.9848,611.77954,879786.75,51112
2013-12-03 15:00:00+01:00,2728.2039,3113.2712,3247.6091,644.7505,783.2846,876889.8,51417
2013-12-03 15:10:00+01:00,2941.135,2968.2937,3093.8127,617.8493,695.91174,874695.4,52320
2013-12-03 15:20:00+01:00,2709.077,2670.1084,3357.7268,529.18774,840.72864,876448.2,50059
2013-12-03 15:30:00+01:00,3048.848,2662.592,3030.5269,548.9962,734.1618,872615.8,49560
2013-12-03 15:40:00+01:00,3275.0364,2506.5896,3151.197,534.4525,654.33014,877064.94,51452
2013-12-03 15:50:00+01:00,3606.4382,2515.4653,3101.616,529.4446,591.40015,881333.2,52646
2013-12-03 16:00:00+01:00,3022.6934,2668.6714,3009.8066,643.3529,621.6279,873447.94,52174
2013-12-03 16:10:00+01:00,2917.3599,2643.8618,3050.4546,669.98584,549.71,876848.75,52602
2013-12-03 16:20:00+01:00,2735.9402,2702.6316,3018.5422,629.13654,584.11365,881786.4,52039
2013-12-03 16:30:00+01:00,2976.3716,2418.061,2994.095,622.1054,528.20386,870495.1,52030
2013-12-03 16:40:00+01:00,2836.716,2650.2842,3176.2085,599.97784,499.79007,873041.0,50414
2013-12-03 16:50:00+01:00,2579.4036,2362.1333,3094.261,554.1569,571.25745,873516.8,50748
2013-12-03 17:00:00+01:00,2680.869,2469.021,2931.0269,590.6898,558.92645,878026.25,51353
2013-12-03 17:10:00+01:00,2851.8281,2478.1223,2918.5854,629.9924,599.7202,872823.06,52701
2013-12-03 17:20:00+01:00,2872.7915,3054.609,3131.9546,576.96484,584.4963,879168.94,51591
2013-12-03 17:30:00+01:00,2700.5933,2411.5547,2825.2776,691.2567,551.53766,876167.5,50751
2013-12-03 17:40:00+01:00,2781.125,2483.259,2736.9487,651.7578,552.0933,879980.5,51301
2013-12-03 17:50:00+01:00,2369.3096,2462.2441,2790.4497,626.5309,588.8506,879689.9,52061
2013-12-03 18:00:00+01:00,2549.7517,2127.067,2743.2134,665.18774,621.76843,886668.8,51613
2013-12-03 18:10:00+01:00,2605.753,2149.2952,2815.9514,578.4264,611.2402,874119.1,49128
2013-12-03 18:20:00+01:00,2654.1638,2379.418,2621.3872,498.62057,631.0295,875842.9,51306
2013-12-03 18:30:00+01:00,2303.634,2093.8044,2212.9526,485.74945,706.48944,866707.94,50062
2013-12-03 18:40:00+01:00,2802.2776,1827.8569,2218.9578,503.07297,727.92194,861656.6,49298
2013-12-03 18:50:00+01:00,2112.453,1774.9153,2045.1804,450.8831,672.1636,838802.3,48725
2013-12-03 19:00:00+01:00,2017.6012,2051.4492,1926.6759,441.06332,615.8513,836349.4,49345
2013-12-03 19:10:00+01:00,2019.0714,1662.7367,1831.4669,466.1181,628.43787,833986.9,50003
2013-12-03 19:20:00+01:00,1929.7789,1797.6453,1783.4325,455.61447,711.1552,811336.06,47684
2013-12-03 19:30:00+01:00,2462.6326,1864.2699,1605.5831,434.71945,685.50287,790108.06,47557
2013-12-03 19:40:00+01:00,1922.7189,1651.5115,1505.6301,409.73538,668.92896,783912.75,47517
2013-12-03 19:50:00+01:00,1729.288,1557.7548,1524.7526,393.10617,670.6687,767090.06,44897
2013-12-03 20:00:00+01:00,1613.2831,1408.705,1337.1626,498.31717,654.19073,764413.6,44334
2013-12-03 20:10:00+01:00,1477.8596,1289.0338,1280.2482,349.11877,838.77014,757583.7,45200
2013-12-03 20:20:00+01:00,1430.9048,1359.2893,1276.3398,435.79416,674.60046,749034.0,44606
2013-12-03 20:30:00+01:00,1211.0458,1308.3857,1234.5499,333.5116,724.2051,735055.56,42609
2013-12-03 20:40:00+01:00,1408.6766,1397.09,1116.129,411.87186,746.5492,748337.3,39988
2013-12-03 20:50:00+01:00,1374.4968,1136.7057,1144.2611,308.50497,794.903,727255.1,41878
2013-12-03 21:00:00+01:00,1065.5931,1130.1481,1039.2845,338.09964,896.13135,722099.44,41326
2013-12-03 21:10:00+01:00,889.8821,1239.3925,927.012,416.77432,872.97675,723097.06,39999
2013-12-03 21:20:00+01:00,884.22046,1023.7842,1024.473,299.6485,779.6678,713152.3,37074
2013-12-03 21:30:00+01:00,1352.922,1035.2883,982.99976,281.02847,826.84595,691483.8,36690
2013-12-03 21:40:00+01:00,863.1428,1074.0957,1056.2812,343.86984,764.54596,692231.6,36900
2013-12-03 21:50:00+01:00,896.846,1644.1157,911.65155,360.1005,753.8346,692680.56,35051
2013-12-03 22:00:00+01:00,670.98865,775.1742,954.20905,264.134,787.75134,681495.7,34605
2013-12-03 22:10:00+01:00,696.3208,968.92615,818.52203,397.8129,756.1962,679211.44,35495
2013-12-03 22:20:00+01:00,527.7706,633.7677,806.16235,298.33463,692.68066,667147.1,33295
2013-12-03 22:30:00+01:00,563.30536,700.0318,777.7881,264.4812,702.0828,659883.06,34230
2013-12-03 22:40:00+01:00,590.6568,647.9113,735.47235,264.41196,725.53156,663013.94,34027
2013-12-03 22:50:00+01:00,454.26108,580.6574,844.47925,229.34863,662.18384,641832.94,31372
2013-12-03 23:00:00+01:00,617.4255,540.5914,727.2943,237.92151,669.3417,636138.94,32086
2013-12-03 23:10:00+01:00,611.86005,624.0952,670.8891,285.4382,703.2194,621049.4,30357
2013-12-03 23:20:00+01:00,782.95245,495.53085,665.47125,270.8225,689.74243,613657.94,28786
2013-12-03 23:30:00+01:00,419.9768,502.41565,702.84973,242.01724,644.3198,599322.06,28734
2013-12-03 23:40:00+01:00,401.69376,528.9847,698.9071,254.85564,701.06116,579645.5,26829
2013-12-03 23:50:00+01:00,384.60703,495.8731,720.7951,244.25671,649.9611,569060.7,26318
2013-12-04 00:00:00+01:00,315.1167,510.63928,655.40753,304.57516,610.52893,550444.6,24586
2013-12-04 00:10:00+01:00,299.8264,485.91837,552.89185,237.00829,596.7847,527883.94,26012
2013-12-04 00:20:00+01:00,685.2483,454.83258,602.2677,204.31795,613.73456,517352.8,24269
2013-12-04 00:30:00+01:00,550.71625,430.48444,552.1585,195.63022,545.36,498478.84,23613
2013-12-04 00:40:00+01:00,713.4805,438.48532,446.66235,170.97964,544.6659,513688.94,23362
2013-12-04 00:50:00+01:00,336.20593,379.85132,515.648,167.55525,549.4689,472794.38,21595
2013-12-04 01:00:00+01:00,442.15256,349.6326,483.39795,172.43433,488.85205,448901.78,20830
2013-12-04 01:10:00+01:00,370.1622,357.00668,396.77994,168.74342,408.46756,436048.47,19272
2013-12-04 01:20:00+01:00,244.32501,344.94888,457.89047,159.08504,379.0825,501019.94,21483
2013-12-04 01:30:00+01:00,191.72473,383.43298,429.28314,159.64835,380.02872,406751.4,19133
2013-12-04 01:40:00+01:00,215.80614,393.95483,395.90472,153.81839,391.60266,401792.97,17859
2013-12-04 01:50:00+01:00,202.16223,334.22403,452.53125,176.45369,374.67056,396600.06,17133
2013-12-04 02:00:00+01:00,218.0832,351.7838,417.11685,217.05376,325.59167,382669.1,16830
2013-12-04 02:10:00+01:00,218.84464,369.37604,467.71112,268.09082,340.3427,473772.28,17725
2013-12-04 02:20:00+01:00,191.64575,294.002,392.73715,128.44202,333.88312,425701.56,17829
2013-12-04 02:30:00+01:00,189.11784,361.85165,341.4919,122.441925,321.83884,376327.03,17236
2013-12-04 02:40:00+01:00,185.71936,367.64172,335.34055,127.93913,310.68225,352910.47,16047
2013-12-04 02:50:00+01:00,171.51569,309.60236,379.11523,117.50882,291.2689,371053.66,16135
2013-12-04 03:00:00+01:00,170.76666,301.20596,336.29395,114.39546,292.2138,356840.6,16537
2013-12-04 03:10:00+01:00,177.37079,280.6594,317.3571,123.88811,287.20325,365667.1,16110
2013-12-04 03:20:00+01:00,169.98135,245.7976,362.97165,121.12312,282.95364,376482.66,16866
2013-12-04 03:30:00+01:00,162.99683,300.02298,322.74524,121.24205,245.23692,348523.84,16431
2013-12-04 03:40:00+01:00,175.66817,310.3961,327.69955,126.32267,258.86658,331997.03,16083
2013-12-04 03:50:00+01:00,154.80872,292.53214,364.3894,113.659996,260.90573,334908.66,16147
2013-12-04 04:00:00+01:00,169.41777,344.59854,350.62875,118.85472,233.90416,331191.72,16314
2013-12-04 04:10:00+01:00,172.1148,309.76093,340.20566,114.105385,237.94296,327636.03,17218
2013-12-04 04:20:00+01:00,164.85585,242.70752,349.694,102.934586,224.52823,320854.72,16354
2013-12-04 04:30:00+01:00,173.33636,299.18643,328.4573,109.40444,203.2197,321984.84,17271
2013-12-04 04:40:00+01:00,175.84843,285.88885,322.3143,107.14876,230.05367,315237.66,17564
2013-12-04 04:50:00+01:00,180.62018,254.41931,335.88132,105.8411,251.9108,318464.84,16247
2013-12-04 05:00:00+01:00,178.19096,292.9299,317.59766,110.96468,224.76091,315495.8,19115
2013-12-04 05:10:00+01:00,190.62268,266.7185,323.11926,106.59036,250.29585,310807.22,19443
2013-12-04 05:20:00+01:00,167.13908,250.09976,358.84744,112.06729,254.43533,315702.03,20770
2013-12-04 05:30:00+01:00,173.76808,317.84824,323.68088,120.98213,224.1014,323287.5,20158
2013-12-04 05:40:00+01:00,186.76044,269.3485,328.60776,116.842766,247.1973,321218.1,21430
2013-12-04 05:50:00+01:00,187.7913,258.09894,415.41376,111.926254,275.5134,330800.2,21020
2013-12-04 06:00:00+01:00,175.298,301.93793,354.20895,120.850914,237.35266,339817.38,23033
2013-12-04 06:10:00+01:00,172.4048,268.99933,358.10428,132.31241,256.5244,345122.2,24789
2013-12-04 06:20:00+01:00,205.76685,302.82172,363.0406,134.03978,266.49792,359149.6,25085
2013-12-04 06:30:00+01:00,204.0764,345.6431,322.52155,131.56502,253.518,371697.2,27446
2013-12-04 06:40:00+01:00,239.18712,330.422,350.257,140.35641,254.0502,397176.03,28678
2013-12-04 06:50:00+01:00,256.62018,324.98703,374.76575,141.72581,259.51544,420353.97,29300
2013-12-04 07:00:00+01:00,265.292,413.28934,331.90454,157.18318,263.81366,451642.03,32158
2013-12-04 07:10:00+01:00,365.01398,523.61224,439.08624,153.82397,335.712,487506.25,33203
2013-12-04 07:20:00+01:00,268.46713,418.38477,441.5057,159.14232,330.7643,520760.22,35893
2013-12-04 07:30:00+01:00,289.88742,544.22864,456.6029,323.083,376.20462,567640.5,36712
2013-12-04 07:40:00+01:00,340.01025,589.9937,535.76276,215.50948,382.5746,599414.7,38795
2013-12-04 07:50:00+01:00,349.26804,672.33813,612.70496,226.9024,471.33344,638033.0,41148
2013-12-04 08:00:00+01:00,384.8734,945.53973,728.64716,259.7838,477.08456,673729.1,42925
2013-12-04 08:10:00+01:00,436.4621,924.2199,823.50287,309.24124,448.2932,699945.1,43586
2013-12-04 08:20:00+01:00,470.3265,845.1398,1082.0197,292.05228,489.42197,725303.0,46950
2013-12-04 08:30:00+01:00,512.6101,990.0089,1174.1305,338.61368,583.86084,748242.75,46279
2013-12-04 08:40:00+01:00,699.57404,1139.7551,1518.4163,426.65784,597.90576,760714.06,46362
2013-12-04 08:50:00+01:00,715.36426,1103.0239,1883.3721,380.68,645.5764,773861.9,47471
2013-12-04 09:00:00+01:00,899.8555,1607.5347,1916.1006,455.0863,593.367,788037.6,51550
2013-12-04 09:10:00+01:00,912.077,1601.1923,1919.9612,439.52478,702.34686,788406.5,49345
2013-12-04 09:20:00+01:00,888.85504,1570.9452,2223.0244,466.1156,564.76465,793082.75,51552
2013-12-04 09:30:00+01:00,1105.5494,1406.837,2302.4265,479.19333,614.603,789360.8,49393
2013-12-04 09:40:00+01:00,1021.63776,1534.7853,2219.6135,438.5474,589.559,826065.25,52667
2013-12-04 09:50:00+01:00,1200.6267,1549.5884,2493.9001,447.04248,536.8585,811341.56,52703
2013-12-04 10:00:00+01:00,1170.8547,1766.5603,2445.778,452.25705,531.5742,810936.0,52542
2013-12-04 10:10:00+01:00,1395.8031,1911.8011,2463.9336,531.08,562.454,842132.2,55105
2013-12-04 10:20:00+01:00,1223.04,1940.9576,2505.172,619.2531,498.50558,822015.4,50120
2013-12-04 10:30:00+01:00,1810.3838,2078.6309,2621.0273,580.67413,444.5135,820404.3,52927
2013-12-04 10:40:00+01:00,1568.7787,2187.1917,2856.4692,563.4513,469.08087,818011.25,50390
2013-12-04 10:50:00+01:00,1887.9285,2128.2605,2886.4429,521.053,493.57852,820156.25,50223
2013-12-04 11:00:00+01:00,1906.788,2055.9688,2771.0698,507.4185,463.41605,824050.44,51465
2013-12-04 11:10:00+01:00,2049.8406,2225.4875,2805.8098,507.77148,509.21527,833853.75,50467
2013-12-04 11:20:00+01:00,2318.5845,2276.4407,3019.0422,509.74374,523.37177,830605.4,48036
2013-12-04 11:30:00+01:00,2005.3263,2335.3594,2823.3064,499.57812,441.31607,827661.94,49956
2013-12-04 11:40:00+01:00,2132.7976,2345.769,2766.0813,530.8932,529.7716,832349.6,49654
2013-12-04 11:50:00+01:00,2327.4878,2413.0715,2708.8484,524.23175,483.40182,842399.44,50774
2013-12-04 12:00:00+01:00,2322.2727,2482.0242,2942.7476,600.7225,484.20642,846510.5,53147
2013-12-04 12:10:00+01:00,2267.8984,2578.4172,2988.341,643.5516,594.98096,850607.9,50826
2013-12-04 12:20:00+01:00,2651.1633,2578.6138,3040.7043,657.53876,521.77606,850456.56,49515
2013-12-04 12:30:00+01:00,2603.4624,2564.4683,2974.6035,685.64996,521.05426,858125.94,53677
2013-12-04 12:40:00+01:00,3082.2397,2765.5105,3128.3933,608.5113,545.1015,879274.7,52486
2013-12-04 12:50:00+01:00,2886.9263,2500.5215,3111.0527,564.31793,497.1009,858421.1,52580
2013-12-04 13:00:00+01:00,2660.7585,2495.5288,3235.6196,683.7202,575.98846,864808.3,51346
2013-12-04 13:10:00+01:00,3673.4263,3210.9387,3266.2659,589.36273,501.7015,884766.94,51268
2013-12-04 13:20:00+01:00,3661.9453,3036.5547,3339.5886,560.0036,502.57718,880663.2,49896
2013-12-04 13:30:00+01:00,3525.4111,3041.6018,3416.864,615.1147,488.6013,875867.1,49177
2013-12-04 13:40:00+01:00,3419.875,3044.9102,3571.6226,543.99457,542.1407,897513.5,51025
2013-12-04 13:50:00+01:00,3680.3896,2847.083,3385.9214,614.12897,570.5782,889868.0,50168
2013-12-04 14:00:00+01:00,3446.5017,2837.2378,3350.593,648.5736,537.84894,878913.06,49516
2013-12-04 14:10:00+01:00,3085.7773,3054.7822,3305.8003,687.7757,530.5755,887331.06,49717
2013-12-04 14:20:00+01:00,2938.0083,2668.2024,3220.0696,590.4581,517.7425,855635.4,51210
2013-12-04 14:30:00+01:00,2948.1829,2563.0315,3147.3477,580.80145,477.2033,846792.4,49460
2013-12-04 14:40:00+01:00,3020.1267,2594.3333,3389.8337,530.79706,554.945,854055.2,50213
2013-12-04 14:50:00+01:00,2963.6936,2589.4397,2911.3174,571.4035,535.07385,847182.6,50475
2013-12-04 15:00:00+01:00,3007.9731,2487.0962,3066.126,565.8559,499.937,833131.25,50212
2013-12-04 15:10:00+01:00,2837.8582,2468.9575,2802.8076,528.7657,544.20264,831915.5,51678
2013-12-04 15:20:00+01:00,2579.0398,2423.5374,2827.362,560.2979,526.41235,830932.5,49117
2013-12-04 15:30:00+01:00,3163.6252,2502.314,2860.3276,579.9125,557.9125,841766.6,50091
2013-12-04 15:40:00+01:00,3335.308,2564.6829,3008.7673,563.5841,526.38727,859050.0,48518
2013-12-04 15:50:00+01:00,3130.6672,2471.4084,3179.8943,583.43115,481.02643,847896.9,50408
2013-12-04 16:00:00+01:00,2895.7954,2751.6958,2803.7195,630.6864,496.44443,856118.75,51071
2013-12-04 16:10:00+01:00,2874.8618,2470.6794,2973.0398,608.67334,525.8058,864690.94,49184
2013-12-04 16:20:00+01:00,2746.821,2883.7961,3142.1833,563.87463,505.3471,855737.5,49572
2013-12-04 16:30:00+01:00,2743.992,2490.8606,3042.0217,532.3712,491.28864,845146.25,49143
2013-12-04 16:40:00+01:00,2786.4697,2499.2275,2880.9053,551.2368,578.61584,853082.75,50198
2013-12-04 16:50:00+01:00,2549.525,2387.037,2998.4146,560.8103,686.5641,856151.1,51542
2013-12-04 17:00:00+01:00,2872.014,2558.138,2817.4558,503.97952,489.21777,855168.2,50450
2013-12-04 17:10:00+01:00,3096.2917,2345.2402,2861.0735,506.61835,564.13635,862944.9,50233
2013-12-04 17:20:00+01:00,2845.4414,2333.5872,2869.7688,521.6796,542.24475,857269.94,50326
2013-12-04 17:30:00+01:00,2784.8137,2084.4392,2934.8503,545.7393,510.38602,854272.7,50481
2013-12-04 17:40:00+01:00,3003.1794,2412.2852,2708.5996,573.3969,553.83435,871845.8,50825
2013-12-04 17:50:00+01:00,3040.268,2315.641,2866.2896,583.2522,592.1191,906528.4,49944
2013-12-04 18:00:00+01:00,2904.6313,2474.1147,2650.3142,565.7091,598.4563,852522.3,49253
2013-12-04 18:10:00+01:00,2820.3962,2031.846,2851.437,497.98392,648.1467,849301.3,48010
2013-12-04 18:20:00+01:00,2624.9175,2075.945,2300.8857,420.6772,627.4311,850258.44,49496
2013-12-04 18:30:00+01:00,2541.9736,2071.432,2291.5898,471.48505,545.2569,833793.8,49775
2013-12-04 18:40:00+01:00,2841.2642,2344.7788,2234.3784,431.0363,607.52124,836019.0,46775
2013-12-04 18:50:00+01:00,3403.0674,2006.0533,2196.9717,449.28976,613.0284,833331.25,48018
2013-12-04 19:00:00+01:00,3325.6533,2011.7191,2139.903,437.17084,583.3614,816889.44,48078
2013-12-04 19:10:00+01:00,2830.9048,2034.8282,2261.1245,383.74338,588.3199,806283.75,48887
2013-12-04 19:20:00+01:00,2453.5945,1892.329,1875.2367,417.01343,587.417,789141.5,49162
2013-12-04 19:30:00+01:00,2759.6362,1900.1937,1807.7872,399.26053,576.0006,779022.44,47644
2013-12-04 19:40:00+01:00,2712.1875,1865.8348,1633.1992,404.6686,701.48706,772566.5,45724
2013-12-04 19:50:00+01:00,2465.2578,1466.8945,1719.7905,401.0334,723.3264,760122.8,47769
2013-12-04 20:00:00+01:00,2035.8767,1557.4696,1512.2081,346.9598,751.2922,737678.2,46002
2013-12-04 20:10:00+01:00,1810.5763,1308.777,1535.0066,307.08545,704.3646,733831.75,43838
2013-12-04 20:20:00+01:00,1824.3564,1147.7445,1438.7749,335.89587,673.19354,732082.25,42660
2013-12-04 20:30:00+01:00,1991.0579,1306.531,1271.746,330.69012,768.876,730421.9,41665
2013-12-04 20:40:00+01:00,1520.6354,1267.7145,1276.0813,302.3596,758.8954,727389.4,41203
2013-12-04 20:50:00+01:00,1452.1536,1188.9232,1180.8805,292.07675,734.5315,714722.56,39853
2013-12-04 21:00:00+01:00,1328.3406,998.07764,1186.3302,289.84595,765.37067,712501.8,38437
2013-12-04 21:10:00+01:00,1268.257,974.55054,1148.9779,294.29688,809.0352,708324.3,38369
2013-12-04 21:20:00+01:00,1313.4486,918.3976,1101.1807,346.63385,765.104,700506.94,39095
2013-12-04 21:30:00+01:00,1616.5681,923.77356,1129.6781,424.06335,759.8263,692753.1,37697
2013-12-04 21:40:00+01:00,1155.2471,887.37286,1125.9529,327.11548,784.2423,700075.06,38561
2013-12-04 21:50:00+01:00,1019.31793,1103.3268,1005.7495,287.97464,753.2616,687201.7,36458
2013-12-04 22:00:00+01:00,905.28674,1003.3446,1063.2941,231.94943,791.9755,678709.6,34728
2013-12-04 22:10:00+01:00,799.2169,733.7946,1001.3494,267.09265,786.9366,680610.06,34184
2013-12-04 22:20:00+01:00,861.8953,884.4664,925.5635,263.70642,699.2773,662311.75,33516
2013-12-04 22:30:00+01:00,675.15063,1082.156,928.2374,262.1273,705.77606,653811.4,33101
2013-12-04 22:40:00+01:00,616.5336,768.8931,903.069,232.06897,711.9502,640349.94,30883
2013-12-04 22:50:00+01:00,585.8778,683.0778,817.5517,215.48328,775.5012,631373.75,30292
2013-12-04 23:00:00+01:00,463.16937,602.209,880.236,250.50655,668.41437,621175.56,30854
2013-12-04 23:10:00+01:00,494.4385,723.5997,720.58325,221.99094,783.48285,613899.5,30399
2013-12-04 23:20:00+01:00,536.23737,540.36414,744.437,218.73636,708.18365,607102.7,28494
2013-12-04 23:30:00+01:00,389.5323,532.3027,769.7223,199.16592,656.71985,579737.5,29136
2013-12-04 23:40:00+01:00,420.88144,562.647,642.3416,219.63632,661.623,566837.7,26946
2013-12-04 23:50:00+01:00,403.24625,468.14508,671.77435,192.36366,635.2007,549546.4,26635
2013-12-05 00:00:00+01:00,439.79102,498.32666,657.58014,189.16072,570.4936,533962.1,26138
2013-12-05 00:10:00+01:00,360.36597,527.8661,585.2172,189.06989,580.72253,515728.06,24697
2013-12-05 00:20:00+01:00,372.58606,405.20947,599.83966,204.3769,667.2783,547738.25,25233
2013-12-05 00:30:00+01:00,257.14322,410.50244,549.82806,212.33989,525.4506,478068.56,24198
2013-12-05 00:40:00+01:00,289.55777,368.5237,550.5357,162.3426,667.8369,470114.06,22989
2013-12-05 00:50:00+01:00,302.44467,379.152,549.2612,171.39238,439.74744,457031.53,22736
2013-12-05 01:00:00+01:00,299.62387,365.0654,556.23706,239.23634,451.72696,443044.78,21249
2013-12-05 01:10:00+01:00,234.54968,381.48547,491.08142,164.6427,503.10593,440569.75,19407
2013-12-05 01:20:00+01:00,265.10837,375.3002,506.74994,153.42389,418.5781,418914.53,21437
2013-12-05 01:30:00+01:00,237.9696,573.1567,547.93256,145.32568,405.47714,404764.62,19012
2013-12-05 01:40:00+01:00,348.94122,349.85223,473.68036,140.02766,401.36853,408473.34,19905
2013-12-05 01:50:00+01:00,335.21622,328.73956,427.46375,155.24821,377.43585,430113.34,19973
2013-12-05 02:00:00+01:00,223.43219,304.81302,458.57178,149.90495,387.90408,376705.56,17814
2013-12-05 02:10:00+01:00,266.51602,302.1181,402.7731,154.69815,353.20242,377963.9,17919
2013-12-05 02:20:00+01:00,265.6513,310.02072,375.1703,138.3527,302.63663,371103.78,17152
2013-12-05 02:30:00+01:00,231.5669,311.09464,408.2015,146.04247,331.55368,352177.56,17937
2013-12-05 02:40:00+01:00,205.92686,297.94333,360.9957,152.44469,331.27893,351673.16,17956
2013-12-05 02:50:00+01:00,187.22104,288.1561,378.91504,134.06981,294.44757,348319.12,17880
2013-12-05 03:00:00+01:00,194.9786,296.61844,394.1434,137.28479,292.23398,335407.97,18568
2013-12-05 03:10:00+01:00,180.55643,305.1179,369.24866,150.57674,282.69254,337048.44,18359
2013-12-05 03:20:00+01:00,181.79623,336.3025,368.23303,128.8996,269.90457,335285.56,18061
2013-12-05 03:30:00+01:00,178.76105,301.4843,387.81967,139.97632,286.4622,323060.28,17083
2013-12-05 03:40:00+01:00,186.71498,320.51593,378.38684,150.66685,268.7381,331374.8,16336
2013-12-05 03:50:00+01:00,166.59552,279.03146,371.0492,131.03505,257.92914,315273.78,16944
2013-12-05 04:00:00+01:00,189.76826,280.56998,401.68658,137.39961,254.97702,316889.8,17782
2013-12-05 04:10:00+01:00,201.35164,294.532,376.95248,138.46751,230.7304,316063.16,18172
2013-12-05 04:20:00+01:00,215.70018,264.14545,374.9045,124.644966,226.24495,308909.22,17321
2013-12-05 04:30:00+01:00,187.63695,267.82724,390.5363,144.72894,240.94785,308502.03,18747
2013-12-05 04:40:00+01:00,199.88031,280.83273,376.13245,192.04214,234.4359,309263.38,18507
2013-12-05 04:50:00+01:00,171.6754,254.0844,368.68872,153.68991,229.08372,303036.16,16549
2013-12-05 05:00:00+01:00,200.45334,265.32,402.4947,136.20375,205.3591,309652.66,19396
2013-12-05 05:10:00+01:00,216.1879,293.91623,374.9655,145.84866,213.49829,307899.28,19122
2013-12-05 05:20:00+01:00,206.37242,278.11688,361.49792,124.45677,221.93246,307221.62,18880
2013-12-05 05:30:00+01:00,201.4466,267.2878,447.9335,141.97089,206.81169,314646.53,19401
2013-12-05 05:40:00+01:00,229.55573,271.7619,486.68845,142.01784,212.57298,321229.5,19973
2013-12-05 05:50:00+01:00,182.85124,249.59268,481.03882,128.90392,208.29872,323135.16,20536
2013-12-05 06:00:00+01:00,212.58023,280.86426,451.5706,144.05008,222.72812,338957.8,22882
2013-12-05 06:10:00+01:00,230.41718,333.6573,381.65045,133.49947,256.77722,347178.22,23538
2013-12-05 06:20:00+01:00,237.46266,268.60095,386.07993,127.23011,272.69934,349730.47,25724
2013-12-05 06:30:00+01:00,236.04568,376.60495,425.161,157.84875,276.29413,374000.47,26719
2013-12-05 06:40:00+01:00,262.89645,347.88147,390.36783,153.18175,284.26215,391761.38,28117
2013-12-05 06:50:00+01:00,229.6026,387.2769,411.63644,155.16443,273.7956,418282.78,29967
2013-12-05 07:00:00+01:00,273.82904,379.77646,514.4321,179.36736,318.52573,452965.34,32180
2013-12-05 07:10:00+01:00,263.27448,429.7435,528.20154,200.86412,311.54205,480057.3,33887
2013-12-05 07:20:00+01:00,322.75558,457.1331,495.27863,170.9771,321.7812,520818.28,34155
2013-12-05 07:30:00+01:00,291.8468,558.5859,609.0482,205.9361,426.3401,557688.44,36160
2013-12-05 07:40:00+01:00,295.02966,591.63007,615.47833,220.91658,409.4755,599195.06,37328
2013-12-05 07:50:00+01:00,365.15753,689.6248,782.88184,231.10728,383.3928,619611.2,40997
2013-12-05 08:00:00+01:00,447.1561,828.65405,929.60834,280.4874,447.58505,661404.7,41731
2013-12-05 08:10:00+01:00,463.73944,943.9475,870.8026,359.77652,758.67206,694207.6,43157
2013-12-05 08:20:00+01:00,558.865,940.12573,1184.118,305.13394,506.36057,704137.94,46416
2013-12-05 08:30:00+01:00,535.33405,1107.822,1322.106,367.75772,578.2549,731605.25,45485
2013-12-05 08:40:00+01:00,595.58484,1192.6368,1450.206,415.5829,504.36218,752674.94,46580
2013-12-05 08:50:00+01:00,804.1669,1212.6863,1770.3405,372.65234,602.90326,755820.1,47551
2013-12-05 09:00:00+01:00,783.44635,1408.9027,2009.4374,426.78442,555.09546,773373.8,49005
2013-12-05 09:10:00+01:00,849.4655,1378.7375,2278.8408,458.3875,571.2844,778652.06,49624
2013-12-05 09:20:00+01:00,1070.1974,1380.3071,2351.5361,442.92844,579.6501,777309.06,50169
2013-12-05 09:30:00+01:00,1011.00507,1470.622,2668.2314,492.29364,549.62744,790844.0,53815
2013-12-05 09:40:00+01:00,1040.9425,1617.0369,2639.5076,539.32965,547.16327,791458.1,52693
2013-12-05 09:50:00+01:00,1104.465,1562.4666,2489.1697,543.7887,555.17053,790980.25,49507
2013-12-05 10:00:00+01:00,1280.1603,1626.3257,2933.647,522.48004,487.68283,801318.1,51731
2013-12-05 10:10:00+01:00,1418.3867,1631.7737,2896.9749,579.7675,516.6814,799301.5,49758
2013-12-05 10:20:00+01:00,1439.7584,1704.7675,2421.5247,595.5718,478.69293,798262.56,51248
2013-12-05 10:30:00+01:00,1675.6962,1801.53,2961.3616,689.04517,502.16562,806767.56,51265
2013-12-05 10:40:00+01:00,1469.9187,1978.933,2943.5713,589.49384,615.3111,813643.56,49939
2013-12-05 10:50:00+01:00,1756.8215,2098.777,2941.2378,542.3745,582.2306,830435.8,49580
2013-12-05 11:00:00+01:00,1784.7631,2118.7825,3109.5103,575.37524,512.82825,802859.0,51572
2013-12-05 11:10:00+01:00,1767.7119,2047.3488,2880.1245,559.23206,534.8559,814436.8,50791
2013-12-05 11:20:00+01:00,2109.145,2367.9478,3074.8616,537.8406,580.962,806950.2,50401
2013-12-05 11:30:00+01:00,2180.1758,2634.164,2892.2363,543.60376,502.00763,807849.44,50879
2013-12-05 11:40:00+01:00,2587.7566,2565.2815,2874.944,550.04065,598.24927,814140.4,52098
2013-12-05 11:50:00+01:00,2540.672,2271.4731,2809.9258,661.97626,541.4516,798923.9,51258
2013-12-05 12:00:00+01:00,2323.2102,2362.4634,3094.6501,677.0222,471.37164,813871.56,52088
2013-12-05 12:10:00+01:00,2494.1475,2175.2131,2791.9072,691.8443,577.0727,817876.9,51058
2013-12-05 12:20:00+01:00,2756.8442,2437.4065,2782.8647,669.32416,486.20572,819765.4,51837
2013-12-05 12:30:00+01:00,2777.253,2444.188,3075.1077,707.59827,540.78735,829549.1,50596
2013-12-05 12:40:00+01:00,2763.0156,2542.1882,3290.2058,660.60144,546.5651,837434.44,52142
2013-12-05 12:50:00+01:00,2737.5574,2352.6384,3344.421,696.17316,637.8319,836711.44,51652
2013-12-05 13:00:00+01:00,2907.4697,2648.092,3493.2603,718.5078,536.4982,855807.3,49189
2013-12-05 13:10:00+01:00,3231.844,2502.6587,3401.8289,644.72205,630.3357,861483.44,51154
2013-12-05 13:20:00+01:00,3157.77,2538.4639,3569.9246,653.26276,522.4266,856292.9,49958
2013-12-05 13:30:00+01:00,3263.5037,2670.3398,3442.3032,615.864,559.84015,865523.06,50135
2013-12-05 13:40:00+01:00,3526.5784,2545.8123,3433.6426,670.864,619.3536,868697.1,48500
2013-12-05 13:50:00+01:00,3430.054,2640.9375,3427.2996,725.4856,552.8569,865781.94,49221
2013-12-05 14:00:00+01:00,3399.8599,2669.8984,3364.129,675.1179,624.5323,871284.6,49963
2013-12-05 14:10:00+01:00,3398.7869,2774.525,3432.905,664.48975,619.0651,875376.3,49316
2013-12-05 14:20:00+01:00,3316.8718,2587.6807,3542.3223,639.9775,674.3264,861252.0,52051
2013-12-05 14:30:00+01:00,3448.467,2589.593,3435.5999,630.74677,587.2819,863114.25,49960
2013-12-05 14:40:00+01:00,2985.388,2728.54,3286.5771,598.7458,563.3924,855922.4,49707
2013-12-05 14:50:00+01:00,3066.7026,2397.7178,3275.344,597.6184,599.24817,841194.56,52188
2013-12-05 15:00:00+01:00,3045.1885,2702.5786,3264.956,626.08936,631.2627,845099.44,50557
2013-12-05 15:10:00+01:00,2929.904,2767.0112,3580.4458,584.7087,574.1987,843161.8,49874
2013-12-05 15:20:00+01:00,3168.961,2589.4624,3491.3008,566.7349,491.33463,831410.7,52041
2013-12-05 15:30:00+01:00,3118.532,2416.303,3208.4553,567.2582,503.89874,834903.6,51589
2013-12-05 15:40:00+01:00,2967.646,2471.4924,3398.227,593.4826,621.9202,843435.06,51164
2013-12-05 15:50:00+01:00,2911.776,2524.2468,3178.3252,615.22766,554.83685,834731.6,49642
2013-12-05 16:00:00+01:00,2862.9058,2337.2075,3185.8403,665.5926,535.76227,842076.5,51359
2013-12-05 16:10:00+01:00,3654.707,2399.465,3270.1455,628.35284,541.81146,847768.06,49605
2013-12-05 16:20:00+01:00,3023.4844,2406.1028,3374.794,613.1152,487.42993,836875.7,52145
2013-12-05 16:30:00+01:00,2662.0942,2174.0305,3100.8127,546.6356,514.75134,838311.1,52904
2013-12-05 16:40:00+01:00,2677.2566,2347.2747,3117.2744,545.3371,525.0189,837881.56,51893
2013-12-05 16:50:00+01:00,2703.297,2395.9165,2934.7427,546.9559,611.8001,835385.56,51247
2013-12-05 17:00:00+01:00,2675.924,2380.948,2875.3362,570.88654,574.97876,843855.5,52721
2013-12-05 17:10:00+01:00,2442.0222,2544.2468,2880.3833,546.4728,555.3165,841499.1,53072
2013-12-05 17:20:00+01:00,2562.6328,2419.46,2746.2046,583.9378,580.9621,836434.1,49311
2013-12-05 17:30:00+01:00,2497.169,2199.7568,2784.3276,527.94836,568.0242,843529.5,50835
2013-12-05 17:40:00+01:00,2710.293,2244.3906,3299.3171,494.8193,552.26935,845057.94,51003
2013-12-05 17:50:00+01:00,2557.521,2165.3372,2929.0767,701.1092,512.4596,821569.25,48954
2013-12-05 18:00:00+01:00,2471.4211,2115.4146,2376.0295,524.9539,545.86456,809438.75,48747
2013-12-05 18:10:00+01:00,3067.7205,2301.7449,2628.3447,529.3315,607.85754,870837.44,48569
2013-12-05 18:20:00+01:00,2510.1423,2163.675,2315.5566,488.1935,623.2723,840783.7,51215
2013-12-05 18:30:00+01:00,2313.141,2622.4785,2225.4565,491.31244,644.7038,827407.8,50781
2013-12-05 18:40:00+01:00,2245.9285,2517.9229,2213.9028,471.0444,704.598,833641.44,50544
2013-12-05 18:50:00+01:00,2258.05,2031.1978,1962.6252,498.9641,632.09296,820461.8,49034
2013-12-05 19:00:00+01:00,2332.6,2054.9155,1965.3219,497.49905,699.075,804521.44,47825
2013-12-05 19:10:00+01:00,2167.1377,1713.1016,1814.7925,464.08905,606.7969,808452.4,46694
2013-12-05 19:20:00+01:00,2460.2249,1901.7397,1656.1978,436.43536,695.8142,792399.6,47518
2013-12-05 19:30:00+01:00,2311.501,1610.9634,1524.0048,412.04733,687.0532,776706.25,47260
2013-12-05 19:40:00+01:00,2034.132,1563.0863,1604.8601,418.87396,731.55835,778909.5,44334
2013-12-05 19:50:00+01:00,1920.9967,1595.0426,1377.6626,361.38074,736.37976,762783.2,45373
2013-12-05 20:00:00+01:00,1995.9489,1473.5306,1373.7139,373.09326,823.75354,750532.44,45874
2013-12-05 20:10:00+01:00,1499.7847,1571.5385,1301.0236,391.7698,834.6851,755329.6,43720
2013-12-05 20:20:00+01:00,1660.8461,1913.4673,1237.3636,348.4983,919.00165,736252.2,44605
2013-12-05 20:30:00+01:00,1292.4144,1555.3036,1124.0088,370.4158,873.4688,731884.25,43143
2013-12-05 20:40:00+01:00,1220.7103,1356.7004,1177.6558,313.96698,874.0867,733484.75,40543
2013-12-05 20:50:00+01:00,1075.1392,1150.2277,1107.9587,295.98215,841.90625,717677.44,39600
2013-12-05 21:00:00+01:00,1019.02747,1236.1404,1150.2173,334.83875,869.43933,714082.75,38654
2013-12-05 21:10:00+01:00,1054.0756,974.4546,1178.2986,333.25403,949.60596,716333.9,39194
2013-12-05 21:20:00+01:00,877.8454,962.0863,966.4634,342.81137,740.48486,691712.6,37435
2013-12-05 21:30:00+01:00,1086.4288,908.4028,1006.67535,329.92706,778.5176,688060.3,36337
2013-12-05 21:40:00+01:00,935.05457,923.1866,1477.37,299.76883,866.207,690570.8,37289
2013-12-05 21:50:00+01:00,927.9776,957.3992,888.02594,294.91196,751.375,683789.25,34845
2013-12-05 22:00:00+01:00,882.20013,1139.376,876.99896,298.42282,825.9438,670812.44,35138
2013-12-05 22:10:00+01:00,645.69916,876.96375,895.5905,303.67712,877.1172,670028.44,32687
2013-12-05 22:20:00+01:00,660.99695,732.8562,939.5616,286.75513,896.091,660403.94,33917
2013-12-05 22:30:00+01:00,597.75183,819.1848,766.17035,300.55624,867.0959,653559.8,32357
2013-12-05 22:40:00+01:00,579.7109,856.1597,782.073,260.81693,839.19904,653408.8,30508
2013-12-05 22:50:00+01:00,523.73334,666.61755,730.9545,247.37737,850.0136,640453.8,31915
2013-12-05 23:00:00+01:00,422.27313,616.1945,678.848,230.84386,822.56616,631733.44,31601
2013-12-05 23:10:00+01:00,472.1925,600.6275,688.7525,211.63893,835.2461,630400.4,31813
2013-12-05 23:20:00+01:00,492.62622,652.83374,616.938,209.07199,727.08435,612479.1,29468
2013-12-05 23:30:00+01:00,446.19217,692.1057,613.7875,230.84583,750.81854,595444.56,29432
2013-12-05 23:40:00+01:00,397.79453,611.55865,584.7308,227.3004,725.5458,586653.8,26360
2013-12-05 23:50:00+01:00,422.91068,562.71686,589.67114,267.54156,702.4179,562735.3,27193
2013-12-06 00:00:00+01:00,338.3992,542.7338,541.22253,206.98526,606.3867,546329.9,26877
2013-12-06 00:10:00+01:00,291.36768,537.30865,532.49164,208.43083,770.94727,530318.1,26106
2013-12-06 00:20:00+01:00,289.1791,515.37823,535.1358,196.91505,641.16223,504484.88,23943
2013-12-06 00:30:00+01:00,262.9003,522.5082,629.85376,190.36105,617.353,491926.6,22899
2013-12-06 00:40:00+01:00,260.08646,431.2845,810.1857,194.21132,561.2459,478656.38,22645
2013-12-06 00:50:00+01:00,278.99936,400.4179,471.58914,186.59216,538.02264,454483.66,21000
2013-12-06 01:00:00+01:00,271.02652,360.87204,483.30917,180.28662,479.52844,448453.56,20806
2013-12-06 01:10:00+01:00,318.27652,383.41147,499.53436,176.41281,467.5728,436956.97,19435
2013-12-06 01:20:00+01:00,346.49402,335.07614,461.86237,173.08932,480.8823,421136.1,18948
2013-12-06 01:30:00+01:00,288.66293,314.57352,502.78055,162.2673,415.41898,411575.12,19144
2013-12-06 01:40:00+01:00,261.85025,324.1602,472.53128,179.9622,416.33444,404590.5,16979
2013-12-06 01:50:00+01:00,402.8441,331.49692,409.51447,170.31444,391.32974,386645.03,18799
2013-12-06 02:00:00+01:00,216.14917,303.3932,425.4947,156.3448,402.60318,385947.94,17372
2013-12-06 02:10:00+01:00,204.461,441.79803,496.70563,162.28525,369.9105,373935.5,16428
2013-12-06 02:20:00+01:00,224.04692,308.9403,433.90402,156.49028,371.2082,366875.1,17449
2013-12-06 02:30:00+01:00,193.31395,317.4675,466.11136,159.78687,311.10294,360972.4,16096
2013-12-06 02:40:00+01:00,198.47583,381.1599,471.56625,148.0078,316.57227,351359.22,16906
2013-12-06 02:50:00+01:00,207.75114,355.6526,398.347,135.34595,314.46042,350614.75,17441
2013-12-06 03:00:00+01:00,201.86789,366.34528,407.15775,142.26366,294.35904,342814.97,16902
2013-12-06 03:10:00+01:00,197.10172,363.1557,429.41333,141.87634,280.11343,340086.38,16522
2013-12-06 03:20:00+01:00,202.61778,292.3677,388.60336,125.63023,301.4918,332280.44,16550
2013-12-06 03:30:00+01:00,190.06224,302.33072,416.22855,145.33118,305.39124,328253.5,16473
2013-12-06 03:40:00+01:00,182.51991,312.9365,437.0918,138.10599,290.20575,332372.1,15044
2013-12-06 03:50:00+01:00,199.38606,293.0215,412.17938,131.27946,318.51157,317396.72,16328
2013-12-06 04:00:00+01:00,181.18906,321.62946,415.0812,136.94128,275.4856,319472.38,18017
2013-12-06 04:10:00+01:00,185.35437,308.64572,457.64108,138.78726,260.33902,323106.53,16400
2013-12-06 04:20:00+01:00,188.28113,295.4172,418.81253,121.563515,261.03394,311896.4,17028
2013-12-06 04:30:00+01:00,187.67317,311.07678,368.45682,125.966194,245.8131,314483.3,17073
2013-12-06 04:40:00+01:00,174.89514,293.30518,408.26913,128.56642,247.94833,316128.47,17077
2013-12-06 04:50:00+01:00,203.94615,288.09598,374.97668,119.948006,240.91046,311067.16,18078
2013-12-06 05:00:00+01:00,192.72049,290.51846,363.05972,126.54012,238.63959,313363.06,17660
2013-12-06 05:10:00+01:00,192.05806,314.17145,409.6362,128.02914,245.40007,316977.3,17715
2013-12-06 05:20:00+01:00,199.63866,271.71506,363.7048,153.83315,249.59694,309295.72,17964
2013-12-06 05:30:00+01:00,207.56041,280.23813,381.10202,146.46771,236.02847,321204.75,19591
2013-12-06 05:40:00+01:00,195.53268,297.2366,423.96225,124.22697,254.35753,325492.78,19343
2013-12-06 05:50:00+01:00,220.88496,301.62878,443.41562,127.98192,264.0597,324515.2,21279
2013-12-06 06:00:00+01:00,200.8791,326.05435,409.9012,129.91962,272.19064,336225.8,23213
2013-12-06 06:10:00+01:00,198.27962,330.98425,441.24533,130.32246,292.3621,351011.94,25054
2013-12-06 06:20:00+01:00,220.05682,321.09448,438.23068,134.01085,282.7402,357215.38,25786
2013-12-06 06:30:00+01:00,226.73154,386.63623,409.0263,140.05109,280.74188,374624.9,26897
2013-12-06 06:40:00+01:00,234.07379,391.05634,445.06528,148.09448,265.85168,392652.16,27102
2013-12-06 06:50:00+01:00,253.60384,433.0057,462.8056,148.32567,328.97787,415308.4,29987
2013-12-06 07:00:00+01:00,322.71008,406.38495,519.14014,168.4099,296.68,447178.56,31401
2013-12-06 07:10:00+01:00,335.14984,491.242,625.40656,163.78355,315.45297,481429.25,33282
2013-12-06 07:20:00+01:00,339.87436,496.86835,642.3604,180.22768,353.21698,510302.3,35521
2013-12-06 07:30:00+01:00,265.2581,512.772,627.6988,203.7726,386.4486,551540.7,35141
2013-12-06 07:40:00+01:00,296.83466,590.2035,775.2569,216.77672,348.67035,587486.06,37091
2013-12-06 07:50:00+01:00,400.7131,680.52405,806.2494,275.6864,425.95242,619461.25,37960
2013-12-06 08:00:00+01:00,367.83124,883.7083,1012.9648,268.62277,466.06326,656328.75,41019
2013-12-06 08:10:00+01:00,439.61084,891.21716,1083.489,281.5527,425.6038,685055.2,42067
2013-12-06 08:20:00+01:00,483.5729,872.7895,1042.4725,287.43002,532.63605,697375.44,43723
2013-12-06 08:30:00+01:00,552.9142,1032.0236,1177.0642,319.07645,500.0226,720237.25,43969
2013-12-06 08:40:00+01:00,537.4111,1260.8638,1489.9033,359.393,535.367,741834.25,46399
2013-12-06 08:50:00+01:00,688.0507,1330.4305,1887.3187,369.4047,523.4174,740797.25,46353
2013-12-06 09:00:00+01:00,671.78564,1381.4917,2090.7595,389.8247,574.01746,758103.7,49278
2013-12-06 09:10:00+01:00,875.44434,1465.0469,2121.6052,413.6184,528.39844,767070.1,49978
2013-12-06 09:20:00+01:00,973.4661,1647.2272,2343.845,415.52017,398.81125,767106.75,49775
2013-12-06 09:30:00+01:00,981.38116,1750.1306,2353.7476,452.90057,395.96014,783528.5,49645
2013-12-06 09:40:00+01:00,1047.4783,1581.5034,2426.1895,457.41113,454.37378,779306.94,49838
2013-12-06 09:50:00+01:00,1241.4358,1674.0682,2418.3958,486.16745,560.773,787941.56,50334
2013-12-06 10:00:00+01:00,1250.061,1924.823,2772.8428,463.69778,471.24426,809992.5,49707
2013-12-06 10:10:00+01:00,1244.8528,2059.7668,2746.6655,623.07874,481.64062,802942.44,49812
2013-12-06 10:20:00+01:00,1349.7703,1979.2164,2520.2852,603.60046,465.5484,781905.2,50373
2013-12-06 10:30:00+01:00,1442.0526,1892.7849,2823.0278,541.6323,464.8844,790945.4,50698
2013-12-06 10:40:00+01:00,1740.6626,2164.7285,2921.7375,533.6768,553.6307,804057.3,49753
2013-12-06 10:50:00+01:00,1840.7712,2087.241,2905.7073,523.7462,551.51385,794182.56,51276
2013-12-06 11:00:00+01:00,2077.5317,2246.9993,2790.894,513.8739,523.86865,804849.6,51738
2013-12-06 11:10:00+01:00,2449.1506,2334.8982,2933.451,502.6831,475.41608,807325.7,51644
2013-12-06 11:20:00+01:00,2270.475,2315.6265,2722.9084,535.78766,484.88788,804582.2,50280
2013-12-06 11:30:00+01:00,2563.7566,2184.8035,2897.296,517.4408,416.86584,809713.5,52949
2013-12-06 11:40:00+01:00,2444.1548,2365.6333,2926.7969,493.31183,425.49796,808036.9,48268
2013-12-06 11:50:00+01:00,2369.138,2271.8694,2975.9531,591.5975,418.2897,801823.3,51362
2013-12-06 12:00:00+01:00,2503.1729,2274.6665,3133.4534,545.69794,444.7572,818645.5,51847
2013-12-06 12:10:00+01:00,2533.9126,2347.0935,3086.5195,580.1364,464.7498,820151.1,50495
2013-12-06 12:20:00+01:00,2532.8853,2435.5999,3124.3496,557.9497,443.35205,815435.06,53283
2013-12-06 12:30:00+01:00,2729.8384,2757.4524,3165.1497,615.02106,498.8416,827253.75,54141
2013-12-06 12:40:00+01:00,3453.0254,3025.0994,3330.1067,558.2977,525.8327,836156.56,52069
2013-12-06 12:50:00+01:00,2911.3142,2800.1338,3618.5547,577.9489,589.6245,835813.1,51902
2013-12-06 13:00:00+01:00,2981.6785,2959.081,3258.2358,644.0004,529.76935,857374.94,53498
2013-12-06 13:10:00+01:00,3236.2888,2855.293,3467.9558,617.3762,537.38745,864090.9,53209
2013-12-06 13:20:00+01:00,3624.3745,2762.737,3360.081,542.6258,604.1244,856038.3,50316
2013-12-06 13:30:00+01:00,3537.4648,3213.6128,3263.2346,546.4804,527.05493,865157.0,51296
2013-12-06 13:40:00+01:00,3401.4658,2655.0664,4022.5503,542.51086,597.28345,872957.3,49043
2013-12-06 13:50:00+01:00,3924.4836,2792.198,3767.4585,583.2031,641.3403,864148.56,50029
2013-12-06 14:00:00+01:00,3719.5884,2822.6863,3641.226,535.436,547.86554,862345.8,47947
2013-12-06 14:10:00+01:00,3648.1152,2857.8025,3424.4338,522.32043,520.3935,860362.94,48487
2013-12-06 14:20:00+01:00,3758.281,2781.5938,4207.1196,486.80557,488.6881,851816.75,48281
2013-12-06 14:30:00+01:00,3631.2878,3023.3928,3388.5955,476.863,590.2214,849823.5,48427
2013-12-06 14:40:00+01:00,3753.1716,2702.1396,3466.0764,463.76218,542.9954,845199.94,49516
2013-12-06 14:50:00+01:00,3880.0054,2798.8416,3769.3506,560.79376,543.12964,831522.44,49238
2013-12-06 15:00:00+01:00,3521.9397,2572.9153,3142.7397,445.1353,525.92346,838295.7,51585
2013-12-06 15:10:00+01:00,3148.6594,2838.2285,3254.4868,440.9508,498.74658,837981.3,52432
2013-12-06 15:20:00+01:00,3507.5076,2464.9937,3000.5317,402.39798,576.33374,827875.5,50331
2013-12-06 15:30:00+01:00,3439.8196,2538.6204,2896.359,497.6669,650.1699,836990.2,50908
2013-12-06 15:40:00+01:00,3281.2432,2702.0305,3239.2698,455.7941,666.9444,840644.1,51747
2013-12-06 15:50:00+01:00,3529.65,2731.0417,3163.937,455.85483,526.09094,831775.0,51359
2013-12-06 16:00:00+01:00,3191.3318,3021.093,2838.9736,505.38574,495.26666,840788.9,51624
2013-12-06 16:10:00+01:00,3184.6614,2832.311,2881.4924,534.4793,599.63873,842835.2,50123
2013-12-06 16:20:00+01:00,3189.0078,3248.9434,3129.564,480.00543,535.52673,849857.1,50879
2013-12-06 16:30:00+01:00,3379.696,2717.219,2810.8333,444.30618,552.4972,830449.25,51850
2013-12-06 16:40:00+01:00,3141.9622,2684.9397,2983.3442,597.1148,644.6431,837126.9,51928
2013-12-06 16:50:00+01:00,3329.2346,2551.7598,3305.8337,548.2784,514.7803,842745.2,51711
2013-12-06 17:00:00+01:00,3604.461,2547.6423,2855.1235,449.53293,618.8751,843735.44,52962
2013-12-06 17:10:00+01:00,3278.1726,2467.8354,3062.2517,440.98007,610.1128,851329.4,51892
2013-12-06 17:20:00+01:00,3025.098,2335.8264,2773.4233,422.32687,567.1855,834464.75,51036
2013-12-06 17:30:00+01:00,3042.02,2419.0059,2656.8792,445.2792,607.1933,837092.7,50280
2013-12-06 17:40:00+01:00,2844.627,2233.5022,2775.0356,409.12595,613.33405,841181.75,53392
2013-12-06 17:50:00+01:00,2730.992,2293.8064,2245.8584,494.7819,705.01025,842052.4,51124
2013-12-06 18:00:00+01:00,2868.7812,2362.922,2294.1875,513.31616,739.375,842029.8,51035
2013-12-06 18:10:00+01:00,2787.6497,2265.8943,2163.9849,433.22623,630.7823,847103.8,50070
2013-12-06 18:20:00+01:00,2720.245,2740.5403,2187.0376,435.2432,707.0239,827611.4,50907
2013-12-06 18:30:00+01:00,2826.6895,2083.6328,2010.9342,430.23755,605.67,828593.25,50608
2013-12-06 18:40:00+01:00,2885.3586,1996.0731,1889.0801,369.10065,620.28314,820454.2,49492
2013-12-06 18:50:00+01:00,2818.3015,1799.9037,1857.1768,326.6611,625.7137,801673.4,51001
2013-12-06 19:00:00+01:00,2440.7778,1820.1385,1699.397,390.1332,648.7698,796320.2,50386
2013-12-06 19:10:00+01:00,2535.3105,1659.7437,1807.8063,346.09442,550.5934,782782.4,50623
2013-12-06 19:20:00+01:00,2394.0972,1852.2458,1540.8682,362.60538,605.2303,770192.6,48861
2013-12-06 19:30:00+01:00,2354.1511,1693.0619,1308.2131,345.99844,635.91364,767047.94,48376
2013-12-06 19:40:00+01:00,1978.4534,1383.998,1319.404,342.60358,641.35895,755337.0,46324
2013-12-06 19:50:00+01:00,2014.9083,1537.294,1234.9839,306.34775,660.00024,733890.6,46166
2013-12-06 20:00:00+01:00,2060.2593,1410.8365,1209.9348,303.43594,728.53894,726290.5,44507
2013-12-06 20:10:00+01:00,2044.0087,1281.8484,1164.821,269.10577,754.2264,724351.75,44678
2013-12-06 20:20:00+01:00,1879.3528,1248.1737,1066.7657,311.71127,795.5405,717575.9,43238
2013-12-06 20:30:00+01:00,1798.5665,1384.9287,909.71576,297.06418,843.2247,713874.44,42362
2013-12-06 20:40:00+01:00,1630.4698,1317.853,913.0237,247.73178,832.1567,712057.75,42969
2013-12-06 20:50:00+01:00,2012.529,1956.3741,1287.6046,430.37305,1730.1394,1234956.4,48609
2013-12-06 21:00:00+01:00,1451.9163,956.42175,722.657,239.48888,795.91425,615430.4,41031
2013-12-06 21:10:00+01:00,1429.373,1084.0803,777.9255,263.01663,966.59406,754872.6,39003
2013-12-06 21:20:00+01:00,1430.629,1074.8767,715.94464,256.32837,942.9815,711667.9,38272
2013-12-06 21:30:00+01:00,846.2971,813.6895,682.44385,188.39647,842.4915,624367.4,38077
2013-12-06 21:40:00+01:00,882.59595,1086.5645,754.95636,240.76045,853.5613,681726.75,38043
2013-12-06 21:50:00+01:00,843.9188,914.1722,667.3953,230.14821,892.23035,687304.56,35941
2013-12-06 22:00:00+01:00,869.51697,670.82025,570.1251,217.3419,997.3025,618476.8,36459
2013-12-06 22:10:00+01:00,719.242,785.0974,714.90826,272.59103,1020.0581,667409.94,35069
2013-12-06 22:20:00+01:00,641.75433,731.54285,675.30066,228.89223,946.08466,656230.06,35291
2013-12-06 22:30:00+01:00,608.5425,746.6518,603.55194,210.06345,1031.6011,610385.8,33515
2013-12-06 22:40:00+01:00,574.16425,912.26355,1140.9082,238.68002,999.38245,650303.1,32571
2013-12-06 22:50:00+01:00,519.7108,913.0527,607.98627,218.23236,983.2166,628875.4,32256
2013-12-06 23:00:00+01:00,448.76483,906.548,621.25183,202.2117,1024.3605,592709.5,32745
2013-12-06 23:10:00+01:00,474.78748,1082.4537,587.88776,207.19252,960.94086,606607.4,30587
2013-12-06 23:20:00+01:00,343.78333,958.099,632.3,191.65926,947.19934,596176.8,29485
2013-12-06 23:30:00+01:00,353.6939,907.76794,557.8242,171.28993,940.5528,568157.75,29442
2013-12-06 23:40:00+01:00,1177.3287,952.97974,631.0002,191.65135,997.26447,569591.44,26968
2013-12-06 23:50:00+01:00,335.64948,809.5883,594.78394,190.363,928.55493,553241.2,27163
2013-12-07 00:00:00+01:00,484.0297,572.8909,619.9997,238.39796,986.3682,534323.06,27536
2013-12-07 00:10:00+01:00,384.00113,588.5019,718.5674,194.79971,1048.0399,529756.4,25982
2013-12-07 00:20:00+01:00,302.88168,508.77075,784.9905,170.32272,960.4524,516632.4,25238
2013-12-07 00:30:00+01:00,340.2584,486.46933,729.3318,172.49065,795.91315,487912.03,25187
2013-12-07 00:40:00+01:00,284.9241,492.65237,962.9378,177.26569,781.5841,491496.5,23719
2013-12-07 00:50:00+01:00,234.85733,470.47208,937.74927,186.17744,742.26917,478816.78,22575
2013-12-07 01:00:00+01:00,268.36768,406.26593,999.3331,170.33875,708.4707,451776.5,22171
2013-12-07 01:10:00+01:00,265.2287,383.42514,1109.3473,180.8181,627.25397,453806.1,20531
2013-12-07 01:20:00+01:00,206.76909,399.70847,1038.7,171.09846,614.70715,437437.78,20790
2013-12-07 01:30:00+01:00,228.90063,392.9226,1100.8226,166.02682,606.0507,413381.56,19009
2013-12-07 01:40:00+01:00,207.14429,342.4073,1354.7863,191.25964,555.8808,412832.38,19618
2013-12-07 01:50:00+01:00,191.71558,356.02185,1357.9761,221.14479,566.83875,400561.94,20475
2013-12-07 02:00:00+01:00,199.4638,356.04117,1140.4219,149.59727,493.98267,383811.4,19216
2013-12-07 02:10:00+01:00,218.93019,362.8415,1332.0798,229.60017,568.91095,388120.72,18271
2013-12-07 02:20:00+01:00,213.80304,362.82578,1166.2878,155.96265,459.3206,375497.7,18423
2013-12-07 02:30:00+01:00,219.95134,376.5019,1125.7672,141.5616,409.62628,360001.28,18946
2013-12-07 02:40:00+01:00,238.31209,348.6565,1242.3308,161.4285,453.5646,366835.5,17227
2013-12-07 02:50:00+01:00,147.55966,328.31476,1191.6681,140.57932,454.1185,355783.8,18578
2013-12-07 03:00:00+01:00,174.91666,357.3638,964.80383,148.9687,419.41513,335703.7,17471
2013-12-07 03:10:00+01:00,180.83385,356.99197,940.6994,154.73276,353.6858,340566.5,16651
2013-12-07 03:20:00+01:00,144.84604,332.592,925.7495,141.27016,322.79523,330623.75,17405
2013-12-07 03:30:00+01:00,162.16635,283.33945,842.2197,171.88162,330.9344,320380.72,17314
2013-12-07 03:40:00+01:00,174.4936,292.13895,822.1952,149.60501,299.7591,332442.8,17008
2013-12-07 03:50:00+01:00,136.96652,272.6512,725.2496,130.63513,284.5711,312796.34,17502
2013-12-07 04:00:00+01:00,166.67297,299.69272,677.80194,127.53127,296.3482,305493.28,17503
2013-12-07 04:10:00+01:00,164.36864,286.06122,612.0602,137.56425,288.77908,368789.22,18556
2013-12-07 04:20:00+01:00,132.09842,277.34375,427.26974,120.827675,295.64996,310489.34,17744
2013-12-07 04:30:00+01:00,150.32288,310.8928,376.0765,137.50366,272.4435,297881.2,19495
2013-12-07 04:40:00+01:00,182.40874,277.98343,370.19,141.93718,252.10727,314249.28,17643
2013-12-07 04:50:00+01:00,128.55818,267.40543,310.4306,137.0411,265.34732,302823.7,17413
2013-12-07 05:00:00+01:00,160.02864,277.57593,279.24658,128.59076,247.81595,292228.25,19485
2013-12-07 05:10:00+01:00,169.3499,267.51523,315.97855,140.96507,257.61438,370743.9,19685
2013-12-07 05:20:00+01:00,132.16779,266.8239,280.03192,122.2807,227.08311,298356.12,17333
2013-12-07 05:30:00+01:00,149.38103,295.3736,273.65475,131.30656,220.9871,290676.75,19144
2013-12-07 05:40:00+01:00,177.4379,267.08463,281.80038,136.2693,217.91574,315042.03,20217
2013-12-07 05:50:00+01:00,136.84012,266.96146,275.8934,114.062675,224.87132,309999.4,19135
2013-12-07 06:00:00+01:00,149.40201,271.5914,273.5432,115.68029,226.58798,298504.3,19968
2013-12-07 06:10:00+01:00,178.42018,332.7767,309.0488,116.90817,248.6505,320072.78,19548
2013-12-07 06:20:00+01:00,147.86516,365.1431,306.72046,120.816666,196.28609,311927.28,21866
2013-12-07 06:30:00+01:00,191.20576,354.09464,295.0532,129.79196,215.80305,312475.25,22157
2013-12-07 06:40:00+01:00,198.64078,378.35696,333.24878,138.86621,250.04358,334386.5,22235
2013-12-07 06:50:00+01:00,149.19386,316.0666,277.16202,116.08473,202.42104,327764.53,23646
2013-12-07 07:00:00+01:00,189.29562,400.93518,281.49167,122.657,224.87595,328152.4,24890
2013-12-07 07:10:00+01:00,197.56282,360.93097,303.49677,127.6433,246.60158,352642.44,26271
2013-12-07 07:20:00+01:00,157.0108,352.80588,295.23532,133.20393,211.95613,349824.5,24724
2013-12-07 07:30:00+01:00,202.5805,404.76297,294.14175,127.253334,223.5513,358865.88,27374
2013-12-07 07:40:00+01:00,197.17552,417.33826,344.30746,132.77594,254.36423,385120.4,29776
2013-12-07 07:50:00+01:00,181.67474,390.7009,338.0684,122.8957,242.60185,386970.34,30568
2013-12-07 08:00:00+01:00,212.6696,414.79556,309.28296,125.3129,259.58463,400765.56,32085
2013-12-07 08:10:00+01:00,215.40097,488.27573,365.12415,143.3481,286.13318,425629.0,32448
2013-12-07 08:20:00+01:00,227.2642,390.80606,403.17685,130.6757,262.32483,430968.44,33976
2013-12-07 08:30:00+01:00,231.70312,504.92914,317.07135,127.24635,250.99002,444913.53,33993
2013-12-07 08:40:00+01:00,309.54184,508.08023,419.40182,152.1251,294.39734,484450.7,34603
2013-12-07 08:50:00+01:00,348.34317,575.58356,409.5537,142.29437,270.99933,483059.06,34657
2013-12-07 09:00:00+01:00,430.6608,609.8938,411.19263,148.68105,346.27045,512870.9,36621
2013-12-07 09:10:00+01:00,516.0871,678.53467,441.39005,166.7797,421.04138,539333.1,37128
2013-12-07 09:20:00+01:00,503.2667,612.7359,389.46646,154.58694,434.20047,546209.8,37536
2013-12-07 09:30:00+01:00,773.38104,755.3942,460.58313,152.08064,322.6121,554707.75,39615
2013-12-07 09:40:00+01:00,1029.9023,924.2457,532.1114,189.03908,383.12482,579207.4,39510
2013-12-07 09:50:00+01:00,964.61237,809.8822,558.76355,188.11694,455.396,587001.56,39956
2013-12-07 10:00:00+01:00,1164.5044,1020.7497,497.7718,216.9764,461.13092,596178.3,39958
2013-12-07 10:10:00+01:00,1248.5052,1225.9454,538.18475,210.3385,402.98132,616002.8,41227
2013-12-07 10:20:00+01:00,1325.7443,1349.829,557.11615,186.02423,439.61163,621436.25,41985
2013-12-07 10:30:00+01:00,1621.8407,1528.7194,499.21088,196.83167,462.16504,625876.3,42055
2013-12-07 10:40:00+01:00,1973.9993,1433.2275,630.16095,241.70363,403.3687,646877.56,41003
2013-12-07 10:50:00+01:00,2226.181,1538.9252,683.59924,208.38263,448.53702,647942.9,41957
2013-12-07 11:00:00+01:00,2599.426,1456.4465,693.6545,211.15758,387.0767,653556.44,42092
2013-12-07 11:10:00+01:00,2664.389,1563.2352,680.9118,222.08348,462.3225,665201.8,41884
2013-12-07 11:20:00+01:00,3079.448,1787.3313,692.7964,210.1417,450.85788,662620.56,43449
2013-12-07 11:30:00+01:00,3350.7153,1942.2974,646.32513,213.08336,418.88336,660376.06,41825
2013-12-07 11:40:00+01:00,3746.9734,1877.1617,704.5682,232.31577,569.8324,674472.0,41459
2013-12-07 11:50:00+01:00,3461.7131,1955.946,647.675,176.50655,540.9736,666395.56,40382
2013-12-07 12:00:00+01:00,3564.1433,1950.7946,677.23584,198.66093,507.2795,669700.7,40799
2013-12-07 12:10:00+01:00,3888.028,2423.7651,718.7612,193.83693,674.9493,683725.3,39637
2013-12-07 12:20:00+01:00,3585.9563,2175.3584,674.01166,180.71933,523.0656,670237.5,42844
2013-12-07 12:30:00+01:00,3910.2542,2312.3984,675.74603,180.77715,590.7607,667326.94,42502
2013-12-07 12:40:00+01:00,3966.9973,2025.506,707.71173,195.76154,643.1945,679982.06,40260
2013-12-07 12:50:00+01:00,4066.7153,2281.7642,757.0249,179.75456,789.98315,667577.6,41063
2013-12-07 13:00:00+01:00,3980.1018,2372.5415,814.8206,218.33044,600.9925,668539.56,40943
2013-12-07 13:10:00+01:00,4499.1646,2211.5107,924.61743,183.38614,592.7794,672761.56,42153
2013-12-07 13:20:00+01:00,4170.099,2658.4028,948.9487,165.22057,629.4339,663019.25,40079
2013-12-07 13:30:00+01:00,4514.572,2368.496,863.7579,182.0775,626.9802,664907.3,39042
2013-12-07 13:40:00+01:00,4409.3203,2383.9087,940.85126,212.04315,791.3184,669354.94,40172
2013-12-07 13:50:00+01:00,4903.765,2340.1548,961.90356,205.74149,696.51807,665378.3,40077
2013-12-07 14:00:00+01:00,4700.867,2359.7139,963.98694,203.91125,697.6286,676890.4,38731
2013-12-07 14:10:00+01:00,5093.069,2563.4336,996.51746,239.09229,819.53815,685367.9,38353
2013-12-07 14:20:00+01:00,5376.7593,2521.8804,1270.1677,249.34401,906.4916,680490.06,38868
2013-12-07 14:30:00+01:00,4840.956,2377.0942,989.0788,228.72485,719.9699,678359.44,39793
2013-12-07 14:40:00+01:00,5116.477,2464.6677,1034.3907,245.85696,745.69275,683460.6,38591
2013-12-07 14:50:00+01:00,5434.9336,2684.4204,1034.2422,227.45938,758.41205,685867.44,38371
2013-12-07 15:00:00+01:00,5485.593,2392.5186,1106.5446,217.70462,725.83936,685763.94,38070
2013-12-07 15:10:00+01:00,5659.8584,2481.451,1058.1129,199.40407,841.3189,702027.06,38585
2013-12-07 15:20:00+01:00,5259.712,2806.5042,937.5367,213.76257,851.43616,692646.2,39499
2013-12-07 15:30:00+01:00,5387.7266,2543.843,1008.17017,237.80084,675.8313,690551.25,39729
2013-12-07 15:40:00+01:00,5688.6504,2661.916,1185.7855,281.3629,679.8239,695720.9,38432
2013-12-07 15:50:00+01:00,5587.1836,2683.1768,1212.0823,240.96739,628.8192,690366.4,39466
2013-12-07 16:00:00+01:00,5377.375,2831.6694,1260.2075,206.95303,658.4956,691935.6,39091
2013-12-07 16:10:00+01:00,6082.132,2778.767,1423.4055,203.47588,612.421,700066.0,39123
2013-12-07 16:20:00+01:00,5770.429,2614.8071,1137.8016,198.47672,587.9446,690804.9,39286
2013-12-07 16:30:00+01:00,6023.0635,2709.3677,1360.3789,207.48566,644.1011,705059.2,39573
2013-12-07 16:40:00+01:00,5917.31,2745.7324,1159.9977,194.21843,513.64087,703300.44,40339
2013-12-07 16:50:00+01:00,5641.548,2827.9497,1185.5476,177.96826,574.0015,697940.2,40678
2013-12-07 17:00:00+01:00,5949.9307,2463.3013,1128.8988,212.60507,514.06445,711760.94,39112
2013-12-07 17:10:00+01:00,6153.272,2780.4739,1134.2257,198.58083,539.50275,718538.75,40185
2013-12-07 17:20:00+01:00,5551.036,2596.524,1106.5977,187.63066,549.4642,707537.5,38237
2013-12-07 17:30:00+01:00,5534.3906,2992.9302,1212.1494,214.03831,608.1696,708626.1,40048
2013-12-07 17:40:00+01:00,5958.6685,2813.0967,1192.7415,222.38232,766.47046,716787.4,38918
2013-12-07 17:50:00+01:00,5710.174,3030.2148,970.1894,204.88501,576.5936,713187.4,39618
2013-12-07 18:00:00+01:00,6003.0347,2892.172,970.96515,216.5703,541.5555,720219.4,39754
2013-12-07 18:10:00+01:00,5430.57,2742.984,967.1988,205.7715,640.4622,718590.7,39805
2013-12-07 18:20:00+01:00,5247.876,2847.2302,965.66974,224.83194,524.2266,717484.1,39156
2013-12-07 18:30:00+01:00,5360.833,2755.2048,1024.7859,202.64194,538.30884,716760.56,39233
2013-12-07 18:40:00+01:00,4867.169,2609.5828,942.265,225.98653,611.8962,717482.25,38985
2013-12-07 18:50:00+01:00,4711.19,2481.4382,900.5413,249.03142,616.05206,712047.8,38620
2013-12-07 19:00:00+01:00,4589.354,2671.274,968.58344,229.29984,565.33496,714026.0,38449
2013-12-07 19:10:00+01:00,4544.9355,2592.3733,937.04376,214.13165,705.7906,709243.94,38408
2013-12-07 19:20:00+01:00,4835.6904,2430.9553,814.01965,221.26039,665.8613,701023.3,38976
2013-12-07 19:30:00+01:00,4242.22,2556.0056,940.79865,186.93712,683.21204,704682.25,40142
2013-12-07 19:40:00+01:00,4411.689,2850.4302,893.20734,208.3193,802.0824,696100.5,38316
2013-12-07 19:50:00+01:00,4115.527,2363.8264,811.7561,233.20625,795.26764,690219.44,38303
2013-12-07 20:00:00+01:00,3804.2585,2232.07,847.6638,253.01213,775.6074,684109.44,37670
2013-12-07 20:10:00+01:00,3230.1042,1926.9662,899.7664,237.3093,849.6701,681262.3,37275
2013-12-07 20:20:00+01:00,3497.2827,1621.9993,796.6629,226.71585,789.85095,669207.5,36983
2013-12-07 20:30:00+01:00,3218.113,1680.3345,834.8988,230.58488,791.01215,672267.0,34643
2013-12-07 20:40:00+01:00,2936.8413,1632.1976,818.0553,218.18364,960.80615,673294.44,34098
2013-12-07 20:50:00+01:00,2534.2766,1276.1206,969.36707,244.54922,1142.6881,662758.3,34436
2013-12-07 21:00:00+01:00,2457.779,1287.9628,1113.2201,227.10074,1092.9701,665070.44,32970
2013-12-07 21:10:00+01:00,2575.1106,1253.9205,894.0218,300.1264,1036.8015,674163.94,32034
2013-12-07 21:20:00+01:00,2248.7795,1167.0664,849.77997,227.6783,1009.8362,662911.3,32081
2013-12-07 21:30:00+01:00,2335.311,1188.393,832.2179,258.88428,1160.9031,666453.0,33136
2013-12-07 21:40:00+01:00,2225.355,1156.6901,1007.7742,249.7371,1021.6436,656738.56,31913
2013-12-07 21:50:00+01:00,2074.117,1174.6073,1006.29767,240.98416,1141.2749,648382.44,30734
2013-12-07 22:00:00+01:00,1801.7386,986.22595,976.0115,240.50978,1025.0315,650559.3,31414
2013-12-07 22:10:00+01:00,1483.3423,1002.00397,958.2728,225.96484,1165.883,656105.7,29278
2013-12-07 22:20:00+01:00,1446.9614,1260.5358,883.31445,238.29869,1102.0034,648019.0,29245
2013-12-07 22:30:00+01:00,1339.4852,1203.3197,861.2371,232.962,1141.1936,658696.56,29800
2013-12-07 22:40:00+01:00,1071.9751,1173.8822,893.134,220.56049,1149.2047,646325.75,30543
2013-12-07 22:50:00+01:00,1021.30054,870.9672,892.4647,204.5933,1083.223,628379.94,30546
2013-12-07 23:00:00+01:00,1175.4025,746.5462,807.5871,201.21516,1194.8114,633295.4,29744
2013-12-07 23:10:00+01:00,962.04834,773.1994,856.2958,205.39313,1158.1051,618474.44,29110
2013-12-07 23:20:00+01:00,833.45734,882.054,667.06995,189.1484,1071.8328,601420.94,27673
2013-12-07 23:30:00+01:00,673.81586,726.37885,1059.7982,208.89052,1095.1926,582826.5,27962
2013-12-07 23:40:00+01:00,726.29706,769.631,693.32404,203.90642,1108.8525,585607.56,27360
2013-12-07 23:50:00+01:00,623.4854,605.0021,736.9206,193.75876,969.3649,566234.5,26415
2013-12-08 00:00:00+01:00,859.0925,725.5184,913.63873,222.78023,1045.0977,556573.9,26620
2013-12-08 00:10:00+01:00,673.0909,615.9903,851.16394,213.86475,981.281,540699.0,25087
2013-12-08 00:20:00+01:00,750.7055,547.29767,1045.1952,204.00592,1048.4027,523484.75,23665
2013-12-08 00:30:00+01:00,506.62012,570.5839,1426.3735,217.76059,873.2584,515109.38,24325
2013-12-08 00:40:00+01:00,413.96686,536.60156,1739.2145,203.03992,798.59644,503852.44,23040
2013-12-08 00:50:00+01:00,423.64304,455.2975,1798.7178,216.50894,779.4981,486213.75,21835
2013-12-08 01:00:00+01:00,579.8686,442.7069,1908.3607,193.25078,718.87396,479109.53,22649
2013-12-08 01:10:00+01:00,408.49408,423.14978,1961.6245,200.01953,684.4143,467103.34,21506
2013-12-08 01:20:00+01:00,295.9428,408.403,1836.5253,173.09993,654.0508,443232.53,19595
2013-12-08 01:30:00+01:00,280.08917,378.1157,2120.1736,167.07132,687.22925,437322.5,19475
2013-12-08 01:40:00+01:00,298.2874,412.6732,1865.4601,173.91582,577.71594,426528.72,18767
2013-12-08 01:50:00+01:00,223.5862,365.47485,1930.4564,163.6725,522.2627,405881.34,19177
2013-12-08 02:00:00+01:00,263.03143,343.5134,2000.6763,180.00853,541.79706,400708.88,18694
2013-12-08 02:10:00+01:00,231.28879,330.05878,1934.8096,154.95241,482.18802,391550.78,17718
2013-12-08 02:20:00+01:00,209.69182,457.86023,1914.4578,139.17679,418.40112,376025.66,17976
2013-12-08 02:30:00+01:00,223.96342,323.7408,1945.0676,173.22878,425.13217,373717.66,17096
2013-12-08 02:40:00+01:00,223.0247,330.4403,1836.7074,165.43396,386.2964,367285.78,16100
2013-12-08 02:50:00+01:00,185.6494,324.16763,1807.1598,121.602264,387.61713,354338.75,16472
2013-12-08 03:00:00+01:00,215.69403,314.56085,1596.797,142.09607,352.73965,352451.56,16742
2013-12-08 03:10:00+01:00,215.82996,315.5273,1561.8798,134.10716,303.62402,342361.94,15722
2013-12-08 03:20:00+01:00,204.31493,314.31412,1572.8323,119.358894,318.25882,328397.16,15865
2013-12-08 03:30:00+01:00,226.93228,352.6269,1567.7488,121.14167,298.70734,328289.4,16295
2013-12-08 03:40:00+01:00,207.2807,336.71323,1662.3057,120.68061,286.07297,326271.53,15459
2013-12-08 03:50:00+01:00,194.50137,301.48328,1373.734,129.44566,257.08408,323675.75,15132
2013-12-08 04:00:00+01:00,227.63272,314.163,1340.4558,145.25612,264.95392,312848.78,15137
2013-12-08 04:10:00+01:00,196.95477,335.55704,1148.7325,119.80914,271.80817,305285.3,14967
2013-12-08 04:20:00+01:00,208.79219,314.67737,1090.0105,118.66837,242.19972,301345.22,15265
2013-12-08 04:30:00+01:00,208.64572,298.85797,1095.6444,126.11594,246.0861,300646.7,15541
2013-12-08 04:40:00+01:00,201.42516,271.97974,958.3433,108.881516,237.2927,294135.47,15226
2013-12-08 04:50:00+01:00,186.95712,278.74197,857.4877,105.01954,220.52667,284866.22,14974
2013-12-08 05:00:00+01:00,210.64186,268.01178,550.9005,129.84692,237.40564,289208.97,15664
2013-12-08 05:10:00+01:00,234.7384,285.20126,382.85892,114.25601,223.38226,285284.34,15271
2013-12-08 05:20:00+01:00,183.1718,265.10986,227.47566,115.54195,214.29382,279676.22,14221
2013-12-08 05:30:00+01:00,207.65546,228.42853,244.8868,112.90341,237.47823,282923.44,15758
2013-12-08 05:40:00+01:00,233.17593,287.48157,328.21506,117.76963,218.93718,281597.12,15708
2013-12-08 05:50:00+01:00,215.22595,335.25735,220.63438,102.99844,187.1026,270937.1,16143
2013-12-08 06:00:00+01:00,252.70546,273.8745,242.27722,135.62354,219.38086,278305.9,16626
2013-12-08 06:10:00+01:00,205.43668,315.80438,211.92145,123.48089,195.66916,280115.0,16166
2013-12-08 06:20:00+01:00,196.58502,271.59283,225.18512,106.37148,199.9117,277184.56,18048
2013-12-08 06:30:00+01:00,190.53064,263.89185,217.50339,99.6821,233.79796,285061.6,17133
2013-12-08 06:40:00+01:00,212.15036,269.45062,218.14111,106.75771,197.52818,286619.84,17140
2013-12-08 06:50:00+01:00,197.27875,302.2328,211.809,96.76334,191.7794,282926.34,18016
2013-12-08 07:00:00+01:00,228.73343,258.28186,210.64125,103.98971,226.11623,293298.6,19427
2013-12-08 07:10:00+01:00,236.3899,305.51193,202.27411,102.957146,214.70454,300811.56,18736
2013-12-08 07:20:00+01:00,210.96133,295.3791,220.00986,101.29386,214.65553,296037.03,19538
2013-12-08 07:30:00+01:00,240.75821,283.6988,247.21196,116.56291,219.07407,311368.2,21147
2013-12-08 07:40:00+01:00,233.99019,347.93665,254.67268,115.832825,211.17374,318215.66,22122
2013-12-08 07:50:00+01:00,224.4038,379.9459,228.29414,98.960304,200.38788,319632.34,23433
2013-12-08 08:00:00+01:00,269.61172,277.991,252.15674,112.50432,232.75162,341579.4,27230
2013-12-08 08:10:00+01:00,268.10635,334.4405,229.4819,118.18585,245.21634,354894.06,29136
2013-12-08 08:20:00+01:00,323.34998,440.92838,219.6115,123.501686,196.03914,360415.9,29214
2013-12-08 08:30:00+01:00,328.63852,395.2894,233.75768,116.07141,265.0321,384526.3,29927
2013-12-08 08:40:00+01:00,389.18887,460.53275,219.79797,136.51447,278.73486,395280.62,32459
2013-12-08 08:50:00+01:00,415.02008,406.11093,239.09358,121.88194,285.48547,405351.84,32260
2013-12-08 09:00:00+01:00,437.61978,377.36447,264.27887,125.92443,294.313,426133.6,32854
2013-12-08 09:10:00+01:00,478.59717,514.35925,285.24792,149.15558,316.35452,445522.3,34289
2013-12-08 09:20:00+01:00,570.9257,447.45926,346.57758,144.96558,272.6014,460009.75,34012
2013-12-08 09:30:00+01:00,534.16705,579.4804,293.23227,109.43354,348.19162,480933.5,33682
2013-12-08 09:40:00+01:00,744.7138,571.00037,314.80768,149.10829,301.72534,498277.5,34063
2013-12-08 09:50:00+01:00,821.0639,633.51056,311.81668,165.01965,286.44144,509320.4,36785
2013-12-08 10:00:00+01:00,1234.6375,654.4696,349.79138,173.52124,429.88528,531236.56,36201
2013-12-08 10:10:00+01:00,1298.2981,814.5113,341.32886,165.6231,377.80853,548659.25,37997
2013-12-08 10:20:00+01:00,1730.6652,838.37604,354.79572,172.13689,384.93903,556677.06,38476
2013-12-08 10:30:00+01:00,1838.7963,966.6742,369.0708,155.53294,408.70175,569164.6,40602
2013-12-08 10:40:00+01:00,2075.0708,1072.7385,358.88528,163.16716,476.28348,581626.1,36980
2013-12-08 10:50:00+01:00,2452.1863,1297.0575,420.18555,166.06015,436.245,590810.0,37044
2013-12-08 11:00:00+01:00,3001.0552,1417.9856,435.99194,148.16838,401.83282,605947.0,38813
2013-12-08 11:10:00+01:00,3147.6875,1247.5483,449.01294,154.4072,467.55527,616159.5,39479
2013-12-08 11:20:00+01:00,3267.4604,1524.6261,638.5708,172.79546,448.33804,614379.94,37361
2013-12-08 11:30:00+01:00,3840.876,1665.7758,475.98923,211.24245,455.0826,624077.5,38719
2013-12-08 11:40:00+01:00,3835.677,1582.6367,494.50793,182.82329,444.11554,636235.6,38373
2013-12-08 11:50:00+01:00,4198.3716,1853.674,489.86923,184.09154,432.91693,634272.6,39049
2013-12-08 12:00:00+01:00,3997.808,1952.005,573.9968,175.18309,571.80646,645589.3,40555
2013-12-08 12:10:00+01:00,4129.2207,2115.1265,508.6637,166.75851,447.72455,650701.75,38933
2013-12-08 12:20:00+01:00,4305.8057,2062.8374,569.83514,167.99886,469.13373,645800.7,40936
2013-12-08 12:30:00+01:00,4559.566,2174.6284,695.80994,202.91307,470.17914,652509.1,39240
2013-12-08 12:40:00+01:00,4608.341,2375.1812,601.20123,183.62704,577.31104,650885.8,40101
2013-12-08 12:50:00+01:00,4841.762,2272.6897,579.3847,188.95859,505.5445,642121.06,38432
2013-12-08 13:00:00+01:00,4319.6865,2231.819,570.3326,185.99368,613.43835,651088.3,38596
2013-12-08 13:10:00+01:00,4460.1885,2479.335,675.1444,187.04312,585.26105,651908.0,38394
2013-12-08 13:20:00+01:00,4482.3247,2394.6445,555.81494,181.92514,589.9234,636917.44,38053
2013-12-08 13:30:00+01:00,4527.324,2575.7812,649.60974,194.2734,582.8945,641744.75,37652
2013-12-08 13:40:00+01:00,4702.24,2589.635,605.5385,168.2667,826.5238,650292.2,37341
2013-12-08 13:50:00+01:00,4775.026,2641.497,715.7502,181.62979,605.89594,654808.7,37517
2013-12-08 14:00:00+01:00,4440.0845,2621.2783,748.5911,150.52654,594.7499,660261.7,36245
2013-12-08 14:10:00+01:00,5039.9976,2502.778,813.81805,176.63994,611.9404,671985.4,38653
2013-12-08 14:20:00+01:00,5238.4067,2559.3967,757.3531,159.4027,609.3836,664872.5,37788
2013-12-08 14:30:00+01:00,4869.042,2313.9717,654.0472,160.10945,714.6499,663329.4,38924
2013-12-08 14:40:00+01:00,4673.615,2460.1064,702.57245,154.16281,601.9596,672690.7,38486
2013-12-08 14:50:00+01:00,4561.7104,2666.0303,788.6934,145.20743,714.5537,670817.4,37492
2013-12-08 15:00:00+01:00,4486.6865,2583.199,731.67487,168.66428,691.3791,679465.75,39356
2013-12-08 15:10:00+01:00,4666.7183,2632.8274,789.0797,216.17093,649.2959,684292.56,38725
2013-12-08 15:20:00+01:00,5122.386,2620.5635,724.41437,178.0945,710.35156,680962.94,39965
2013-12-08 15:30:00+01:00,5127.254,2517.2703,747.2768,193.97733,581.04224,694616.56,38876
2013-12-08 15:40:00+01:00,4751.3154,2606.6582,772.73846,183.7113,547.05725,694084.3,38116
2013-12-08 15:50:00+01:00,5319.773,2793.4949,918.2027,184.44978,602.5483,695143.4,37440
2013-12-08 16:00:00+01:00,5519.3066,2686.509,713.404,168.83151,579.3001,700539.56,38471
2013-12-08 16:10:00+01:00,4774.7544,2759.2942,809.70935,186.30823,524.99115,714050.9,38191
2013-12-08 16:20:00+01:00,4596.557,2712.7231,750.7684,200.40596,598.6409,708743.56,38701
2013-12-08 16:30:00+01:00,4772.361,2533.027,753.415,217.02263,602.3727,718866.4,39097
2013-12-08 16:40:00+01:00,5001.2705,2627.8616,711.3427,244.78049,558.28973,715145.8,37366
2013-12-08 16:50:00+01:00,5354.419,2716.8809,658.5983,239.92688,526.4551,715542.44,40196
2013-12-08 17:00:00+01:00,4573.355,2591.288,699.7849,202.47623,481.39236,714639.8,40607
2013-12-08 17:10:00+01:00,4814.826,2630.8208,939.815,170.04779,548.668,726814.6,41633
2013-12-08 17:20:00+01:00,4744.8784,3062.4456,647.43787,180.58,585.6651,725625.44,40423
2013-12-08 17:30:00+01:00,4158.489,2699.3403,727.78064,197.40938,517.7176,728548.75,41470
2013-12-08 17:40:00+01:00,4659.567,2618.0461,707.1107,190.82405,576.69336,732352.2,42096
2013-12-08 17:50:00+01:00,4342.7983,2587.322,589.33527,192.38615,574.15173,722249.9,41001
2013-12-08 18:00:00+01:00,4487.242,2813.5967,660.59985,238.50525,589.4303,733830.8,40107
2013-12-08 18:10:00+01:00,4237.6406,2546.7617,577.071,225.02919,524.98584,725488.3,39512
2013-12-08 18:20:00+01:00,4193.613,2817.3945,559.0153,205.47507,630.3579,723292.5,39409
2013-12-08 18:30:00+01:00,4097.608,2762.107,575.93713,219.1104,670.3698,720789.94,40616
2013-12-08 18:40:00+01:00,3884.9043,2361.2798,599.83685,204.53789,645.3763,725555.56,39624
2013-12-08 18:50:00+01:00,3683.6555,2352.2283,568.42834,200.08835,644.8119,713733.75,39120
2013-12-08 19:00:00+01:00,3709.4763,2174.4954,632.0776,217.48138,634.13,722552.2,38870
2013-12-08 19:10:00+01:00,3344.4377,1857.0411,795.3462,251.66763,655.69354,722827.56,38290
2013-12-08 19:20:00+01:00,3153.9,1779.9729,772.5099,247.70483,655.4626,708275.25,40267
2013-12-08 19:30:00+01:00,3139.3796,1659.1508,615.2285,283.61005,620.24854,709009.8,38610
2013-12-08 19:40:00+01:00,2857.1567,1525.1012,489.32736,215.33705,627.4481,697664.7,38225
2013-12-08 19:50:00+01:00,2515.59,1306.5786,411.85675,235.55406,625.1063,685787.56,39700
2013-12-08 20:00:00+01:00,2383.8796,1218.1951,542.69275,226.25623,683.6704,690452.3,35866
2013-12-08 20:10:00+01:00,2343.4163,1270.9623,422.71466,240.72665,641.9007,684938.75,37989
2013-12-08 20:20:00+01:00,2244.8245,1258.0767,372.0153,274.29993,690.12665,677719.5,36231
2013-12-08 20:30:00+01:00,1686.7479,1158.7334,371.36087,282.53613,684.103,687384.06,35945
2013-12-08 20:40:00+01:00,1533.5819,1403.273,374.12817,270.23328,766.4706,691510.94,37091
2013-12-08 20:50:00+01:00,1193.1051,957.0542,330.75574,239.54016,741.38336,673987.56,34763
2013-12-08 21:00:00+01:00,1223.1504,917.6029,359.06064,252.33003,863.1455,684564.3,35489
2013-12-08 21:10:00+01:00,1020.6046,767.4958,363.81253,282.9698,843.2552,678212.5,34440
2013-12-08 21:20:00+01:00,1078.0026,700.8501,348.58646,272.37955,674.01526,680468.56,34171
2013-12-08 21:30:00+01:00,1001.03955,963.7161,354.66617,283.3991,720.9679,681506.8,33292
2013-12-08 21:40:00+01:00,926.5555,794.22925,394.65457,262.53845,698.3175,670264.5,32853
2013-12-08 21:50:00+01:00,1144.2274,951.3366,377.97733,264.2967,797.23303,661778.2,33204
2013-12-08 22:00:00+01:00,990.61304,671.15,425.56512,283.04984,644.85114,659157.0,30858
2013-12-08 22:10:00+01:00,882.54333,624.7936,413.79767,293.1853,649.74115,651540.94,31164
2013-12-08 22:20:00+01:00,885.264,622.7959,408.40878,304.42886,753.4642,652344.75,31000
2013-12-08 22:30:00+01:00,545.2613,695.83545,487.52438,291.13968,617.0984,645078.06,29632
2013-12-08 22:40:00+01:00,836.01056,507.21494,462.2679,250.81421,659.39685,626119.6,29782
2013-12-08 22:50:00+01:00,565.07007,457.99146,389.11288,221.77213,685.62616,612141.7,29708
2013-12-08 23:00:00+01:00,449.8766,478.7464,410.40158,240.83676,544.7574,598579.5,28309
2013-12-08 23:10:00+01:00,345.7412,459.6498,387.4696,242.55504,621.1209,579095.2,27671
2013-12-08 23:20:00+01:00,336.59058,411.6965,302.7926,273.06046,542.7193,570826.56,26064
2013-12-08 23:30:00+01:00,317.568,474.21646,341.09454,265.38684,549.35046,557343.56,24838
2013-12-08 23:40:00+01:00,358.19235,406.44775,376.05066,272.67307,537.1085,538270.7,24337
2013-12-08 23:50:00+01:00,348.32687,399.42328,241.04895,257.6947,470.4182,522791.7,23633
2013-12-09 00:00:00+01:00,317.95996,404.45886,276.07938,228.45866,473.66913,509728.75,23873
2013-12-09 00:10:00+01:00,395.84546,366.4887,245.93452,172.92818,433.6728,494338.97,22569
2013-12-09 00:20:00+01:00,346.24234,351.14746,226.85709,168.35889,462.3672,477003.8,21828
2013-12-09 00:30:00+01:00,297.68066,353.12787,231.07928,167.74164,446.00443,465725.0,20949
2013-12-09 00:40:00+01:00,232.73996,310.04678,236.20422,148.71933,422.2219,452104.38,19193
2013-12-09 00:50:00+01:00,252.48586,276.0485,176.40648,151.97041,407.10315,431722.4,19962
2013-12-09 01:00:00+01:00,238.67728,321.27213,213.44171,167.43008,367.50275,429731.1,19735
2013-12-09 01:10:00+01:00,253.941,331.42557,208.62811,151.0575,302.21637,414275.06,18191
2013-12-09 01:20:00+01:00,225.68031,303.57333,341.9561,152.10123,319.843,399410.44,17032
2013-12-09 01:30:00+01:00,197.4249,303.76266,349.9486,145.21786,295.13437,396960.44,16994
2013-12-09 01:40:00+01:00,211.34184,289.24283,244.39297,134.50964,273.55515,383140.56,16118
2013-12-09 01:50:00+01:00,216.99399,286.38397,172.3614,137.7114,305.88654,371671.97,16396
2013-12-09 02:00:00+01:00,240.32466,350.37643,219.67459,157.73897,290.37372,370865.72,16510
2013-12-09 02:10:00+01:00,196.97177,304.39862,205.7273,135.37846,264.82004,358324.7,15686
2013-12-09 02:20:00+01:00,203.8146,316.61517,150.59215,155.56189,263.54962,348684.66,16073
2013-12-09 02:30:00+01:00,204.01747,351.38132,187.87727,149.45184,236.80992,345787.56,15778
2013-12-09 02:40:00+01:00,174.18658,356.0527,191.42,124.59713,237.1307,335882.97,15009
2013-12-09 02:50:00+01:00,201.21375,244.24332,149.00557,135.20837,242.77325,331519.8,15917
2013-12-09 03:00:00+01:00,187.0758,270.9956,184.53839,140.47728,230.6102,324863.4,14812
2013-12-09 03:10:00+01:00,180.61635,260.41275,205.91734,126.53264,251.00185,320463.56,14912
2013-12-09 03:20:00+01:00,199.96582,248.17546,165.02663,126.05359,231.80223,309837.25,15265
2013-12-09 03:30:00+01:00,188.24231,283.28766,165.94577,131.35977,233.17941,311823.88,15168
2013-12-09 03:40:00+01:00,179.66675,286.77545,183.0683,131.09967,233.8745,312859.84,15056
2013-12-09 03:50:00+01:00,195.56053,270.96265,168.22723,116.388626,229.84688,301267.44,17655
2013-12-09 04:00:00+01:00,187.68079,270.96857,163.94128,120.17831,222.51544,300872.66,16199
2013-12-09 04:10:00+01:00,175.3631,243.26822,190.2076,111.2881,218.95363,299134.0,15673
2013-12-09 04:20:00+01:00,210.97166,263.4047,164.9776,114.20819,197.15953,291838.94,15857
2013-12-09 04:30:00+01:00,176.33896,233.78781,161.67197,115.24548,206.99855,292499.1,17311
2013-12-09 04:40:00+01:00,169.58931,244.46391,183.61081,118.7044,212.28235,294155.3,15986
2013-12-09 04:50:00+01:00,189.11652,216.33865,146.1726,111.71054,221.23427,288867.72,17611
2013-12-09 05:00:00+01:00,184.41405,251.96478,163.21098,112.05691,213.78712,294406.78,18246
2013-12-09 05:10:00+01:00,190.59543,261.28632,198.71889,114.73913,234.64471,292979.2,17180
2013-12-09 05:20:00+01:00,197.265,237.39719,161.78714,115.629295,218.02274,293536.16,17756
2013-12-09 05:30:00+01:00,219.96927,240.56204,182.7754,114.86652,211.02225,298293.44,18812
2013-12-09 05:40:00+01:00,177.67964,223.69743,179.76599,108.89379,250.63597,304444.25,20478
2013-12-09 05:50:00+01:00,238.15482,337.30566,189.95084,112.70472,240.0471,305039.3,20384
2013-12-09 06:00:00+01:00,204.31412,243.73378,200.40225,111.949776,268.81317,317343.22,21662
2013-12-09 06:10:00+01:00,200.32045,239.5529,191.18205,108.097626,283.5047,330757.34,22986
2013-12-09 06:20:00+01:00,238.48499,254.14468,205.05429,117.02203,275.4617,335104.16,23499
2013-12-09 06:30:00+01:00,211.10611,301.38934,243.02533,126.430305,272.3511,354723.94,25358
2013-12-09 06:40:00+01:00,204.81519,277.0203,275.2578,145.60294,287.80762,375109.4,27572
2013-12-09 06:50:00+01:00,236.59727,391.22433,240.74446,149.9876,300.12015,395585.97,28270
2013-12-09 07:00:00+01:00,291.5712,354.6274,290.9145,164.643,319.81165,429084.8,31189
2013-12-09 07:10:00+01:00,269.6608,403.23886,344.05566,170.3151,316.0593,463970.72,32279
2013-12-09 07:20:00+01:00,278.50156,383.75113,395.54498,178.23668,321.44144,490494.78,32167
2013-12-09 07:30:00+01:00,298.2216,480.57074,489.76227,225.966,465.26648,539975.06,34668
2013-12-09 07:40:00+01:00,345.15765,590.5571,523.5113,236.82999,363.05945,573427.4,36852
2013-12-09 07:50:00+01:00,337.18958,676.41925,586.66754,251.53343,383.4347,597442.4,37871
2013-12-09 08:00:00+01:00,476.73782,1209.0139,731.9736,272.83557,401.7854,635673.94,39149
2013-12-09 08:10:00+01:00,408.7223,705.0551,873.18,287.33383,691.4672,663925.7,40643
2013-12-09 08:20:00+01:00,514.8056,755.3338,981.89557,317.42737,579.0231,682063.56,40811
2013-12-09 08:30:00+01:00,526.79785,891.80994,1163.3973,335.0779,479.31888,711672.8,41882
2013-12-09 08:40:00+01:00,698.73895,1065.5337,1381.5403,343.15945,482.6143,728424.6,43293
2013-12-09 08:50:00+01:00,792.2706,1266.6848,1767.5266,393.3311,475.08902,735239.0,43363
2013-12-09 09:00:00+01:00,684.21313,1295.2727,1991.6282,416.3442,524.36914,751651.06,43168
2013-12-09 09:10:00+01:00,849.7741,1258.5447,2270.6963,424.62085,454.32736,755395.94,46570
2013-12-09 09:20:00+01:00,864.755,1451.9678,2436.95,430.83765,428.5906,761791.7,48565
2013-12-09 09:30:00+01:00,829.9467,1478.8219,2475.4377,503.7059,543.42645,772423.06,50013
2013-12-09 09:40:00+01:00,924.35614,1736.7175,2788.9126,478.20135,467.71188,763667.06,48460
2013-12-09 09:50:00+01:00,1081.2377,1698.8442,2681.9104,474.34836,526.2452,771352.56,46781
2013-12-09 10:00:00+01:00,1227.2158,1788.0443,2658.678,573.97125,450.10474,775299.06,50082
2013-12-09 10:10:00+01:00,1222.7238,1784.3696,2825.1472,572.23706,448.1814,780222.5,48161
2013-12-09 10:20:00+01:00,1411.2383,1746.3629,2854.311,609.97064,453.85046,779648.75,50134
2013-12-09 10:30:00+01:00,1989.6625,2100.3782,2969.631,673.136,450.98248,796576.6,49537
2013-12-09 10:40:00+01:00,1708.2104,1845.9613,2935.6755,745.2519,472.41257,797864.3,50483
2013-12-09 10:50:00+01:00,1852.7535,2070.1484,3031.4636,573.7853,400.43533,799788.75,48956
2013-12-09 11:00:00+01:00,1988.0822,2394.0793,3144.189,589.067,437.52545,813510.75,49183
2013-12-09 11:10:00+01:00,1964.1075,2192.323,3214.7363,605.4434,407.5877,817967.25,49759
2013-12-09 11:20:00+01:00,2397.8958,2509.5408,3120.809,585.3259,574.20856,811130.1,48969
2013-12-09 11:30:00+01:00,2260.8452,2282.352,3138.472,593.70935,468.88947,817175.75,48376
2013-12-09 11:40:00+01:00,2480.8486,2295.778,3048.4841,565.7194,483.56415,811047.5,50313
2013-12-09 11:50:00+01:00,2701.784,2636.386,3230.4604,700.7231,439.88275,814378.2,48456
2013-12-09 12:00:00+01:00,3042.1436,2547.4624,3164.477,660.31537,445.34534,827155.6,50627
2013-12-09 12:10:00+01:00,2974.8464,2386.3857,3393.2017,644.5099,531.6045,821079.94,47907
2013-12-09 12:20:00+01:00,2903.1367,2545.289,3336.7927,602.5284,582.93085,823685.3,48963
2013-12-09 12:30:00+01:00,3203.4824,2672.17,3409.2473,625.2246,565.2787,836146.25,51019
2013-12-09 12:40:00+01:00,3222.1162,2449.6387,3823.8647,610.3764,572.569,851583.5,52164
2013-12-09 12:50:00+01:00,3078.2805,2405.5867,3724.2676,620.6819,590.9306,839922.75,48487
2013-12-09 13:00:00+01:00,3505.7678,2750.2495,3743.409,550.9894,552.6055,865181.4,50215
2013-12-09 13:10:00+01:00,3160.8877,2690.352,3872.8955,622.0358,601.5699,873842.56,49905
2013-12-09 13:20:00+01:00,3734.773,2598.7144,3649.3113,616.409,546.91235,869013.25,47520
2013-12-09 13:30:00+01:00,3456.372,2912.2058,3863.2632,657.0706,507.779,871393.6,49247
2013-12-09 13:40:00+01:00,3440.244,3005.724,3894.021,653.68304,530.84344,884325.56,48520
2013-12-09 13:50:00+01:00,3618.8582,2801.353,3508.3252,670.706,639.9216,877906.5,49169
2013-12-09 14:00:00+01:00,3394.556,2954.7588,3526.2969,698.9782,621.41254,884013.5,47885
2013-12-09 14:10:00+01:00,3321.402,2898.1653,3614.6162,723.99365,572.71436,873465.1,48351
2013-12-09 14:20:00+01:00,3433.3528,2765.6484,3404.4192,690.84033,562.549,861932.44,49484
2013-12-09 14:30:00+01:00,3996.081,2740.5352,3273.331,632.32855,592.7434,860931.44,47767
2013-12-09 14:40:00+01:00,3518.5361,2712.638,3082.7793,679.7666,548.8649,847610.75,47407
2013-12-09 14:50:00+01:00,3350.2097,2600.776,3062.046,644.261,558.761,847228.7,48957
2013-12-09 15:00:00+01:00,3353.4287,2776.5977,3186.2708,578.18134,568.9599,847226.75,49500
2013-12-09 15:10:00+01:00,3593.0608,2660.2708,3026.7527,619.3338,537.70795,845135.06,49673
2013-12-09 15:20:00+01:00,3450.2998,2870.1052,3134.2349,584.24414,513.3258,837615.6,50714
2013-12-09 15:30:00+01:00,3290.5027,2737.2053,3156.0156,575.91766,524.7206,846100.8,49667
2013-12-09 15:40:00+01:00,3320.6372,2794.0732,3131.0845,629.9819,531.66394,843470.06,49031
2013-12-09 15:50:00+01:00,3220.2751,2531.2327,3036.9766,620.10297,607.5903,843599.94,49152
2013-12-09 16:00:00+01:00,3231.7446,2501.1162,3062.7144,713.2089,533.0172,860570.1,48857
2013-12-09 16:10:00+01:00,3408.067,2450.3599,3103.106,704.73535,516.76245,863700.06,47868
2013-12-09 16:20:00+01:00,3187.6296,2575.2117,3020.9905,618.52057,576.6652,863815.75,51340
2013-12-09 16:30:00+01:00,2956.604,2720.3699,3159.5354,596.1744,620.83044,865014.56,52156
2013-12-09 16:40:00+01:00,3463.5615,2612.4014,2995.249,567.51825,600.6828,865810.94,49527
2013-12-09 16:50:00+01:00,3122.2017,2700.093,3248.5044,606.8138,580.1003,860270.2,48043
2013-12-09 17:00:00+01:00,3157.8108,2803.391,3000.53,618.3774,676.5181,880084.44,50633
2013-12-09 17:10:00+01:00,3118.6733,2719.4897,2873.7368,540.2957,550.5066,874602.6,50008
2013-12-09 17:20:00+01:00,2964.6245,2916.3237,2749.4233,563.01685,545.08386,855651.5,48692
2013-12-09 17:30:00+01:00,3050.6497,2889.5676,2749.5051,551.33923,554.05914,858011.75,48014
2013-12-09 17:40:00+01:00,2808.9746,2522.8486,2881.8267,524.5081,600.63293,862465.7,47516
2013-12-09 17:50:00+01:00,2942.3992,2273.6086,2945.499,573.12134,590.9737,863760.2,49117
2013-12-09 18:00:00+01:00,2844.1326,2713.9302,2983.1672,545.51587,688.63293,868295.0,47416
2013-12-09 18:10:00+01:00,3190.8274,2347.227,2645.0142,467.90756,607.8321,866923.94,46718
2013-12-09 18:20:00+01:00,3298.3408,2157.8652,2781.8098,433.94437,599.9826,847128.9,45690
2013-12-09 18:30:00+01:00,3014.8994,2204.972,2494.2607,430.5485,596.7986,860780.44,48109
2013-12-09 18:40:00+01:00,2896.694,1947.5546,2094.783,454.10056,774.4224,849222.44,48532
2013-12-09 18:50:00+01:00,2403.4285,1896.3414,2029.7944,427.4783,801.78015,836490.75,48445
2013-12-09 19:00:00+01:00,2552.499,1900.7827,2030.2725,482.74792,700.66516,837703.8,47265
2013-12-09 19:10:00+01:00,2454.9736,1874.8844,1825.442,432.1767,689.3025,819712.6,45749
2013-12-09 19:20:00+01:00,2421.0728,1662.7988,1704.1217,421.62415,723.8401,807722.75,44518
2013-12-09 19:30:00+01:00,2441.8667,1684.8168,1528.3425,399.09518,703.33124,802100.4,47281
2013-12-09 19:40:00+01:00,2372.473,1843.3634,1483.5333,412.21527,783.74005,802405.56,45524
2013-12-09 19:50:00+01:00,2110.3865,1385.3278,1483.4307,396.1969,708.9614,787594.44,43587
2013-12-09 20:00:00+01:00,2018.1278,1368.7178,1221.8053,472.89874,777.01886,785207.6,43336
2013-12-09 20:10:00+01:00,1706.8801,1413.4725,1334.3075,725.0135,716.6904,770163.06,40108
2013-12-09 20:20:00+01:00,1786.9882,1549.643,1260.217,427.22977,738.0862,751873.44,40150
2013-12-09 20:30:00+01:00,1724.085,1051.3617,1206.863,469.20175,781.2168,762098.0,40850
2013-12-09 20:40:00+01:00,1363.3906,976.98596,1146.9244,391.75143,992.8817,765438.75,38122
2013-12-09 20:50:00+01:00,1208.8505,1058.789,1149.4872,351.93802,717.80975,746930.4,38453
2013-12-09 21:00:00+01:00,1070.4513,891.21765,1049.0072,343.87045,745.5239,750703.2,37019
2013-12-09 21:10:00+01:00,1269.2037,1138.5659,900.2009,335.11694,791.5224,745684.94,37484
2013-12-09 21:20:00+01:00,911.9992,908.2933,871.76575,313.08954,777.2084,735984.7,37529
2013-12-09 21:30:00+01:00,1163.345,970.76666,921.22363,323.8061,750.5841,731613.25,36958
2013-12-09 21:40:00+01:00,1251.9445,930.271,896.57965,355.0163,797.89655,736242.2,35658
2013-12-09 21:50:00+01:00,749.97577,1250.5222,817.8085,325.50958,873.38086,714554.1,33903
2013-12-09 22:00:00+01:00,1104.56,921.4077,795.5941,335.5815,846.0113,718275.8,35119
2013-12-09 22:10:00+01:00,735.9486,794.7773,838.5775,338.54166,842.1669,711863.8,31975
2013-12-09 22:20:00+01:00,599.9604,690.48016,798.9358,296.956,738.5761,700179.6,30701
2013-12-09 22:30:00+01:00,510.0028,669.5328,725.1203,267.311,715.2051,693380.3,31502
2013-12-09 22:40:00+01:00,485.58017,642.61206,769.7224,286.12018,717.53467,690037.7,30359
2013-12-09 22:50:00+01:00,519.7008,689.61694,701.9041,242.99411,622.5188,665602.6,29848
2013-12-09 23:00:00+01:00,619.5765,1241.0784,668.13574,298.32285,658.50006,661972.25,28302
2013-12-09 23:10:00+01:00,667.183,744.9646,726.3212,312.30997,632.5576,658642.9,28087
2013-12-09 23:20:00+01:00,492.0889,733.891,673.22754,305.3551,642.0523,637800.06,26665
2013-12-09 23:30:00+01:00,368.29172,478.2317,752.71844,387.35873,630.03955,622162.3,26906
2013-12-09 23:40:00+01:00,338.84744,527.9005,867.2728,243.9893,615.64197,605518.4,25275
2013-12-09 23:50:00+01:00,361.502,458.8826,619.88666,229.50848,588.7361,581274.44,24975
2013-12-10 00:00:00+01:00,321.2462,550.4352,644.2115,213.05301,538.22314,571226.75,23685
2013-12-10 00:10:00+01:00,283.5749,544.6912,661.13904,216.86491,517.7972,552975.75,23189
2013-12-10 00:20:00+01:00,269.9622,488.50076,591.2548,245.40593,537.0956,532275.3,21633
2013-12-10 00:30:00+01:00,234.3921,426.53836,540.81055,304.3909,453.34586,512715.3,21700
2013-12-10 00:40:00+01:00,297.9335,400.99222,601.8876,252.46214,496.88156,504175.62,20641
2013-12-10 00:50:00+01:00,277.50192,414.22626,534.22125,191.42519,467.62628,482345.6,19700
2013-12-10 01:00:00+01:00,226.25293,368.5495,541.08356,200.48521,401.02386,473442.44,19121
2013-12-10 01:10:00+01:00,282.77347,348.31714,536.30084,158.87279,405.6915,460208.9,18040
2013-12-10 01:20:00+01:00,257.86285,376.40952,433.90784,181.48134,376.34012,437360.7,17871
2013-12-10 01:30:00+01:00,213.09369,303.46466,418.36877,161.22525,358.76575,430924.97,17364
2013-12-10 01:40:00+01:00,177.8685,321.47897,460.4586,169.1347,471.05722,424062.7,16712
2013-12-10 01:50:00+01:00,255.63414,356.39893,398.83795,174.25684,394.76096,406000.28,16798
2013-12-10 02:00:00+01:00,202.13348,956.8873,398.1834,151.46146,354.1127,400897.34,16776
2013-12-10 02:10:00+01:00,169.40472,352.32867,422.07727,147.1149,389.05408,390469.3,16099
2013-12-10 02:20:00+01:00,235.39459,379.19684,398.2468,148.81429,383.98013,376106.38,16177
2013-12-10 02:30:00+01:00,197.1322,332.24777,421.91888,130.2309,342.92368,372365.2,16246
2013-12-10 02:40:00+01:00,193.96277,372.4902,428.82968,134.06197,364.83054,369153.94,15503
2013-12-10 02:50:00+01:00,215.84758,365.53424,385.66125,125.30736,383.3822,356861.56,15858
2013-12-10 03:00:00+01:00,197.70189,306.302,410.02798,135.6264,279.75922,355013.0,16019
2013-12-10 03:10:00+01:00,170.3648,368.0035,477.56613,148.89435,369.65015,354059.7,15640
2013-12-10 03:20:00+01:00,224.65427,428.05597,357.63818,138.1892,266.4408,342630.47,15042
2013-12-10 03:30:00+01:00,206.9472,329.74393,367.98383,152.34435,273.66046,341247.03,16645
2013-12-10 03:40:00+01:00,177.65283,380.50748,467.186,148.27492,291.585,343147.62,15663
2013-12-10 03:50:00+01:00,271.311,372.60828,382.32745,150.57608,228.56035,329671.4,15708
2013-12-10 04:00:00+01:00,199.07243,317.6325,364.37384,134.67537,222.94476,333252.72,16255
2013-12-10 04:10:00+01:00,185.74605,352.1721,419.83234,135.48656,238.67172,332027.0,16485
2013-12-10 04:20:00+01:00,284.81296,325.85153,373.24265,128.59584,217.39952,327940.47,17291
2013-12-10 04:30:00+01:00,205.68059,316.47025,377.11298,124.9324,229.14578,330144.94,16682
2013-12-10 04:40:00+01:00,198.18828,343.46045,409.1055,135.46475,220.42677,332399.5,15983
2013-12-10 04:50:00+01:00,238.00862,326.21588,352.69434,128.11555,206.3866,326354.78,16695
2013-12-10 05:00:00+01:00,210.89241,295.9983,394.31927,132.3495,236.3872,328178.1,18440
2013-12-10 05:10:00+01:00,191.1696,333.80728,442.62045,138.50386,257.5506,331982.9,18741
2013-12-10 05:20:00+01:00,221.15599,332.6811,371.55872,125.004974,235.89308,328176.0,18167
2013-12-10 05:30:00+01:00,201.75531,291.00302,394.11264,126.95943,265.65256,331867.97,19635
2013-12-10 05:40:00+01:00,213.70207,432.33997,445.37726,130.84413,253.14479,348402.22,19574
2013-12-10 05:50:00+01:00,246.19756,462.11578,408.03943,127.87521,237.44904,345678.84,19928
2013-12-10 06:00:00+01:00,210.66183,447.0788,436.78827,126.65306,255.81166,363621.2,22846
2013-12-10 06:10:00+01:00,209.51753,462.56354,462.7917,213.36858,284.85587,382981.8,22795
2013-12-10 06:20:00+01:00,246.43175,366.0853,374.1717,160.11101,232.80904,382871.94,24098
2013-12-10 06:30:00+01:00,191.04634,369.27213,411.68982,154.8869,264.43262,397148.1,25946
2013-12-10 06:40:00+01:00,230.94543,395.4063,554.008,158.42677,287.60577,425938.0,28479
2013-12-10 06:50:00+01:00,265.63672,431.49783,422.6603,165.46722,275.98837,446535.7,29903
2013-12-10 07:00:00+01:00,265.48935,398.3089,521.6469,176.47174,283.28635,479776.16,31957
2013-12-10 07:10:00+01:00,275.43652,473.31732,610.34106,193.06224,316.23013,518555.94,32447
2013-12-10 07:20:00+01:00,355.42,459.42938,605.98047,198.94858,362.14917,552468.6,34020
2013-12-10 07:30:00+01:00,316.6433,501.79224,710.80786,203.1015,408.45782,590820.7,35413
2013-12-10 07:40:00+01:00,334.18826,622.4241,720.6791,221.7253,569.25214,638954.25,37087
2013-12-10 07:50:00+01:00,375.8591,632.3024,789.74915,291.68237,471.92767,663186.06,38176
2013-12-10 08:00:00+01:00,447.01624,799.3838,841.2559,273.42276,506.0241,707607.06,42444
2013-12-10 08:10:00+01:00,465.69836,1072.7003,956.50635,283.49362,561.14484,737121.9,40867
2013-12-10 08:20:00+01:00,571.7453,977.5034,1218.9791,334.43195,533.67084,745612.44,44099
2013-12-10 08:30:00+01:00,664.5268,1091.5458,1382.5034,361.32974,556.0574,775075.4,44696
2013-12-10 08:40:00+01:00,741.24786,1217.1279,1705.9255,399.883,540.84375,799367.94,46118
2013-12-10 08:50:00+01:00,1250.8732,1303.0553,1912.6588,390.26965,470.53607,797312.9,49129
2013-12-10 09:00:00+01:00,1034.0664,1575.002,2249.3953,421.11206,609.9388,821898.94,50056
2013-12-10 09:10:00+01:00,987.9583,1681.3344,2400.3564,422.48038,579.3581,827985.5,48937
2013-12-10 09:20:00+01:00,1067.1652,1558.2786,2539.6401,443.24484,551.3308,817609.25,48300
2013-12-10 09:30:00+01:00,1182.173,1637.3098,2770.318,464.26202,600.49927,829193.25,50047
2013-12-10 09:40:00+01:00,1181.2798,1781.1393,3009.702,473.2578,529.15436,836398.4,50115
2013-12-10 09:50:00+01:00,1314.2957,1995.1044,2820.3381,491.99133,515.29425,830154.06,51238
2013-12-10 10:00:00+01:00,1286.03,1961.1566,3073.12,588.71204,475.7977,839987.8,50564
2013-12-10 10:10:00+01:00,1508.0198,2290.3916,3108.1572,532.80853,506.8647,851696.7,49943
2013-12-10 10:20:00+01:00,1461.93,2023.518,2928.0945,794.29736,619.6073,850829.8,49274
2013-12-10 10:30:00+01:00,1595.7958,2260.137,3088.049,628.60126,524.6154,857505.4,53435
2013-12-10 10:40:00+01:00,1769.1548,2472.3645,3266.7996,577.31555,485.35757,866264.3,52019
2013-12-10 10:50:00+01:00,1872.6934,2301.1992,3105.3557,592.86743,548.3516,866246.7,51272
2013-12-10 11:00:00+01:00,2127.702,2286.6116,3462.975,619.58417,555.452,870463.2,50937
2013-12-10 11:10:00+01:00,2029.3066,2466.042,3348.6824,624.06647,610.0299,881376.9,51892
2013-12-10 11:20:00+01:00,2434.3887,2453.964,3118.5852,578.15027,611.089,866711.8,48982
2013-12-10 11:30:00+01:00,2413.4875,2577.374,3280.457,568.2831,526.0665,866420.5,50121
2013-12-10 11:40:00+01:00,2543.2112,2892.698,3413.7861,625.0358,623.7806,881260.7,51440
2013-12-10 11:50:00+01:00,2489.2896,2647.2146,3309.9812,703.7803,551.452,876750.3,52305
2013-12-10 12:00:00+01:00,2868.7605,2526.6145,3290.3904,697.5408,532.243,889821.94,51724
2013-12-10 12:10:00+01:00,2853.106,2653.1787,3776.5876,705.87445,552.5687,888060.44,54305
2013-12-10 12:20:00+01:00,2651.8318,2747.9504,3575.1233,618.36255,519.2152,868339.5,52813
2013-12-10 12:30:00+01:00,2957.8167,3244.1272,3868.0183,724.4446,553.1875,886200.56,53856
2013-12-10 12:40:00+01:00,2898.6072,2985.6284,3637.4717,609.69196,530.08026,886017.7,50611
2013-12-10 12:50:00+01:00,2911.7122,2954.0652,3817.0593,637.64984,537.5163,891343.94,51170
2013-12-10 13:00:00+01:00,2930.4553,3111.739,4082.4956,651.35474,606.56744,904974.6,53080
2013-12-10 13:10:00+01:00,3141.11,3155.8035,3859.2788,616.7305,600.24554,907738.56,52211
2013-12-10 13:20:00+01:00,3368.4011,3160.2808,3974.8708,601.6645,580.03455,905667.4,50829
2013-12-10 13:30:00+01:00,3231.1433,3194.455,3688.9468,600.41516,583.51965,912281.94,52153
2013-12-10 13:40:00+01:00,3662.5671,3238.2983,3805.796,638.6345,660.0765,921606.6,49332
2013-12-10 13:50:00+01:00,4065.1887,3301.32,3894.6758,549.2291,603.62036,912099.1,50164
2013-12-10 14:00:00+01:00,3625.6885,3310.8464,3811.0085,656.58344,606.2191,913509.3,52676
2013-12-10 14:10:00+01:00,3464.3513,3209.6182,3629.133,632.0447,606.6711,910536.3,51139
2013-12-10 14:20:00+01:00,3512.0168,3132.4636,3697.1533,638.6216,587.0617,901449.3,52298
2013-12-10 14:30:00+01:00,3121.0405,3463.6958,3382.6753,589.59686,538.4751,891476.2,50020
2013-12-10 14:40:00+01:00,3254.7627,2919.7893,3475.0176,571.7532,597.93286,889564.8,51558
2013-12-10 14:50:00+01:00,3103.1318,3138.5393,3332.1655,542.0784,579.29016,881538.5,52528
2013-12-10 15:00:00+01:00,3059.993,2834.9238,3371.7673,607.10956,598.60693,884734.3,51481
2013-12-10 15:10:00+01:00,3195.9438,3187.3694,3388.5874,555.22437,586.57074,881220.94,51593
2013-12-10 15:20:00+01:00,3294.035,3031.5605,3393.719,576.7374,493.97885,873159.8,52391
2013-12-10 15:30:00+01:00,3016.1504,2918.214,3186.8455,582.6476,479.33456,882161.7,50965
2013-12-10 15:40:00+01:00,3410.0237,2935.791,3201.1042,600.38354,570.3464,881976.94,50714
2013-12-10 15:50:00+01:00,3132.7173,2772.8342,3245.4646,614.41736,618.4324,869974.9,49979
2013-12-10 16:00:00+01:00,3000.3345,2844.5388,3246.5747,726.8443,763.8527,876381.56,51105
2013-12-10 16:10:00+01:00,2832.4082,2766.8157,3324.0134,623.30475,624.5682,883607.56,50429
2013-12-10 16:20:00+01:00,2797.6855,3089.2231,3021.1975,587.29474,477.29544,871228.06,49424
2013-12-10 16:30:00+01:00,2896.3176,2774.1755,3019.6475,581.2714,488.502,870802.56,50277
2013-12-10 16:40:00+01:00,2963.0566,2913.9536,3190.8296,539.2695,572.42126,888886.44,49700
2013-12-10 16:50:00+01:00,2810.552,2843.8418,3021.987,584.37805,509.11047,885212.6,50265
2013-12-10 17:00:00+01:00,3221.4006,2853.4807,3179.2832,554.9865,514.64325,891665.8,53112
2013-12-10 17:10:00+01:00,3373.3518,2829.6445,2976.75,560.0204,530.67474,901580.06,50673
2013-12-10 17:20:00+01:00,3393.0786,2822.5754,3187.8835,531.44934,479.5834,893870.25,50567
2013-12-10 17:30:00+01:00,2861.0376,2781.0361,2789.059,574.1686,586.4905,888317.7,49431
2013-12-10 17:40:00+01:00,2986.1794,2717.2131,3138.1567,599.7715,614.49567,900014.8,51055
2013-12-10 17:50:00+01:00,2777.1235,2600.114,2807.501,543.11694,680.8164,888466.06,49295
2013-12-10 18:00:00+01:00,2905.2559,2694.7937,2642.5994,572.6576,643.99023,894160.25,49902
2013-12-10 18:10:00+01:00,2720.4802,2531.3782,2803.002,514.15564,676.58417,896069.56,50668
2013-12-10 18:20:00+01:00,2817.2683,2527.0508,2459.8784,457.9328,642.5348,877529.5,50657
2013-12-10 18:30:00+01:00,2693.633,2394.3535,2346.2654,455.84152,576.99634,873378.8,51022
2013-12-10 18:40:00+01:00,2602.6091,2249.6177,2350.6692,455.8209,599.339,876000.6,49665
2013-12-10 18:50:00+01:00,2266.3394,1996.8153,2046.2084,463.06876,663.76215,860037.1,49430
2013-12-10 19:00:00+01:00,2333.9846,2160.4158,1970.6299,438.2397,672.41345,853934.8,50783
2013-12-10 19:10:00+01:00,2419.1216,2140.3198,2018.0936,395.0819,703.69336,846177.44,48179
2013-12-10 19:20:00+01:00,2262.9507,2136.7168,1925.8717,441.5278,696.266,823419.5,46709
2013-12-10 19:30:00+01:00,2255.95,2046.5723,1726.6337,449.03015,648.7048,815373.56,46515
2013-12-10 19:40:00+01:00,2073.7168,1731.4648,1777.698,411.38663,772.3368,804961.44,45810
2013-12-10 19:50:00+01:00,2024.529,1756.6365,1543.2426,453.92358,653.30255,785502.7,43853
2013-12-10 20:00:00+01:00,1960.2728,1688.5913,1498.7781,449.8722,672.4893,784974.8,42990
2013-12-10 20:10:00+01:00,1765.1614,1625.3927,1489.2349,389.6934,724.7806,784304.56,42464
2013-12-10 20:20:00+01:00,1788.7562,1324.3677,1361.1584,368.29666,707.35406,769177.5,43313
2013-12-10 20:30:00+01:00,1526.2216,1316.6863,1210.2972,403.5902,766.453,771773.25,41103
2013-12-10 20:40:00+01:00,1562.6074,1236.932,1291.0726,343.94238,753.1645,780485.2,39977
2013-12-10 20:50:00+01:00,1344.0309,1163.2485,1233.8784,340.82062,752.6022,764532.94,40484
2013-12-10 21:00:00+01:00,1141.0891,1774.6016,1094.7842,342.09738,841.5679,768156.06,39245
2013-12-10 21:10:00+01:00,1088.232,1287.5082,1126.535,333.5143,723.3267,758460.7,39513
2013-12-10 21:20:00+01:00,1244.7518,1242.588,1064.3871,393.0611,701.3604,743351.56,37882
2013-12-10 21:30:00+01:00,1315.3727,1261.8608,939.28357,332.4084,752.14734,743606.44,38117
2013-12-10 21:40:00+01:00,1154.6964,1022.12854,1055.847,331.13913,791.3029,744157.6,35995
2013-12-10 21:50:00+01:00,1005.14856,1066.5684,911.88196,348.05603,782.96313,734341.5,34642
2013-12-10 22:00:00+01:00,909.84515,1007.38617,977.26953,444.74457,771.12775,727043.25,34292
2013-12-10 22:10:00+01:00,738.18787,1131.5334,1018.9928,349.2563,808.1703,719370.7,33532
2013-12-10 22:20:00+01:00,658.33887,911.0456,990.019,351.5605,684.4886,706222.6,33713
2013-12-10 22:30:00+01:00,566.2239,877.7383,940.1659,309.83954,720.134,697586.9,34181
2013-12-10 22:40:00+01:00,574.1559,916.14545,865.2565,296.52615,729.1987,691713.5,31996
2013-12-10 22:50:00+01:00,467.2887,1263.049,779.14954,308.19022,727.87427,658071.4,32050
2013-12-10 23:00:00+01:00,427.34433,896.8783,696.9023,259.6222,807.975,657102.1,31690
2013-12-10 23:10:00+01:00,353.80743,1194.1348,730.4628,267.46136,791.08905,650753.3,30589
2013-12-10 23:20:00+01:00,352.96277,1122.802,765.42554,271.42334,688.26166,627670.06,27806
2013-12-10 23:30:00+01:00,362.00943,827.644,663.6351,363.72168,689.1415,619546.2,27110
2013-12-10 23:40:00+01:00,381.38248,590.85205,667.4697,327.34995,678.36115,602525.6,25574
2013-12-10 23:50:00+01:00,364.4811,575.17413,690.7701,255.8604,592.0704,581365.25,26231
2013-12-11 00:00:00+01:00,295.88074,763.32715,559.17334,230.65399,683.58307,570006.25,24129
2013-12-11 00:10:00+01:00,257.1831,638.1712,619.6598,226.42462,569.6194,552202.9,24453
2013-12-11 00:20:00+01:00,267.63983,511.84302,583.0513,222.9916,584.5679,529869.06,23053
2013-12-11 00:30:00+01:00,244.42473,493.02005,533.50867,189.17584,545.6702,518249.72,21578
2013-12-11 00:40:00+01:00,224.0058,541.55615,569.07336,193.43237,510.77725,507550.44,21477
2013-12-11 00:50:00+01:00,247.9059,465.88635,581.9292,208.59404,469.85272,479602.1,20875
2013-12-11 01:00:00+01:00,236.07014,442.66397,545.35425,174.79424,427.52615,476573.47,19618
2013-12-11 01:10:00+01:00,218.04059,481.84415,482.79617,187.25842,418.05487,462480.72,19638
2013-12-11 01:20:00+01:00,221.78624,439.98602,525.0744,159.40587,400.81256,478375.56,19557
2013-12-11 01:30:00+01:00,205.38936,452.74246,425.48038,167.21788,369.04263,431330.53,17619
2013-12-11 01:40:00+01:00,203.17488,507.9777,409.66486,170.31654,400.82446,428674.16,16950
2013-12-11 01:50:00+01:00,189.07672,409.54782,425.38522,173.94563,494.85214,406883.25,16998
2013-12-11 02:00:00+01:00,221.3508,407.85815,397.72202,168.58107,444.75632,404125.3,16344
2013-12-11 02:10:00+01:00,186.01382,411.84418,483.91452,163.1242,342.45816,394902.9,15164
2013-12-11 02:20:00+01:00,187.60724,397.22635,429.68826,154.575,321.27475,379262.53,17384
2013-12-11 02:30:00+01:00,203.60866,432.5632,337.49707,154.07895,288.331,375300.94,16103
2013-12-11 02:40:00+01:00,188.06961,366.80832,400.18402,141.21886,288.67886,373940.75,15507
2013-12-11 02:50:00+01:00,201.89745,337.33316,391.16016,152.02554,275.95453,357860.47,16040
2013-12-11 03:00:00+01:00,239.15576,384.66998,326.25812,138.42694,265.60916,357707.5,15296
2013-12-11 03:10:00+01:00,197.30264,411.0358,381.71393,167.92001,257.0351,353002.6,15162
2013-12-11 03:20:00+01:00,184.57481,426.82016,375.24277,139.41396,263.70334,340714.56,15648
2013-12-11 03:30:00+01:00,221.67671,294.39008,319.0267,144.47395,260.922,347739.8,16764
2013-12-11 03:40:00+01:00,200.7755,346.5054,391.66833,144.24509,248.72176,348446.72,14266
2013-12-11 03:50:00+01:00,218.4641,276.82495,376.21207,142.08119,234.65086,331137.94,15827
2013-12-11 04:00:00+01:00,209.15076,303.0393,308.36282,124.78373,266.1392,334925.9,16396
2013-12-11 04:10:00+01:00,183.07991,341.105,372.93994,120.37642,274.88034,332137.8,15819
2013-12-11 04:20:00+01:00,204.42249,278.16077,383.0605,129.82358,261.0726,321162.06,15416
2013-12-11 04:30:00+01:00,207.92744,301.17105,297.95532,124.13078,293.32574,327686.88,16778
2013-12-11 04:40:00+01:00,193.86778,327.84183,356.9537,118.499466,290.08807,326710.72,16312
2013-12-11 04:50:00+01:00,222.28223,296.3528,364.51663,121.048706,315.1141,319569.28,16734
2013-12-11 05:00:00+01:00,204.66638,306.23477,312.10104,123.6498,282.36035,322920.4,18579
2013-12-11 05:10:00+01:00,187.1968,311.81003,384.06335,120.14342,289.76562,326255.72,18053
2013-12-11 05:20:00+01:00,198.10167,314.4834,381.5939,131.28777,267.46893,326234.53,17571
2013-12-11 05:30:00+01:00,217.32478,297.34317,343.93573,120.65451,281.50198,333238.0,19617
2013-12-11 05:40:00+01:00,213.37645,302.52466,395.71906,117.1964,255.41919,339652.88,19361
2013-12-11 05:50:00+01:00,254.15324,293.9416,398.45816,115.79891,237.52554,342167.34,21441
2013-12-11 06:00:00+01:00,195.80128,298.2731,354.03497,120.11092,304.6422,355523.3,23614
2013-12-11 06:10:00+01:00,178.29602,323.27948,395.13437,116.36725,254.11006,368600.28,24092
2013-12-11 06:20:00+01:00,227.62848,276.3126,396.44852,138.96892,267.30283,375312.34,24504
2013-12-11 06:30:00+01:00,202.4876,346.87347,364.00824,139.8584,263.78082,395627.7,26890
2013-12-11 06:40:00+01:00,191.68062,370.5926,452.62628,162.0305,280.67795,418187.53,27873
2013-12-11 06:50:00+01:00,222.91464,330.08496,492.35718,153.729,310.51944,437818.12,27653
2013-12-11 07:00:00+01:00,252.93442,414.72205,463.61295,158.91656,312.75266,470034.3,31458
2013-12-11 07:10:00+01:00,232.61906,498.2013,555.06165,176.35704,334.98352,509994.8,33600
2013-12-11 07:20:00+01:00,298.38364,507.02487,565.39594,199.34848,399.9871,537688.75,33665
2013-12-11 07:30:00+01:00,293.59518,500.81403,533.3812,245.31488,468.8654,590016.8,37171
2013-12-11 07:40:00+01:00,312.77472,577.8699,777.6621,233.92747,444.33292,631875.8,39212
2013-12-11 07:50:00+01:00,326.56754,648.36334,904.48895,243.53023,667.23376,656163.75,38666
2013-12-11 08:00:00+01:00,424.13898,706.696,812.20245,289.76422,470.07037,721643.2,41271
2013-12-11 08:10:00+01:00,400.12933,896.70795,1016.8386,318.57455,461.7268,715836.6,44061
2013-12-11 08:20:00+01:00,495.19464,914.41406,1204.3873,327.87558,541.74304,769012.7,44510
2013-12-11 08:30:00+01:00,575.2,909.3241,1464.5023,352.9084,574.337,760216.06,44967
2013-12-11 08:40:00+01:00,783.38654,1036.2612,1682.7236,540.65546,506.02975,775270.2,45421
2013-12-11 08:50:00+01:00,1040.6681,1165.2616,2065.8184,440.37256,505.6817,784931.5,47566
2013-12-11 09:00:00+01:00,1161.4548,1193.8663,2095.5393,446.15335,577.64026,805900.4,48431
2013-12-11 09:10:00+01:00,1010.1386,1675.2163,2579.7139,526.1428,509.65225,812173.75,48487
2013-12-11 09:20:00+01:00,1017.5529,1398.3181,2469.0522,603.60144,516.0986,808375.0,50694
2013-12-11 09:30:00+01:00,1044.2307,1684.267,2808.0854,569.9827,502.34637,815151.5,48635
2013-12-11 09:40:00+01:00,1252.3246,1810.5433,2834.619,510.4587,490.25952,824180.7,49422
2013-12-11 09:50:00+01:00,1264.1052,1633.9137,2883.2156,563.49896,479.01648,823497.5,51786
2013-12-11 10:00:00+01:00,1474.8528,1718.2716,3156.2393,553.70795,497.59647,833281.56,53508
2013-12-11 10:10:00+01:00,1447.6918,1905.1145,3191.8455,634.26373,466.9914,839271.9,51938
2013-12-11 10:20:00+01:00,1499.5227,1988.1498,3008.322,616.4752,420.129,840669.2,52662
2013-12-11 10:30:00+01:00,1890.1306,1958.0093,3253.7097,618.3671,441.5475,848396.06,49429
2013-12-11 10:40:00+01:00,1830.4741,2246.4888,3167.403,519.5865,479.27502,855585.0,51860
2013-12-11 10:50:00+01:00,2089.8484,2236.9653,3287.4407,549.1142,523.22107,852772.1,50546
2013-12-11 11:00:00+01:00,2179.2983,2450.2341,3249.8015,591.38776,459.6689,864189.75,51700
2013-12-11 11:10:00+01:00,2114.0537,2360.7063,3271.0713,520.1284,526.7893,870581.56,52498
2013-12-11 11:20:00+01:00,2316.6033,2257.2395,3329.848,550.4478,543.01654,866836.3,51062
2013-12-11 11:30:00+01:00,2502.1755,2342.7937,3005.5173,602.43774,516.60114,869684.5,52978
2013-12-11 11:40:00+01:00,2515.2104,2523.0796,3142.5615,551.09235,546.81793,873190.7,51275
2013-12-11 11:50:00+01:00,2682.8718,2344.0938,3158.8928,631.02527,549.7356,877017.6,49309
2013-12-11 12:00:00+01:00,2870.2239,2563.8928,3256.498,631.8765,574.97687,891141.0,51148
2013-12-11 12:10:00+01:00,3092.911,2796.1885,3270.32,651.4568,582.3506,884678.44,52129
2013-12-11 12:20:00+01:00,2706.6938,3009.7483,3288.2725,643.1494,543.8552,869324.4,54229
2013-12-11 12:30:00+01:00,2981.6875,2996.6025,3452.629,652.9878,481.64062,891443.0,50691
2013-12-11 12:40:00+01:00,3137.8833,3488.2744,4244.994,607.7227,493.04376,896361.5,52926
2013-12-11 12:50:00+01:00,3144.6326,2929.3225,4260.2275,631.9516,571.9685,887084.4,51166
2013-12-11 13:00:00+01:00,3117.8345,3129.3904,3750.691,623.4381,561.9313,911292.9,51305
2013-12-11 13:10:00+01:00,3257.9248,3032.534,3767.8079,602.5544,514.3386,917225.0,49731
2013-12-11 13:20:00+01:00,3512.2786,3102.9355,3813.6316,611.55304,594.84735,916076.94,51042
2013-12-11 13:30:00+01:00,3528.6335,2996.5852,3723.6978,599.718,570.16034,928374.1,49940
2013-12-11 13:40:00+01:00,3814.967,3351.0833,3712.067,553.06134,613.51276,932066.25,50764
2013-12-11 13:50:00+01:00,4178.7954,3350.995,3390.4854,619.54016,574.9689,931046.1,52014
2013-12-11 14:00:00+01:00,3768.3442,3409.3945,3612.8962,589.70984,578.4802,955396.56,51179
2013-12-11 14:10:00+01:00,3810.736,3262.4702,3613.8252,588.4216,595.58057,959061.56,51280
2013-12-11 14:20:00+01:00,3865.6616,3188.527,3753.6797,579.7736,688.995,928779.2,49712
2013-12-11 14:30:00+01:00,3861.7864,3212.2188,3554.43,560.2589,551.4378,927454.0,50260
2013-12-11 14:40:00+01:00,3706.247,3355.152,3301.1077,539.5792,568.0768,940581.4,49635
2013-12-11 14:50:00+01:00,3293.3005,3163.4941,3585.7346,616.14496,564.3787,932049.4,49840
2013-12-11 15:00:00+01:00,4132.0605,3138.4204,3514.889,594.179,545.025,926970.2,50599
2013-12-11 15:10:00+01:00,3649.1724,3357.431,3426.4248,581.8574,584.453,935607.56,51321
2013-12-11 15:20:00+01:00,3822.5464,3068.2595,3320.781,587.2235,591.21875,923851.75,49994
2013-12-11 15:30:00+01:00,3880.5193,2931.4197,3710.0723,517.9611,542.5653,918056.0,51848
2013-12-11 15:40:00+01:00,3408.5032,2682.1438,3245.2976,600.63336,602.93866,912162.4,50709
2013-12-11 15:50:00+01:00,3525.719,2925.2114,3554.6401,618.76636,543.33014,907262.4,50434
2013-12-11 16:00:00+01:00,3255.4583,3033.0212,3284.458,698.4279,546.9412,910771.75,48918
2013-12-11 16:10:00+01:00,3275.646,2649.4763,3351.186,630.93726,590.63837,904502.75,50165
2013-12-11 16:20:00+01:00,3332.91,2890.9934,3570.2234,578.1594,574.6246,896077.06,51322
2013-12-11 16:30:00+01:00,3342.6802,2967.2227,3497.139,622.97174,587.41656,896334.56,49717
2013-12-11 16:40:00+01:00,3253.6792,2775.517,3293.5796,590.6574,501.16928,898362.8,50292
2013-12-11 16:50:00+01:00,3496.8813,3069.802,3403.468,572.55347,547.27606,899068.56,49728
2013-12-11 17:00:00+01:00,3577.3232,2885.9888,3537.1838,558.2289,605.1998,914231.6,50779
2013-12-11 17:10:00+01:00,3480.6047,2788.8345,3291.1863,511.9561,582.041,912615.2,52233
2013-12-11 17:20:00+01:00,3174.1284,2687.505,3294.8696,533.19763,532.6583,903316.75,51787
2013-12-11 17:30:00+01:00,3291.368,3005.7766,3221.8635,528.408,705.6695,915259.56,50546
2013-12-11 17:40:00+01:00,3078.2402,2762.919,3089.9514,579.29,635.235,918454.25,49660
2013-12-11 17:50:00+01:00,2965.4534,2557.8306,2833.1003,548.57214,639.5091,903311.44,50022
2013-12-11 18:00:00+01:00,3164.623,2577.395,2840.237,502.01352,584.0427,914294.56,50686
2013-12-11 18:10:00+01:00,3204.4146,2303.616,2752.0376,484.76865,616.0241,908074.94,48152
2013-12-11 18:20:00+01:00,2884.5107,2664.4214,2414.8872,546.8793,632.0942,894548.9,50032
2013-12-11 18:30:00+01:00,3250.8481,2439.0437,2488.2773,530.8555,623.4601,898136.4,50598
2013-12-11 18:40:00+01:00,3205.8972,2384.309,2273.6748,512.1074,650.60364,895988.06,51261
2013-12-11 18:50:00+01:00,2673.7334,2430.4763,2159.5952,503.07596,587.2646,880746.6,48921
2013-12-11 19:00:00+01:00,3022.7278,2246.3481,2318.6895,468.03992,633.2817,880345.0,50456
2013-12-11 19:10:00+01:00,3384.5896,2297.5225,1939.919,446.83096,750.84863,881490.94,49583
2013-12-11 19:20:00+01:00,2868.2,2083.0298,1945.4906,480.68253,669.0361,852634.2,48115
2013-12-11 19:30:00+01:00,2660.86,1884.9933,1910.2908,482.3798,705.26434,848504.5,46017
2013-12-11 19:40:00+01:00,2573.256,1619.4545,1762.2177,472.858,674.5494,838285.1,47398
2013-12-11 19:50:00+01:00,2610.7622,1999.8436,1644.4066,428.14883,721.6271,813240.4,46063
2013-12-11 20:00:00+01:00,2081.9492,1679.3378,1674.3566,392.23608,706.6125,810764.1,47780
2013-12-11 20:10:00+01:00,1811.2607,1678.3756,1552.7039,399.19913,706.7569,807705.1,46229
2013-12-11 20:20:00+01:00,1820.3607,1538.2764,1487.666,353.9647,793.4161,787328.5,43371
2013-12-11 20:30:00+01:00,1549.0148,1376.2448,1455.7689,328.41345,793.6747,797769.1,43408
2013-12-11 20:40:00+01:00,1559.9246,1190.0137,1289.6373,328.35748,831.01654,795543.0,42576
2013-12-11 20:50:00+01:00,1649.7778,1193.6012,1262.0618,268.77863,837.3783,770690.94,40006
2013-12-11 21:00:00+01:00,1342.1211,879.54285,1341.0243,294.6503,810.82104,771399.94,39699
2013-12-11 21:10:00+01:00,1336.4009,915.6829,1188.1857,254.75072,841.8306,778947.06,39323
2013-12-11 21:20:00+01:00,1533.3967,977.5572,1358.6355,255.71507,835.9291,748430.44,37518
2013-12-11 21:30:00+01:00,1394.562,1041.2152,1139.7738,288.41434,935.6366,761200.3,37954
2013-12-11 21:40:00+01:00,965.45355,995.1739,1067.8315,264.80496,827.5972,757716.5,37109
2013-12-11 21:50:00+01:00,1036.4664,969.6157,1082.353,283.6759,791.6246,726046.4,36397
2013-12-11 22:00:00+01:00,932.7498,870.22614,923.44904,265.6421,826.5704,735856.9,35625
2013-12-11 22:10:00+01:00,854.469,860.20404,953.3142,256.35294,848.9059,733816.0,33966
2013-12-11 22:20:00+01:00,1072.956,965.69275,826.1804,265.58893,857.4414,703598.7,33087
2013-12-11 22:30:00+01:00,745.3289,834.43976,816.2497,246.75865,919.8936,716897.1,32356
2013-12-11 22:40:00+01:00,629.25336,667.72833,835.46796,259.9883,1009.5975,715087.8,33361
2013-12-11 22:50:00+01:00,651.8451,686.76434,768.98474,258.6998,920.18744,681017.56,31700
2013-12-11 23:00:00+01:00,747.0757,535.60846,798.61926,272.7989,876.9841,693917.94,31192
2013-12-11 23:10:00+01:00,446.0727,673.3051,701.0339,267.14404,910.7172,674461.0,31599
2013-12-11 23:20:00+01:00,580.1695,626.08014,829.9903,238.3936,811.9818,652020.56,31097
2013-12-11 23:30:00+01:00,431.27573,485.93866,696.2265,215.7389,817.25775,647590.44,29487
2013-12-11 23:40:00+01:00,395.45093,552.5888,726.57916,215.72339,822.95264,637521.9,27344
2013-12-11 23:50:00+01:00,413.5433,578.4617,682.36914,228.8516,660.48596,609738.7,25518
2013-12-12 00:00:00+01:00,328.7937,544.10876,611.50256,202.0345,761.1617,595946.44,26840
2013-12-12 00:10:00+01:00,297.79117,612.5639,611.83923,202.96306,643.72534,565777.1,25996
2013-12-12 00:20:00+01:00,303.28607,550.2907,602.83734,184.56311,533.5719,538017.0,25590
2013-12-12 00:30:00+01:00,293.02725,515.6192,572.9258,197.75697,540.82996,530076.0,23415
2013-12-12 00:40:00+01:00,448.93402,576.80023,589.8599,231.79652,570.9014,509433.4,22703
2013-12-12 00:50:00+01:00,297.6626,528.7024,515.5683,185.18423,472.466,489392.2,21707
2013-12-12 01:00:00+01:00,288.05978,487.79184,454.60318,181.0297,492.17078,522893.66,21937
2013-12-12 01:10:00+01:00,235.02211,514.7918,542.1632,199.43657,437.0263,447784.3,19942
2013-12-12 01:20:00+01:00,296.48315,502.52484,431.64197,195.79666,436.56134,446919.3,18865
2013-12-12 01:30:00+01:00,327.79688,393.03406,422.7875,204.4917,418.10825,444002.44,17738
2013-12-12 01:40:00+01:00,300.73007,388.41327,467.1225,260.4158,433.5791,429419.44,18696
2013-12-12 01:50:00+01:00,282.35352,407.0363,413.82062,180.99162,413.06628,412626.72,17607
2013-12-12 02:00:00+01:00,395.53613,347.6217,414.0229,180.31885,384.97498,417529.44,16359
2013-12-12 02:10:00+01:00,213.57558,404.20245,451.2489,175.58759,355.17072,394307.62,16473
2013-12-12 02:20:00+01:00,240.4999,387.69327,392.54187,154.10345,321.86673,377893.6,17495
2013-12-12 02:30:00+01:00,222.01195,385.9141,402.98483,166.77151,350.51956,380484.34,15515
2013-12-12 02:40:00+01:00,247.29657,386.30444,445.1554,153.5652,307.7945,371693.66,15715
2013-12-12 02:50:00+01:00,244.79602,384.74515,375.6043,151.87334,299.5255,356557.62,16582
2013-12-12 03:00:00+01:00,220.46004,367.38992,386.63605,183.9369,362.19666,365055.6,16639
2013-12-12 03:10:00+01:00,239.7758,395.27368,409.80145,141.11235,340.32114,352859.28,16438
2013-12-12 03:20:00+01:00,230.21942,401.73764,375.53616,152.02563,342.84756,340194.44,16455
2013-12-12 03:30:00+01:00,223.01836,353.05072,375.90295,150.97562,326.84195,348114.53,16143
2013-12-12 03:40:00+01:00,235.0269,329.7815,400.9672,157.77939,358.46414,343616.34,15596
2013-12-12 03:50:00+01:00,233.71687,332.10986,361.84726,157.49457,321.93762,329791.2,17465
2013-12-12 04:00:00+01:00,213.24582,318.37247,353.20392,146.73488,342.36035,337085.28,17265
2013-12-12 04:10:00+01:00,229.92975,349.41077,390.0122,143.42175,328.28232,327621.22,17366
2013-12-12 04:20:00+01:00,241.87694,323.29788,358.34814,146.6129,325.72525,319433.5,16360
2013-12-12 04:30:00+01:00,403.52075,329.8743,364.88416,147.94176,331.2539,325313.9,17592
2013-12-12 04:40:00+01:00,221.83167,340.2503,372.5951,135.97615,322.65662,322802.75,16360
2013-12-12 04:50:00+01:00,279.66064,303.57394,348.94357,144.35721,299.43204,318736.28,17674
2013-12-12 05:00:00+01:00,278.86288,313.96634,354.05392,138.40045,280.11923,326189.38,19221
2013-12-12 05:10:00+01:00,226.44154,306.307,378.588,129.49991,275.32922,323086.16,19311
2013-12-12 05:20:00+01:00,228.36319,378.34708,375.91113,136.5827,260.65103,323891.56,18816
2013-12-12 05:30:00+01:00,339.11786,306.86783,348.8511,141.00449,310.87067,335125.84,20156
2013-12-12 05:40:00+01:00,267.23602,301.54367,388.7876,131.42285,304.0821,336970.53,19610
2013-12-12 05:50:00+01:00,237.33757,349.7559,389.31107,130.33029,318.56885,336925.62,21087
2013-12-12 06:00:00+01:00,239.74742,310.33118,365.49173,129.43916,324.56445,357027.2,22964
2013-12-12 06:10:00+01:00,229.47183,367.47528,414.06406,137.37833,304.29846,367812.72,23969
2013-12-12 06:20:00+01:00,251.98468,396.937,364.88428,135.99957,319.55676,376357.34,25871
2013-12-12 06:30:00+01:00,225.16646,370.39334,365.6472,142.80502,346.97693,403901.75,28529
2013-12-12 06:40:00+01:00,298.33817,462.5887,427.11465,155.52708,350.7997,422275.3,28428
2013-12-12 06:50:00+01:00,274.0801,421.2171,401.78748,209.32231,295.8481,442299.1,29517
2013-12-12 07:00:00+01:00,275.13666,413.06085,461.42535,175.33267,370.17383,482239.9,33569
2013-12-12 07:10:00+01:00,301.25775,478.9303,629.75574,179.25957,349.92413,518059.28,33355
2013-12-12 07:20:00+01:00,353.8493,506.47122,476.47272,211.5204,351.26846,551263.7,33141
2013-12-12 07:30:00+01:00,410.37674,586.53674,553.3329,239.18073,572.97644,605976.8,37426
2013-12-12 07:40:00+01:00,356.06284,579.84595,690.89044,220.61765,453.92456,636307.06,38578
2013-12-12 07:50:00+01:00,390.3723,774.51733,723.0951,234.10007,479.46082,665398.25,41632
2013-12-12 08:00:00+01:00,449.08652,787.2202,790.5578,276.24442,505.80112,708953.44,42122
2013-12-12 08:10:00+01:00,606.31415,864.35,965.3027,303.94394,471.4244,738079.06,43945
2013-12-12 08:20:00+01:00,519.137,926.0424,1147.6617,329.61252,514.69965,745196.75,44884
2013-12-12 08:30:00+01:00,543.12506,992.17694,1346.1465,336.25095,521.5441,778657.44,47470
2013-12-12 08:40:00+01:00,737.9161,1386.6217,1696.7518,355.4247,562.90985,791903.4,47706
2013-12-12 08:50:00+01:00,878.59174,1429.9628,2050.4805,432.21732,575.81415,800774.0,48776
2013-12-12 09:00:00+01:00,940.35,1756.2965,2252.875,442.5091,510.18634,828573.9,51854
2013-12-12 09:10:00+01:00,985.93555,1758.0388,2388.326,530.02954,585.0843,822882.44,50311
2013-12-12 09:20:00+01:00,1171.7847,1974.7046,2244.7144,512.3771,498.4359,827066.25,52861
2013-12-12 09:30:00+01:00,1372.5875,1966.743,2694.9998,528.2581,487.74625,837396.56,52906
2013-12-12 09:40:00+01:00,1200.8809,2061.1875,2891.175,520.39374,467.35745,843259.25,52464
2013-12-12 09:50:00+01:00,1378.6602,1968.2762,2669.509,480.65897,492.31747,838002.75,52675
2013-12-12 10:00:00+01:00,1436.4906,2036.8434,3044.6382,538.71796,589.55865,850826.6,53617
2013-12-12 10:10:00+01:00,1531.6101,2076.893,2881.6555,555.54095,513.28156,856149.4,53156
2013-12-12 10:20:00+01:00,1810.727,2128.8708,2858.532,531.4975,520.47534,846308.6,52328
2013-12-12 10:30:00+01:00,1808.5104,2329.3064,3054.1497,608.1205,523.4353,856065.44,50845
2013-12-12 10:40:00+01:00,2152.236,2473.4666,3245.2678,643.06354,553.3093,868191.3,53908
2013-12-12 10:50:00+01:00,2463.396,2551.5708,3211.1035,483.95825,528.16516,860502.3,52309
2013-12-12 11:00:00+01:00,2421.6685,2350.8796,3167.5945,506.4416,507.53888,867652.9,50748
2013-12-12 11:10:00+01:00,2478.2622,2518.3152,3685.8828,537.8562,511.79767,871323.7,51307
2013-12-12 11:20:00+01:00,2504.7065,2802.102,3145.2349,523.9224,530.4528,857584.56,52939
2013-12-12 11:30:00+01:00,2712.7893,2476.347,3320.9858,540.4471,590.09717,867959.25,52244
2013-12-12 11:40:00+01:00,2844.1467,2703.3647,3355.4397,506.95477,501.32324,870445.2,50512
2013-12-12 11:50:00+01:00,2794.578,2956.3667,3107.702,589.154,540.9494,869780.4,51356
2013-12-12 12:00:00+01:00,2787.7522,2671.3423,3160.2832,563.0592,557.73975,885385.44,53062
2013-12-12 12:10:00+01:00,3066.8423,2962.0967,3265.9905,613.07495,541.6206,888076.8,52717
2013-12-12 12:20:00+01:00,3377.994,2975.1736,3192.5342,704.9147,573.05475,877216.6,51991
2013-12-12 12:30:00+01:00,2602.694,2991.2263,3716.7053,625.85657,590.07733,898202.3,51656
2013-12-12 12:40:00+01:00,2806.2302,3271.6672,3289.129,656.3963,576.6221,902085.5,52329
2013-12-12 12:50:00+01:00,3819.3223,3418.4873,3166.2246,618.97516,524.8958,898533.3,50677
2013-12-12 13:00:00+01:00,3434.3308,3506.7034,3704.276,663.8212,619.44543,926291.0,51855
2013-12-12 13:10:00+01:00,3432.6245,3498.3464,3747.4702,615.71,603.32434,919554.94,53082
2013-12-12 13:20:00+01:00,3517.0327,3569.2283,3643.8262,586.69226,644.5289,919129.9,51154
2013-12-12 13:30:00+01:00,3574.949,3720.0342,3588.603,593.4686,643.4222,935041.3,50780
2013-12-12 13:40:00+01:00,3910.5605,4082.5557,3581.3933,636.3239,652.3832,935704.75,48623
2013-12-12 13:50:00+01:00,3948.373,3707.8462,3650.208,610.2121,651.3994,924640.75,49785
2013-12-12 14:00:00+01:00,4082.5532,3686.6035,3730.5176,622.8649,673.10223,932300.25,49835
2013-12-12 14:10:00+01:00,3696.0505,3479.6655,3513.4746,591.58276,696.42584,927415.3,51869
2013-12-12 14:20:00+01:00,3813.781,3577.103,3587.7686,674.53064,686.04535,914800.6,49369
2013-12-12 14:30:00+01:00,3699.9673,3656.6104,3530.8586,562.6452,698.6878,917253.4,51714
2013-12-12 14:40:00+01:00,3733.689,3678.0776,3593.4714,563.14075,614.015,919251.1,49814
2013-12-12 14:50:00+01:00,3412.6033,3535.5667,3327.393,537.4413,655.8718,888668.8,49948
2013-12-12 15:00:00+01:00,3413.8137,3376.8804,3343.565,512.5088,621.83276,892839.7,50166
2013-12-12 15:10:00+01:00,3381.8215,3201.6992,3391.646,554.738,548.1755,902101.8,51683
2013-12-12 15:20:00+01:00,3300.126,3431.9753,3200.0273,568.1894,564.55695,890939.4,51420
2013-12-12 15:30:00+01:00,3139.632,3477.4856,3090.5044,605.6518,580.1197,901677.3,51183
2013-12-12 15:40:00+01:00,3457.9045,3364.1667,3372.3027,607.0782,533.556,898918.7,49840
2013-12-12 15:50:00+01:00,3377.4521,3284.312,3388.8025,613.7167,542.53485,891422.94,48669
2013-12-12 16:00:00+01:00,3643.7153,3185.4412,3331.8894,624.0794,521.1288,898115.56,52282
2013-12-12 16:10:00+01:00,3441.738,3094.7456,3287.2761,626.5968,549.81305,900726.8,50540
2013-12-12 16:20:00+01:00,3307.1277,3113.1794,3628.3857,566.00903,591.45215,887496.0,48754
2013-12-12 16:30:00+01:00,3196.4346,3142.384,3514.6807,549.01715,573.8147,896381.25,51962
2013-12-12 16:40:00+01:00,3302.3684,3258.4138,3188.418,540.82263,525.70233,904326.9,50998
2013-12-12 16:50:00+01:00,3299.5476,2934.7273,3206.2322,545.4855,572.4302,890362.25,51902
2013-12-12 17:00:00+01:00,3301.998,2884.93,3375.474,552.08594,613.39557,903618.6,50771
2013-12-12 17:10:00+01:00,3395.2283,2943.2761,3211.142,500.83133,579.7253,906258.94,52640
2013-12-12 17:20:00+01:00,3318.2097,2892.7563,3238.3196,531.3405,530.6643,898226.75,51723
2013-12-12 17:30:00+01:00,3377.822,3015.9224,3205.115,550.1466,615.938,905045.56,51147
2013-12-12 17:40:00+01:00,3321.28,3012.9724,3120.2217,472.82828,509.1889,904595.44,50281
2013-12-12 17:50:00+01:00,3116.2612,2831.693,2936.5264,507.87244,579.9124,898497.44,49129
2013-12-12 18:00:00+01:00,3282.0725,3028.6846,2766.5771,467.7272,650.92,906403.6,49318
2013-12-12 18:10:00+01:00,2920.6165,2758.2766,2604.0144,455.2553,581.2464,899531.6,50180
2013-12-12 18:20:00+01:00,2913.5627,2910.1533,2433.6719,471.37735,629.3509,883132.8,49013
2013-12-12 18:30:00+01:00,3102.237,2794.071,2555.4153,464.2753,596.1757,899497.75,51029
2013-12-12 18:40:00+01:00,2826.3704,2620.6812,2385.589,409.81674,618.1257,885742.3,49000
2013-12-12 18:50:00+01:00,2730.2244,2535.8145,2203.5886,418.1117,693.34033,873636.56,47862
2013-12-12 19:00:00+01:00,2674.4556,2712.6138,2159.7373,442.29016,657.6868,869320.0,51330
2013-12-12 19:10:00+01:00,2740.416,2714.0427,2062.6765,505.4088,686.45337,863697.44,49716
2013-12-12 19:20:00+01:00,2972.837,2616.8674,1893.613,409.38046,681.47504,839125.44,49682
2013-12-12 19:30:00+01:00,2737.4092,2198.773,1753.394,393.94446,643.14716,840472.2,47146
2013-12-12 19:40:00+01:00,2659.5364,2152.5847,1936.6428,383.36816,729.0414,833165.4,45213
2013-12-12 19:50:00+01:00,2739.4631,2111.398,2226.283,416.96515,723.5846,810171.94,46366
2013-12-12 20:00:00+01:00,2150.385,1945.91,1802.0859,355.56393,849.4494,801853.4,44702
2013-12-12 20:10:00+01:00,2196.9468,1868.3463,1656.9246,411.76587,815.3053,800613.44,44982
2013-12-12 20:20:00+01:00,1875.779,1818.6428,1722.0911,369.06238,881.69745,785525.6,45142
2013-12-12 20:30:00+01:00,1743.6797,1755.3456,1700.2056,319.9396,785.99774,788960.6,42181
2013-12-12 20:40:00+01:00,1541.8088,1559.6774,1690.7418,338.3396,762.6552,790043.25,41275
2013-12-12 20:50:00+01:00,1433.2479,1485.1571,1755.2751,300.26712,780.3491,774483.6,39018
2013-12-12 21:00:00+01:00,1469.7458,1268.6296,1609.5397,287.21515,919.51074,777310.4,39399
2013-12-12 21:10:00+01:00,1341.0448,1170.3201,1541.2902,302.0584,929.61304,773707.9,39203
2013-12-12 21:20:00+01:00,1242.4148,1040.1089,1549.9976,309.1609,846.94604,754144.1,37063
2013-12-12 21:30:00+01:00,1241.819,1092.9803,1445.869,302.63293,828.9467,756144.94,36552
2013-12-12 21:40:00+01:00,1087.6321,1161.1085,1480.2122,296.22983,787.03864,749999.5,35480
2013-12-12 21:50:00+01:00,1074.012,1038.0328,1387.0493,282.28033,812.7847,737712.1,34653
2013-12-12 22:00:00+01:00,960.92346,892.23157,1163.2698,285.91882,795.2338,731988.2,33665
2013-12-12 22:10:00+01:00,754.51935,839.02356,1282.6284,279.93143,799.3694,724230.06,33208
2013-12-12 22:20:00+01:00,762.422,765.0785,1168.8207,287.50705,720.20764,711052.56,33901
2013-12-12 22:30:00+01:00,659.23285,817.5981,1316.5188,307.263,770.1784,708766.4,33226
2013-12-12 22:40:00+01:00,555.5826,737.6974,1245.0737,298.8806,759.4946,698242.1,30837
2013-12-12 22:50:00+01:00,580.9802,788.7016,1059.853,263.99268,789.63116,679772.1,32288
2013-12-12 23:00:00+01:00,525.5371,717.3833,1170.3188,253.88295,813.3524,680307.2,31371
2013-12-12 23:10:00+01:00,554.5878,961.62537,1056.9801,288.684,856.2824,665685.7,28825
2013-12-12 23:20:00+01:00,662.15045,880.5135,1088.7491,266.7114,780.6443,654820.5,30256
2013-12-12 23:30:00+01:00,521.4916,801.4866,1055.6084,287.88513,844.5882,652026.6,28313
2013-12-12 23:40:00+01:00,450.0864,778.3073,876.25336,265.15155,823.02454,634997.3,26207
2013-12-12 23:50:00+01:00,445.55484,736.0413,858.83167,248.61296,736.0421,606984.3,26542
2013-12-13 00:00:00+01:00,420.5939,640.9776,799.4636,249.45345,704.99756,600167.44,25826
2013-12-13 00:10:00+01:00,370.5355,652.6211,680.00616,218.39838,607.9873,575005.2,27388
2013-12-13 00:20:00+01:00,346.07657,600.1446,709.6009,215.69487,614.66943,556692.75,23052
2013-12-13 00:30:00+01:00,369.61816,584.42175,808.2946,235.90233,626.39026,551014.56,24630
2013-12-13 00:40:00+01:00,290.36423,557.5985,763.7378,202.23422,594.88855,534801.4,21930
2013-12-13 00:50:00+01:00,292.4083,570.55914,623.329,189.08083,559.965,507019.12,22190
2013-12-13 01:00:00+01:00,280.556,585.45844,565.2172,225.33614,517.9587,501682.22,21782
2013-12-13 01:10:00+01:00,241.0024,528.4889,567.85,211.77757,515.90717,484941.22,19468
2013-12-13 01:20:00+01:00,269.88397,479.70178,526.4194,218.9009,447.1706,457905.34,18935
2013-12-13 01:30:00+01:00,254.359,467.96854,511.06027,216.682,453.01157,451733.84,17948
2013-12-13 01:40:00+01:00,235.02428,458.12933,521.1609,264.77713,403.88913,441367.38,16632
2013-12-13 01:50:00+01:00,238.7946,431.3978,763.11884,201.60822,357.30344,420396.03,17437
2013-12-13 02:00:00+01:00,260.45856,425.3543,511.27463,176.77014,357.3883,414265.5,16587
2013-12-13 02:10:00+01:00,241.55756,385.7321,536.55066,209.0842,318.08905,435855.03,18272
2013-12-13 02:20:00+01:00,262.961,387.86047,493.5455,153.3008,339.43008,399003.38,16996
2013-12-13 02:30:00+01:00,260.4235,385.2298,436.42453,160.1465,321.02463,391129.16,16574
2013-12-13 02:40:00+01:00,208.14044,352.71094,469.09525,148.48076,284.22427,374013.5,16416
2013-12-13 02:50:00+01:00,232.44423,361.2526,443.4157,161.49146,279.03778,360869.6,16554
2013-12-13 03:00:00+01:00,220.63474,380.73166,439.27502,168.03311,293.92264,369027.9,14919
2013-12-13 03:10:00+01:00,254.21375,314.0599,437.45016,141.44786,223.09964,356865.03,15925
2013-12-13 03:20:00+01:00,223.34766,300.7847,417.25034,146.72635,233.07124,341216.66,15057
2013-12-13 03:30:00+01:00,223.53362,357.03372,425.89124,156.44933,245.84743,352278.47,16134
2013-12-13 03:40:00+01:00,191.43712,348.6495,416.7361,137.93399,202.31207,347714.4,15595
2013-12-13 03:50:00+01:00,226.85071,376.4051,390.56473,149.83661,204.11102,333528.06,16096
2013-12-13 04:00:00+01:00,209.46457,323.42487,422.24258,152.8848,223.90239,336354.8,17341
2013-12-13 04:10:00+01:00,200.24272,306.4742,412.79962,130.47429,204.7709,332964.38,17044
2013-12-13 04:20:00+01:00,222.69894,330.91895,414.70383,151.92163,237.86104,327787.3,16628
2013-12-13 04:30:00+01:00,212.72746,332.81046,401.36664,139.95198,243.96053,331821.97,17636
2013-12-13 04:40:00+01:00,182.27426,312.34933,405.09634,131.17389,208.20126,327312.78,16802
2013-12-13 04:50:00+01:00,209.2992,342.78723,397.5815,135.60329,215.83258,318231.84,16105
2013-12-13 05:00:00+01:00,215.79265,332.0566,394.987,140.226,229.89133,329467.1,17943
2013-12-13 05:10:00+01:00,211.6208,325.21027,405.10483,128.1374,205.67934,331389.75,18110
2013-12-13 05:20:00+01:00,203.00552,331.92108,408.2998,136.95189,227.80702,324994.53,19243
2013-12-13 05:30:00+01:00,217.58527,347.4516,397.3356,135.58778,247.08356,336143.47,18770
2013-12-13 05:40:00+01:00,196.06317,365.00818,387.08923,138.6853,253.1943,340877.8,20813
2013-12-13 05:50:00+01:00,220.27838,344.67184,396.80704,136.181,255.38345,343570.5,21594
2013-12-13 06:00:00+01:00,216.27834,357.2065,410.0318,134.40816,247.45227,361443.7,23328
2013-12-13 06:10:00+01:00,204.51746,370.5993,399.1504,135.37653,244.2602,373101.12,22612
2013-12-13 06:20:00+01:00,245.32408,337.94733,398.33182,161.16301,223.55183,377555.22,24978
2013-12-13 06:30:00+01:00,243.25479,390.7559,416.51047,151.24312,323.21017,406773.28,26857
2013-12-13 06:40:00+01:00,224.07481,426.3634,431.2732,150.52802,277.7343,427116.25,27757
2013-12-13 06:50:00+01:00,266.96326,428.59573,467.59067,162.62239,302.01422,445172.06,28738
2013-12-13 07:00:00+01:00,333.38898,462.0987,536.4737,166.06584,344.43063,483946.53,32695
2013-12-13 07:10:00+01:00,288.27515,468.10217,527.4266,168.67294,331.4164,515595.88,33039
2013-12-13 07:20:00+01:00,327.97897,497.87415,565.5849,183.27531,359.02713,544247.56,34664
2013-12-13 07:30:00+01:00,359.4492,548.8626,583.7432,199.32608,360.43152,593188.25,37244
2013-12-13 07:40:00+01:00,346.8698,709.41785,738.5306,202.85698,406.25827,630553.4,37981
2013-12-13 07:50:00+01:00,362.10416,785.73956,736.6141,255.73505,439.4152,657497.2,37839
2013-12-13 08:00:00+01:00,430.1952,838.34576,772.816,288.31314,438.6001,697731.25,42045
2013-12-13 08:10:00+01:00,509.56058,990.9095,941.6675,285.32227,470.97992,724026.3,44333
2013-12-13 08:20:00+01:00,490.62924,1039.6176,1180.9034,313.7582,483.09018,738293.3,44512
2013-12-13 08:30:00+01:00,675.9156,1123.5721,1349.8344,343.49094,485.63605,763714.94,44488
2013-12-13 08:40:00+01:00,661.75146,1333.055,1637.9188,348.24283,465.9486,777206.2,45363
2013-12-13 08:50:00+01:00,809.6392,1356.001,1893.405,370.34457,502.54813,794101.4,46937
2013-12-13 09:00:00+01:00,807.5607,1505.299,2107.0254,375.33917,536.3782,810659.5,49279
2013-12-13 09:10:00+01:00,788.61554,1510.491,2433.9775,406.73926,453.27948,812465.25,48429
2013-12-13 09:20:00+01:00,953.0805,1588.6987,2575.4023,406.32806,486.44876,804075.94,49845
2013-12-13 09:30:00+01:00,1068.55,1766.7881,2659.6443,397.28876,595.7596,818751.06,50115
2013-12-13 09:40:00+01:00,1104.9962,1808.7479,3142.161,418.0881,523.9087,824738.8,51068
2013-12-13 09:50:00+01:00,1353.6152,1958.7585,3253.2834,423.34592,559.58514,821340.4,49731
2013-12-13 10:00:00+01:00,1626.3647,1993.3566,3359.4065,446.12338,564.0048,838450.44,49050
2013-12-13 10:10:00+01:00,1478.5724,2189.3645,3022.315,509.39197,512.98755,844140.5,50159
2013-12-13 10:20:00+01:00,1741.1815,2084.7888,3082.0562,473.27737,469.60104,835807.8,50680
2013-12-13 10:30:00+01:00,1726.1102,2147.3042,3058.277,480.4471,441.43213,824585.0,51149
2013-12-13 10:40:00+01:00,1817.2911,2104.7397,2916.8823,432.12875,453.77982,808465.8,50113
2013-12-13 10:50:00+01:00,2025.3309,2194.374,3021.5364,472.0005,496.23813,802304.8,49131
2013-12-13 11:00:00+01:00,2278.399,2214.081,3243.3452,456.55173,522.99603,820161.4,52084
2013-12-13 11:10:00+01:00,2206.2346,2228.4258,3167.5994,471.9702,547.9118,826711.94,52762
2013-12-13 11:20:00+01:00,2354.2551,2195.0015,3047.7698,447.60773,588.51074,794990.25,52241
2013-12-13 11:30:00+01:00,2681.503,2448.7454,3121.0283,456.19965,608.15344,807123.7,50147
2013-12-13 11:40:00+01:00,2659.6943,2437.5251,3108.1877,432.50113,547.02704,795210.75,50972
2013-12-13 11:50:00+01:00,2660.227,2623.1047,3030.7083,487.59943,565.9996,796269.94,52942
2013-12-13 12:00:00+01:00,2823.0894,2524.663,3131.748,476.44186,566.26447,820226.44,52982
2013-12-13 12:10:00+01:00,2598.102,2549.3057,3090.581,443.1812,594.0233,798054.6,51248
2013-12-13 12:20:00+01:00,2539.9656,2624.7651,3161.2383,443.45114,601.2523,793004.5,53057
2013-12-13 12:30:00+01:00,2899.1409,2694.481,3170.4456,707.235,595.0345,891421.06,53407
2013-12-13 12:40:00+01:00,2910.5457,2781.5293,3392.6174,437.80478,613.7409,801514.25,53152
2013-12-13 12:50:00+01:00,2911.841,2865.5352,3380.4434,477.62875,608.38995,819374.94,51314
2013-12-13 13:00:00+01:00,3157.7441,2940.3296,3383.32,513.61115,655.1536,836619.94,53303
2013-12-13 13:10:00+01:00,3533.6423,3051.0095,3526.3325,450.56064,645.9599,818348.75,50588
2013-12-13 13:20:00+01:00,3574.6272,3078.019,3477.346,504.039,661.10364,829861.6,49708
2013-12-13 13:30:00+01:00,3611.0508,3083.7793,3264.6975,447.63358,709.6771,839905.2,48636
2013-12-13 13:40:00+01:00,3886.8352,3283.275,3512.8005,436.98254,708.8107,829452.4,50632
2013-12-13 13:50:00+01:00,3509.259,3127.0261,3178.9375,460.2431,684.8637,839906.25,48014
2013-12-13 14:00:00+01:00,3665.6326,3230.5867,3551.357,439.82602,726.2091,841733.25,49011
2013-12-13 14:10:00+01:00,3187.1187,3069.2366,3323.306,439.44122,758.0504,823128.06,51676
2013-12-13 14:20:00+01:00,3205.107,3219.235,3122.6624,447.17468,733.2737,818185.8,49755
2013-12-13 14:30:00+01:00,3643.2449,3162.4795,3014.8074,420.51794,670.3525,819378.3,51290
2013-12-13 14:40:00+01:00,3397.0647,3016.3335,3064.3345,447.7209,660.77026,801588.25,50033
2013-12-13 14:50:00+01:00,3560.4822,3049.2744,2799.5884,495.8298,632.6403,804439.56,52284
2013-12-13 15:00:00+01:00,3651.3508,2995.5254,3067.5605,442.67368,688.31335,824351.3,51231
2013-12-13 15:10:00+01:00,3520.2075,3060.013,2877.0627,415.33884,623.0656,815340.3,50804
2013-12-13 15:20:00+01:00,3536.8518,3174.6333,2977.0366,462.21695,682.78644,810235.5,51125
2013-12-13 15:30:00+01:00,3414.3955,2886.7908,2901.4243,440.87634,645.13446,811182.25,52058
2013-12-13 15:40:00+01:00,3397.7976,3033.8137,3032.021,444.2006,624.2759,803159.75,51648
2013-12-13 15:50:00+01:00,3335.6074,3123.8599,2991.5554,522.7494,605.5573,807919.94,49939
2013-12-13 16:00:00+01:00,3723.9604,2726.6482,3018.2166,472.62515,616.9827,813410.0,51726
2013-12-13 16:10:00+01:00,3445.1367,2946.943,2935.418,447.4578,566.1847,806758.6,50212
2013-12-13 16:20:00+01:00,3692.674,3068.1978,3001.385,440.54807,554.0501,808008.44,50606
2013-12-13 16:30:00+01:00,3429.7202,2880.6956,2816.8564,408.72162,555.5991,808630.4,50030
2013-12-13 16:40:00+01:00,3257.741,2967.5896,2856.8745,428.15924,537.0603,801350.6,48315
2013-12-13 16:50:00+01:00,3349.9668,2932.3066,2928.029,434.84653,563.8905,809502.9,49706
2013-12-13 17:00:00+01:00,3302.5813,2634.3552,2820.5566,436.93167,496.60715,810077.5,51670
2013-12-13 17:10:00+01:00,3253.2637,2905.0522,2787.7178,388.9247,547.94403,811132.6,48236
2013-12-13 17:20:00+01:00,3346.2314,2935.5886,2708.4194,401.2747,563.3798,810011.3,50244
2013-12-13 17:30:00+01:00,3257.973,2710.5,2576.743,362.3249,607.07416,806054.3,48432
2013-12-13 17:40:00+01:00,3364.5835,2826.0476,2478.6794,369.1791,543.539,802821.0,48101
2013-12-13 17:50:00+01:00,3351.3506,2633.5066,2518.6484,367.08136,563.95776,801047.44,47031
2013-12-13 18:00:00+01:00,3374.0256,2496.8335,2415.1487,371.9769,566.9867,806553.1,49375
2013-12-13 18:10:00+01:00,3460.4814,2531.4773,2369.0005,389.51508,538.43024,793372.75,47128
2013-12-13 18:20:00+01:00,3415.7856,2551.5496,2246.6716,381.58218,503.09363,801280.56,48429
2013-12-13 18:30:00+01:00,2978.52,2273.8394,2138.8357,341.53687,607.17664,791707.7,48775
2013-12-13 18:40:00+01:00,2735.3948,2338.1753,2077.5625,352.8957,569.2385,780917.44,46697
2013-12-13 18:50:00+01:00,2953.75,2365.7478,2111.717,364.24332,547.53284,773775.2,46401
2013-12-13 19:00:00+01:00,2757.5642,2148.0527,1779.3568,336.46814,644.07886,772463.1,46652
2013-12-13 19:10:00+01:00,2460.0093,2083.132,1646.7855,354.15106,605.92993,756112.4,50057
2013-12-13 19:20:00+01:00,2472.6199,1962.935,1603.5571,314.56677,679.8385,747502.56,50277
2013-12-13 19:30:00+01:00,2404.7068,2013.5625,1615.1176,308.89902,673.92316,736783.9,47977
2013-12-13 19:40:00+01:00,2244.438,1706.2759,1460.6843,299.8125,708.22186,722387.7,44071
2013-12-13 19:50:00+01:00,2188.0862,1826.3173,1215.1023,281.24203,730.6682,709121.1,45329
2013-12-13 20:00:00+01:00,2114.7998,1699.641,1214.4001,257.38443,795.7668,708003.1,44863
2013-12-13 20:10:00+01:00,1742.1189,1544.8228,1161.5159,252.79015,757.0885,699848.6,43480
2013-12-13 20:20:00+01:00,1801.3875,1342.9797,1136.7039,271.85388,847.18726,701919.1,43637
2013-12-13 20:30:00+01:00,1483.8125,1279.7556,980.2429,250.62744,870.71716,699438.7,41047
2013-12-13 20:40:00+01:00,1590.0328,1232.818,981.7706,268.19205,823.2821,695354.25,41255
2013-12-13 20:50:00+01:00,1298.7938,1102.6925,864.0384,231.86336,839.6399,685160.6,41386
2013-12-13 21:00:00+01:00,1373.5688,1079.3408,888.75476,243.96704,947.088,683773.4,39063
2013-12-13 21:10:00+01:00,1172.5625,1063.9506,951.2629,232.0757,926.1477,680097.44,39075
2013-12-13 21:20:00+01:00,1073.6271,1064.7455,958.4625,233.63037,962.28253,674155.0,38164
2013-12-13 21:30:00+01:00,931.9487,1109.7766,939.4888,244.4099,976.7657,670098.6,37291
2013-12-13 21:40:00+01:00,917.6876,1096.9828,860.53046,247.141,991.0223,662967.75,35668
2013-12-13 21:50:00+01:00,922.94495,1040.4926,897.7283,267.29562,1005.6083,650077.0,36734
2013-12-13 22:00:00+01:00,964.3769,971.82117,957.78143,299.3282,971.3979,645957.9,34939
2013-12-13 22:10:00+01:00,1052.208,819.21045,1022.8386,301.45325,945.601,642762.8,33642
2013-12-13 22:20:00+01:00,920.13776,939.44507,1007.32715,295.03787,901.10754,629268.8,33007
2013-12-13 22:30:00+01:00,617.1153,854.6558,872.07306,260.05252,923.9621,630759.4,32248
2013-12-13 22:40:00+01:00,664.4315,837.2959,900.0308,206.97473,888.7486,618047.9,33479
2013-12-13 22:50:00+01:00,520.13605,809.6473,856.51324,212.43074,903.02936,605392.4,32276
2013-12-13 23:00:00+01:00,524.8612,723.49677,954.85394,206.55545,933.6308,602340.56,31343
2013-12-13 23:10:00+01:00,471.0637,717.10986,832.85535,195.61922,828.5344,594024.94,30148
2013-12-13 23:20:00+01:00,458.5327,754.6628,1034.738,202.56125,834.6654,584822.06,29862
2013-12-13 23:30:00+01:00,475.2248,665.85645,898.3605,235.11627,847.96674,574685.2,29321
2013-12-13 23:40:00+01:00,440.8353,631.07794,857.7001,191.78928,824.6603,563403.3,28642
2013-12-13 23:50:00+01:00,438.21674,647.37897,788.8826,197.12112,829.428,549413.8,28625
2013-12-14 00:00:00+01:00,469.77362,562.1816,793.41846,235.29312,807.1174,537742.44,27709
2013-12-14 00:10:00+01:00,463.02982,568.6476,802.67395,201.1776,805.23517,518473.2,27146
2013-12-14 00:20:00+01:00,417.47665,600.47534,970.3756,188.59222,757.7677,507944.06,25834
2013-12-14 00:30:00+01:00,359.4334,671.0108,1086.1818,190.25627,850.29724,495992.0,24863
2013-12-14 00:40:00+01:00,294.45676,540.24054,1178.2339,207.46385,774.43195,484103.97,24281
2013-12-14 00:50:00+01:00,273.7512,561.13934,1167.1425,176.00168,689.7861,472674.7,22797
2013-12-14 01:00:00+01:00,258.82526,426.83456,1200.1687,187.7564,628.76025,457674.88,21376
2013-12-14 01:10:00+01:00,248.11182,456.30737,1227.8322,178.86024,619.4716,446016.66,22195
2013-12-14 01:20:00+01:00,248.47328,462.04654,1264.9436,201.77048,571.671,439939.78,21636
2013-12-14 01:30:00+01:00,239.37024,409.91403,1243.4852,173.04395,551.9051,425439.78,20728
2013-12-14 01:40:00+01:00,223.14027,428.03226,1213.6748,149.77144,475.78177,415832.56,20100
2013-12-14 01:50:00+01:00,242.65773,417.38947,1388.9012,157.1584,507.04697,406903.97,19774
2013-12-14 02:00:00+01:00,253.78804,386.58838,1402.8792,149.98207,483.16025,399379.66,19265
2013-12-14 02:10:00+01:00,227.30003,422.17358,1375.7229,143.8868,425.01376,390291.38,18345
2013-12-14 02:20:00+01:00,238.5205,413.12112,1477.2783,155.80327,404.35977,379119.47,18502
2013-12-14 02:30:00+01:00,238.1412,367.0613,1262.0588,153.34636,425.76306,373150.47,17954
2013-12-14 02:40:00+01:00,218.9627,383.90332,1308.4503,136.57558,363.58707,365380.4,17368
2013-12-14 02:50:00+01:00,231.41113,368.68402,1143.7032,151.924,337.71188,352224.94,18620
2013-12-14 03:00:00+01:00,249.9198,318.56613,1071.742,155.74345,342.18347,350117.34,18391
2013-12-14 03:10:00+01:00,234.6626,356.99118,950.45825,129.65735,309.67126,339570.97,18105
2013-12-14 03:20:00+01:00,303.93985,362.36743,819.4922,138.48502,323.45624,335449.6,17932
2013-12-14 03:30:00+01:00,211.41296,327.84253,844.0266,138.79703,327.68414,336397.47,17620
2013-12-14 03:40:00+01:00,209.56808,361.4724,800.9031,131.3701,286.7772,327484.34,16726
2013-12-14 03:50:00+01:00,229.40648,392.09964,761.3478,128.50554,264.73898,320732.8,16859
2013-12-14 04:00:00+01:00,213.69743,335.10745,748.6945,137.7257,298.54013,320731.0,17544
2013-12-14 04:10:00+01:00,207.87544,344.75296,551.52185,116.85684,301.40973,311925.47,16838
2013-12-14 04:20:00+01:00,224.07925,409.9027,509.45538,132.37477,259.5166,309115.97,17324
2013-12-14 04:30:00+01:00,218.72543,425.41376,415.66904,128.08105,288.20395,309677.56,18099
2013-12-14 04:40:00+01:00,193.48674,370.51093,363.91605,111.58638,239.23131,303771.6,16992
2013-12-14 04:50:00+01:00,203.56996,368.16885,362.79395,121.12989,249.29506,300753.2,17812
2013-12-14 05:00:00+01:00,195.64775,329.82443,357.975,125.38662,257.61862,300738.94,17337
2013-12-14 05:10:00+01:00,206.10976,335.45142,336.81262,114.861694,222.27853,295141.0,17713
2013-12-14 05:20:00+01:00,216.92221,371.93497,338.208,127.91849,216.48203,296246.38,18507
2013-12-14 05:30:00+01:00,208.68942,317.2117,327.93304,128.35045,234.50139,300329.06,19715
2013-12-14 05:40:00+01:00,195.5362,325.83228,336.60086,114.4119,217.31963,299710.75,18748
2013-12-14 05:50:00+01:00,221.3447,336.32974,324.79605,114.91692,210.35823,295273.1,19003
2013-12-14 06:00:00+01:00,199.60873,322.4408,311.83902,120.82894,223.54854,304121.06,20935
2013-12-14 06:10:00+01:00,210.74669,374.6084,309.30615,113.72185,192.7092,304161.12,20866
2013-12-14 06:20:00+01:00,226.14592,319.77472,316.28726,121.41936,209.80313,309192.12,21274
2013-12-14 06:30:00+01:00,216.16435,322.27902,326.1621,122.52565,232.92029,319702.44,20332
2013-12-14 06:40:00+01:00,217.61943,347.61154,346.54614,116.7947,218.6865,322620.03,21687
2013-12-14 06:50:00+01:00,227.46523,336.65613,350.05704,126.19568,212.44899,328458.78,22595
2013-12-14 07:00:00+01:00,220.13812,366.4286,344.203,141.68796,220.87605,340867.1,25866
2013-12-14 07:10:00+01:00,205.23605,374.53012,326.7037,130.99985,206.02519,351183.78,25747
2013-12-14 07:20:00+01:00,292.15186,391.56696,347.78857,152.50491,242.36603,361989.62,26451
2013-12-14 07:30:00+01:00,264.3942,370.67868,394.3213,174.01802,222.06674,379812.97,29143
2013-12-14 07:40:00+01:00,288.72623,428.1872,439.44778,138.84032,242.3707,396350.06,28973
2013-12-14 07:50:00+01:00,295.54504,434.57974,391.5675,159.57384,257.06256,406862.44,31085
2013-12-14 08:00:00+01:00,355.2448,441.70938,382.19965,167.47348,264.91968,431519.97,32784
2013-12-14 08:10:00+01:00,284.71747,520.7941,400.974,155.83737,235.60332,438288.7,34016
2013-12-14 08:20:00+01:00,296.65512,505.1134,399.3366,163.11981,268.9784,447597.7,34486
2013-12-14 08:30:00+01:00,353.6026,501.27405,401.4484,201.09811,285.9379,468006.62,35119
2013-12-14 08:40:00+01:00,318.8532,487.5926,439.42477,171.86938,283.32938,481901.62,36668
2013-12-14 08:50:00+01:00,431.90756,565.96643,491.4101,158.61649,294.0021,501699.34,36620
2013-12-14 09:00:00+01:00,396.97684,580.1967,445.82846,191.44786,309.61493,525954.44,37676
2013-12-14 09:10:00+01:00,556.0502,661.5094,484.93323,198.51695,317.76315,540127.06,39227
2013-12-14 09:20:00+01:00,566.3763,655.34924,515.3965,203.2494,363.62372,553048.25,37712
2013-12-14 09:30:00+01:00,647.7458,715.3645,474.1028,226.55489,403.20367,575054.6,39397
2013-12-14 09:40:00+01:00,691.9777,741.9239,768.2841,220.24905,327.71793,583258.44,39686
2013-12-14 09:50:00+01:00,858.07056,906.65796,748.21594,233.999,408.11658,598524.44,40777
2013-12-14 10:00:00+01:00,1071.5851,928.20593,639.2022,230.66858,435.73477,611792.25,39536
2013-12-14 10:10:00+01:00,1279.6774,1126.7924,588.945,211.50908,449.27588,622805.3,40662
2013-12-14 10:20:00+01:00,1478.1903,1210.8842,620.4313,270.90298,488.01617,635176.06,41009
2013-12-14 10:30:00+01:00,1766.5225,1258.0514,597.7904,257.67294,476.06458,651145.8,43233
2013-12-14 10:40:00+01:00,1882.1127,1341.344,693.8274,242.69167,462.66754,652995.8,42169
2013-12-14 10:50:00+01:00,2168.7866,1576.9667,707.01483,255.36986,459.76965,661216.8,40889
2013-12-14 11:00:00+01:00,2617.1465,1711.0304,679.84155,251.05098,566.16583,670337.75,40877
2013-12-14 11:10:00+01:00,2771.8003,1827.1998,705.35443,242.51578,521.709,676273.4,42376
2013-12-14 11:20:00+01:00,2971.8318,1836.7257,659.68506,270.21667,542.8922,676695.1,41607
2013-12-14 11:30:00+01:00,3282.4175,2003.9761,673.2972,255.72424,608.7012,682725.94,41034
2013-12-14 11:40:00+01:00,3447.4756,1901.0997,741.5695,253.76334,566.42194,682842.5,41595
2013-12-14 11:50:00+01:00,3810.5212,2234.783,678.32306,271.17703,568.2537,687609.2,41070
2013-12-14 12:00:00+01:00,3909.267,2436.8333,828.5297,266.79614,668.3499,692555.5,42630
2013-12-14 12:10:00+01:00,3590.7568,2493.6182,741.0225,263.81842,600.2837,692379.75,42152
2013-12-14 12:20:00+01:00,3674.9485,2576.761,742.0094,275.44083,586.89606,686620.4,40838
2013-12-14 12:30:00+01:00,3723.381,2569.2693,828.84296,253.25859,614.98303,685335.75,41484
2013-12-14 12:40:00+01:00,3996.8193,2529.5483,772.13586,294.06158,591.0859,683540.2,41741
2013-12-14 12:50:00+01:00,4184.377,2889.237,763.3707,274.72156,636.3663,673961.2,41390
2013-12-14 13:00:00+01:00,3868.3684,2800.5796,809.38666,261.18582,684.5722,680953.56,41621
2013-12-14 13:10:00+01:00,3845.8645,2811.1377,837.42535,249.283,723.26886,678850.75,39893
2013-12-14 13:20:00+01:00,3849.2195,2961.512,890.184,268.03256,664.41504,675114.2,39822
2013-12-14 13:30:00+01:00,3967.2092,2937.1152,772.164,264.35123,703.08575,676068.8,41496
2013-12-14 13:40:00+01:00,4256.5664,3070.5964,903.1142,267.56128,651.07355,676308.7,40851
2013-12-14 13:50:00+01:00,3903.6147,3123.7393,814.9735,340.48584,674.5181,670468.4,39815
2013-12-14 14:00:00+01:00,4158.542,3181.5417,781.77594,252.5809,719.2864,677121.9,40913
2013-12-14 14:10:00+01:00,4237.6914,3383.1099,791.7344,253.51881,779.20337,682245.2,39420
2013-12-14 14:20:00+01:00,4117.884,3220.7825,836.3032,278.78564,810.62134,683836.5,42052
2013-12-14 14:30:00+01:00,4251.6855,3157.9006,848.48956,255.07936,768.741,683270.9,39996
2013-12-14 14:40:00+01:00,4369.545,3079.857,817.2457,245.88004,679.4699,680735.0,39260
2013-12-14 14:50:00+01:00,4609.118,3346.252,885.092,272.4425,784.2712,682745.1,40707
2013-12-14 15:00:00+01:00,4950.865,3014.7808,869.8704,269.73056,822.97144,689429.9,39271
2013-12-14 15:10:00+01:00,5118.015,3104.6562,800.02094,245.88792,776.62714,687275.94,38674
2013-12-14 15:20:00+01:00,5034.9756,3216.5642,910.26636,280.53452,742.61505,688205.5,39696
2013-12-14 15:30:00+01:00,4939.4927,3130.777,800.9657,263.75217,686.5888,692519.56,39386
2013-12-14 15:40:00+01:00,5049.121,3147.0364,773.096,257.8568,725.636,689380.56,39228
2013-12-14 15:50:00+01:00,4837.507,2968.4014,799.52765,258.08078,663.35974,692932.44,40727
2013-12-14 16:00:00+01:00,5057.7666,3474.4814,829.6226,265.51135,662.19196,697657.5,38500
2013-12-14 16:10:00+01:00,5568.093,3041.9165,803.0583,314.74817,649.4455,699347.06,39510
2013-12-14 16:20:00+01:00,5257.155,3363.6506,761.5524,355.5696,651.4637,698675.56,40080
2013-12-14 16:30:00+01:00,5529.1626,3140.3357,757.8198,426.0836,654.12634,701419.4,40370
2013-12-14 16:40:00+01:00,5555.031,3193.6038,905.68176,332.54248,605.87256,706543.75,40727
2013-12-14 16:50:00+01:00,5631.8096,3130.6248,983.652,349.54666,623.89886,708761.06,39619
2013-12-14 17:00:00+01:00,5643.9414,3010.8503,914.25336,340.54807,681.9165,698228.7,39927
2013-12-14 17:10:00+01:00,5752.094,2893.586,951.1093,362.77026,658.62256,711071.4,40832
2013-12-14 17:20:00+01:00,5626.722,2915.0537,912.4818,349.37775,679.6746,706922.8,39999
2013-12-14 17:30:00+01:00,5712.6123,2824.3813,926.33044,302.8819,768.26965,707061.25,40076
2013-12-14 17:40:00+01:00,5665.3105,2898.5122,1030.0837,255.68988,736.34845,712272.06,41090
2013-12-14 17:50:00+01:00,5206.185,2690.0376,918.74493,281.2753,673.8679,705928.3,38954
2013-12-14 18:00:00+01:00,5011.924,2761.846,859.3562,250.79123,721.3396,710189.8,39385
2013-12-14 18:10:00+01:00,5022.722,2747.376,846.7666,249.0833,660.6699,705923.44,40419
2013-12-14 18:20:00+01:00,4812.7456,2856.41,792.77484,255.61609,689.6512,698984.8,40668
2013-12-14 18:30:00+01:00,4872.2754,2998.2705,805.49805,254.3681,686.85815,706336.5,39464
2013-12-14 18:40:00+01:00,4650.728,3010.9343,741.67206,262.41568,701.6766,701135.56,39120
2013-12-14 18:50:00+01:00,4396.776,2775.7188,746.28937,219.14944,679.87946,697816.44,40207
2013-12-14 19:00:00+01:00,3943.481,2581.449,732.947,217.62099,789.1952,702249.6,39749
2013-12-14 19:10:00+01:00,3720.5264,2637.1062,673.9713,204.34953,687.7974,693680.1,39496
2013-12-14 19:20:00+01:00,3775.0942,2362.4297,674.0198,225.81068,698.0246,687709.94,39332
2013-12-14 19:30:00+01:00,3760.4014,2403.5923,690.6427,204.18164,674.1471,684548.44,40271
2013-12-14 19:40:00+01:00,3713.3352,2313.0232,702.5971,198.01268,772.33527,681111.75,38734
2013-12-14 19:50:00+01:00,3593.7952,2341.259,701.6575,230.3526,774.0018,677559.2,39167
2013-12-14 20:00:00+01:00,3191.9548,2250.6663,608.9526,196.08327,826.6348,670623.9,37426
2013-12-14 20:10:00+01:00,2952.3726,2147.2869,558.53076,199.25888,823.9504,667525.2,38075
2013-12-14 20:20:00+01:00,2834.2615,1903.3037,570.379,217.81102,885.4161,663976.25,37305
2013-12-14 20:30:00+01:00,2514.4534,1660.0603,585.77795,221.54793,906.3668,659532.7,35291
2013-12-14 20:40:00+01:00,2228.603,1681.1332,753.88055,229.52127,864.2446,659038.8,35979
2013-12-14 20:50:00+01:00,2209.0593,1615.8784,829.41925,247.94225,963.4397,657304.94,35258
2013-12-14 21:00:00+01:00,2157.262,1501.5701,811.4068,222.79865,966.74536,655435.25,34076
2013-12-14 21:10:00+01:00,1667.415,1508.7454,859.1671,242.07922,1124.1392,659469.2,33926
2013-12-14 21:20:00+01:00,1718.8185,1505.9158,905.8044,237.63724,1001.18524,646740.1,32542
2013-12-14 21:30:00+01:00,1810.925,1189.2582,973.23865,217.09709,1015.9391,644245.5,34249
2013-12-14 21:40:00+01:00,1654.6707,1117.6763,1064.5853,216.6141,1047.3701,644979.3,32818
2013-12-14 21:50:00+01:00,1567.5033,1044.1868,1066.6948,217.43333,1018.54083,636925.3,33041
2013-12-14 22:00:00+01:00,1468.9845,955.80475,1077.8643,248.11179,1007.4495,632242.6,30708
2013-12-14 22:10:00+01:00,1233.625,1006.0294,1038.153,206.9537,996.5054,631419.0,30882
2013-12-14 22:20:00+01:00,1192.0741,882.279,990.6329,226.9922,944.0128,620855.4,28347
2013-12-14 22:30:00+01:00,1267.8162,958.2608,972.8509,256.26508,1056.3494,623894.7,28982
2013-12-14 22:40:00+01:00,997.83997,859.8664,1017.91833,220.90999,1071.8263,617517.3,28237
2013-12-14 22:50:00+01:00,1207.6161,771.5482,1012.8221,232.85945,998.09314,606107.5,28231
2013-12-14 23:00:00+01:00,1152.7897,809.5034,1121.0597,244.4352,1047.3993,600248.75,29068
2013-12-14 23:10:00+01:00,946.74756,773.7576,969.09705,224.91273,1008.96936,597579.75,27809
2013-12-14 23:20:00+01:00,757.1642,729.79956,898.67096,242.54297,1057.5999,588479.4,27009
2013-12-14 23:30:00+01:00,693.1622,746.2506,858.81464,212.11632,1027.673,584073.9,28139
2013-12-14 23:40:00+01:00,596.34155,793.1124,943.5049,198.84387,994.4546,573584.06,27059
2013-12-14 23:50:00+01:00,647.8713,685.05884,856.8148,202.10149,942.9383,554589.7,26656
2013-12-15 00:00:00+01:00,617.85486,659.70013,957.72675,194.6307,1046.4762,551923.1,26827
2013-12-15 00:10:00+01:00,518.4886,588.81726,1134.3608,191.40173,970.3632,535257.6,25841
2013-12-15 00:20:00+01:00,502.69763,587.33405,1129.5073,185.56836,996.89124,523175.44,24653
2013-12-15 00:30:00+01:00,423.2686,505.8856,1247.9141,186.40565,968.5133,508626.3,23210
2013-12-15 00:40:00+01:00,399.16727,498.685,1277.8326,193.9068,903.3361,493991.0,23019
2013-12-15 00:50:00+01:00,370.3971,482.82147,1365.8702,189.81296,854.3591,484901.12,23416
2013-12-15 01:00:00+01:00,333.70285,418.5851,1628.2661,216.65218,905.1605,476422.6,22206
2013-12-15 01:10:00+01:00,319.21246,397.76035,1455.8026,164.73593,760.44635,462608.84,21664
2013-12-15 01:20:00+01:00,328.19092,387.3037,1502.3126,199.87169,681.41125,444621.78,20596
2013-12-15 01:30:00+01:00,307.71667,362.5135,1743.5912,201.60854,669.8383,439702.47,19872
2013-12-15 01:40:00+01:00,280.96838,366.2237,1844.5757,174.78937,607.16644,425029.78,21086
2013-12-15 01:50:00+01:00,297.24448,344.38333,1706.7008,179.29465,555.6904,413328.3,20443
2013-12-15 02:00:00+01:00,296.8092,326.85522,1746.5259,189.14142,576.3619,406460.28,18835
2013-12-15 02:10:00+01:00,275.20438,331.1099,1646.8628,171.96127,512.3059,398898.9,18394
2013-12-15 02:20:00+01:00,295.96558,348.21936,1613.2202,178.66505,451.24832,385517.16,17717
2013-12-15 02:30:00+01:00,288.8058,314.85608,1639.296,172.52032,478.51898,383312.44,16738
2013-12-15 02:40:00+01:00,261.18066,306.01614,1669.6034,178.79913,388.27573,373755.72,16275
2013-12-15 02:50:00+01:00,364.07413,335.4564,1530.8673,172.0408,371.901,363295.7,17540
2013-12-15 03:00:00+01:00,311.54984,283.27878,1597.003,159.32065,372.19235,360148.28,17535
2013-12-15 03:10:00+01:00,293.97247,281.24432,1529.9922,138.37468,345.4848,349646.0,17423
2013-12-15 03:20:00+01:00,271.56915,338.18475,1255.3954,153.53029,372.77417,339575.22,16579
2013-12-15 03:30:00+01:00,252.22163,292.17737,1241.6432,144.97327,329.90436,338994.9,15871
2013-12-15 03:40:00+01:00,242.80673,301.58112,1205.5676,146.23555,282.28946,334242.66,16403
2013-12-15 03:50:00+01:00,245.76865,346.29553,1061.059,145.92921,324.1505,320922.6,15918
2013-12-15 04:00:00+01:00,236.2476,287.53348,935.52203,138.54172,293.65274,321088.2,16576
2013-12-15 04:10:00+01:00,220.81198,306.99564,910.7273,154.7152,265.19412,314687.6,14897
2013-12-15 04:20:00+01:00,274.60773,330.93472,852.82806,137.53348,320.80997,306367.75,16151
2013-12-15 04:30:00+01:00,239.82628,271.05948,814.0934,131.6525,268.93442,309019.2,16042
2013-12-15 04:40:00+01:00,224.3993,306.90762,714.88165,128.67528,203.39803,299427.75,15571
2013-12-15 04:50:00+01:00,242.9636,315.5683,592.069,135.93387,243.71797,297916.44,16470
2013-12-15 05:00:00+01:00,221.0352,252.07535,570.1553,122.81312,221.30835,296169.03,16676
2013-12-15 05:10:00+01:00,230.16908,306.58807,394.24496,120.50137,186.5039,292837.34,15567
2013-12-15 05:20:00+01:00,224.53165,312.18585,274.62695,123.3767,222.25307,287981.28,15746
2013-12-15 05:30:00+01:00,222.76653,271.6971,243.25465,113.43962,199.64104,288444.06,15614
2013-12-15 05:40:00+01:00,230.71017,281.80188,240.17557,116.013,171.95265,285379.6,15751
2013-12-15 05:50:00+01:00,264.28104,308.57193,213.4386,117.52313,200.40567,282613.44,17149
2013-12-15 06:00:00+01:00,232.15659,260.56235,206.18684,114.64096,200.82597,285481.72,16416
2013-12-15 06:10:00+01:00,233.92331,309.4452,213.62038,111.671555,156.36354,284649.03,17397
2013-12-15 06:20:00+01:00,241.91745,327.26434,220.38985,114.385544,193.04965,282121.7,16100
2013-12-15 06:30:00+01:00,253.5995,272.7059,263.175,110.26791,215.2245,291966.53,17132
2013-12-15 06:40:00+01:00,242.08347,297.13336,252.20763,106.330154,188.09341,293277.94,17508
2013-12-15 06:50:00+01:00,270.68292,334.07584,241.43233,111.8162,220.70963,292619.9,19069
2013-12-15 07:00:00+01:00,246.90765,292.11954,302.59894,110.137985,206.39032,298737.88,19943
2013-12-15 07:10:00+01:00,261.5445,340.07,264.28268,112.544365,177.39468,303490.0,19641
2013-12-15 07:20:00+01:00,279.17377,330.6648,218.83359,122.62633,223.71878,306383.38,20882
2013-12-15 07:30:00+01:00,267.33154,389.08768,234.37657,116.041435,245.72795,318996.22,22405
2013-12-15 07:40:00+01:00,276.85342,530.94916,214.09871,112.80945,189.9468,325040.75,22127
2013-12-15 07:50:00+01:00,280.81973,414.2649,223.05412,123.29863,238.24023,329276.66,22626
2013-12-15 08:00:00+01:00,268.59183,405.94513,224.95204,131.39992,236.4203,347464.53,26973
2013-12-15 08:10:00+01:00,298.42535,459.02927,240.8789,129.40424,231.57196,354404.16,28612
2013-12-15 08:20:00+01:00,330.80316,463.02222,253.77219,133.79843,274.23074,361736.22,29345
2013-12-15 08:30:00+01:00,353.7739,473.4037,260.22684,162.88213,272.79498,379480.88,30797
2013-12-15 08:40:00+01:00,453.24982,496.8063,272.85062,149.7405,249.69835,392178.84,29965
2013-12-15 08:50:00+01:00,440.54807,529.28625,264.08752,142.80386,296.54102,404576.88,32033
2013-12-15 09:00:00+01:00,478.73105,522.9733,310.00616,141.29875,264.86264,430534.25,32949
2013-12-15 09:10:00+01:00,506.27515,548.52747,267.5632,136.9485,280.38217,444105.22,34187
2013-12-15 09:20:00+01:00,694.0865,623.22516,275.02362,145.90518,335.40512,455173.16,34767
2013-12-15 09:30:00+01:00,641.4095,644.42413,284.0787,137.37036,456.9868,478401.53,36808
2013-12-15 09:40:00+01:00,721.6056,673.43353,301.4908,152.41559,330.372,493557.38,36580
2013-12-15 09:50:00+01:00,907.7252,900.9782,383.18665,153.02074,345.52774,504938.84,35849
2013-12-15 10:00:00+01:00,1114.5947,816.3874,374.5168,152.52428,350.20044,520784.28,39000
2013-12-15 10:10:00+01:00,1228.5956,978.78156,403.27124,154.9862,329.86844,530104.25,37071
2013-12-15 10:20:00+01:00,1423.1975,1081.3431,325.87305,165.32574,356.87997,538643.25,37651
2013-12-15 10:30:00+01:00,1654.0883,1091.9026,373.02063,159.89824,446.37625,556531.56,39964
2013-12-15 10:40:00+01:00,1956.6677,1309.0472,421.31763,162.03384,381.77817,568883.94,39045
2013-12-15 10:50:00+01:00,2178.8235,1374.8766,408.50287,151.06822,427.7078,576633.1,38016
2013-12-15 11:00:00+01:00,2410.5361,1422.5747,397.17484,148.99928,448.3135,593352.06,39894
2013-12-15 11:10:00+01:00,2694.7563,1650.9298,385.79175,151.46335,486.15356,599287.75,39996
2013-12-15 11:20:00+01:00,2692.7952,1733.595,384.03326,159.34346,500.45117,600613.94,40184
2013-12-15 11:30:00+01:00,3070.3906,1695.4235,437.61188,148.77258,482.91025,612711.2,41101
2013-12-15 11:40:00+01:00,3627.3853,1849.1559,468.27182,166.57054,464.72476,624022.6,40919
2013-12-15 11:50:00+01:00,4001.8557,1892.614,460.2288,182.74908,486.74106,624600.7,40453
2013-12-15 12:00:00+01:00,3704.9597,2023.5764,461.26987,202.37787,555.25073,631296.6,40975
2013-12-15 12:10:00+01:00,3940.879,2123.922,452.10324,177.42142,622.8405,634760.75,42257
2013-12-15 12:20:00+01:00,4146.1523,2235.975,521.8203,186.19843,576.4087,637928.1,39960
2013-12-15 12:30:00+01:00,4702.429,2122.5881,455.2435,146.81882,648.14716,638207.3,39906
2013-12-15 12:40:00+01:00,4197.484,2134.2458,515.86554,166.77557,655.5182,633629.1,39474
2013-12-15 12:50:00+01:00,4313.2974,2539.8552,524.98615,174.92116,640.62573,624649.7,38961
2013-12-15 13:00:00+01:00,4521.2183,2578.364,568.15857,149.49792,626.6562,626376.06,39021
2013-12-15 13:10:00+01:00,4276.9795,2608.727,545.48944,149.41551,651.94415,621270.25,38026
2013-12-15 13:20:00+01:00,4215.811,2484.7502,521.9416,190.86765,642.45874,614154.3,39446
2013-12-15 13:30:00+01:00,4585.126,2361.1787,584.499,210.18532,620.4545,621771.7,37972
2013-12-15 13:40:00+01:00,4331.676,2399.082,544.50507,185.08517,612.0486,621889.75,39128
2013-12-15 13:50:00+01:00,4647.4727,2422.2095,576.538,187.70738,685.38275,623080.44,36973
2013-12-15 14:00:00+01:00,4314.495,2714.3743,608.8552,175.39893,665.68665,639108.75,38255
2013-12-15 14:10:00+01:00,4461.578,2583.7986,574.1189,192.10541,714.215,642732.9,37185
2013-12-15 14:20:00+01:00,4641.836,2698.714,597.566,182.05173,779.458,642023.06,38006
2013-12-15 14:30:00+01:00,4657.4263,2606.9653,545.3737,193.97641,706.59674,647890.1,36317
2013-12-15 14:40:00+01:00,4848.6987,2682.9873,583.58545,205.42613,754.85645,654055.25,38773
2013-12-15 14:50:00+01:00,4774.5503,2680.1707,579.2563,188.3846,714.4337,661051.56,38046
2013-12-15 15:00:00+01:00,5094.7026,2645.5212,614.3338,181.14984,744.6213,668396.94,37845
2013-12-15 15:10:00+01:00,4900.986,2729.0703,660.31006,213.8124,705.3313,668691.56,38323
2013-12-15 15:20:00+01:00,4870.213,2856.5369,630.1402,201.71013,670.8242,671603.94,37911
2013-12-15 15:30:00+01:00,4977.639,2966.3352,688.508,177.02591,710.1927,675731.6,36390
2013-12-15 15:40:00+01:00,5138.2964,2922.6616,669.74835,180.84451,645.7093,675397.1,38330
2013-12-15 15:50:00+01:00,5059.0967,2932.8667,756.39374,194.58806,670.18884,678687.06,39595
2013-12-15 16:00:00+01:00,5037.606,3102.4612,651.9961,180.93616,708.47485,686867.25,39171
2013-12-15 16:10:00+01:00,5495.663,2976.7158,682.15405,200.34767,699.9158,691122.5,38527
2013-12-15 16:20:00+01:00,5228.214,2962.5496,642.48474,179.03146,725.83435,691359.9,38636
2013-12-15 16:30:00+01:00,5216.3535,3077.3818,780.3023,203.6093,703.4633,694546.7,39060
2013-12-15 16:40:00+01:00,4891.5386,3341.7485,733.30145,225.9252,665.56134,698156.2,36849
2013-12-15 16:50:00+01:00,4855.8286,2870.308,663.22687,212.2758,650.00635,692402.5,39308
2013-12-15 17:00:00+01:00,5024.623,3017.3818,705.73474,189.00766,674.7799,698204.3,39774
2013-12-15 17:10:00+01:00,5049.5977,2786.843,798.04736,181.43723,654.4077,705261.5,41479
2013-12-15 17:20:00+01:00,4870.101,2738.2166,650.05164,183.82446,668.478,701585.5,41131
2013-12-15 17:30:00+01:00,5109.132,2814.9487,698.8135,168.48398,713.45685,705185.75,41559
2013-12-15 17:40:00+01:00,4830.622,3089.036,645.9126,195.61502,686.6721,707023.1,40305
2013-12-15 17:50:00+01:00,4632.5674,2778.1636,818.24664,220.7838,682.6627,702519.1,40616
2013-12-15 18:00:00+01:00,4651.008,2793.8699,638.77576,224.35524,665.0905,708655.3,39754
2013-12-15 18:10:00+01:00,4238.47,2813.6404,683.17944,252.3041,614.8303,710662.25,40150
2013-12-15 18:20:00+01:00,4344.749,2760.8713,632.7707,220.73909,672.61145,706951.3,41043
2013-12-15 18:30:00+01:00,4521.734,2674.6514,644.23303,187.4269,657.8999,708329.56,42435
2013-12-15 18:40:00+01:00,4171.7363,2497.2334,650.6838,173.85643,606.51965,711046.0,40113
2013-12-15 18:50:00+01:00,3998.0579,2555.328,616.4276,177.80988,691.107,701383.8,40803
2013-12-15 19:00:00+01:00,3769.2002,2471.1904,640.2411,197.99399,623.5946,703633.5,41195
2013-12-15 19:10:00+01:00,3586.2947,2423.6038,659.4586,205.11859,644.0505,705375.3,40257
2013-12-15 19:20:00+01:00,3689.5105,2052.9524,565.1808,185.24106,644.64734,687013.4,38609
2013-12-15 19:30:00+01:00,3227.6375,1793.0516,529.30023,178.89122,610.05566,684940.7,40640
2013-12-15 19:40:00+01:00,3015.9348,1750.4432,547.7617,191.96487,587.07294,680360.9,41533
2013-12-15 19:50:00+01:00,2572.9102,1542.7161,470.55847,183.33394,702.8458,670832.7,39244
2013-12-15 20:00:00+01:00,2516.9482,1552.5208,434.20987,188.4204,631.83167,668158.7,36659
2013-12-15 20:10:00+01:00,2467.7761,1458.4071,452.106,211.75752,687.77924,662711.9,36561
2013-12-15 20:20:00+01:00,2052.0833,1356.0596,438.8974,197.62364,701.51587,653501.2,36726
2013-12-15 20:30:00+01:00,1838.932,1211.9283,382.85544,197.9077,666.3717,654780.8,38256
2013-12-15 20:40:00+01:00,1492.3569,1163.1595,413.78156,199.49452,637.4008,660755.8,36293
2013-12-15 20:50:00+01:00,1468.819,1058.606,382.25467,199.44199,706.6142,652942.44,35569
2013-12-15 21:00:00+01:00,1252.7516,966.96796,385.32986,189.04448,675.44977,650067.44,35306
2013-12-15 21:10:00+01:00,1153.8198,981.40106,400.95374,219.4294,657.73083,650639.7,32572
2013-12-15 21:20:00+01:00,1117.1544,827.83417,363.78348,205.25665,648.3489,648137.0,34096
2013-12-15 21:30:00+01:00,1081.6537,701.6924,383.62607,193.40646,643.3544,650293.56,32778
2013-12-15 21:40:00+01:00,1042.948,754.4538,384.93124,178.3205,707.7044,639364.3,31579
2013-12-15 21:50:00+01:00,972.1849,731.9561,399.53268,174.19395,734.98645,637494.7,33940
2013-12-15 22:00:00+01:00,988.6887,651.9787,403.28845,191.3369,644.81683,630530.94,30923
2013-12-15 22:10:00+01:00,962.3028,763.3276,367.34885,177.784,751.8155,624115.3,30455
2013-12-15 22:20:00+01:00,698.766,631.355,330.27402,185.82774,699.3524,615980.9,30736
2013-12-15 22:30:00+01:00,682.76245,682.82007,340.2081,177.4905,701.19586,608808.5,30748
2013-12-15 22:40:00+01:00,580.84076,692.96216,359.22537,172.61545,687.95135,599129.7,31161
2013-12-15 22:50:00+01:00,517.4076,672.80457,403.98978,175.6287,643.7293,575709.94,29085
2013-12-15 23:00:00+01:00,528.26385,579.7041,329.93433,180.65773,585.1208,566564.1,28855
2013-12-15 23:10:00+01:00,532.66895,567.53156,344.04846,158.93448,576.7672,552082.06,27759
2013-12-15 23:20:00+01:00,452.69098,505.4061,329.43475,188.06058,527.2363,534948.8,25835
2013-12-15 23:30:00+01:00,438.23145,483.5202,298.9654,192.26349,532.96545,526666.25,25453
2013-12-15 23:40:00+01:00,394.44736,497.01248,283.50647,180.91072,499.17096,508373.22,23378
2013-12-15 23:50:00+01:00,346.18085,499.63754,252.53775,164.81505,457.67136,496661.62,24337
2013-12-16 00:00:00+01:00,346.46027,441.67255,232.18988,169.23631,462.1733,484030.44,23279
2013-12-16 00:10:00+01:00,335.47937,419.49042,246.45064,157.90063,461.91534,464028.4,22184
2013-12-16 00:20:00+01:00,321.91083,459.47592,214.63658,163.46056,435.48914,454089.8,21720
2013-12-16 00:30:00+01:00,286.60004,376.8823,219.90701,172.33447,406.789,441229.53,20785
2013-12-16 00:40:00+01:00,299.6622,393.06085,268.1309,162.25119,426.66187,427493.3,19618
2013-12-16 00:50:00+01:00,247.8545,399.1571,221.68805,149.83728,370.37708,414959.38,19412
2013-12-16 01:00:00+01:00,235.49236,285.94077,222.30826,162.58124,363.63068,407025.28,18726
2013-12-16 01:10:00+01:00,268.69864,386.73553,211.72433,144.52287,333.02536,394718.7,18401
2013-12-16 01:20:00+01:00,252.07263,393.29654,228.3671,139.19617,327.30222,381822.28,17421
2013-12-16 01:30:00+01:00,218.37958,306.3335,209.08351,137.31131,361.39984,376109.7,17452
2013-12-16 01:40:00+01:00,231.68237,378.2484,192.91374,131.5605,353.88583,363989.12,16623
2013-12-16 01:50:00+01:00,209.62328,379.74503,192.76501,133.63434,303.07767,357040.72,16670
2013-12-16 02:00:00+01:00,209.11711,313.56323,206.97308,136.5976,300.97443,353589.34,16390
2013-12-16 02:10:00+01:00,235.20218,363.4713,234.10466,127.56579,265.04523,347967.88,15742
2013-12-16 02:20:00+01:00,214.24268,355.76028,206.42862,122.13777,262.79398,334934.72,15268
2013-12-16 02:30:00+01:00,207.96501,261.89465,206.32529,113.385826,268.63535,333386.97,15086
2013-12-16 02:40:00+01:00,218.90169,322.91937,195.2828,123.78045,247.12105,324841.25,14887
2013-12-16 02:50:00+01:00,192.52118,333.58017,187.51591,118.56643,254.47166,316858.62,15673
2013-12-16 03:00:00+01:00,199.50375,266.3287,169.92992,121.06502,252.281,317151.97,15368
2013-12-16 03:10:00+01:00,205.08748,306.63855,193.78354,117.1563,236.70103,315139.06,14855
2013-12-16 03:20:00+01:00,198.84103,328.371,169.874,131.05278,235.01651,304162.88,15900
2013-12-16 03:30:00+01:00,199.28386,275.8581,167.73363,117.09964,245.38077,309062.4,14966
2013-12-16 03:40:00+01:00,209.12245,306.56317,196.84103,114.15965,260.2948,302067.9,16029
2013-12-16 03:50:00+01:00,184.26079,331.5537,163.31662,115.476105,246.55821,297559.88,15731
2013-12-16 04:00:00+01:00,201.11852,273.42023,164.88988,112.3731,250.36841,295888.6,15302
2013-12-16 04:10:00+01:00,209.11015,283.75247,213.83914,106.041855,230.44722,290273.56,16049
2013-12-16 04:20:00+01:00,183.43298,342.6617,168.66272,115.541565,236.89462,292517.6,15043
2013-12-16 04:30:00+01:00,199.95718,282.18365,166.91852,110.4883,242.24167,286710.38,15870
2013-12-16 04:40:00+01:00,200.8317,295.69342,187.45837,102.53632,228.12883,284508.97,15992
2013-12-16 04:50:00+01:00,179.1481,306.71826,171.63751,108.52956,234.43016,290534.47,17005
2013-12-16 05:00:00+01:00,210.14604,245.5802,169.25966,106.07815,219.74261,286018.78,18903
2013-12-16 05:10:00+01:00,205.14394,309.10986,178.00412,106.64624,223.93347,286050.75,18237
2013-12-16 05:20:00+01:00,189.92653,342.4906,168.92126,111.90518,213.89618,291037.22,18336
2013-12-16 05:30:00+01:00,202.23596,240.64575,171.16241,109.28908,192.43541,292735.5,19697
2013-12-16 05:40:00+01:00,209.58281,299.0204,205.22343,102.79887,213.95059,293435.22,19439
2013-12-16 05:50:00+01:00,187.69508,351.99677,189.87572,109.062035,211.98273,302164.06,20612
2013-12-16 06:00:00+01:00,199.13739,318.0458,199.52766,111.58812,215.5303,309301.53,22405
2013-12-16 06:10:00+01:00,207.1426,378.69785,182.89713,112.2708,228.09401,319724.3,22292
2013-12-16 06:20:00+01:00,193.52405,356.13885,229.88231,119.20172,227.569,330604.97,24069
2013-12-16 06:30:00+01:00,233.35507,384.46634,194.64496,128.94843,220.438,342896.94,26188
2013-12-16 06:40:00+01:00,318.2609,370.89133,224.58917,122.78061,227.32527,361516.97,25682
2013-12-16 06:50:00+01:00,289.0319,362.3277,237.17328,117.537254,242.54851,382989.06,27979
2013-12-16 07:00:00+01:00,270.34906,336.9213,303.32068,128.12115,240.65643,409683.25,30348
2013-12-16 07:10:00+01:00,247.3762,390.61447,308.52097,143.2544,258.29178,448054.66,30111
2013-12-16 07:20:00+01:00,269.4001,425.83823,344.40997,163.56183,259.96454,478359.3,32403
2013-12-16 07:30:00+01:00,277.7562,418.44138,428.8805,171.41664,276.56317,512680.47,34180
2013-12-16 07:40:00+01:00,299.5086,511.0615,472.67004,172.86057,283.30432,546685.44,37938
2013-12-16 07:50:00+01:00,318.23898,629.23,609.2558,241.03952,326.0922,577067.75,38419
2013-12-16 08:00:00+01:00,395.32355,653.4199,728.3173,235.65543,358.24588,614223.9,39482
2013-12-16 08:10:00+01:00,432.19434,761.48956,860.0231,241.79187,350.28232,636454.56,40547
2013-12-16 08:20:00+01:00,419.6882,882.3409,1125.8514,265.95123,407.73456,648981.56,42450
2013-12-16 08:30:00+01:00,572.12714,1032.548,1168.1613,258.6573,435.03372,670320.56,40569
2013-12-16 08:40:00+01:00,695.29205,1124.126,1387.155,304.71182,385.27994,685249.25,45020
2013-12-16 08:50:00+01:00,704.80206,1236.5491,1756.5063,335.60083,460.1861,698234.5,45941
2013-12-16 09:00:00+01:00,789.2132,1481.2484,2052.4333,353.2018,458.02914,710047.3,45245
2013-12-16 09:10:00+01:00,869.79865,1428.5942,2183.5962,355.40698,434.1239,720021.56,47956
2013-12-16 09:20:00+01:00,834.4706,1552.4651,2043.3542,375.33377,495.01062,732634.8,48103
2013-12-16 09:30:00+01:00,946.5521,1488.8285,2211.981,425.37283,480.85532,728327.4,48376
2013-12-16 09:40:00+01:00,943.6083,1661.2596,2340.4595,392.72067,438.1201,734258.7,49989
2013-12-16 09:50:00+01:00,961.70447,1617.4148,2499.4402,414.7714,413.76572,745418.4,48019
2013-12-16 10:00:00+01:00,1011.9496,1664.4841,2422.3499,399.48862,431.31693,751304.4,50620
2013-12-16 10:10:00+01:00,947.59705,1834.0757,2569.7798,403.77292,401.272,745408.3,51349
2013-12-16 10:20:00+01:00,1048.656,1817.0441,2579.7612,403.11914,419.29932,749168.44,49961
2013-12-16 10:30:00+01:00,1179.4794,1880.4313,2654.054,411.3457,397.14807,754679.44,51087
2013-12-16 10:40:00+01:00,1383.9191,1992.1698,2848.7236,417.21484,355.00552,761408.9,51124
2013-12-16 10:50:00+01:00,1328.7417,2007.4949,2786.2073,420.13934,408.7484,767219.06,50722
2013-12-16 11:00:00+01:00,1379.0598,1981.7074,2861.6458,415.922,411.15665,768766.3,51623
2013-12-16 11:10:00+01:00,1550.8689,2184.5686,2811.427,440.51114,401.47775,784468.8,49938
2013-12-16 11:20:00+01:00,1559.0098,1968.1714,2873.9028,408.77878,429.59592,776399.4,51577
2013-12-16 11:30:00+01:00,1864.4413,2176.2668,2930.763,434.6205,419.53,774962.94,49889
2013-12-16 11:40:00+01:00,1848.016,2058.123,3040.112,447.58282,395.6921,779395.7,51471
2013-12-16 11:50:00+01:00,1709.3958,2211.9333,3118.577,423.64008,449.90564,786927.25,51640
2013-12-16 12:00:00+01:00,1961.1587,2043.0378,2854.6624,457.07898,491.08423,792587.9,52238
2013-12-16 12:10:00+01:00,2086.6458,2347.748,2981.6665,468.60165,456.56418,800230.0,51559
2013-12-16 12:20:00+01:00,1910.0787,2503.83,3125.8438,482.48016,444.73206,795168.25,52784
2013-12-16 12:30:00+01:00,2116.0876,2471.3293,3391.409,473.58566,434.56494,800554.25,48969
2013-12-16 12:40:00+01:00,2292.7483,2487.816,3522.35,440.06125,425.23462,802052.9,51447
2013-12-16 12:50:00+01:00,2109.0095,2553.4895,3438.2263,450.20682,433.60635,806550.8,50943
2013-12-16 13:00:00+01:00,2360.4446,2654.5225,3530.8872,513.2104,417.89023,822288.8,49086
2013-12-16 13:10:00+01:00,2505.145,2750.8958,3249.5356,501.51096,456.40823,823344.06,49055
2013-12-16 13:20:00+01:00,2585.238,2822.1538,3270.1116,501.47073,461.07318,826298.4,48833
2013-12-16 13:30:00+01:00,2969.4912,2701.6875,3355.1326,519.56,424.76343,829532.06,49115
2013-12-16 13:40:00+01:00,3057.33,2846.589,3163.86,480.0793,484.80322,830439.6,47893
2013-12-16 13:50:00+01:00,2938.056,2761.5703,3426.3616,459.54953,453.86603,831442.3,50943
2013-12-16 14:00:00+01:00,2866.0698,2679.1482,3390.7327,472.35767,490.61932,827593.25,48395
2013-12-16 14:10:00+01:00,2798.7302,2846.7756,3217.6748,470.87845,503.7356,821752.5,48811
2013-12-16 14:20:00+01:00,2803.0942,2534.2056,3293.2998,443.7785,464.39493,814241.2,50128
2013-12-16 14:30:00+01:00,2646.84,2814.8188,3250.9749,459.01398,458.28607,805256.1,47581
2013-12-16 14:40:00+01:00,2462.6575,2797.1252,2988.6758,475.49268,455.399,789457.9,47639
2013-12-16 14:50:00+01:00,2350.53,2632.9592,2891.0244,423.40982,486.54523,787009.3,47979
2013-12-16 15:00:00+01:00,2328.2554,2719.9248,2885.945,463.91898,489.70163,791301.2,49313
2013-12-16 15:10:00+01:00,2480.486,2737.278,3058.1343,443.40176,532.7478,811066.4,50997
2013-12-16 15:20:00+01:00,2310.5579,2688.813,2785.3394,453.04456,552.62286,804105.5,50055
2013-12-16 15:30:00+01:00,2615.6433,2614.5593,3014.1555,440.78976,505.5834,800613.75,49228
2013-12-16 15:40:00+01:00,2538.4104,2702.127,2961.3494,420.26236,508.7231,811858.0,49028
2013-12-16 15:50:00+01:00,2448.4736,2748.791,2770.283,460.16428,463.77798,800080.0,49479
2013-12-16 16:00:00+01:00,2772.0137,2634.2102,2893.5415,447.2438,407.81775,799431.56,51202
2013-12-16 16:10:00+01:00,2690.5195,2628.354,3021.9102,420.61392,460.29062,808307.5,48317
2013-12-16 16:20:00+01:00,2592.648,2626.0117,3028.2185,441.9532,450.79742,804031.5,49958
2013-12-16 16:30:00+01:00,2785.391,2563.6245,3020.55,460.93723,501.7245,796945.8,50726
2013-12-16 16:40:00+01:00,2619.2588,2649.9111,2886.4556,408.20618,480.75894,804860.94,49678
2013-12-16 16:50:00+01:00,2633.5864,2494.1238,2971.2048,444.1624,475.32144,811338.0,50942
2013-12-16 17:00:00+01:00,2544.4758,2457.8,2918.5886,437.6063,442.72757,807321.56,50980
2013-12-16 17:10:00+01:00,2674.0369,2545.8594,2771.4988,410.1081,458.0231,808262.9,49516
2013-12-16 17:20:00+01:00,2557.115,2543.6948,2934.1199,398.11987,515.6283,812647.56,50048
2013-12-16 17:30:00+01:00,2391.7551,2322.1726,2954.7515,393.39072,472.41846,818255.9,48831
2013-12-16 17:40:00+01:00,2553.3018,2663.5967,2941.6685,420.64954,499.99786,819785.7,50066
2013-12-16 17:50:00+01:00,2696.6912,2480.97,2747.2112,420.94763,511.67972,814148.44,48995
2013-12-16 18:00:00+01:00,2386.3591,2258.5442,2658.7869,408.4403,520.344,818890.44,49037
2013-12-16 18:10:00+01:00,2363.5815,2365.5015,2650.0586,403.1662,521.48615,809456.4,49542
2013-12-16 18:20:00+01:00,2429.0903,2013.1089,2317.725,375.30722,570.7011,797573.75,48703
2013-12-16 18:30:00+01:00,2416.3308,2151.991,2560.4683,387.69104,571.6878,824614.56,50944
2013-12-16 18:40:00+01:00,2332.4736,2143.1855,2174.4463,317.02573,558.2686,807953.6,50779
2013-12-16 18:50:00+01:00,2197.7908,2088.3984,2060.1047,313.99634,521.9968,793134.8,48092
2013-12-16 19:00:00+01:00,2127.2327,1917.8799,2025.3452,308.89267,522.4751,786516.9,46908
2013-12-16 19:10:00+01:00,2131.437,1961.1853,1840.871,315.10934,597.31586,773843.9,45803
2013-12-16 19:20:00+01:00,1931.2819,1886.3074,1864.1748,294.73712,563.3136,758674.75,45639
2013-12-16 19:30:00+01:00,1857.6206,1575.9323,1815.9197,305.56464,593.2625,749167.94,46313
2013-12-16 19:40:00+01:00,1720.8193,1596.141,1556.177,288.98038,541.2987,737714.7,46718
2013-12-16 19:50:00+01:00,1719.8895,1528.1526,1483.828,296.96274,567.298,731224.3,43338
2013-12-16 20:00:00+01:00,1494.5803,1413.2109,1350.4186,278.65973,563.3828,721372.4,42438
2013-12-16 20:10:00+01:00,1387.2498,1425.4016,1286.6216,277.9689,523.1998,710195.25,41881
2013-12-16 20:20:00+01:00,1310.2693,1304.2977,1215.8221,308.86118,582.3668,700607.7,41701
2013-12-16 20:30:00+01:00,1161.1025,1109.7107,1162.7462,276.30023,569.6862,694630.94,40759
2013-12-16 20:40:00+01:00,1097.7891,1243.8564,1167.4231,276.2105,608.3081,700336.7,40616
2013-12-16 20:50:00+01:00,1052.0192,1135.4084,962.3014,229.19164,597.36523,693656.06,39549
2013-12-16 21:00:00+01:00,966.3625,1075.4208,951.89545,232.1699,570.0763,692142.2,37756
2013-12-16 21:10:00+01:00,789.50476,1103.3552,927.24634,235.38577,593.5654,690228.8,37515
2013-12-16 21:20:00+01:00,889.26215,1062.0172,875.95105,230.05829,610.3119,679805.3,36437
2013-12-16 21:30:00+01:00,790.8689,1051.4791,853.0675,206.91139,609.5723,670327.5,36178
2013-12-16 21:40:00+01:00,795.4714,827.939,817.6552,206.59273,557.41486,671101.9,35923
2013-12-16 21:50:00+01:00,769.1047,939.1461,764.6574,223.82169,610.18555,665864.44,33849
2013-12-16 22:00:00+01:00,695.05756,864.9957,819.1555,201.09526,598.42993,658192.1,35255
2013-12-16 22:10:00+01:00,614.00037,945.5177,746.0707,212.58429,584.561,646758.2,33202
2013-12-16 22:20:00+01:00,642.0887,929.39575,672.63776,212.10052,584.96606,639815.9,31313
2013-12-16 22:30:00+01:00,682.7367,795.038,686.4749,210.73923,585.66797,629684.75,31076
2013-12-16 22:40:00+01:00,582.5713,731.85895,691.5769,244.16907,561.8521,625830.9,32757
2013-12-16 22:50:00+01:00,860.383,685.2888,721.8354,243.39943,548.7749,606455.7,30385
2013-12-16 23:00:00+01:00,633.47144,619.82666,670.4379,246.40631,534.24396,598811.7,30170
2013-12-16 23:10:00+01:00,543.3788,686.6954,651.57837,237.02393,543.878,593490.44,29232
2013-12-16 23:20:00+01:00,597.4092,627.1446,609.9294,220.99301,568.48425,575483.3,27370
2013-12-16 23:30:00+01:00,610.54474,526.67584,588.9925,216.98189,523.1793,563568.8,27032
2013-12-16 23:40:00+01:00,333.73605,549.4768,525.4099,236.98285,522.9106,546755.5,26348
2013-12-16 23:50:00+01:00,394.0917,507.38956,516.77344,226.60034,486.06656,533153.44,26061
2013-12-17 00:00:00+01:00,417.16583,502.82867,467.06073,239.58147,522.3952,517540.34,24775
2013-12-17 00:10:00+01:00,311.19092,557.64825,495.03104,228.4571,472.94388,494436.94,23949
2013-12-17 00:20:00+01:00,445.86246,453.33533,440.19058,168.88826,433.27838,503688.94,23276
2013-12-17 00:30:00+01:00,342.1666,434.28394,458.8445,190.67134,414.8725,485508.62,22770
2013-12-17 00:40:00+01:00,318.08643,643.6172,489.79425,219.23782,717.7689,491448.28,20816
2013-12-17 00:50:00+01:00,304.5793,377.2396,408.49872,156.49174,348.8606,431822.16,21030
2013-12-17 01:00:00+01:00,302.76498,420.13507,388.28894,155.9597,389.36475,418184.62,20297
2013-12-17 01:10:00+01:00,232.73166,382.49466,415.64603,133.73154,387.90558,445596.12,18925
2013-12-17 01:20:00+01:00,268.7748,372.3956,387.5084,137.64418,328.99664,430205.94,19092
2013-12-17 01:30:00+01:00,226.48288,354.82898,314.92847,137.20998,378.03738,381087.7,17927
2013-12-17 01:40:00+01:00,187.17807,326.95477,360.4596,123.49018,383.9395,382186.25,15991
2013-12-17 01:50:00+01:00,223.17186,285.24146,302.23495,131.68423,302.4299,369196.22,17036
2013-12-17 02:00:00+01:00,234.36075,307.27518,288.7284,138.14441,326.24924,355225.84,17664
2013-12-17 02:10:00+01:00,216.70508,322.3455,350.71536,123.52815,306.42953,364614.2,16271
2013-12-17 02:20:00+01:00,229.82294,270.39795,315.43918,130.28345,282.3688,348937.75,16215
2013-12-17 02:30:00+01:00,209.51703,287.36633,325.187,119.14604,300.8596,335160.56,16213
2013-12-17 02:40:00+01:00,183.1384,300.23834,376.63162,114.42013,277.71948,344614.4,15200
2013-12-17 02:50:00+01:00,202.82635,249.70934,344.88116,116.866035,254.7438,332768.8,15715
2013-12-17 03:00:00+01:00,204.51138,278.10532,306.31808,118.64425,255.46208,323521.34,16170
2013-12-17 03:10:00+01:00,173.6049,289.59515,379.13046,109.441,253.6663,326278.84,15684
2013-12-17 03:20:00+01:00,195.62657,263.2437,325.17874,118.72982,255.35654,320189.4,14656
2013-12-17 03:30:00+01:00,199.54,275.8497,319.2871,120.04741,244.61713,315821.16,15073
2013-12-17 03:40:00+01:00,188.96452,302.6184,333.00015,104.31598,237.75041,316272.47,15789
2013-12-17 03:50:00+01:00,206.67401,267.39505,284.91956,114.99262,244.94366,312850.72,16455
2013-12-17 04:00:00+01:00,213.5412,294.62833,282.09207,112.13494,231.99747,305705.03,15798
2013-12-17 04:10:00+01:00,164.3832,295.62775,316.85693,103.61794,261.14258,307324.5,16508
2013-12-17 04:20:00+01:00,205.71875,270.77686,279.53867,113.72734,235.80942,304777.75,16465
2013-12-17 04:30:00+01:00,189.8338,253.19948,316.08957,114.4346,219.08238,299605.03,17586
2013-12-17 04:40:00+01:00,165.30069,297.35254,313.36972,94.69604,231.4994,302458.28,17545
2013-12-17 04:50:00+01:00,211.25015,271.64038,296.68118,115.9539,219.53046,302534.66,17748
2013-12-17 05:00:00+01:00,207.73288,261.4262,290.39072,116.544174,199.80606,296965.5,17992
2013-12-17 05:10:00+01:00,186.83727,315.23523,339.114,108.12323,216.82399,302693.97,17675
2013-12-17 05:20:00+01:00,212.57007,340.9571,308.09247,115.06267,212.64561,304681.6,18090
2013-12-17 05:30:00+01:00,199.12,281.91028,294.46112,123.88898,212.40846,304480.84,18988
2013-12-17 05:40:00+01:00,189.68364,331.3453,315.0319,96.060135,221.01245,313011.4,20492
2013-12-17 05:50:00+01:00,206.41656,279.85925,331.99133,120.41797,203.81436,319160.28,22039
2013-12-17 06:00:00+01:00,199.14429,283.4594,317.041,119.85828,228.87701,320733.84,22413
2013-12-17 06:10:00+01:00,175.57236,337.38727,330.7334,104.71881,232.6564,336219.84,23899
2013-12-17 06:20:00+01:00,211.8952,331.45905,338.5261,127.760216,231.07903,348698.4,24429
2013-12-17 06:30:00+01:00,229.97296,294.91028,311.98495,139.63739,226.9926,356974.34,27156
2013-12-17 06:40:00+01:00,222.11827,379.76587,377.2446,119.38127,259.89105,379801.06,25569
2013-12-17 06:50:00+01:00,266.95532,342.52344,364.60797,144.73672,246.77614,401776.2,29039
2013-12-17 07:00:00+01:00,266.6577,393.1728,463.99982,141.27316,220.68587,428287.28,29761
2013-12-17 07:10:00+01:00,264.9794,446.57346,515.5596,130.69727,256.28168,463549.1,31345
2013-12-17 07:20:00+01:00,299.7556,479.6781,516.2354,148.95131,280.22635,497291.7,34369
2013-12-17 07:30:00+01:00,341.219,454.89655,538.05585,171.60497,302.3714,529153.0,37237
2013-12-17 07:40:00+01:00,302.00635,550.1103,723.5852,164.05412,342.56287,564489.4,38386
2013-12-17 07:50:00+01:00,336.06754,753.2259,763.5819,198.37105,338.2693,586738.9,38145
2013-12-17 08:00:00+01:00,375.1931,753.5956,728.24445,221.76863,356.95328,612424.0,41370
2013-12-17 08:10:00+01:00,397.58102,825.61786,929.1893,206.4759,390.7684,641387.44,41366
2013-12-17 08:20:00+01:00,489.18375,969.22736,1197.8625,228.61266,385.623,660718.44,44073
2013-12-17 08:30:00+01:00,534.2422,1102.4698,1237.7401,261.49335,380.66586,676890.9,45175
2013-12-17 08:40:00+01:00,660.0387,1151.8214,1657.8984,285.2048,441.48685,699001.2,44967
2013-12-17 08:50:00+01:00,617.42114,1323.192,1860.2917,308.25397,388.91736,705801.44,47964
2013-12-17 09:00:00+01:00,824.7165,1353.7094,2083.8604,325.068,409.063,722926.8,47640
2013-12-17 09:10:00+01:00,862.9117,1526.8392,2054.5942,325.6025,459.9171,729523.5,46633
2013-12-17 09:20:00+01:00,903.38446,1520.4929,2340.449,355.31122,405.03427,734930.44,48498
2013-12-17 09:30:00+01:00,993.2106,1443.8579,2494.3694,386.1937,426.21097,741335.75,50061
2013-12-17 09:40:00+01:00,1057.9623,1733.7273,2697.0933,407.8947,450.70822,744133.6,53014
2013-12-17 09:50:00+01:00,1036.0688,1723.3817,2653.805,428.8521,398.68167,749777.9,50308
2013-12-17 10:00:00+01:00,1217.5114,1592.9745,2913.4268,421.71506,391.38388,758959.5,51288
2013-12-17 10:10:00+01:00,1188.2633,1676.853,2943.0493,392.97574,435.1797,757205.8,52058
2013-12-17 10:20:00+01:00,1214.9235,2029.1399,2912.6917,429.51532,381.94232,760459.9,51518
2013-12-17 10:30:00+01:00,1532.3738,1878.1979,2882.792,415.3208,383.42688,765600.8,52859
2013-12-17 10:40:00+01:00,1466.2655,2047.5851,2897.9875,438.95126,429.32523,773294.0,50686
2013-12-17 10:50:00+01:00,1664.7877,2180.45,3178.6436,418.4734,409.285,778613.8,54496
2013-12-17 11:00:00+01:00,1818.2194,2260.443,2957.539,433.93454,418.80835,779649.6,51826
2013-12-17 11:10:00+01:00,1694.5822,2108.2441,3091.1826,396.80814,449.41232,779945.0,52631
2013-12-17 11:20:00+01:00,1874.4421,2238.8875,2935.6855,429.26703,463.37384,781996.06,52647
2013-12-17 11:30:00+01:00,2035.2654,2177.5771,3038.8823,416.04532,521.86646,780003.7,52076
2013-12-17 11:40:00+01:00,2138.9646,2299.401,3033.9995,422.714,449.18625,781920.56,54334
2013-12-17 11:50:00+01:00,2250.6,2414.3123,3046.005,432.34488,440.60837,786260.56,51017
2013-12-17 12:00:00+01:00,2388.473,2392.4524,3170.3352,433.13824,485.67664,790903.0,52577
2013-12-17 12:10:00+01:00,2460.7341,2683.2268,3287.0544,427.58282,455.74393,798865.75,54299
2013-12-17 12:20:00+01:00,2415.1038,2642.9966,3273.398,454.12723,430.71262,798253.7,52350
2013-12-17 12:30:00+01:00,2763.0684,2447.843,3428.1892,456.66562,468.66202,807085.3,53044
2013-12-17 12:40:00+01:00,2744.7373,2542.8638,3300.2437,489.98682,464.1962,811993.94,51654
2013-12-17 12:50:00+01:00,2774.4429,2836.1824,3524.26,480.5308,449.53705,813247.9,52793
2013-12-17 13:00:00+01:00,3062.458,2705.4675,3532.3972,513.75653,515.05743,822461.2,52725
2013-12-17 13:10:00+01:00,3291.7275,2972.2612,3420.4387,462.39468,525.5153,825863.7,53544
2013-12-17 13:20:00+01:00,3444.1062,3007.2957,3283.0588,466.7787,505.71536,824835.06,49283
2013-12-17 13:30:00+01:00,3373.3855,3013.3506,3427.2715,448.93964,455.9456,834002.2,49690
2013-12-17 13:40:00+01:00,3342.427,3133.456,3333.6228,454.90283,481.3141,841912.4,50871
2013-12-17 13:50:00+01:00,3505.4326,2863.8772,3423.7214,490.79303,494.04004,839981.06,50210
2013-12-17 14:00:00+01:00,3803.9377,3008.3774,3479.524,474.01227,494.52426,842660.2,48896
2013-12-17 14:10:00+01:00,3543.5134,2890.1206,3253.9463,439.1712,540.74316,829338.6,49892
2013-12-17 14:20:00+01:00,3208.6392,2734.4712,3157.2212,423.7723,496.9748,819018.94,49127
2013-12-17 14:30:00+01:00,3234.5732,2544.7542,3336.7227,448.14185,558.8017,818333.25,52124
2013-12-17 14:40:00+01:00,3110.6792,2736.8467,3390.992,404.76093,502.43127,817604.0,50152
2013-12-17 14:50:00+01:00,3139.6963,2691.2998,3404.924,441.88425,525.1643,814939.56,51002
2013-12-17 15:00:00+01:00,2945.2466,2396.328,3288.246,452.8303,486.81454,814325.4,49939
2013-12-17 15:10:00+01:00,2766.0857,2737.6082,3316.8,437.8116,474.47894,811576.44,51447
2013-12-17 15:20:00+01:00,3100.932,2477.2888,3067.6777,445.70288,503.03394,803902.9,53607
2013-12-17 15:30:00+01:00,3517.678,2892.69,3504.3923,475.47665,563.81305,904956.56,49319
2013-12-17 15:40:00+01:00,3524.895,2803.812,3546.8486,494.75946,651.6602,906385.0,50586
2013-12-17 15:50:00+01:00,3358.1033,2902.2222,3474.9421,483.5625,613.946,903194.94,52052
2013-12-17 16:00:00+01:00,3876.9597,2747.3257,3474.5676,485.9706,630.86,905879.3,50444
2013-12-17 16:10:00+01:00,3759.038,3124.105,3764.53,480.83713,574.4088,915459.44,51956
2013-12-17 16:20:00+01:00,3837.1494,3048.2637,3574.8708,465.7165,584.81525,910102.5,50409
2013-12-17 16:30:00+01:00,3774.914,3095.5195,3395.2378,458.52884,577.21936,900398.44,50698
2013-12-17 16:40:00+01:00,3495.1526,3181.4685,3378.8628,438.66022,601.499,905512.2,53456
2013-12-17 16:50:00+01:00,3764.5989,2941.134,3221.6948,462.77255,575.2767,900338.5,51330
2013-12-17 17:00:00+01:00,3746.0464,2902.808,3290.868,477.7027,614.25165,890589.1,51162
2013-12-17 17:10:00+01:00,3641.88,2714.8738,3329.6926,389.14786,614.5733,897336.06,54152
2013-12-17 17:20:00+01:00,3795.984,3030.4998,3222.8572,437.53378,529.8783,903988.94,49700
2013-12-17 17:30:00+01:00,3566.969,2599.4233,3108.7495,432.2405,542.17346,858756.5,51403
2013-12-17 17:40:00+01:00,3228.2769,2843.5127,2915.6516,435.55865,514.0098,847568.9,51311
2013-12-17 17:50:00+01:00,3273.0974,2552.371,2874.3008,420.52112,506.91223,836335.7,50660
2013-12-17 18:00:00+01:00,3197.3652,2385.382,2772.029,409.90198,579.6078,831203.4,50497
2013-12-17 18:10:00+01:00,3225.8513,2270.155,2927.0054,360.38022,540.1199,818700.4,49563
2013-12-17 18:20:00+01:00,2850.039,2145.7808,2516.4592,352.48706,569.33344,800993.94,50632
2013-12-17 18:30:00+01:00,3065.798,2272.6868,2449.7654,317.18256,519.82886,808273.3,49108
2013-12-17 18:40:00+01:00,2853.2896,2324.882,2397.9624,306.57928,542.22327,794964.8,49558
2013-12-17 18:50:00+01:00,2902.8008,2225.732,2353.126,322.4235,597.5595,790770.25,48749
2013-12-17 19:00:00+01:00,2814.6863,2236.8972,2134.7422,280.19443,648.3134,789117.75,48627
2013-12-17 19:10:00+01:00,2951.324,2005.5433,2112.6353,294.9771,607.6534,760649.5,49192
2013-12-17 19:20:00+01:00,2730.4817,1953.8909,1947.939,301.37402,657.331,752358.56,47206
2013-12-17 19:30:00+01:00,2447.7034,1802.5775,1829.2688,287.97885,672.6922,741584.44,47343
2013-12-17 19:40:00+01:00,2416.3674,1852.4194,1907.5634,270.97928,682.4805,730891.5,47297
2013-12-17 19:50:00+01:00,2257.1748,1696.9373,1698.4342,279.32605,621.9196,727019.6,44481
2013-12-17 20:00:00+01:00,2049.7354,1606.5923,1633.7745,260.42334,694.68915,710126.4,43896
2013-12-17 20:10:00+01:00,1769.0593,1590.6038,1544.1361,264.5837,706.7257,706524.7,42955
2013-12-17 20:20:00+01:00,1671.0309,1446.0183,1431.9977,269.45193,778.58997,705637.5,43475
2013-12-17 20:30:00+01:00,1472.355,1323.7643,1385.2743,280.7402,856.9404,702174.4,43900
2013-12-17 20:40:00+01:00,1444.2585,1351.181,1527.569,261.14084,726.24756,702838.4,40358
2013-12-17 20:50:00+01:00,1219.8506,1179.2695,1436.9327,241.71455,784.61395,699617.4,38414
2013-12-17 21:00:00+01:00,1171.9623,1079.5662,1300.8354,250.11562,757.8935,686266.06,37987
2013-12-17 21:10:00+01:00,1066.5071,1028.0624,1182.8038,236.56322,802.35834,680797.2,39437
2013-12-17 21:20:00+01:00,1065.6753,1090.8693,1130.9697,234.75609,796.12354,667491.4,36825
2013-12-17 21:30:00+01:00,1107.44,956.15717,1155.9694,267.14096,773.6261,664920.0,38394
2013-12-17 21:40:00+01:00,1170.1951,862.8589,1180.3082,229.441,734.6227,656796.8,34904
2013-12-17 21:50:00+01:00,881.85944,919.1082,978.6412,244.10657,709.88214,652518.8,34803
2013-12-17 22:00:00+01:00,747.4791,801.89136,988.71124,264.8032,746.9248,650955.3,34690
2013-12-17 22:10:00+01:00,636.772,840.02545,1085.068,245.85448,771.5536,638897.75,34980
2013-12-17 22:20:00+01:00,549.43256,779.9643,1033.1768,221.58432,672.3411,632423.06,35099
2013-12-17 22:30:00+01:00,636.7148,783.5628,944.34955,256.73074,697.9675,626832.6,32688
2013-12-17 22:40:00+01:00,583.74817,769.1843,942.01935,233.24666,741.79156,614309.2,31125
2013-12-17 22:50:00+01:00,538.8654,724.57544,967.8114,235.11357,735.29376,610004.44,30713
2013-12-17 23:00:00+01:00,543.9615,680.99176,1005.8289,228.99998,698.66235,592934.6,30104
2013-12-17 23:10:00+01:00,439.51578,609.1263,907.1661,206.64314,733.19806,586761.5,29840
2013-12-17 23:20:00+01:00,424.59024,687.94366,756.8508,207.96106,753.3095,575639.1,28534
2013-12-17 23:30:00+01:00,452.19907,579.22,723.3758,216.914,675.33093,561420.9,28210
2013-12-17 23:40:00+01:00,361.02264,560.5221,765.8622,213.35614,601.7657,546501.06,25763
2013-12-17 23:50:00+01:00,371.86603,585.93774,716.9842,296.56644,615.0544,536308.7,25094
2013-12-18 00:00:00+01:00,434.7364,543.7737,661.3385,255.416,611.1582,524031.06,26449
2013-12-18 00:10:00+01:00,406.5353,489.5595,632.7722,244.91052,562.43494,504382.78,24373
2013-12-18 00:20:00+01:00,314.7144,539.0693,580.1305,210.92163,475.73096,488414.5,22603
2013-12-18 00:30:00+01:00,311.52432,504.443,556.2925,174.07977,521.03174,478302.0,23980
2013-12-18 00:40:00+01:00,268.645,474.9078,602.6932,147.37122,478.24054,455312.06,20359
2013-12-18 00:50:00+01:00,269.08865,456.41156,549.747,163.0528,456.80215,446077.4,21387
2013-12-18 01:00:00+01:00,303.09613,410.78296,485.12848,151.51225,403.4241,431398.75,19877
2013-12-18 01:10:00+01:00,274.72974,379.65802,531.8049,157.9495,413.68646,415116.9,19819
2013-12-18 01:20:00+01:00,234.28204,401.63037,523.7163,164.73448,354.89767,407150.34,18366
2013-12-18 01:30:00+01:00,258.46707,409.86038,457.69116,128.66087,342.27673,391424.22,17879
2013-12-18 01:40:00+01:00,235.9508,410.02414,520.6367,139.55177,330.21017,382665.66,18082
2013-12-18 01:50:00+01:00,214.01556,413.1298,493.67102,140.89879,307.2729,379602.03,16595
2013-12-18 02:00:00+01:00,244.06613,381.0714,406.3178,119.64159,301.65018,371891.22,17285
2013-12-18 02:10:00+01:00,221.39583,370.31766,450.19852,121.44958,292.63828,371145.56,16324
2013-12-18 02:20:00+01:00,390.53134,391.41586,436.3538,129.21811,280.157,354552.75,16063
2013-12-18 02:30:00+01:00,385.1137,339.14832,380.04153,120.26048,267.4665,350319.0,17320
2013-12-18 02:40:00+01:00,443.73373,343.98822,439.22012,133.38364,260.8553,341986.78,16271
2013-12-18 02:50:00+01:00,424.52182,354.6266,414.0453,124.71863,240.2893,336168.28,15330
2013-12-18 03:00:00+01:00,514.8599,349.94174,377.93063,114.667,260.98376,329335.38,15722
2013-12-18 03:10:00+01:00,243.27391,357.09317,423.2731,116.15415,241.954,325901.56,15706
2013-12-18 03:20:00+01:00,216.10474,353.47437,431.6105,130.46722,239.97505,318179.5,15355
2013-12-18 03:30:00+01:00,226.1257,323.44745,381.568,116.77063,237.31496,317851.84,15713
2013-12-18 03:40:00+01:00,232.07373,330.19568,433.5383,128.0105,247.64273,318514.8,15119
2013-12-18 03:50:00+01:00,208.05132,333.8312,402.70056,127.17906,219.39919,305992.2,15515
2013-12-18 04:00:00+01:00,225.40233,349.34024,372.7359,125.3396,258.74133,312637.66,16359
2013-12-18 04:10:00+01:00,227.49486,332.18362,415.75565,123.32427,217.83739,302387.7,15864
2013-12-18 04:20:00+01:00,215.54005,342.7267,406.3473,122.2453,233.26752,298193.5,15268
2013-12-18 04:30:00+01:00,227.6982,374.74506,371.60526,125.040085,234.93834,303278.5,16373
2013-12-18 04:40:00+01:00,220.47952,368.85327,420.7162,129.11404,206.07233,299369.8,17757
2013-12-18 04:50:00+01:00,219.93323,359.95996,392.8665,121.68601,215.07286,296543.7,17178
2013-12-18 05:00:00+01:00,234.73874,320.06473,370.8636,129.6081,204.97272,304354.97,17837
2013-12-18 05:10:00+01:00,256.21884,361.5439,419.274,124.357346,213.79724,302432.88,17190
2013-12-18 05:20:00+01:00,246.57613,344.93466,399.49872,125.74806,201.24495,304294.06,18200
2013-12-18 05:30:00+01:00,248.08905,401.58304,368.65482,138.97485,217.4764,311158.66,18872
2013-12-18 05:40:00+01:00,257.0533,397.4719,424.9937,122.60864,206.12398,312129.1,20107
2013-12-18 05:50:00+01:00,243.37932,396.86322,428.42404,123.93644,201.40819,315442.8,20919
2013-12-18 06:00:00+01:00,263.1779,346.3754,389.51395,133.1699,226.19368,325119.75,21767
2013-12-18 06:10:00+01:00,227.68663,356.57953,434.3549,123.553085,231.6018,334354.0,23756
2013-12-18 06:20:00+01:00,237.63649,357.7288,427.3218,123.87955,203.22812,341320.72,25496
2013-12-18 06:30:00+01:00,320.8879,379.6343,394.56573,131.8597,251.87993,358897.94,27233
2013-12-18 06:40:00+01:00,246.09839,361.912,496.37943,132.6094,216.60115,375791.16,26787
2013-12-18 06:50:00+01:00,260.01495,413.22113,473.81973,145.48972,223.5457,396329.0,28624
2013-12-18 07:00:00+01:00,350.64963,403.95444,486.70123,140.86284,266.7047,430687.0,31073
2013-12-18 07:10:00+01:00,396.91446,471.12317,599.9542,157.57309,240.15982,459656.12,32519
2013-12-18 07:20:00+01:00,404.74667,481.8742,525.7067,159.35533,260.11023,484053.28,34095
2013-12-18 07:30:00+01:00,444.64056,486.94028,586.37915,188.90623,351.57886,527662.6,36372
2013-12-18 07:40:00+01:00,383.8241,624.4269,784.0884,211.21736,359.32568,566462.94,39171
2013-12-18 07:50:00+01:00,396.3336,638.6378,714.16705,217.77982,390.95447,584676.5,39927
2013-12-18 08:00:00+01:00,413.65237,813.0423,779.42487,219.91827,344.85855,617895.8,42646
2013-12-18 08:10:00+01:00,642.78076,815.51215,981.38135,245.46777,385.59512,641331.94,43311
2013-12-18 08:20:00+01:00,541.2099,925.6145,1149.291,264.30716,406.36508,658196.4,43810
2013-12-18 08:30:00+01:00,618.90344,986.8481,1348.9604,285.29703,429.38452,676342.44,44040
2013-12-18 08:40:00+01:00,646.4804,1024.8683,1568.053,306.20645,422.72934,700752.3,45639
2013-12-18 08:50:00+01:00,736.52924,1120.7278,1768.0126,320.85147,437.61343,703599.06,46337
2013-12-18 09:00:00+01:00,844.3093,1329.3274,2023.6375,343.3272,447.97495,725713.8,48257
2013-12-18 09:10:00+01:00,899.5496,1298.2369,2272.9028,366.6509,375.1729,732320.6,47172
2013-12-18 09:20:00+01:00,958.5369,1384.4584,2444.1504,368.5966,416.18372,724004.25,49482
2013-12-18 09:30:00+01:00,1156.9509,1469.436,2440.6448,405.16156,449.79,744167.94,49874
2013-12-18 09:40:00+01:00,1070.9885,1578.1361,2575.3638,397.11957,450.28943,741920.8,48510
2013-12-18 09:50:00+01:00,1130.0844,1854.771,2680.1409,364.34787,451.9896,745890.75,50581
2013-12-18 10:00:00+01:00,1296.178,1918.0593,2715.6216,453.0065,415.06323,756992.94,51320
2013-12-18 10:10:00+01:00,1440.553,1979.1547,2921.397,440.78848,471.61313,761250.56,51203
2013-12-18 10:20:00+01:00,1529.78,1986.4985,2777.683,400.68402,475.04697,752156.5,51281
2013-12-18 10:30:00+01:00,1691.0553,2171.3086,2773.9456,395.1529,438.11908,767077.44,51031
2013-12-18 10:40:00+01:00,1911.0961,2056.8528,2989.9443,390.37625,452.35614,762980.56,49639
2013-12-18 10:50:00+01:00,1785.5616,2273.6548,2846.941,403.72412,447.59967,766397.2,52215
2013-12-18 11:00:00+01:00,2071.8499,2399.3738,2811.0322,436.17606,432.17352,774181.9,51315
2013-12-18 11:10:00+01:00,2104.384,2414.5996,3279.4287,396.53345,473.3686,785980.8,51261
2013-12-18 11:20:00+01:00,2088.583,2517.3286,3163.4817,451.5255,480.77713,781772.0,52660
2013-12-18 11:30:00+01:00,2219.114,2686.7637,3015.9001,438.36414,429.6059,786591.1,51495
2013-12-18 11:40:00+01:00,2249.7117,2631.356,3284.274,447.4501,490.2913,786516.2,52817
2013-12-18 11:50:00+01:00,2448.1501,2698.8047,3299.7688,449.22833,475.74796,784142.75,51453
2013-12-18 12:00:00+01:00,2599.8909,2644.4453,2981.0393,452.0265,512.29175,798235.6,52727
2013-12-18 12:10:00+01:00,2445.932,2527.1482,3214.531,466.42606,480.2431,796297.5,53580
2013-12-18 12:20:00+01:00,2537.695,2794.0598,3171.6145,423.4583,453.38184,792110.7,53616
2013-12-18 12:30:00+01:00,2588.794,2793.752,3339.469,492.1612,417.35492,808799.1,53160
2013-12-18 12:40:00+01:00,2524.9182,2745.2158,3410.1052,515.108,485.62238,813882.1,52900
2013-12-18 12:50:00+01:00,2801.2405,2864.4187,3605.2388,487.59076,447.50092,811082.75,50817
2013-12-18 13:00:00+01:00,2847.3315,3068.5159,3426.0024,499.7159,509.58923,829727.3,51347
2013-12-18 13:10:00+01:00,3144.238,3000.1797,3416.0273,443.83502,497.13226,820555.0,52103
2013-12-18 13:20:00+01:00,3527.2244,3004.658,3399.9404,432.8919,496.73465,826875.94,50972
2013-12-18 13:30:00+01:00,3725.421,3191.4482,3227.8003,419.65445,495.92697,838207.5,50769
2013-12-18 13:40:00+01:00,3822.5183,3207.1084,3338.3108,443.54874,526.5099,828993.56,48446
2013-12-18 13:50:00+01:00,3866.7158,3051.9417,3355.9119,462.73468,486.76266,829766.1,48883
2013-12-18 14:00:00+01:00,3877.37,3178.2043,3166.157,418.5488,516.83844,839854.44,50751
2013-12-18 14:10:00+01:00,3581.297,3111.8794,3369.87,409.08893,494.90015,837482.56,49167
2013-12-18 14:20:00+01:00,3756.3364,2973.613,3113.4395,414.0399,510.1653,822539.56,50060
2013-12-18 14:30:00+01:00,3436.1638,3023.979,3275.354,479.83707,531.8372,822416.44,50994
2013-12-18 14:40:00+01:00,3591.0415,2870.2234,3055.2415,491.05045,503.3103,819762.94,49844
2013-12-18 14:50:00+01:00,3316.7222,2810.9236,2968.3508,508.74268,459.23642,809753.6,50323
2013-12-18 15:00:00+01:00,3167.509,2524.7148,2976.4426,483.4487,497.2767,816865.4,52092
2013-12-18 15:10:00+01:00,3138.9187,2665.3462,2978.9148,424.30804,542.54193,815466.2,53430
2013-12-18 15:20:00+01:00,3047.273,2788.0576,2843.1064,416.8191,434.00305,804538.25,51591
2013-12-18 15:30:00+01:00,3150.5264,2690.2424,2873.2676,430.67764,491.40442,813795.9,51629
2013-12-18 15:40:00+01:00,2938.9463,2476.0342,3034.583,403.4078,532.70483,808236.44,50956
2013-12-18 15:50:00+01:00,3039.3792,2679.1196,2952.284,437.58994,473.79333,809184.5,51253
2013-12-18 16:00:00+01:00,3118.2083,2502.6748,2992.3245,436.36707,482.9633,817530.1,52020
2013-12-18 16:10:00+01:00,3213.4922,2525.0535,3030.435,425.0375,465.23322,820803.94,51804
2013-12-18 16:20:00+01:00,3012.9036,2681.9224,2983.1575,412.0742,458.56827,815317.3,50671
2013-12-18 16:30:00+01:00,2953.8872,2889.628,2836.9736,434.4275,521.3161,819587.0,51162
2013-12-18 16:40:00+01:00,2920.7847,2542.5159,2978.4666,389.53516,495.14966,813793.3,52077
2013-12-18 16:50:00+01:00,2932.362,2753.3704,3022.2869,398.36325,604.399,816865.9,49378
2013-12-18 17:00:00+01:00,3075.2097,2676.247,2991.5867,399.61963,524.9424,821860.6,51878
2013-12-18 17:10:00+01:00,3023.2146,2600.9219,2801.4204,398.1594,590.0273,817846.44,50884
2013-12-18 17:20:00+01:00,2955.8096,2616.2776,2843.474,372.0125,544.04456,815184.94,51206
2013-12-18 17:30:00+01:00,2909.414,2503.0154,2739.0618,399.04724,558.84247,826101.9,50574
2013-12-18 17:40:00+01:00,2701.2969,2491.4087,2828.4387,412.7759,577.99567,820674.3,51153
2013-12-18 17:50:00+01:00,2824.2446,2464.9944,2639.4653,400.04248,635.3293,817374.7,51157
2013-12-18 18:00:00+01:00,2610.1594,2273.415,2697.9636,388.85596,690.9079,823003.3,53842
2013-12-18 18:10:00+01:00,2438.9465,2249.7034,2509.298,345.4894,592.6084,812366.0,49778
2013-12-18 18:20:00+01:00,2638.442,2227.0054,2373.9258,358.2827,578.6259,797475.06,49125
2013-12-18 18:30:00+01:00,2572.8604,2196.0857,2274.869,338.05554,624.7505,808507.3,49399
2013-12-18 18:40:00+01:00,2564.827,1929.9333,2122.945,303.06726,612.87427,798011.8,50303
2013-12-18 18:50:00+01:00,2356.0195,1906.7806,2104.6555,323.8831,629.817,788235.3,48815
2013-12-18 19:00:00+01:00,2361.8774,1933.2943,1954.2174,335.7768,615.9169,793182.25,50122
2013-12-18 19:10:00+01:00,2249.49,1699.993,1900.604,289.76953,625.19196,777526.44,48716
2013-12-18 19:20:00+01:00,2056.9507,1720.3448,1830.8048,316.3364,685.12,758641.2,49599
2013-12-18 19:30:00+01:00,2078.2659,1700.0227,1645.0162,320.68015,711.75854,762765.8,47518
2013-12-18 19:40:00+01:00,2282.8704,1523.4856,1657.5729,272.3468,670.03546,749491.0,45219
2013-12-18 19:50:00+01:00,2069.832,1568.3333,1499.5961,274.22037,662.9191,730369.8,44345
2013-12-18 20:00:00+01:00,1856.3398,1453.8414,1415.3047,288.55472,689.2529,733011.1,44626
2013-12-18 20:10:00+01:00,1593.6848,1269.3866,1484.5228,249.67783,650.30414,719852.6,43180
2013-12-18 20:20:00+01:00,1380.7185,1161.6351,1344.5981,267.04333,724.94037,707190.44,42348
2013-12-18 20:30:00+01:00,1368.4242,1171.1189,1296.4247,282.11926,740.3118,711523.1,41233
2013-12-18 20:40:00+01:00,1136.7922,991.73987,1235.2767,249.44452,864.3065,699373.7,40880
2013-12-18 20:50:00+01:00,1057.0449,957.08075,1203.8081,267.8275,889.67664,686791.44,39162
2013-12-18 21:00:00+01:00,952.5083,985.3857,1060.9435,253.83536,865.9718,693239.2,39302
2013-12-18 21:10:00+01:00,885.5504,816.4783,1170.2113,233.38791,832.2454,686518.7,38158
2013-12-18 21:20:00+01:00,945.30396,850.4735,993.60364,212.91241,826.25275,669948.75,38170
2013-12-18 21:30:00+01:00,955.2644,817.6907,968.93866,232.85887,908.8113,668918.7,36561
2013-12-18 21:40:00+01:00,908.50287,688.85065,1047.5737,250.4268,907.10657,666699.5,35957
2013-12-18 21:50:00+01:00,948.1962,702.4695,1083.4265,219.11517,926.0199,659246.06,35490
2013-12-18 22:00:00+01:00,824.9544,753.86127,916.08826,255.69724,952.9997,655883.7,34290
2013-12-18 22:10:00+01:00,795.2902,676.85645,1061.1027,217.3196,865.1981,648406.8,34199
2013-12-18 22:20:00+01:00,611.88983,758.3573,863.02856,204.45326,819.5645,632914.56,32912
2013-12-18 22:30:00+01:00,578.9331,652.5494,815.0375,228.96458,836.2578,626638.5,33325
2013-12-18 22:40:00+01:00,579.75836,640.0536,800.18884,190.17178,828.0269,623845.8,32169
2013-12-18 22:50:00+01:00,505.07068,634.62427,839.25116,191.55013,826.96515,607766.5,31005
2013-12-18 23:00:00+01:00,457.731,604.5951,747.428,197.34534,795.3643,604726.75,31896
2013-12-18 23:10:00+01:00,554.7294,545.23456,753.55945,195.7871,769.98236,600110.5,29341
2013-12-18 23:20:00+01:00,463.84952,540.5254,731.6779,180.00418,825.0038,587855.5,27382
2013-12-18 23:30:00+01:00,405.31708,593.64,626.659,196.43991,779.45746,570596.7,28976
2013-12-18 23:40:00+01:00,362.2333,579.179,700.3663,190.74933,757.75775,560786.5,26479
2013-12-18 23:50:00+01:00,315.83978,502.68195,573.64374,194.92308,644.84717,543155.0,25352
2013-12-19 00:00:00+01:00,274.1597,536.72876,551.97705,201.87186,652.77167,536838.1,25571
2013-12-19 00:10:00+01:00,267.6126,487.20523,509.2812,211.59512,605.036,512506.5,25167
2013-12-19 00:20:00+01:00,269.4348,436.3902,505.89673,183.01277,589.05695,491168.6,24048
2013-12-19 00:30:00+01:00,251.59937,456.98666,428.34677,178.59364,588.61505,481395.97,24601
2013-12-19 00:40:00+01:00,241.11076,429.72488,451.18958,165.27507,471.3931,465525.16,22422
2013-12-19 00:50:00+01:00,217.61388,370.90134,433.8096,163.18436,505.78888,445054.03,21409
2013-12-19 01:00:00+01:00,203.93837,435.60614,382.50235,181.81667,453.76035,437847.38,21263
2013-12-19 01:10:00+01:00,204.19022,394.7007,425.52,165.33997,475.909,425922.38,20007
2013-12-19 01:20:00+01:00,169.83192,400.94308,422.1245,145.30888,378.76324,406719.4,18634
2013-12-19 01:30:00+01:00,162.9695,427.43805,365.89777,157.39503,384.67493,403430.47,18066
2013-12-19 01:40:00+01:00,188.53651,336.43256,390.98126,136.58754,332.8645,392432.72,18652
2013-12-19 01:50:00+01:00,145.82474,365.2895,364.15405,141.35976,338.1401,377627.38,17572
2013-12-19 02:00:00+01:00,147.1228,346.52133,346.4092,150.88872,318.74048,376287.06,17007
2013-12-19 02:10:00+01:00,160.85327,342.67114,363.6704,129.73221,308.44058,365964.1,16761
2013-12-19 02:20:00+01:00,167.06288,320.30676,336.38782,131.15851,300.55597,352524.72,17423
2013-12-19 02:30:00+01:00,144.11838,328.14258,334.36816,134.51103,270.9313,351235.7,16549
2013-12-19 02:40:00+01:00,168.72066,280.11807,341.22464,115.093346,275.24823,339263.56,16586
2013-12-19 02:50:00+01:00,163.0736,335.46817,362.49945,111.27065,274.1754,331651.97,16664
2013-12-19 03:00:00+01:00,140.6902,298.21442,318.2502,124.08969,276.37576,330529.38,15833
2013-12-19 03:10:00+01:00,169.9931,309.2171,352.77246,112.5405,264.55176,324236.16,15560
2013-12-19 03:20:00+01:00,146.30841,300.12256,335.25732,115.29367,261.54825,320570.9,16081
2013-12-19 03:30:00+01:00,139.73344,246.72475,325.40125,126.48834,240.89755,331374.9,16560
2013-12-19 03:40:00+01:00,157.5361,276.32565,332.80957,110.687126,268.1119,313454.75,16432
2013-12-19 03:50:00+01:00,149.2089,262.11307,322.70392,120.50854,257.81543,312618.0,15941
2013-12-19 04:00:00+01:00,137.03987,270.27988,294.57678,131.90503,332.97696,312689.28,17110
2013-12-19 04:10:00+01:00,161.42363,252.87465,348.22983,120.52263,326.5221,307971.78,15852
2013-12-19 04:20:00+01:00,149.15988,251.35564,315.64874,120.45009,238.47893,306642.8,16501
2013-12-19 04:30:00+01:00,137.69418,252.64908,298.32684,126.49913,223.33775,307947.2,17830
2013-12-19 04:40:00+01:00,167.33061,252.2801,366.72327,111.13631,229.53265,301000.3,17178
2013-12-19 04:50:00+01:00,163.06259,271.09418,309.5078,121.03852,229.25528,305181.1,16428
2013-12-19 05:00:00+01:00,148.12737,250.35619,294.11905,126.21571,231.11295,306050.7,18970
2013-12-19 05:10:00+01:00,192.28413,284.96732,335.91272,116.65266,247.02548,302372.38,18737
2013-12-19 05:20:00+01:00,164.71341,278.65344,328.00903,116.268234,249.4221,307125.62,18929
2013-12-19 05:30:00+01:00,144.27452,234.95042,307.71188,134.36256,216.96262,313394.38,20032
2013-12-19 05:40:00+01:00,199.8322,278.24277,398.04947,116.41182,238.05887,317805.34,19987
2013-12-19 05:50:00+01:00,156.3342,274.403,327.98383,124.47835,216.98206,317548.94,21777
2013-12-19 06:00:00+01:00,143.32224,246.9415,329.04965,139.99629,230.17105,329128.34,22555
2013-12-19 06:10:00+01:00,201.51146,316.2096,384.1742,126.18686,260.16977,342455.78,24061
2013-12-19 06:20:00+01:00,182.49237,317.4206,277.47937,127.668724,269.32407,350468.47,24568
2013-12-19 06:30:00+01:00,133.89032,308.83353,274.72568,141.92062,283.68015,366722.72,26904
2013-12-19 06:40:00+01:00,189.73953,312.58328,325.9572,135.36845,264.86063,380491.44,28050
2013-12-19 06:50:00+01:00,187.93494,378.32358,334.89874,137.3237,240.797,401617.3,27886
2013-12-19 07:00:00+01:00,209.46092,398.94138,386.31302,154.48257,305.1569,433751.94,32415
2013-12-19 07:10:00+01:00,197.42627,383.5255,424.3793,177.32286,315.90958,463300.38,33121
2013-12-19 07:20:00+01:00,212.63689,505.4137,477.29263,161.1314,324.02414,500624.8,33844
2013-12-19 07:30:00+01:00,216.06082,487.4411,715.128,199.71272,379.56686,536924.9,35967
2013-12-19 07:40:00+01:00,261.4317,513.9205,884.726,188.35149,384.2071,566947.4,37918
2013-12-19 07:50:00+01:00,296.271,644.89886,785.541,199.95493,430.36383,590947.7,39944
2013-12-19 08:00:00+01:00,342.76184,664.45844,678.9755,222.78133,429.9596,627340.3,41114
2013-12-19 08:10:00+01:00,346.69257,682.46765,819.58746,271.2017,451.92218,646973.75,41844
2013-12-19 08:20:00+01:00,422.2298,738.4892,879.0157,255.22154,479.65353,666672.25,42624
2013-12-19 08:30:00+01:00,488.46075,748.6995,1063.2784,271.5018,497.95383,681703.7,44189
2013-12-19 08:40:00+01:00,604.73315,879.4211,1343.3223,291.83566,500.0895,701653.44,46742
2013-12-19 08:50:00+01:00,607.37067,1059.6797,1527.7472,320.8125,525.4955,712094.1,46837
2013-12-19 09:00:00+01:00,717.09607,1205.6598,1859.0157,344.3421,498.7365,728827.8,46718
2013-12-19 09:10:00+01:00,744.4126,1294.0133,1937.3192,332.4126,501.35797,739509.8,49271
2013-12-19 09:20:00+01:00,885.8692,1403.5647,2040.3126,366.2785,521.4436,736557.0,49398
2013-12-19 09:30:00+01:00,956.975,1366.8352,2293.7756,391.6177,509.71112,745216.06,51636
2013-12-19 09:40:00+01:00,974.42224,1410.3505,2391.542,436.46368,458.53326,757716.44,49798
2013-12-19 09:50:00+01:00,1099.8969,1500.0518,2310.9873,385.0047,530.77936,755272.7,52151
2013-12-19 10:00:00+01:00,1223.0265,1631.4615,2419.8958,398.88727,518.164,762566.44,51758
2013-12-19 10:10:00+01:00,1343.774,1594.8406,2641.6396,420.68768,501.4351,768628.1,51212
2013-12-19 10:20:00+01:00,1372.3713,1743.9664,2614.3936,392.21588,478.97632,771064.25,51325
2013-12-19 10:30:00+01:00,1541.0254,1792.1637,2709.894,403.93063,512.3674,780372.3,52736
2013-12-19 10:40:00+01:00,1538.6104,1852.2518,2891.0874,458.5356,562.85956,785300.4,52204
2013-12-19 10:50:00+01:00,1767.8145,1815.0078,2683.944,422.3772,514.1199,787066.94,52372
2013-12-19 11:00:00+01:00,1720.5001,1953.0441,2721.842,455.90335,495.3875,790085.0,51311
2013-12-19 11:10:00+01:00,1655.2977,1898.2078,2922.3674,469.61014,530.44214,792720.5,51945
2013-12-19 11:20:00+01:00,1764.8962,1932.6768,2925.5017,477.4652,566.3543,791249.75,48963
2013-12-19 11:30:00+01:00,1819.634,2083.8467,2795.0598,437.1664,532.3128,797756.5,50651
2013-12-19 11:40:00+01:00,2052.6956,2171.034,2981.7651,396.51617,546.52527,795290.7,49535
2013-12-19 11:50:00+01:00,2101.9968,2265.275,2826.961,414.63382,560.9379,803237.94,52544
2013-12-19 12:00:00+01:00,2135.1353,2178.1807,2799.4988,430.2351,565.3531,810958.2,53441
2013-12-19 12:10:00+01:00,2269.4614,2262.1306,3123.9639,461.0702,562.96564,800209.1,52303
2013-12-19 12:20:00+01:00,2298.473,2150.6257,3150.1438,459.16763,588.66077,800480.06,51390
2013-12-19 12:30:00+01:00,2442.7432,2270.9175,3046.8457,467.874,624.6105,816005.4,53198
2013-12-19 12:40:00+01:00,2534.7805,2441.9104,3468.6465,460.6528,624.32336,814833.4,50645
2013-12-19 12:50:00+01:00,2562.879,2547.372,3090.9265,452.32297,543.05634,818512.0,52789
2013-12-19 13:00:00+01:00,2649.3838,2549.3323,3197.6743,529.2573,579.992,836364.44,52646
2013-12-19 13:10:00+01:00,3079.7336,2767.84,3417.0127,497.7546,627.69037,836368.1,53005
2013-12-19 13:20:00+01:00,2879.3525,2683.886,2906.8586,451.2596,642.1159,835760.0,50906
2013-12-19 13:30:00+01:00,3051.9827,2711.2275,3040.736,479.42114,580.09186,843741.0,51191
2013-12-19 13:40:00+01:00,3203.688,2517.5942,3329.926,471.35376,592.5678,844487.4,51110
2013-12-19 13:50:00+01:00,3184.9204,2742.896,3320.1162,432.20593,632.7699,844372.4,50759
2013-12-19 14:00:00+01:00,3255.82,2650.2075,3093.6794,441.9019,652.0191,846940.0,51402
2013-12-19 14:10:00+01:00,3134.402,2467.6526,3205.8438,426.81714,709.7509,839804.4,49628
2013-12-19 14:20:00+01:00,3258.1519,2606.0076,2994.403,413.50095,638.8497,835822.56,52231
2013-12-19 14:30:00+01:00,3144.569,2583.6455,2840.9158,468.51175,581.73267,834412.2,51169
2013-12-19 14:40:00+01:00,3201.7524,2529.9766,2868.2761,400.7992,579.0537,822478.25,52311
2013-12-19 14:50:00+01:00,2828.0122,2546.6702,2783.3262,452.9089,531.80927,818938.5,49747
2013-12-19 15:00:00+01:00,3105.1987,2376.3787,2646.1895,406.18985,510.3121,818499.75,52235
2013-12-19 15:10:00+01:00,2825.0269,2511.2966,2663.997,405.886,537.1909,817434.9,52911
2013-12-19 15:20:00+01:00,2680.8604,2380.6892,2644.556,426.61884,488.22876,815164.56,52539
2013-12-19 15:30:00+01:00,2901.1646,2496.9202,2672.2568,423.71335,507.116,843758.7,52940
2013-12-19 15:40:00+01:00,2752.3262,2670.8054,2697.133,437.0807,568.2799,829204.2,52052
2013-12-19 15:50:00+01:00,2739.1606,2527.7153,2690.9583,448.18387,557.6498,826266.4,51242
2013-12-19 16:00:00+01:00,2807.927,2489.7966,2776.7083,415.2896,490.93958,827307.3,51924
2013-12-19 16:10:00+01:00,2584.6475,2740.8386,2705.3882,421.09488,493.11267,832244.06,52821
2013-12-19 16:20:00+01:00,2495.2996,2435.474,2695.6719,430.80652,479.84375,824295.5,50425
2013-12-19 16:30:00+01:00,2745.7068,2455.3765,2693.8855,400.89923,535.04706,824186.06,55180
2013-12-19 16:40:00+01:00,2450.8027,2387.4033,2853.3987,403.47195,506.74237,823002.94,53100
2013-12-19 16:50:00+01:00,2718.5146,2405.84,2749.047,413.04276,498.59137,823679.5,52944
2013-12-19 17:00:00+01:00,2651.8242,2422.1624,3048.158,412.03055,469.3657,830130.06,52629
2013-12-19 17:10:00+01:00,2449.5356,2372.235,3068.6235,373.65326,529.80115,827394.25,53853
2013-12-19 17:20:00+01:00,2364.177,2159.325,3087.5913,371.508,517.66516,826315.25,52299
2013-12-19 17:30:00+01:00,2622.1045,2137.3472,3060.1067,403.45676,527.80176,843061.7,53275
2013-12-19 17:40:00+01:00,2355.841,2231.6365,2897.219,367.27127,547.3711,827464.44,51717
2013-12-19 17:50:00+01:00,2382.0017,2189.936,2815.6306,379.86523,538.05786,827645.56,50995
2013-12-19 18:00:00+01:00,2420.4246,2123.9602,2529.0251,353.2432,511.29507,832112.9,52440
2013-12-19 18:10:00+01:00,2299.2363,2123.451,2245.4712,344.99582,551.7419,827790.4,50549
2013-12-19 18:20:00+01:00,2240.3674,1877.5533,2233.3381,362.7181,513.51825,818791.6,51402
2013-12-19 18:30:00+01:00,2492.787,2125.435,2286.0046,375.13086,534.7625,839798.06,52942
2013-12-19 18:40:00+01:00,2202.007,2092.7605,2205.617,343.16666,633.9007,814958.56,48588
2013-12-19 18:50:00+01:00,2133.3738,1824.8812,1936.1971,309.43698,573.50476,807803.56,52777
2013-12-19 19:00:00+01:00,2326.3213,1729.0023,1866.63,337.24,568.2207,804922.25,48939
2013-12-19 19:10:00+01:00,1970.2568,1680.3956,1681.9674,321.13602,569.0922,789568.1,47975
2013-12-19 19:20:00+01:00,1808.8308,1606.5753,1652.0215,271.3871,579.7165,780091.9,46263
2013-12-19 19:30:00+01:00,1778.7732,1626.3036,1538.9087,312.0386,602.38196,775590.3,49347
2013-12-19 19:40:00+01:00,1635.7877,1547.6589,1475.5173,305.63815,595.51843,762606.4,50765
2013-12-19 19:50:00+01:00,1787.2637,1395.2604,1352.842,303.1521,595.7494,753059.0,47848
2013-12-19 20:00:00+01:00,1440.8887,1390.3672,1158.3793,306.46738,589.6145,747231.5,47456
2013-12-19 20:10:00+01:00,1445.5645,1230.7985,1261.2252,272.17056,609.277,732679.2,47313
2013-12-19 20:20:00+01:00,1165.559,1114.6785,1102.825,259.97293,639.2316,723608.1,44004
2013-12-19 20:30:00+01:00,983.61755,1020.2102,1114.7931,255.39899,610.7987,727400.94,44233
2013-12-19 20:40:00+01:00,1067.5725,942.3615,1173.9224,276.05728,670.4388,717990.0,42818
2013-12-19 20:50:00+01:00,1064.6182,842.16235,1068.9015,247.84692,664.6454,706871.6,40826
2013-12-19 21:00:00+01:00,953.12775,718.4314,939.7295,206.87009,741.4945,705598.56,41463
2013-12-19 21:10:00+01:00,991.11194,781.4337,1005.54706,231.74825,710.9492,696612.7,40552
2013-12-19 21:20:00+01:00,837.1152,700.18353,993.1734,233.31473,683.62665,685991.06,39392
2013-12-19 21:30:00+01:00,743.8279,728.15845,919.0538,205.93713,686.1755,681977.56,37735
2013-12-19 21:40:00+01:00,719.13165,701.6063,906.56165,216.59816,733.0298,673810.7,37466
2013-12-19 21:50:00+01:00,640.91266,737.4239,883.32166,221.61896,754.2599,673250.44,36282
2013-12-19 22:00:00+01:00,713.2597,640.25195,956.2233,321.69818,729.4789,668346.06,33823
2013-12-19 22:10:00+01:00,645.80096,642.9851,833.2599,235.24788,714.3482,656438.6,34272
2013-12-19 22:20:00+01:00,572.8274,583.5191,928.9671,240.86682,786.96185,639781.8,33649
2013-12-19 22:30:00+01:00,602.1083,631.582,825.77673,234.24455,752.46594,637610.6,32676
2013-12-19 22:40:00+01:00,612.77606,589.1496,843.0537,212.98723,799.00146,625801.06,32671
2013-12-19 22:50:00+01:00,511.6284,559.72516,873.6688,192.55061,792.9954,614521.56,33231
2013-12-19 23:00:00+01:00,441.11316,568.67993,799.6934,223.51692,771.88727,612314.94,30991
2013-12-19 23:10:00+01:00,420.6894,518.3545,756.8203,210.10477,738.589,592445.25,30594
2013-12-19 23:20:00+01:00,422.76392,516.46484,680.18646,215.93355,702.43976,583606.3,30635
2013-12-19 23:30:00+01:00,424.81378,506.92117,654.8073,236.02872,689.77466,572457.56,30404
2013-12-19 23:40:00+01:00,384.16812,482.3108,658.9542,203.47826,613.1352,562300.75,28112
2013-12-19 23:50:00+01:00,292.08994,465.71014,670.3719,199.8494,621.96454,551710.1,26485
2013-12-20 00:00:00+01:00,320.85486,525.8392,609.7657,226.54163,598.4747,539950.06,26201
2013-12-20 00:10:00+01:00,295.0888,489.60336,572.6031,187.05673,500.762,512159.28,25002
2013-12-20 00:20:00+01:00,295.93073,372.18173,546.6251,205.37225,486.46848,497740.94,23587
2013-12-20 00:30:00+01:00,256.09354,404.69742,445.5345,197.6619,498.44846,489408.9,23949
2013-12-20 00:40:00+01:00,206.02028,391.80353,416.47784,196.68939,470.8431,470334.16,23592
2013-12-20 00:50:00+01:00,217.92496,297.08508,437.19077,203.68866,485.2161,456524.66,23794
2013-12-20 01:00:00+01:00,242.26108,363.3345,388.0955,184.5251,452.23605,448011.06,22672
2013-12-20 01:10:00+01:00,174.30728,311.23398,445.26297,173.98016,415.05057,432296.44,21308
2013-12-20 01:20:00+01:00,178.3625,304.2302,432.44376,171.43692,369.30106,416597.8,19613
2013-12-20 01:30:00+01:00,175.14632,292.2712,399.51376,163.29672,425.9166,408520.38,18478
2013-12-20 01:40:00+01:00,152.33878,266.19818,385.19986,146.07663,347.8889,395206.88,19286
2013-12-20 01:50:00+01:00,180.40874,241.73764,376.388,149.73862,325.6602,389069.0,20030
2013-12-20 02:00:00+01:00,171.04825,268.45358,302.2584,148.85658,345.0484,381657.5,17676
2013-12-20 02:10:00+01:00,161.85028,255.58801,334.0398,142.46878,313.8602,375352.62,17662
2013-12-20 02:20:00+01:00,185.78027,255.26366,321.2563,140.63976,293.0316,366430.03,16756
2013-12-20 02:30:00+01:00,189.96631,247.74217,274.6669,147.13998,302.2474,358953.4,16674
2013-12-20 02:40:00+01:00,159.52864,261.45126,295.47778,138.73961,316.83246,352545.3,16901
2013-12-20 02:50:00+01:00,174.6532,212.55832,303.47922,129.70705,286.87125,343916.1,16639
2013-12-20 03:00:00+01:00,173.67648,225.63673,269.95355,130.47299,282.21875,339841.3,15808
2013-12-20 03:10:00+01:00,210.40674,253.41428,264.63657,112.333305,310.20245,328918.34,16424
2013-12-20 03:20:00+01:00,215.73897,224.57256,304.62817,120.65233,277.6964,327832.25,16498
2013-12-20 03:30:00+01:00,178.25209,224.44083,258.48502,122.07977,263.80005,327308.06,15808
2013-12-20 03:40:00+01:00,188.90144,250.79286,254.43987,120.67787,257.21124,324047.25,15932
2013-12-20 03:50:00+01:00,167.10315,213.31396,292.40668,110.47641,232.73586,320640.75,15877
2013-12-20 04:00:00+01:00,169.19829,220.35384,244.99835,110.68954,240.00197,316775.22,15870
2013-12-20 04:10:00+01:00,178.6727,226.84929,281.62976,110.58662,245.83525,310528.44,16535
2013-12-20 04:20:00+01:00,154.45125,201.8171,310.6495,110.99482,208.02034,309815.53,16266
2013-12-20 04:30:00+01:00,164.45602,205.79384,270.8539,109.52567,221.95059,311967.97,17023
2013-12-20 04:40:00+01:00,150.4502,235.06807,288.6706,109.801,224.57704,304045.25,16649
2013-12-20 04:50:00+01:00,157.78348,192.8713,311.6656,106.38982,202.53268,305287.84,16790
2013-12-20 05:00:00+01:00,150.87732,216.31819,340.30853,110.83235,216.11395,307381.66,18891
2013-12-20 05:10:00+01:00,154.2366,236.10062,257.40024,113.31079,221.9682,305269.0,19143
2013-12-20 05:20:00+01:00,181.19868,207.19698,263.83505,115.652275,197.6801,309069.5,18775
2013-12-20 05:30:00+01:00,191.88644,252.64702,236.5824,119.07109,233.85101,312023.88,20162
2013-12-20 05:40:00+01:00,183.43315,243.07234,278.82315,123.66393,234.0265,315193.72,21155
2013-12-20 05:50:00+01:00,154.46097,206.34781,284.65662,117.47154,239.3612,321862.06,21411
2013-12-20 06:00:00+01:00,191.37866,246.4004,254.3376,123.72082,232.77911,329262.0,22628
2013-12-20 06:10:00+01:00,142.15965,231.74612,276.81293,129.58826,233.67615,335909.03,23279
2013-12-20 06:20:00+01:00,163.77124,241.9884,281.8144,133.05788,232.82942,347318.12,24390
2013-12-20 06:30:00+01:00,186.41086,240.64299,239.26897,130.71696,247.81062,365500.7,26714
2013-12-20 06:40:00+01:00,174.1565,296.80536,286.4895,124.373474,250.65594,376322.0,26641
2013-12-20 06:50:00+01:00,208.78217,303.16022,352.1236,137.94267,249.6261,401655.88,28761
2013-12-20 07:00:00+01:00,232.60472,369.727,332.02835,145.2947,248.4229,435337.03,30874
2013-12-20 07:10:00+01:00,239.04327,364.43896,333.04712,141.15848,279.7077,461984.0,30662
2013-12-20 07:20:00+01:00,270.35873,412.51233,385.95535,176.91716,264.86902,489655.72,33885
2013-12-20 07:30:00+01:00,315.49966,379.6234,387.94476,186.33917,345.61652,532720.94,36047
2013-12-20 07:40:00+01:00,319.71823,429.28006,561.61523,208.56851,368.86542,562806.7,36578
2013-12-20 07:50:00+01:00,377.85233,670.184,627.85767,220.1937,343.50653,592695.8,38894
2013-12-20 08:00:00+01:00,352.55075,684.615,701.8379,236.61429,423.9424,621847.9,39854
2013-12-20 08:10:00+01:00,383.3799,693.4316,829.52094,248.43965,392.73087,642099.6,42164
2013-12-20 08:20:00+01:00,457.79138,856.236,994.8754,236.1525,451.90894,655370.56,41961
2013-12-20 08:30:00+01:00,519.1235,789.6416,1025.4429,270.63953,445.94226,681033.5,43423
2013-12-20 08:40:00+01:00,592.0156,935.70966,1384.3286,294.07272,450.4209,692759.94,44143
2013-12-20 08:50:00+01:00,682.512,1030.2852,1571.4778,309.89822,431.8521,699518.6,45008
2013-12-20 09:00:00+01:00,815.2566,1220.1326,1814.9303,289.10022,455.83774,720680.9,46407
2013-12-20 09:10:00+01:00,893.1666,1237.1399,2100.2092,320.02072,446.13498,731850.5,45906
2013-12-20 09:20:00+01:00,951.8006,1306.8203,2204.1826,303.3536,445.12997,729523.75,47557
2013-12-20 09:30:00+01:00,889.6657,1387.7256,2249.3416,327.6208,504.818,735581.5,48193
2013-12-20 09:40:00+01:00,1044.0208,1409.9806,2339.186,358.9717,433.4578,733218.06,47046
2013-12-20 09:50:00+01:00,1141.5233,1643.7428,2431.0935,346.27194,475.46234,741529.44,51394
2013-12-20 10:00:00+01:00,1331.022,1689.272,2359.0098,350.80508,419.28348,751436.94,51617
2013-12-20 10:10:00+01:00,1221.182,1596.9042,2436.4668,358.63403,457.8842,753203.06,50967
2013-12-20 10:20:00+01:00,1363.3948,1671.0422,2569.6575,347.36084,382.40356,757051.4,53237
2013-12-20 10:30:00+01:00,1549.3873,1595.8232,2629.2473,380.91196,399.44513,767144.56,50722
2013-12-20 10:40:00+01:00,1544.8607,1878.9929,2746.3516,365.66446,451.72076,778121.1,50828
2013-12-20 10:50:00+01:00,1697.7924,1986.623,2668.5208,361.81265,467.13516,777008.56,51707
2013-12-20 11:00:00+01:00,1738.7125,1975.8969,2748.2458,371.92752,463.44604,790933.5,52113
2013-12-20 11:10:00+01:00,1758.37,1999.3616,2844.245,357.8076,487.61783,786923.4,53314
2013-12-20 11:20:00+01:00,1717.3818,2245.892,2771.4475,360.27295,447.83026,787314.56,52517
2013-12-20 11:30:00+01:00,2046.7505,2462.2505,2981.772,408.6015,521.8112,796538.4,52085
2013-12-20 11:40:00+01:00,1989.8289,2270.8694,3096.7256,399.9059,477.83844,789497.6,52031
2013-12-20 11:50:00+01:00,2381.0547,2222.1091,2980.4053,359.953,482.324,784392.06,52223
2013-12-20 12:00:00+01:00,2271.2346,2357.3289,2922.0237,392.1811,473.19693,803271.6,52160
2013-12-20 12:10:00+01:00,2400.4788,2275.7559,3167.6196,379.50375,509.3249,794251.5,51484
2013-12-20 12:20:00+01:00,2226.8408,2439.7173,3094.633,376.40958,485.3473,793899.44,51184
2013-12-20 12:30:00+01:00,2358.4517,2526.5452,3288.548,411.91486,527.3755,813188.44,52767
2013-12-20 12:40:00+01:00,2492.564,2346.0898,3428.2275,386.7974,524.2473,810805.8,51247
2013-12-20 12:50:00+01:00,2654.9883,2470.798,3247.311,365.74777,573.3176,813454.6,50631
2013-12-20 13:00:00+01:00,2834.7441,2650.648,3309.42,395.74792,531.71747,830048.8,50382
2013-12-20 13:10:00+01:00,2796.3367,2598.8076,3445.0588,394.49823,510.33716,825800.7,49287
2013-12-20 13:20:00+01:00,3057.3894,2632.6096,3121.759,404.02127,551.6787,822491.5,49200
2013-12-20 13:30:00+01:00,3188.3403,2461.2249,3351.352,403.62936,583.71985,826439.0,47699
2013-12-20 13:40:00+01:00,3221.681,2746.5823,3261.4307,349.444,564.1134,830192.4,50961
2013-12-20 13:50:00+01:00,3524.6064,2632.105,3091.6462,389.8939,546.2262,830863.5,49286
2013-12-20 14:00:00+01:00,3223.6045,2633.7163,3273.6484,418.99683,549.2161,833569.44,49660
2013-12-20 14:10:00+01:00,3420.8806,2568.3618,3073.1973,385.54453,540.64087,821535.9,50510
2013-12-20 14:20:00+01:00,3430.3384,2618.5422,3069.32,336.67703,575.3439,817039.44,48800
2013-12-20 14:30:00+01:00,3298.1099,2665.7302,2959.3398,374.8539,540.9245,817078.2,47837
2013-12-20 14:40:00+01:00,3026.8647,2900.3716,3132.4456,350.28653,537.326,810135.3,51380
2013-12-20 14:50:00+01:00,3372.5327,2662.662,2841.3792,347.0375,515.51965,806640.75,49800
2013-12-20 15:00:00+01:00,3101.176,2651.5896,2857.4458,397.3746,525.7843,812870.4,49930
2013-12-20 15:10:00+01:00,3045.3306,2596.082,2897.9282,377.01508,513.3677,804164.06,50770
2013-12-20 15:20:00+01:00,3055.932,2519.1433,2816.0342,387.24405,549.39276,800170.75,49617
2013-12-20 15:30:00+01:00,2986.765,2734.37,2770.797,365.91037,473.4434,805539.2,51257
2013-12-20 15:40:00+01:00,3136.2236,2823.1987,3127.0876,366.65256,433.7923,802202.06,49628
2013-12-20 15:50:00+01:00,3131.0837,2617.3066,2878.534,361.98227,461.2684,805965.2,50423
2013-12-20 16:00:00+01:00,3260.1055,2674.8655,3007.1934,400.1405,513.62463,814829.3,49477
2013-12-20 16:10:00+01:00,3274.4448,2548.0388,2896.5752,339.33746,451.77246,808415.44,49986
2013-12-20 16:20:00+01:00,3278.2551,2558.9575,2922.5242,376.03207,508.83362,802885.8,50775
2013-12-20 16:30:00+01:00,3278.9111,2391.4993,2883.4846,375.3451,480.79776,799090.0,49736
2013-12-20 16:40:00+01:00,3529.7246,2764.4683,2909.8333,343.79706,501.9654,796364.06,47353
2013-12-20 16:50:00+01:00,3394.1943,2595.302,2684.6575,334.7428,435.664,789505.06,51368
2013-12-20 17:00:00+01:00,3234.207,2626.2993,2849.299,376.43478,447.6308,797440.2,48412
2013-12-20 17:10:00+01:00,3389.943,2673.3782,2931.25,353.9143,515.02185,790115.56,48632
2013-12-20 17:20:00+01:00,3076.8206,2455.5234,2573.3013,330.53958,492.59552,793327.94,48652
2013-12-20 17:30:00+01:00,3169.0256,2262.6885,2515.543,329.3039,501.45157,792377.4,48675
2013-12-20 17:40:00+01:00,3152.8132,2273.0955,2507.9436,306.85446,532.5606,791806.8,49727
2013-12-20 17:50:00+01:00,2945.257,2120.3894,2226.5347,320.23453,506.72015,791474.7,48843
2013-12-20 18:00:00+01:00,2751.2407,2335.026,2203.5464,344.30502,589.6405,793529.9,49493
2013-12-20 18:10:00+01:00,2526.0864,2156.287,2082.3489,322.92935,545.7431,782625.2,46720
2013-12-20 18:20:00+01:00,2513.12,2015.8969,1719.538,291.34262,579.62976,779725.44,47404
2013-12-20 18:30:00+01:00,2452.489,2134.4436,1901.25,308.2243,599.24,778101.8,46908
2013-12-20 18:40:00+01:00,2226.295,1919.2556,1769.5542,281.61545,575.96906,763958.44,46694
2013-12-20 18:50:00+01:00,2231.8542,1839.2903,1628.4906,283.5449,605.75446,758725.94,47949
2013-12-20 19:00:00+01:00,2045.1724,1951.7675,1499.5221,268.4673,544.21875,748737.2,46461
2013-12-20 19:10:00+01:00,1932.1818,1644.755,1488.8445,240.45013,547.813,731134.3,46020
2013-12-20 19:20:00+01:00,1809.0939,1486.1348,1333.2395,259.49792,623.6047,727282.6,45181
2013-12-20 19:30:00+01:00,1682.2748,1693.2423,1216.8798,253.69565,602.60175,721449.25,43539
2013-12-20 19:40:00+01:00,1658.5394,1344.2494,1138.0107,251.26164,585.96014,706605.94,42815
2013-12-20 19:50:00+01:00,1627.1317,1241.1986,1066.633,273.0319,601.77625,699502.06,42957
2013-12-20 20:00:00+01:00,1571.7871,1227.9812,1032.1316,251.41023,616.2131,696778.2,41128
2013-12-20 20:10:00+01:00,1417.9408,1140.5072,1043.8257,253.25638,656.15564,687697.7,41783
2013-12-20 20:20:00+01:00,1296.3013,1019.1907,1009.77686,242.06165,585.6777,682974.9,42123
2013-12-20 20:30:00+01:00,1142.2091,927.6131,895.5724,241.38182,668.042,679884.9,41576
2013-12-20 20:40:00+01:00,1166.7402,860.2623,914.85645,229.14763,645.9066,671358.56,40610
2013-12-20 20:50:00+01:00,1058.7,789.00684,885.69586,213.60077,612.0093,664435.75,39409
2013-12-20 21:00:00+01:00,881.5584,744.62024,917.4472,231.06714,611.97363,663698.7,39117
2013-12-20 21:10:00+01:00,897.3151,782.2459,873.7311,225.89972,666.24445,654293.0,39360
2013-12-20 21:20:00+01:00,777.0237,736.78107,781.09576,238.02132,603.05743,645761.0,37591
2013-12-20 21:30:00+01:00,764.11475,696.8599,800.36523,220.2637,636.55725,638058.56,37713
2013-12-20 21:40:00+01:00,716.72864,733.6608,801.47546,184.10243,671.08813,627513.3,36035
2013-12-20 21:50:00+01:00,641.44116,721.8335,840.07153,190.42174,666.58923,627815.25,33931
2013-12-20 22:00:00+01:00,796.38336,662.12854,769.9396,230.08096,709.8804,625550.8,35773
2013-12-20 22:10:00+01:00,612.7666,703.3142,678.9203,206.30241,715.47534,618058.0,33941
2013-12-20 22:20:00+01:00,640.7963,637.83673,827.21454,215.00984,739.18665,610486.25,33070
2013-12-20 22:30:00+01:00,594.87897,693.22076,803.5615,223.54947,670.7891,603086.94,32375
2013-12-20 22:40:00+01:00,603.3621,601.387,721.7792,201.63763,755.85425,596514.94,33137
2013-12-20 22:50:00+01:00,514.1577,664.32275,781.7198,202.92584,779.43646,588016.8,31230
2013-12-20 23:00:00+01:00,460.33047,564.0374,704.71313,227.14658,685.16364,582130.06,31641
2013-12-20 23:10:00+01:00,372.44223,487.8661,847.9294,180.17586,699.35254,574455.75,31493
2013-12-20 23:20:00+01:00,336.6107,539.56445,711.7118,205.51768,679.3059,563033.56,29362
2013-12-20 23:30:00+01:00,280.37225,738.7418,733.27405,198.92279,685.3204,564963.9,30404
2013-12-20 23:40:00+01:00,322.41583,1177.4382,672.7558,187.88202,708.27203,543856.94,29051
2013-12-20 23:50:00+01:00,283.0952,832.1246,650.9423,199.51549,670.51587,535856.56,28537
2013-12-21 00:00:00+01:00,408.79404,696.6468,660.8228,182.43814,655.51587,524893.44,27440
2013-12-21 00:10:00+01:00,251.38527,505.417,704.2964,219.55376,583.17377,502394.12,26242
2013-12-21 00:20:00+01:00,240.89424,790.2082,598.08527,202.25441,565.41986,495480.16,25110
2013-12-21 00:30:00+01:00,218.96947,458.16873,612.6435,182.85146,531.11316,481796.88,23508
2013-12-21 00:40:00+01:00,215.77422,404.18,574.41437,167.86642,621.7986,487703.75,24328
2013-12-21 00:50:00+01:00,185.72182,392.979,538.6332,183.85889,533.731,451143.78,24328
2013-12-21 01:00:00+01:00,219.38432,361.36307,506.62982,166.21535,539.0513,442216.5,23035
2013-12-21 01:10:00+01:00,211.29134,361.5745,487.7432,151.49698,560.4336,432787.97,21345
2013-12-21 01:20:00+01:00,178.29422,322.63083,479.391,159.34564,483.8452,421302.4,20323
2013-12-21 01:30:00+01:00,155.89795,308.55063,435.40778,150.08536,450.96313,410600.62,20882
2013-12-21 01:40:00+01:00,151.62741,308.66302,471.49017,151.33401,476.75726,406881.34,19625
2013-12-21 01:50:00+01:00,149.15114,316.9625,396.91702,150.81717,380.79132,397516.06,18281
2013-12-21 02:00:00+01:00,150.27457,297.1868,348.55618,150.41809,398.96738,384909.53,19400
2013-12-21 02:10:00+01:00,152.6425,320.12656,479.28113,140.84453,396.5205,377333.9,18630
2013-12-21 02:20:00+01:00,146.2899,315.64932,344.19623,131.63774,355.01077,369402.56,19184
2013-12-21 02:30:00+01:00,124.0086,277.5032,423.1674,133.34111,395.70007,363304.9,19078
2013-12-21 02:40:00+01:00,140.75584,282.7768,399.72092,127.53789,314.64346,353011.06,18794
2013-12-21 02:50:00+01:00,125.731995,296.1383,389.96762,125.2789,334.30435,350079.2,18009
2013-12-21 03:00:00+01:00,123.58931,279.48264,368.22296,129.84613,316.88684,343443.94,17852
2013-12-21 03:10:00+01:00,146.92789,274.27963,400.01047,117.31764,330.4271,336470.97,16860
2013-12-21 03:20:00+01:00,124.38357,257.2602,342.7416,124.63312,310.07773,328797.47,17212
2013-12-21 03:30:00+01:00,133.63643,250.54742,298.15744,120.69326,286.27527,325766.9,17473
2013-12-21 03:40:00+01:00,151.0685,319.1933,299.0245,122.201775,274.77798,324661.97,18215
2013-12-21 03:50:00+01:00,124.377426,255.39021,308.54465,125.36942,235.90215,317609.9,17839
2013-12-21 04:00:00+01:00,127.7924,269.69437,347.90204,125.113884,259.10748,312039.56,17514
2013-12-21 04:10:00+01:00,139.45918,265.03293,346.21344,117.906,255.00041,310681.72,16952
2013-12-21 04:20:00+01:00,113.931465,273.5162,249.62515,114.62,241.2363,301179.28,17596
2013-12-21 04:30:00+01:00,122.52346,287.6533,243.95177,131.93936,237.46098,301104.03,17879
2013-12-21 04:40:00+01:00,140.0016,283.76547,255.19742,118.24544,235.60945,300185.72,17871
2013-12-21 04:50:00+01:00,114.01266,275.07043,206.65225,125.18788,215.05139,295584.47,16923
2013-12-21 05:00:00+01:00,134.51648,292.82037,213.54369,122.69039,211.82298,297524.88,17971
2013-12-21 05:10:00+01:00,143.63506,332.5462,264.47836,109.16753,200.58992,292311.12,17416
2013-12-21 05:20:00+01:00,108.21252,310.3698,190.69513,118.4336,205.18109,292398.34,17712
2013-12-21 05:30:00+01:00,125.43553,288.39502,212.31595,122.52358,224.75906,301999.16,17967
2013-12-21 05:40:00+01:00,124.96249,300.36313,240.70879,106.35411,198.0248,292507.38,18874
2013-12-21 05:50:00+01:00,126.73487,302.14236,186.1605,117.52057,207.31096,292670.84,19974
2013-12-21 06:00:00+01:00,122.21121,321.63306,223.51172,118.75848,197.57382,305373.9,20664
2013-12-21 06:10:00+01:00,121.18922,279.65805,219.1896,104.01083,188.43677,299951.34,19713
2013-12-21 06:20:00+01:00,108.15403,313.6889,205.64354,111.61757,206.90225,302203.53,20855
2013-12-21 06:30:00+01:00,142.08627,313.98743,195.75175,108.565285,217.87476,312380.72,21811
2013-12-21 06:40:00+01:00,152.99304,310.84875,246.69402,106.19185,222.21805,314603.25,20897
2013-12-21 06:50:00+01:00,118.656975,316.01263,202.85002,106.50049,209.12804,320348.3,22452
2013-12-21 07:00:00+01:00,147.33125,323.74387,217.66115,117.65572,209.63365,334323.88,24799
2013-12-21 07:10:00+01:00,190.5125,301.79507,227.7935,108.20366,196.48785,339849.94,25099
2013-12-21 07:20:00+01:00,157.04753,326.47913,215.32538,126.85126,206.68732,349396.7,25473
2013-12-21 07:30:00+01:00,164.99596,342.92157,221.06284,134.5214,240.17458,369060.2,27276
2013-12-21 07:40:00+01:00,186.3249,296.91846,259.14685,133.02585,216.77661,378587.5,27343
2013-12-21 07:50:00+01:00,186.6872,335.83932,272.075,199.15228,236.82332,393282.94,28651
2013-12-21 08:00:00+01:00,205.55937,374.44254,285.7214,138.77042,240.64893,407610.84,29787
2013-12-21 08:10:00+01:00,196.1886,345.98758,278.958,118.52369,226.31319,414997.88,32528
2013-12-21 08:20:00+01:00,191.43242,423.27612,278.19638,132.03731,227.65152,430036.06,33940
2013-12-21 08:30:00+01:00,309.6655,409.3582,231.95676,132.37862,241.93129,449996.12,34542
2013-12-21 08:40:00+01:00,279.31415,468.2277,309.91586,140.64569,290.67163,459947.25,33742
2013-12-21 08:50:00+01:00,268.88684,520.4716,275.52032,159.44238,289.82452,476712.03,36459
2013-12-21 09:00:00+01:00,373.0303,583.5124,274.7701,151.22517,305.0378,499825.22,36852
2013-12-21 09:10:00+01:00,390.93958,506.6174,374.76315,170.33246,334.5306,514105.62,36089
2013-12-21 09:20:00+01:00,502.5741,730.40265,319.24484,178.69403,321.31284,523115.47,38336
2013-12-21 09:30:00+01:00,582.16016,708.8068,368.69528,185.44736,327.65338,543310.1,38447
2013-12-21 09:40:00+01:00,601.16113,748.7587,379.0768,201.68225,357.23242,556690.8,40820
2013-12-21 09:50:00+01:00,754.68195,776.95844,361.63367,192.42221,349.76843,567638.56,39484
2013-12-21 10:00:00+01:00,991.05835,834.7816,431.41107,182.36609,432.63947,590390.6,39376
2013-12-21 10:10:00+01:00,1191.5289,927.0139,454.80432,194.14255,400.40002,596070.3,42115
2013-12-21 10:20:00+01:00,1183.1974,1075.7583,413.9554,216.97105,379.1012,606551.8,42061
2013-12-21 10:30:00+01:00,1464.5922,1118.0957,484.30365,190.7908,360.8201,621409.3,42838
2013-12-21 10:40:00+01:00,1627.2997,1275.7828,528.7535,243.40971,396.95538,632373.0,42315
2013-12-21 10:50:00+01:00,1823.7963,1225.114,653.6567,190.12512,411.3478,636543.56,42607
2013-12-21 11:00:00+01:00,1806.946,1428.2644,439.9082,185.51224,425.8852,643587.5,44433
2013-12-21 11:10:00+01:00,2013.107,1449.5228,483.7058,198.76375,486.88895,645176.9,43379
2013-12-21 11:20:00+01:00,2429.8337,1457.4513,482.59622,186.65831,403.44742,649521.94,44520
2013-12-21 11:30:00+01:00,2454.531,1642.2819,496.27115,194.07503,434.70795,659987.8,44089
2013-12-21 11:40:00+01:00,2610.0925,1650.584,505.2123,174.01619,496.8054,655166.75,44086
2013-12-21 11:50:00+01:00,3039.9407,1815.6241,596.36993,215.90868,469.95877,657422.6,42730
2013-12-21 12:00:00+01:00,3289.7625,1969.3022,616.4279,226.22017,493.69955,663281.3,44157
2013-12-21 12:10:00+01:00,3277.991,1965.2988,672.27057,212.2599,472.544,662493.56,42329
2013-12-21 12:20:00+01:00,3280.9685,2041.4291,606.2478,205.27014,470.26062,655228.94,44617
2013-12-21 12:30:00+01:00,3712.048,2129.975,611.718,202.56546,462.46524,659836.94,42500
2013-12-21 12:40:00+01:00,3323.208,2113.1958,520.16656,177.00522,495.47946,649104.56,41992
2013-12-21 12:50:00+01:00,3579.2656,2121.882,497.53125,179.55933,481.0076,646208.2,41929
2013-12-21 13:00:00+01:00,3672.2627,2164.9204,499.46506,183.23112,494.59152,642735.3,41979
2013-12-21 13:10:00+01:00,3719.9592,2325.1904,581.15454,176.44737,460.19147,637653.25,42900
2013-12-21 13:20:00+01:00,3381.267,2355.1355,552.1506,181.52118,492.84546,634594.6,42123
2013-12-21 13:30:00+01:00,3742.5396,2386.1697,646.72186,180.92867,517.2655,641959.2,40567
2013-12-21 13:40:00+01:00,3613.5344,2157.8718,643.5367,188.75398,510.89175,637982.3,40497
2013-12-21 13:50:00+01:00,3626.5447,2452.4163,555.0462,149.59572,491.30807,639718.9,40866
2013-12-21 14:00:00+01:00,3952.7932,2294.8982,589.18256,176.43616,554.4702,640043.8,41387
2013-12-21 14:10:00+01:00,4221.104,2495.4827,602.50653,198.15216,513.08716,640180.44,41771
2013-12-21 14:20:00+01:00,4256.2915,2569.2937,520.00256,206.72466,541.54596,647671.94,40455
2013-12-21 14:30:00+01:00,4343.9814,2397.1416,454.6469,233.14551,538.38605,651193.2,43070
2013-12-21 14:40:00+01:00,4247.0474,2213.5137,489.85046,259.7655,573.8495,648458.0,40336
2013-12-21 14:50:00+01:00,4482.817,2490.4224,527.1475,202.98341,562.05237,657729.6,42062
2013-12-21 15:00:00+01:00,4332.155,2579.4656,500.52725,208.60226,518.0586,657354.94,42560
2013-12-21 15:10:00+01:00,4579.6787,2429.455,549.468,191.18358,543.8412,654717.0,40522
2013-12-21 15:20:00+01:00,4600.0444,2475.544,474.72382,189.78036,494.03268,660209.3,40321
2013-12-21 15:30:00+01:00,4888.6743,2627.732,481.09317,205.43434,521.6648,665700.75,42000
2013-12-21 15:40:00+01:00,4814.1216,2615.4875,564.0081,201.48085,530.51636,665189.44,42579
2013-12-21 15:50:00+01:00,5115.53,2511.2039,470.29816,172.71072,481.21143,665949.94,42184
2013-12-21 16:00:00+01:00,4931.132,2755.5808,507.5579,178.94531,566.4385,675154.2,42163
2013-12-21 16:10:00+01:00,5197.4214,2681.3354,481.74786,180.73866,518.38696,670590.2,42314
2013-12-21 16:20:00+01:00,5152.101,2624.8208,476.9445,187.56293,566.5868,678835.25,40922
2013-12-21 16:30:00+01:00,5161.938,2838.9736,472.4902,176.59628,538.072,682677.5,40786
2013-12-21 16:40:00+01:00,5238.3193,2782.5344,574.7181,165.07281,552.9096,675543.7,42339
2013-12-21 16:50:00+01:00,5195.2695,2546.956,477.47223,169.1848,486.68674,682371.2,40989
2013-12-21 17:00:00+01:00,5096.8105,2749.6194,509.322,167.91913,472.92307,682330.06,41364
2013-12-21 17:10:00+01:00,4723.406,2715.9995,582.452,176.32155,482.56113,681364.25,41554
2013-12-21 17:20:00+01:00,4707.66,2544.2126,560.96,158.40942,454.69644,682870.06,42467
2013-12-21 17:30:00+01:00,4619.0444,2755.3923,488.48517,175.97954,450.7406,685223.94,41500
2013-12-21 17:40:00+01:00,4474.987,2733.1387,541.77325,152.85696,446.43918,676199.0,41470
2013-12-21 17:50:00+01:00,4293.826,2625.955,444.57495,179.7263,467.43396,678554.6,40153
2013-12-21 18:00:00+01:00,4229.715,2288.7522,530.27124,167.42908,480.0188,675739.25,42821
2013-12-21 18:10:00+01:00,3847.8635,2231.908,533.8649,159.60512,474.60205,669898.7,40737
2013-12-21 18:20:00+01:00,3759.3162,2133.0562,513.35547,153.86523,485.1711,666256.8,41245
2013-12-21 18:30:00+01:00,3328.4038,2152.1133,471.74976,187.02913,493.88303,668209.75,43230
2013-12-21 18:40:00+01:00,3298.8413,1993.871,558.72833,149.56786,531.39685,660184.56,40767
2013-12-21 18:50:00+01:00,3376.934,1951.8522,478.3383,150.73662,511.07812,659325.44,40313
2013-12-21 19:00:00+01:00,3115.285,1813.9457,481.84167,170.44525,511.2908,659187.1,40286
2013-12-21 19:10:00+01:00,2839.4739,1655.6824,559.3179,164.497,495.18134,647576.2,40017
2013-12-21 19:20:00+01:00,2628.2603,1597.5039,554.10406,163.06174,516.02405,644741.44,39884
2013-12-21 19:30:00+01:00,2649.7197,1325.4286,547.5673,164.95013,518.54083,641483.0,40108
2013-12-21 19:40:00+01:00,2409.6824,1457.4199,554.0689,156.92894,531.597,640692.56,37645
2013-12-21 19:50:00+01:00,2318.0322,1450.1373,477.06854,164.33722,532.28815,634180.44,39053
2013-12-21 20:00:00+01:00,2096.1626,1219.9036,460.97797,177.27745,554.862,629286.0,36354
2013-12-21 20:10:00+01:00,1898.765,1292.1918,512.95544,172.05244,625.38837,631505.25,37460
2013-12-21 20:20:00+01:00,1636.9044,1162.7395,443.47482,162.90594,662.8249,623976.06,36440
2013-12-21 20:30:00+01:00,1420.6627,1148.6572,471.70853,156.93756,598.9942,624367.94,38171
2013-12-21 20:40:00+01:00,1195.5848,1033.7631,444.98468,175.70866,694.70013,618868.06,36395
2013-12-21 20:50:00+01:00,1291.7339,946.29254,426.44876,167.45755,728.11835,619946.1,37136
2013-12-21 21:00:00+01:00,1121.3544,943.5213,461.8109,164.30373,695.8248,617526.0,34034
2013-12-21 21:10:00+01:00,1123.2999,952.71265,464.07947,163.96216,682.7149,610421.4,33804
2013-12-21 21:20:00+01:00,1009.4167,890.1043,454.74393,188.6726,748.72577,608703.4,33744
2013-12-21 21:30:00+01:00,1009.5737,913.2415,432.80283,143.49615,734.88007,603991.1,33576
2013-12-21 21:40:00+01:00,845.9599,859.0975,455.832,156.20804,731.0859,597167.44,33184
2013-12-21 21:50:00+01:00,824.4452,780.55316,469.57806,181.33429,719.7431,595624.1,31846
2013-12-21 22:00:00+01:00,1049.9863,788.2426,430.80716,149.80502,702.1667,596065.0,32488
2013-12-21 22:10:00+01:00,899.4314,706.01117,462.619,146.9103,807.43384,588184.3,32485
2013-12-21 22:20:00+01:00,778.83716,683.7204,474.33508,158.93486,782.15186,584781.56,31084
2013-12-21 22:30:00+01:00,784.3658,653.22577,472.1514,146.80031,764.58154,580476.6,30309
2013-12-21 22:40:00+01:00,847.2652,590.1952,466.91733,207.00111,783.2017,573765.8,31004
2013-12-21 22:50:00+01:00,807.616,508.78333,535.29535,194.73099,751.5108,569395.2,30148
2013-12-21 23:00:00+01:00,717.5035,559.73627,518.03986,219.75253,771.3254,571978.0,29913
2013-12-21 23:10:00+01:00,554.8814,489.1154,441.86853,212.66878,754.51636,562571.2,28774
2013-12-21 23:20:00+01:00,431.04718,517.43915,385.2778,192.55832,754.71234,556552.5,27198
2013-12-21 23:30:00+01:00,450.61215,570.5882,364.363,154.48996,706.0974,546762.2,27709
2013-12-21 23:40:00+01:00,378.2581,525.5759,409.0308,145.22711,718.1308,533868.3,28219
2013-12-21 23:50:00+01:00,413.0446,463.4319,324.79205,156.58481,770.8405,529714.4,26424
2013-12-22 00:00:00+01:00,416.8296,485.2741,464.26358,165.41101,812.9028,522323.75,26683
2013-12-22 00:10:00+01:00,471.00955,469.79868,556.527,152.6291,728.8524,503174.56,25110
2013-12-22 00:20:00+01:00,364.3126,406.76752,559.4772,164.75125,728.2084,493495.72,24480
2013-12-22 00:30:00+01:00,317.07718,498.52814,679.31744,154.35237,754.797,482811.88,25306
2013-12-22 00:40:00+01:00,296.8996,419.48297,820.9844,161.13478,708.34546,471885.3,24269
2013-12-22 00:50:00+01:00,202.74721,313.36545,884.4169,171.04141,783.1177,459949.47,22886
2013-12-22 01:00:00+01:00,218.88101,311.2208,1037.0502,161.6614,631.44006,451726.8,22299
2013-12-22 01:10:00+01:00,220.17166,285.27692,994.9923,154.53482,627.8934,433955.44,21371
2013-12-22 01:20:00+01:00,203.0266,287.1131,1163.591,167.98799,613.9892,423592.34,20122
2013-12-22 01:30:00+01:00,209.5705,288.16458,957.0945,182.8851,561.1437,412674.62,20162
2013-12-22 01:40:00+01:00,187.73396,265.65384,955.5931,150.25659,526.54126,404098.1,18786
2013-12-22 01:50:00+01:00,179.95673,327.46786,995.639,157.15146,466.21085,392114.72,19238
2013-12-22 02:00:00+01:00,176.40178,274.27466,985.5196,148.39832,441.10788,380327.16,19096
2013-12-22 02:10:00+01:00,158.61143,263.7229,1118.0166,130.67526,428.15912,371671.06,17720
2013-12-22 02:20:00+01:00,179.7534,257.9314,1052.2269,149.1655,384.7564,366625.84,17268
2013-12-22 02:30:00+01:00,155.42877,210.99529,1061.6437,145.57996,331.97116,358704.7,18101
2013-12-22 02:40:00+01:00,161.61684,235.3852,835.6274,132.01509,361.68466,344157.66,17317
2013-12-22 02:50:00+01:00,163.42894,244.28406,1041.6499,139.09514,335.9767,337838.72,17194
2013-12-22 03:00:00+01:00,154.28816,207.78162,999.20844,131.95244,308.46564,334993.22,16941
2013-12-22 03:10:00+01:00,142.01357,191.04721,820.4097,122.29982,340.18835,326787.1,17490
2013-12-22 03:20:00+01:00,155.68127,239.0879,755.2863,129.41908,271.5846,319329.5,16601
2013-12-22 03:30:00+01:00,147.15718,235.65778,766.4913,117.509926,224.85353,317515.16,17474
2013-12-22 03:40:00+01:00,156.03911,192.75902,650.0859,122.54684,228.12,311477.38,15924
2013-12-22 03:50:00+01:00,151.39172,211.66522,542.87256,116.48724,222.26149,308055.25,15878
2013-12-22 04:00:00+01:00,144.24457,198.14497,566.58,108.66286,235.36928,302856.53,16614
2013-12-22 04:10:00+01:00,145.34608,188.68126,569.7812,107.04401,221.28842,294702.03,16968
2013-12-22 04:20:00+01:00,149.29715,197.03189,532.1656,125.335365,215.12148,291193.1,15619
2013-12-22 04:30:00+01:00,156.20476,207.60875,370.3822,120.24188,218.92555,289925.62,15401
2013-12-22 04:40:00+01:00,148.22444,194.52625,393.52292,110.82409,183.118,284181.78,16596
2013-12-22 04:50:00+01:00,137.28139,199.42442,431.68192,111.04855,175.36095,279825.72,16689
2013-12-22 05:00:00+01:00,175.68718,191.96487,362.13434,105.34055,181.11102,283468.12,16584
2013-12-22 05:10:00+01:00,188.8816,184.78975,220.06572,105.36648,171.16031,276540.66,16996
2013-12-22 05:20:00+01:00,153.52303,202.44556,183.95947,101.662476,151.55576,275806.75,15592
2013-12-22 05:30:00+01:00,166.23944,188.9675,186.99693,96.36962,165.88622,274333.88,16390
2013-12-22 05:40:00+01:00,139.73802,196.66335,184.61205,95.22995,144.04297,270087.28,16340
2013-12-22 05:50:00+01:00,167.06377,218.4388,196.37656,99.73728,158.13611,270424.75,17040
2013-12-22 06:00:00+01:00,157.21971,204.28622,167.44131,101.267494,165.77457,274202.72,17557
2013-12-22 06:10:00+01:00,191.82172,204.22127,171.16751,100.025536,147.90744,269830.53,17834
2013-12-22 06:20:00+01:00,174.44112,212.75473,191.29349,100.17873,204.57729,271578.72,18390
2013-12-22 06:30:00+01:00,181.1199,201.71213,161.44586,105.798004,184.18428,276561.66,17709
2013-12-22 06:40:00+01:00,198.58919,182.26083,170.60727,98.08234,159.7787,277496.1,17838
2013-12-22 06:50:00+01:00,175.94362,215.85309,174.69641,102.490616,167.10019,279425.97,19099
2013-12-22 07:00:00+01:00,185.95343,209.48022,181.15367,106.04291,197.4447,285094.97,19326
2013-12-22 07:10:00+01:00,169.4521,202.72679,198.82335,103.27335,190.3838,288898.03,19931
2013-12-22 07:20:00+01:00,143.36398,241.69568,179.38576,103.68401,189.80179,290873.56,19314
2013-12-22 07:30:00+01:00,193.89926,212.7093,180.7942,111.96742,198.61163,298387.78,22431
2013-12-22 07:40:00+01:00,184.47607,195.13115,190.4184,109.82198,183.2925,306029.78,22466
2013-12-22 07:50:00+01:00,240.31914,250.33661,172.81429,103.96184,217.39139,311214.0,23883
2013-12-22 08:00:00+01:00,326.52258,234.88385,196.85368,123.0216,205.58786,327235.9,27214
2013-12-22 08:10:00+01:00,215.69339,237.84229,315.68027,104.10747,200.26628,331903.88,28279
2013-12-22 08:20:00+01:00,260.6025,284.89966,185.09996,106.030624,220.84233,342489.0,29296
2013-12-22 08:30:00+01:00,264.7893,271.18427,205.30139,113.28871,238.86526,357216.56,31218
2013-12-22 08:40:00+01:00,250.56296,261.90845,277.99747,116.19642,236.31548,366740.28,30769
2013-12-22 08:50:00+01:00,314.787,294.08463,269.70776,120.93363,214.67894,381830.47,31743
2013-12-22 09:00:00+01:00,313.99713,349.03415,229.31062,115.59712,227.01234,398447.16,33512
2013-12-22 09:10:00+01:00,307.73666,349.0551,251.1421,106.62702,249.03667,411813.1,34673
2013-12-22 09:20:00+01:00,368.32416,378.0785,241.251,131.60364,241.08609,429048.84,35268
2013-12-22 09:30:00+01:00,479.69916,424.97803,260.74567,123.774666,264.45593,445981.56,34593
2013-12-22 09:40:00+01:00,485.31552,469.05362,289.5527,123.53912,243.8006,461556.7,36138
2013-12-22 09:50:00+01:00,637.48254,553.50824,317.61768,126.77734,251.05733,477974.22,36517
2013-12-22 10:00:00+01:00,769.5696,689.464,268.85626,159.44818,265.12067,493171.44,36864
2013-12-22 10:10:00+01:00,1042.9388,631.2228,294.92975,137.70558,242.55681,500090.9,38493
2013-12-22 10:20:00+01:00,1120.0114,707.78723,320.86194,131.3628,278.07294,517492.97,38939
2013-12-22 10:30:00+01:00,1506.158,766.17035,332.91962,140.7562,290.34073,529996.1,37723
2013-12-22 10:40:00+01:00,1612.749,803.88727,343.06506,133.77452,271.03952,541253.9,39400
2013-12-22 10:50:00+01:00,1948.4683,971.2718,319.6543,141.1436,295.23862,557513.0,40377
2013-12-22 11:00:00+01:00,1964.9064,1046.3397,393.04242,153.49124,317.06073,569005.75,41471
2013-12-22 11:10:00+01:00,2264.9587,1230.1509,390.8764,135.69165,306.3,570796.75,41164
2013-12-22 11:20:00+01:00,2556.0425,1127.9285,340.58954,133.5232,298.189,579733.25,41746
2013-12-22 11:30:00+01:00,2781.1304,1449.8252,336.16986,150.86903,340.90912,586590.8,40280
2013-12-22 11:40:00+01:00,2721.0408,1383.4529,408.23965,116.066216,341.3085,586381.44,41745
2013-12-22 11:50:00+01:00,2945.836,1643.272,390.3639,133.42207,308.9354,592872.4,41396
2013-12-22 12:00:00+01:00,3088.5342,1733.9001,392.3363,140.82286,345.65427,597817.0,40271
2013-12-22 12:10:00+01:00,3307.9294,1675.9011,410.13562,138.1099,325.46997,590979.56,40204
2013-12-22 12:20:00+01:00,3401.1375,1833.2424,415.60223,119.35771,364.0917,601381.7,41637
2013-12-22 12:30:00+01:00,3480.9958,1764.0161,443.78906,135.49794,423.7245,599925.4,41003
2013-12-22 12:40:00+01:00,3382.0598,2001.0841,465.2193,135.49767,378.77576,588595.2,40570
2013-12-22 12:50:00+01:00,3540.3796,1983.384,453.28198,152.04086,376.77444,593423.1,40625
2013-12-22 13:00:00+01:00,3520.159,2070.5903,546.5487,148.79337,393.3487,586609.94,39237
2013-12-22 13:10:00+01:00,3635.4124,2207.3523,502.9173,188.99248,392.21713,581313.7,37507
2013-12-22 13:20:00+01:00,3604.9355,2090.5422,499.91904,213.78033,396.00735,586209.7,38939
2013-12-22 13:30:00+01:00,3322.62,1998.6561,481.37292,182.8624,418.10077,582097.56,39334
2013-12-22 13:40:00+01:00,3709.6123,2118.2163,523.12317,161.03226,430.2499,578763.5,39442
2013-12-22 13:50:00+01:00,3698.953,2046.2311,493.44873,154.21242,448.66132,586417.6,40021
2013-12-22 14:00:00+01:00,3807.0195,2005.1089,613.05676,154.07074,436.88544,593907.25,40490
2013-12-22 14:10:00+01:00,3881.282,2134.599,622.0891,140.06178,456.639,597738.6,39852
2013-12-22 14:20:00+01:00,4090.7812,2146.1335,585.4621,140.91891,490.64215,609486.2,39619
2013-12-22 14:30:00+01:00,4110.3506,2083.6038,575.93835,131.71124,496.71808,611399.6,39532
2013-12-22 14:40:00+01:00,4074.694,2265.5212,565.0086,138.7861,470.67657,613346.75,38430
2013-12-22 14:50:00+01:00,3939.6633,2261.104,508.62466,149.30727,502.33228,620908.44,37568
2013-12-22 15:00:00+01:00,4441.4775,2310.0312,573.56366,141.23288,503.95193,628164.6,40075
2013-12-22 15:10:00+01:00,4475.815,2401.2407,540.985,129.83612,471.88358,631931.1,39985
2013-12-22 15:20:00+01:00,4638.5596,2304.6191,499.356,154.62274,462.49496,629372.7,40833
2013-12-22 15:30:00+01:00,4911.654,2281.7644,538.56976,146.01459,448.43665,632961.56,39353
2013-12-22 15:40:00+01:00,4693.6177,2348.8733,542.69696,137.37175,413.39355,633518.56,39192
2013-12-22 15:50:00+01:00,4772.3213,2395.8262,526.4454,149.58946,395.70874,637769.94,39528
2013-12-22 16:00:00+01:00,4917.9443,2172.3372,529.1865,169.82927,447.95505,643770.2,40901
2013-12-22 16:10:00+01:00,5202.0366,2329.1118,572.53143,138.83698,490.19498,642102.44,39370
2013-12-22 16:20:00+01:00,5496.4404,2651.8508,532.5491,144.26129,403.63058,645302.7,38832
2013-12-22 16:30:00+01:00,5148.8115,2556.0718,580.42566,131.6449,434.97827,645586.75,39437
2013-12-22 16:40:00+01:00,5170.4727,2471.201,647.1941,135.6851,433.31943,651677.8,40365
2013-12-22 16:50:00+01:00,5197.569,2486.2012,558.88586,151.78918,404.95654,652783.6,39495
2013-12-22 17:00:00+01:00,5111.8765,2402.3154,547.6403,152.49605,365.88504,652068.4,40628
2013-12-22 17:10:00+01:00,5203.0317,2440.9219,564.81726,140.72813,388.70264,649907.5,40917
2013-12-22 17:20:00+01:00,4704.4346,2260.968,590.0939,146.03307,330.00327,655011.3,40294
2013-12-22 17:30:00+01:00,4574.6064,2325.243,563.39,154.5794,433.3498,652891.75,39874
2013-12-22 17:40:00+01:00,4689.867,2008.1633,624.62726,129.27795,366.4132,650211.94,40068
2013-12-22 17:50:00+01:00,4508.6577,2312.8545,532.387,160.79193,386.35822,652017.5,41138
2013-12-22 18:00:00+01:00,4076.4365,1884.4529,516.37805,157.23021,430.7879,652466.9,39930
2013-12-22 18:10:00+01:00,3945.8662,2071.2512,556.71545,146.34409,386.8348,647187.3,41111
2013-12-22 18:20:00+01:00,3792.1099,1986.6576,513.04004,139.71913,377.1426,647479.5,40010
2013-12-22 18:30:00+01:00,3426.2136,1833.105,496.24182,139.39687,409.97018,646530.9,40160
2013-12-22 18:40:00+01:00,3258.95,1691.1321,521.32025,140.68225,416.04993,640533.3,40566
2013-12-22 18:50:00+01:00,3132.6306,1681.0178,449.22076,135.50885,366.84903,637019.94,38621
2013-12-22 19:00:00+01:00,2755.7332,1457.5157,456.61038,147.31262,367.74384,631854.5,39799
2013-12-22 19:10:00+01:00,2439.4658,1255.7268,406.3913,173.20909,437.83572,635202.6,40369
2013-12-22 19:20:00+01:00,2133.372,1255.9373,376.73846,162.85712,401.3337,619060.44,39273
2013-12-22 19:30:00+01:00,1886.3403,1104.2017,331.3848,163.11284,386.5827,624301.9,38631
2013-12-22 19:40:00+01:00,1736.2622,929.8861,360.7096,144.97899,421.58896,617576.6,39216
2013-12-22 19:50:00+01:00,1414.5424,896.4366,288.14633,161.82983,440.98642,602141.7,38563
2013-12-22 20:00:00+01:00,1426.4116,807.0841,307.3615,182.44049,475.64365,605217.94,40272
2013-12-22 20:10:00+01:00,1313.5432,1002.8872,340.1692,159.57094,512.3594,594207.7,37928
2013-12-22 20:20:00+01:00,1210.7015,794.06885,283.19955,140.98988,421.94525,580149.56,37016
2013-12-22 20:30:00+01:00,1004.9643,773.29156,283.03537,145.1749,491.21414,589841.8,37626
2013-12-22 20:40:00+01:00,878.2758,666.1855,243.07599,147.47968,446.70535,582764.25,36972
2013-12-22 20:50:00+01:00,916.84094,663.6102,211.0859,167.29193,440.4012,575072.4,36124
2013-12-22 21:00:00+01:00,756.3445,622.58167,229.33755,190.33617,440.17398,576074.1,34656
2013-12-22 21:10:00+01:00,573.80096,596.79895,252.6313,149.99019,453.74316,572796.7,33058
2013-12-22 21:20:00+01:00,561.53125,650.94525,232.55635,141.4014,423.34366,566537.2,34010
2013-12-22 21:30:00+01:00,604.3314,500.13675,243.38852,127.77752,448.85532,573437.94,34334
2013-12-22 21:40:00+01:00,415.2736,519.0877,239.4494,127.63937,453.4398,568836.44,33489
2013-12-22 21:50:00+01:00,512.7652,522.98975,226.13972,137.36821,523.77124,562702.25,33662
2013-12-22 22:00:00+01:00,696.9035,535.3907,218.93285,134.58417,529.1693,560625.06,31081
2013-12-22 22:10:00+01:00,547.44727,484.15634,234.47743,116.294464,480.94965,552678.1,31485
2013-12-22 22:20:00+01:00,431.02182,455.88104,231.87494,126.26028,512.81055,546263.3,29873
2013-12-22 22:30:00+01:00,381.10562,444.85413,213.88354,136.05292,538.33215,546628.94,29649
2013-12-22 22:40:00+01:00,402.65027,423.22687,209.93727,136.7688,548.0379,553295.3,31911
2013-12-22 22:50:00+01:00,363.70206,406.41708,209.09282,130.01639,482.88812,539373.56,33886
2013-12-22 23:00:00+01:00,364.70596,471.26865,213.30539,124.96102,442.55392,536721.4,31281
2013-12-22 23:10:00+01:00,293.6267,413.9503,238.21701,139.72836,465.79468,528145.2,29424
2013-12-22 23:20:00+01:00,271.79803,342.5726,188.37274,128.91573,479.4688,520149.94,29518
2013-12-22 23:30:00+01:00,254.00237,381.97705,219.61612,138.74734,481.34854,515549.2,28986
2013-12-22 23:40:00+01:00,280.6933,298.52628,247.00484,123.025444,421.57608,499574.72,28938
2013-12-22 23:50:00+01:00,230.58522,353.7261,202.41368,122.25279,407.66003,487169.66,27804
2013-12-23 00:00:00+01:00,387.96762,346.68527,254.67387,120.054695,382.84146,481541.28,26948
2013-12-23 00:10:00+01:00,304.68597,342.67206,260.00098,116.978035,349.21188,458617.56,25126
2013-12-23 00:20:00+01:00,224.13417,316.5327,190.74252,115.00969,328.08923,445502.16,23875
2013-12-23 00:30:00+01:00,207.78978,324.01608,237.62634,105.1159,342.70648,437166.16,23254
2013-12-23 00:40:00+01:00,174.19855,267.51175,207.7769,108.43914,353.30066,417253.53,22571
2013-12-23 00:50:00+01:00,156.3859,322.2856,191.04552,112.51676,341.24216,402012.16,22629
2013-12-23 01:00:00+01:00,171.40196,269.72583,210.34709,104.35856,339.3502,393301.56,21099
2013-12-23 01:10:00+01:00,182.20656,258.04205,210.7573,107.85571,308.11755,377437.25,19655
2013-12-23 01:20:00+01:00,152.66039,305.5058,179.14813,104.71619,299.28555,364989.44,18827
2013-12-23 01:30:00+01:00,154.74796,249.87851,180.50514,99.06481,306.9588,362087.2,19022
2013-12-23 01:40:00+01:00,180.65022,207.37697,178.1867,96.99963,290.3662,349129.6,18407
2013-12-23 01:50:00+01:00,137.16321,204.59895,154.55986,97.5531,278.01328,334738.75,17525
2013-12-23 02:00:00+01:00,144.59659,214.5287,164.91806,92.26694,268.67087,340184.78,18159
2013-12-23 02:10:00+01:00,162.69023,226.06013,188.7155,88.05471,267.93408,327618.88,16543
2013-12-23 02:20:00+01:00,129.4593,212.23422,147.67311,91.92968,222.96233,321124.56,16691
2013-12-23 02:30:00+01:00,131.64513,231.45798,150.38391,89.719406,205.6047,319623.25,16761
2013-12-23 02:40:00+01:00,146.107,219.5272,165.91568,95.300514,191.9401,307773.62,14854
2013-12-23 02:50:00+01:00,128.58498,222.96886,153.7133,96.33476,209.89494,301707.34,16339
2013-12-23 03:00:00+01:00,121.3954,184.4874,161.58922,86.387215,181.45724,307611.9,15747
2013-12-23 03:10:00+01:00,145.62874,217.94691,160.76907,90.42991,169.35706,292772.16,15096
2013-12-23 03:20:00+01:00,132.18423,265.03613,142.34453,105.32617,186.82799,290312.22,15231
2013-12-23 03:30:00+01:00,168.81944,220.85979,138.41075,108.87528,171.42554,299654.6,15773
2013-12-23 03:40:00+01:00,142.09857,218.3482,155.55312,85.42615,160.36664,281071.1,14839
2013-12-23 03:50:00+01:00,115.9805,225.30669,144.88612,94.937065,178.88931,278700.2,15878
2013-12-23 04:00:00+01:00,118.83003,186.44621,134.77725,83.97893,156.06815,278906.78,15467
2013-12-23 04:10:00+01:00,151.54852,178.85046,154.81624,84.227936,146.36981,269301.3,15549
2013-12-23 04:20:00+01:00,145.02596,203.04327,158.76614,89.90109,168.67749,268262.94,15391
2013-12-23 04:30:00+01:00,125.90408,192.12714,155.22601,92.98566,123.96966,269379.2,16100
2013-12-23 04:40:00+01:00,131.97104,191.98041,137.6439,87.48276,155.7345,265296.0,16468
2013-12-23 04:50:00+01:00,126.833435,224.29637,136.44914,91.915474,180.71892,264889.0,16064
2013-12-23 05:00:00+01:00,125.809425,225.93579,145.50545,94.5387,142.58325,268482.94,16959
2013-12-23 05:10:00+01:00,165.01137,235.1279,143.33992,78.05506,133.6892,265821.03,18561
2013-12-23 05:20:00+01:00,112.958824,271.04285,150.14906,90.80194,156.16544,266423.1,18247
2013-12-23 05:30:00+01:00,139.97197,238.46692,148.15085,89.3357,143.38849,270408.22,18747
2013-12-23 05:40:00+01:00,156.30774,244.78795,168.43163,92.125046,131.45871,271053.7,18276
2013-12-23 05:50:00+01:00,157.82397,239.49757,165.55132,86.02769,160.3176,273466.34,19209
2013-12-23 06:00:00+01:00,132.26828,236.46625,163.49388,86.21948,138.55115,282452.8,21801
2013-12-23 06:10:00+01:00,142.93729,234.20401,180.17786,80.44738,139.95404,284682.53,20605
2013-12-23 06:20:00+01:00,126.29489,276.6424,189.93956,102.04888,161.50366,290783.88,22064
2013-12-23 06:30:00+01:00,121.931404,246.26518,168.03688,111.70852,146.63086,301523.8,23188
2013-12-23 06:40:00+01:00,160.98196,280.34866,170.13695,99.162415,145.68875,312453.22,22830
2013-12-23 06:50:00+01:00,157.02063,294.65515,197.47261,101.37337,166.29903,322238.8,24709
2013-12-23 07:00:00+01:00,144.87556,234.82504,218.4656,107.33544,166.04689,341153.1,26745
2013-12-23 07:10:00+01:00,176.7141,266.7033,265.86792,107.74112,191.75992,358717.03,27262
2013-12-23 07:20:00+01:00,209.23477,311.1537,243.2783,118.29961,219.00276,373026.94,28945
2013-12-23 07:30:00+01:00,214.90529,289.6478,296.59912,117.73029,196.6182,397996.06,30480
2013-12-23 07:40:00+01:00,211.73691,390.37106,300.89273,133.08723,212.03337,414916.1,31457
2013-12-23 07:50:00+01:00,253.669,463.78882,431.49066,129.63286,234.43333,428126.28,33411
2013-12-23 08:00:00+01:00,308.77698,515.6009,464.4954,153.40164,251.63452,464177.9,34423
2013-12-23 08:10:00+01:00,367.24094,492.71793,573.9877,157.80077,250.15744,482241.25,36278
2013-12-23 08:20:00+01:00,373.2496,638.6925,719.0477,169.09895,283.10217,493039.12,37353
2013-12-23 08:30:00+01:00,411.7278,674.59894,861.63135,196.528,315.71106,523647.94,37647
2013-12-23 08:40:00+01:00,466.16205,746.59534,938.28265,188.723,254.3001,531825.44,41308
2013-12-23 08:50:00+01:00,521.6106,865.86383,1133.0563,206.3787,292.41895,547470.25,39959
2013-12-23 09:00:00+01:00,571.05524,910.21204,1204.7081,230.18095,315.16272,570101.94,41352
2013-12-23 09:10:00+01:00,663.8134,994.1425,1375.8795,198.36525,299.95496,574336.4,41147
2013-12-23 09:20:00+01:00,692.79364,1033.79,1456.8087,234.33063,311.73795,581481.8,42192
2013-12-23 09:30:00+01:00,820.352,1164.401,1508.17,210.96373,344.36783,601081.6,44106
2013-12-23 09:40:00+01:00,895.6212,1156.3524,1646.1456,240.96835,323.41785,603657.3,43735
2013-12-23 09:50:00+01:00,924.09894,1292.6567,1503.6432,258.33307,339.92233,615267.44,43116
2013-12-23 10:00:00+01:00,1099.8231,1292.29,1550.3252,225.0758,354.49847,627886.7,45501
2013-12-23 10:10:00+01:00,1265.6769,1434.5774,1714.339,235.45497,310.1196,630732.2,46389
2013-12-23 10:20:00+01:00,1368.7412,1512.1058,1744.3252,245.75534,349.02493,644627.7,46700
2013-12-23 10:30:00+01:00,1646.1821,1682.9279,1787.4697,247.73697,394.08923,651724.06,47060
2013-12-23 10:40:00+01:00,2077.1697,1903.0159,1877.3903,239.31042,364.3083,657317.75,47807
2013-12-23 10:50:00+01:00,2258.7212,1996.8259,1981.1757,244.20679,334.4653,670483.9,47381
2013-12-23 11:00:00+01:00,2432.328,1812.3798,1976.2267,273.25372,369.0642,675057.56,46222
2013-12-23 11:10:00+01:00,2650.9578,2118.124,1852.2063,235.67879,392.2606,675845.94,47927
2013-12-23 11:20:00+01:00,2716.2898,2177.1177,1998.9263,266.234,402.7245,688020.94,49008
2013-12-23 11:30:00+01:00,3044.1638,2058.151,1855.07,237.91844,385.0091,684126.5,48057
2013-12-23 11:40:00+01:00,3261.487,2275.257,1896.4675,220.0208,410.5508,686803.6,47313
2013-12-23 11:50:00+01:00,3462.7134,2356.9966,2033.2471,242.51312,379.2377,685474.3,46181
2013-12-23 12:00:00+01:00,3666.0515,2454.4907,1924.9395,240.19241,399.2515,698304.2,47197
2013-12-23 12:10:00+01:00,3914.9473,2538.3215,1956.0035,237.20483,441.63068,691324.8,46520
2013-12-23 12:20:00+01:00,3766.899,2786.4746,1917.6528,227.85344,429.99014,690493.8,47792
2013-12-23 12:30:00+01:00,4210.6245,2725.078,1873.9198,244.07063,431.29303,703449.0,48591
2013-12-23 12:40:00+01:00,4147.826,2643.1348,1968.6058,269.85806,430.7495,699307.0,47374
2013-12-23 12:50:00+01:00,4162.561,2906.3635,2223.9712,268.08282,452.13702,689919.75,44987
2013-12-23 13:00:00+01:00,4128.7314,2684.4998,2026.7899,251.9896,498.2607,709363.2,46387
2013-12-23 13:10:00+01:00,4495.7446,2892.2732,2070.2712,223.83128,455.3852,699807.0,45930
2013-12-23 13:20:00+01:00,4276.803,2923.3062,2023.1484,243.36722,529.0817,695521.56,46301
2013-12-23 13:30:00+01:00,4533.9043,2613.5774,2140.7485,229.99094,466.80853,701701.25,46438
2013-12-23 13:40:00+01:00,4463.2026,2818.1648,2071.568,221.84454,474.60916,696067.7,45576
2013-12-23 13:50:00+01:00,4623.1445,2880.064,2083.489,232.7269,516.41095,700880.4,44182
2013-12-23 14:00:00+01:00,4400.665,2638.1396,2003.0698,228.17468,450.7894,700531.9,44296
2013-12-23 14:10:00+01:00,4527.6377,2798.4133,2111.3254,240.3226,492.24097,693319.06,45951
2013-12-23 14:20:00+01:00,4127.6343,3081.7817,2058.452,254.60252,544.38544,702868.44,44601
2013-12-23 14:30:00+01:00,4316.213,2959.648,2145.7017,231.66357,502.75806,705950.4,44658
2013-12-23 14:40:00+01:00,3928.225,2735.0886,2240.8896,256.84174,496.77646,692573.7,43378
2013-12-23 14:50:00+01:00,4102.658,3020.269,2069.083,247.22357,512.00385,695999.6,45650
2013-12-23 15:00:00+01:00,4205.9253,2797.622,1914.2981,218.89806,423.80002,701352.5,45797
2013-12-23 15:10:00+01:00,3968.3555,3024.7905,1887.5637,247.39267,452.55707,694660.44,45429
2013-12-23 15:20:00+01:00,4051.7185,2726.7427,1896.5537,236.858,444.4992,693289.6,46442
2013-12-23 15:30:00+01:00,4362.942,2783.6653,1876.6854,235.8977,511.92172,698212.0,46891
2013-12-23 15:40:00+01:00,4248.635,2889.989,1869.069,238.48135,413.03207,688891.4,43476
2013-12-23 15:50:00+01:00,4230.364,2770.745,1984.53,229.66849,438.1005,694963.3,45803
2013-12-23 16:00:00+01:00,4216.8286,2889.843,1905.1251,220.89696,404.7905,698680.4,45731
2013-12-23 16:10:00+01:00,4286.039,3042.6707,1971.177,228.77513,426.6965,696797.25,45190
2013-12-23 16:20:00+01:00,4414.342,2886.8909,1796.7655,227.86664,397.98883,696486.8,43999
2013-12-23 16:30:00+01:00,4398.8384,2925.1245,1778.7799,223.79729,416.64996,703372.7,47861
2013-12-23 16:40:00+01:00,4582.3657,2787.089,1844.0756,232.26689,426.05618,696804.9,46938
2013-12-23 16:50:00+01:00,4244.6826,2707.844,1722.4532,220.33894,351.73666,700988.3,46951
2013-12-23 17:00:00+01:00,4124.8643,2849.0388,1750.2614,220.59627,435.27332,704048.0,45901
2013-12-23 17:10:00+01:00,3930.928,2782.1887,1699.0583,239.81267,401.00888,693689.94,44805
2013-12-23 17:20:00+01:00,3994.6523,2830.6992,1624.944,225.0949,433.19916,699024.9,45669
2013-12-23 17:30:00+01:00,3798.7205,2633.683,1558.1583,199.00702,404.0401,705499.5,45262
2013-12-23 17:40:00+01:00,3861.3357,2672.4941,1537.2252,207.1,394.11133,694615.6,46145
2013-12-23 17:50:00+01:00,3540.2705,2612.0134,1501.5919,211.44884,358.83008,691942.3,44013
2013-12-23 18:00:00+01:00,3320.3906,2435.3962,1323.2273,206.2846,405.17706,696961.6,45290
2013-12-23 18:10:00+01:00,3351.3633,2145.5574,1193.9719,197.61852,413.61603,683947.0,43965
2013-12-23 18:20:00+01:00,3193.0884,2144.769,1119.0045,169.82404,428.8757,680320.0,45220
2013-12-23 18:30:00+01:00,3101.5002,1959.1848,1064.01,173.72464,455.5069,677919.94,45004
2013-12-23 18:40:00+01:00,3071.4734,1932.7623,980.56104,168.23773,359.1603,665748.3,42682
2013-12-23 18:50:00+01:00,2614.3884,1792.8064,886.63196,155.14757,382.63535,662184.56,42877
2013-12-23 19:00:00+01:00,2346.2559,1609.2194,841.56464,150.35309,406.5104,651277.25,43839
2013-12-23 19:10:00+01:00,2013.7988,1397.0145,828.21674,171.5975,355.8856,639741.9,43152
2013-12-23 19:20:00+01:00,2200.6528,1332.636,747.60254,152.90553,351.76617,629327.9,41556
2013-12-23 19:30:00+01:00,1790.6019,1107.8901,634.2149,181.45259,369.7117,623238.2,43449
2013-12-23 19:40:00+01:00,1580.1117,1191.3857,701.91534,156.84943,437.17374,611616.7,41777
2013-12-23 19:50:00+01:00,1568.4008,1078.2333,552.0798,163.98003,355.11713,600673.1,40404
2013-12-23 20:00:00+01:00,1323.6715,917.47833,545.55786,174.58069,416.3575,598856.06,42586
2013-12-23 20:10:00+01:00,1360.538,886.01196,593.1078,166.46474,428.33813,585923.9,40042
2013-12-23 20:20:00+01:00,1215.4615,859.1678,502.16684,166.47508,414.44104,579321.6,38725
2013-12-23 20:30:00+01:00,1029.1356,944.84204,505.0661,159.42903,471.4363,582433.8,39521
2013-12-23 20:40:00+01:00,974.7835,724.3453,425.26123,157.54593,477.41348,576811.25,37439
2013-12-23 20:50:00+01:00,750.10986,676.6585,340.77148,152.7638,486.2483,571153.5,37185
2013-12-23 21:00:00+01:00,718.4207,727.4223,413.57993,140.05551,438.5865,571627.94,36345
2013-12-23 21:10:00+01:00,616.5672,693.0568,417.8118,146.39583,416.08762,565699.7,35563
2013-12-23 21:20:00+01:00,507.14236,709.5209,391.1339,130.35274,479.95023,561422.5,35367
2013-12-23 21:30:00+01:00,529.56836,650.3321,321.26718,131.4505,511.94397,559756.5,35854
2013-12-23 21:40:00+01:00,504.90067,623.05804,393.24628,139.30547,455.1899,550678.4,35175
2013-12-23 21:50:00+01:00,502.33563,631.0219,297.62253,138.51701,515.1628,549258.75,34100
2013-12-23 22:00:00+01:00,504.33264,566.32336,314.9646,126.00312,477.28003,545573.5,32653
2013-12-23 22:10:00+01:00,463.7892,551.37366,294.2942,145.51324,488.93396,535498.25,33472
2013-12-23 22:20:00+01:00,463.16937,591.1482,277.8036,134.7929,428.45117,535836.1,30447
2013-12-23 22:30:00+01:00,348.6034,531.72363,276.53705,122.23395,495.563,535879.0,30730
2013-12-23 22:40:00+01:00,262.72617,439.0342,335.6401,141.49036,491.73068,525581.4,30222
2013-12-23 22:50:00+01:00,265.33228,448.5937,249.2046,126.19139,375.32138,517365.2,30703
2013-12-23 23:00:00+01:00,318.04633,349.3355,296.72934,137.8974,372.59503,512860.0,29352
2013-12-23 23:10:00+01:00,245.35753,319.7879,312.91068,128.96744,418.88647,501264.88,29115
2013-12-23 23:20:00+01:00,216.56973,346.54807,257.6012,128.35358,425.48682,493068.5,27822
2013-12-23 23:30:00+01:00,214.6679,301.87067,323.50113,124.705505,406.0958,487601.2,27741
2013-12-23 23:40:00+01:00,208.97893,427.25607,293.94342,134.06032,456.53745,471962.94,26307
2013-12-23 23:50:00+01:00,249.96558,338.70316,224.21562,134.44325,391.19562,468349.53,25288
2013-12-24 00:00:00+01:00,253.21288,336.92487,265.56512,107.38809,356.92798,441540.38,26178
2013-12-24 00:10:00+01:00,221.08675,305.12668,241.82579,95.312195,404.1749,418518.03,24882
2013-12-24 00:20:00+01:00,234.42375,285.07263,239.36191,111.442,432.4493,428120.25,23621
2013-12-24 00:30:00+01:00,170.65128,319.3306,226.57718,103.58458,404.4654,412101.38,22209
2013-12-24 00:40:00+01:00,125.93652,260.8625,219.08514,110.40118,388.95142,393590.7,22037
2013-12-24 00:50:00+01:00,139.2064,267.85226,188.2849,102.64029,369.6799,385200.28,21692
2013-12-24 01:00:00+01:00,156.68678,234.54355,209.2572,101.62118,297.8189,378552.44,21460
2013-12-24 01:10:00+01:00,118.58636,254.50706,200.69852,89.130424,279.81824,361659.97,19306
2013-12-24 01:20:00+01:00,126.98709,275.90155,173.90259,84.33011,260.47723,352069.47,19121
2013-12-24 01:30:00+01:00,125.92778,258.16486,180.09521,90.89472,247.18402,348518.7,19563
2013-12-24 01:40:00+01:00,121.30371,285.57794,185.60678,91.31425,231.04839,334321.6,18413
2013-12-24 01:50:00+01:00,110.9219,316.20724,174.84755,86.129234,220.02596,325754.62,17489
2013-12-24 02:00:00+01:00,115.736694,259.02628,187.82219,82.36145,187.9596,324125.8,18620
2013-12-24 02:10:00+01:00,117.425964,267.38254,178.59781,86.28038,192.1621,309526.12,16955
2013-12-24 02:20:00+01:00,114.94545,274.43597,156.0547,77.86895,173.06534,306441.0,16970
2013-12-24 02:30:00+01:00,101.52845,232.83919,159.098,86.08618,146.86075,303863.12,17093
2013-12-24 02:40:00+01:00,91.70531,220.90791,181.53162,78.78448,159.29187,295304.56,16684
2013-12-24 02:50:00+01:00,113.896675,223.98378,157.33408,74.981224,168.86884,292097.06,15875
2013-12-24 03:00:00+01:00,93.20104,224.92699,168.50168,77.86798,206.30934,296615.97,15990
2013-12-24 03:10:00+01:00,103.97268,265.22598,191.02765,72.092255,173.27336,285639.5,16220
2013-12-24 03:20:00+01:00,105.538895,250.1322,176.36032,78.28242,155.25284,278265.5,15347
2013-12-24 03:30:00+01:00,89.307625,236.4337,166.33409,81.67251,138.36545,281551.75,15453
2013-12-24 03:40:00+01:00,103.471756,247.70004,183.86281,81.62286,136.9576,267491.72,15058
2013-12-24 03:50:00+01:00,103.58887,240.53148,177.65143,72.45879,134.03932,271308.53,15634
2013-12-24 04:00:00+01:00,102.25544,173.5033,174.60526,76.349236,143.67612,267648.88,15473
2013-12-24 04:10:00+01:00,94.52494,165.18674,196.02179,82.40072,126.67579,256234.81,15179
2013-12-24 04:20:00+01:00,101.440765,180.35501,168.78287,75.27566,114.4585,258592.45,16190
2013-12-24 04:30:00+01:00,91.048706,178.55194,154.11655,79.013336,117.05278,260462.97,17150
2013-12-24 04:40:00+01:00,107.954285,161.14111,166.83653,67.84894,117.42688,249993.62,16141
2013-12-24 04:50:00+01:00,105.8732,201.26895,160.89221,76.44785,120.98163,256340.38,16909
2013-12-24 05:00:00+01:00,105.84139,199.2605,154.96849,76.20367,114.5477,259786.3,17669
2013-12-24 05:10:00+01:00,109.27943,182.20209,177.64305,72.48936,118.32712,251122.67,16523
2013-12-24 05:20:00+01:00,126.06657,222.0996,157.23431,69.87344,116.09812,257054.48,17295
2013-12-24 05:30:00+01:00,162.88985,211.11339,160.9295,77.93372,118.81676,261582.03,18094
2013-12-24 05:40:00+01:00,103.49644,173.95364,226.51297,74.233505,110.85494,256700.2,16327
2013-12-24 05:50:00+01:00,138.73178,223.81361,172.93576,75.17671,117.456436,261268.88,19034
2013-12-24 06:00:00+01:00,123.12823,214.4754,181.57681,84.35374,109.96028,268610.62,20118
2013-12-24 06:10:00+01:00,119.966835,237.74486,211.4284,66.94228,122.88386,264793.28,20786
2013-12-24 06:20:00+01:00,105.591644,248.79962,201.24783,72.81228,132.31139,272234.22,20463
2013-12-24 06:30:00+01:00,133.68524,254.29031,182.74574,83.37652,137.39442,282947.34,21750
2013-12-24 06:40:00+01:00,136.05928,234.1103,247.13799,75.86317,126.97882,288390.84,22464
2013-12-24 06:50:00+01:00,155.52155,265.31888,195.07486,82.17029,132.19693,297531.22,21982
2013-12-24 07:00:00+01:00,168.78513,277.23978,185.09438,86.92579,169.31377,313335.28,25434
2013-12-24 07:10:00+01:00,144.69595,316.40152,230.2659,81.141304,154.9111,312822.3,26432
2013-12-24 07:20:00+01:00,141.65955,332.096,274.5805,90.449844,159.39938,327978.3,27443
2013-12-24 07:30:00+01:00,153.12341,334.07742,238.43802,99.63759,175.29279,351029.88,27461
2013-12-24 07:40:00+01:00,155.48387,329.1913,320.07947,100.31388,165.76671,358787.22,29417
2013-12-24 07:50:00+01:00,155.26463,432.21524,350.19485,103.774925,177.68773,376519.88,30185
2013-12-24 08:00:00+01:00,210.57141,495.36234,345.6105,119.73058,171.18402,402748.06,33524
2013-12-24 08:10:00+01:00,218.13678,643.3787,539.00806,115.27383,179.23314,409678.25,32865
2013-12-24 08:20:00+01:00,242.0293,656.1922,527.8135,130.2306,208.54196,423856.7,33373
2013-12-24 08:30:00+01:00,324.28372,654.8403,732.1982,130.6543,195.76602,444434.3,35221
2013-12-24 08:40:00+01:00,344.61084,694.6729,851.2151,136.72711,213.66667,452607.8,35582
2013-12-24 08:50:00+01:00,346.4423,794.30585,692.2461,137.54752,218.946,467324.22,37638
2013-12-24 09:00:00+01:00,427.34073,743.967,894.7518,131.23787,227.95633,490603.8,38840
2013-12-24 09:10:00+01:00,529.75146,763.4818,1067.1622,137.07454,238.18382,494954.4,38116
2013-12-24 09:20:00+01:00,473.2872,791.1742,985.0695,143.21088,224.02467,510770.0,39704
2013-12-24 09:30:00+01:00,637.24634,957.69476,1043.868,133.85805,223.42464,525510.3,41225
2013-12-24 09:40:00+01:00,657.1186,1026.8467,1067.34,128.46823,267.3677,529942.06,40478
2013-12-24 09:50:00+01:00,827.3773,1023.1685,1010.82434,139.4143,280.15036,546490.4,43857
2013-12-24 10:00:00+01:00,1076.7484,1024.7659,1224.0195,136.42659,364.43115,557525.44,43293
2013-12-24 10:10:00+01:00,1261.4844,1097.5486,1109.7616,164.73167,313.92166,564210.56,44209
2013-12-24 10:20:00+01:00,1197.858,1125.6277,1113.4147,169.178,266.1592,577226.0,43440
2013-12-24 10:30:00+01:00,1317.4524,1115.555,1187.1246,154.76375,288.65265,588534.7,45789
2013-12-24 10:40:00+01:00,1222.1345,1123.8817,1267.3749,149.29434,299.04126,591624.25,43939
2013-12-24 10:50:00+01:00,1396.3307,1337.769,1129.962,168.16656,293.54868,603924.0,46779
2013-12-24 11:00:00+01:00,1654.1324,1373.1211,1201.0634,141.22887,343.1074,612515.7,46592
2013-12-24 11:10:00+01:00,1588.633,1455.0007,1248.139,149.46988,322.09644,614071.94,46860
2013-12-24 11:20:00+01:00,1559.4297,1598.2605,1349.9436,149.15427,338.118,615852.25,47309
2013-12-24 11:30:00+01:00,1766.0186,1582.5171,1381.3141,140.42691,341.3069,623743.6,46140
2013-12-24 11:40:00+01:00,1957.2017,1522.679,1348.3096,141.77762,336.4127,621318.8,44693
2013-12-24 11:50:00+01:00,1787.0159,1688.6821,1255.14,138.80966,301.20618,621660.0,46582
2013-12-24 12:00:00+01:00,2067.1973,1694.7871,1256.9385,143.28395,325.14096,629790.3,47755
2013-12-24 12:10:00+01:00,2252.8914,1689.0161,1322.1858,136.59665,324.8776,621067.5,46691
2013-12-24 12:20:00+01:00,2483.7175,1921.1714,1302.0586,146.37254,323.12457,620388.75,46533
2013-12-24 12:30:00+01:00,2337.704,1846.321,1302.8302,156.83025,340.9348,618275.44,46051
2013-12-24 12:40:00+01:00,2345.8633,1819.2914,1340.9928,132.88562,335.93375,609763.2,46647
2013-12-24 12:50:00+01:00,2384.47,1702.6796,1253.6248,158.01793,327.33676,611508.0,46463
2013-12-24 13:00:00+01:00,2493.18,1965.0123,1115.2961,168.38654,300.89752,617362.0,46198
2013-12-24 13:10:00+01:00,2504.7717,1801.8822,1094.3613,162.1185,314.1896,605064.1,44252
2013-12-24 13:20:00+01:00,2447.721,1835.8726,1079.8851,164.32036,376.03323,605838.25,46532
2013-12-24 13:30:00+01:00,2469.4617,1726.2169,1107.7964,148.45255,357.0237,611475.6,44528
2013-12-24 13:40:00+01:00,2481.2612,1747.5583,965.04205,144.94945,371.70554,605405.06,43735
2013-12-24 13:50:00+01:00,2351.2898,1744.7754,871.14874,153.07132,385.98413,608856.2,45583
2013-12-24 14:00:00+01:00,2613.4265,1606.028,738.03375,136.05545,415.05508,611218.7,45656
2013-12-24 14:10:00+01:00,2542.6055,1683.9429,705.20764,146.94612,418.56653,608149.6,44761
2013-12-24 14:20:00+01:00,2751.5664,1621.348,745.9126,151.24327,426.2919,610733.8,46322
2013-12-24 14:30:00+01:00,2433.881,1690.891,640.3212,157.42078,411.65466,609900.5,44974
2013-12-24 14:40:00+01:00,2466.985,1709.8955,635.2696,176.90236,393.42264,608751.4,45888
2013-12-24 14:50:00+01:00,2486.0442,1584.6786,604.6602,141.63254,373.60037,609539.56,44053
2013-12-24 15:00:00+01:00,2504.1921,1527.048,516.5561,186.78084,358.61725,615025.5,44610
2013-12-24 15:10:00+01:00,2417.3242,1555.5311,545.03455,146.84459,313.6889,606721.3,47129
2013-12-24 15:20:00+01:00,2470.6135,1678.0256,529.5724,153.23799,330.1641,612405.25,44231
2013-12-24 15:30:00+01:00,2281.6875,1599.026,493.0309,144.47563,335.51007,614326.75,46118
2013-12-24 15:40:00+01:00,2568.5056,1556.7921,548.3981,146.94917,335.23328,602730.06,45994
2013-12-24 15:50:00+01:00,2329.7817,1615.2454,501.4857,131.13786,379.78943,611209.9,44272
2013-12-24 16:00:00+01:00,2747.079,1650.8688,395.6387,153.4663,329.2161,618775.3,45564
2013-12-24 16:10:00+01:00,2380.9866,1616.9225,449.6185,142.70488,306.24634,606660.56,46419
2013-12-24 16:20:00+01:00,2508.9277,1638.886,455.54507,141.04967,323.0353,605920.9,46733
2013-12-24 16:30:00+01:00,2444.684,1616.6447,370.69434,127.76892,310.99155,614038.5,46252
2013-12-24 16:40:00+01:00,2273.9004,1534.6752,390.85153,140.87547,338.66562,604699.6,44697
2013-12-24 16:50:00+01:00,2420.443,1617.3047,401.32425,132.43364,320.8232,607652.4,46546
2013-12-24 17:00:00+01:00,2384.868,1597.4683,356.278,125.68349,308.1328,606888.06,46193
2013-12-24 17:10:00+01:00,2231.7563,1583.9377,329.8469,131.90987,373.85162,600374.25,48201
2013-12-24 17:20:00+01:00,2188.9478,1548.6108,281.99606,122.063866,313.77258,599664.0,47148
2013-12-24 17:30:00+01:00,2004.6101,1458.159,275.1279,148.94469,368.5274,605258.2,46584
2013-12-24 17:40:00+01:00,1843.4463,1259.5955,311.44702,158.2624,328.7838,592546.44,46555
2013-12-24 17:50:00+01:00,1783.6742,1224.2526,329.82983,142.37784,304.47507,588867.75,45459
2013-12-24 18:00:00+01:00,1636.8573,1150.3092,235.30525,125.6705,329.7157,590010.06,46326
2013-12-24 18:10:00+01:00,1592.1233,1145.059,256.08536,133.09506,361.48358,584048.75,44642
2013-12-24 18:20:00+01:00,1474.892,1124.0886,297.6723,112.2308,326.6161,581770.8,46666
2013-12-24 18:30:00+01:00,1297.6776,943.83093,314.68808,119.299225,375.82394,581503.1,46081
2013-12-24 18:40:00+01:00,1261.2616,785.6924,271.13348,106.60791,352.93457,571533.56,44538
2013-12-24 18:50:00+01:00,1063.7296,821.36707,235.20319,115.513756,310.18173,571134.4,46004
2013-12-24 19:00:00+01:00,989.6221,737.7241,242.13898,128.37042,287.47595,573158.44,44506
2013-12-24 19:10:00+01:00,873.9454,735.59454,213.50023,123.579254,308.69525,566637.56,45675
2013-12-24 19:20:00+01:00,643.9853,632.0702,246.9502,119.36962,306.7538,567229.75,46545
2013-12-24 19:30:00+01:00,656.6933,597.5895,219.80405,110.78613,294.6883,564932.7,46383
2013-12-24 19:40:00+01:00,506.99002,498.90005,208.07747,138.72583,340.76965,557148.4,44379
2013-12-24 19:50:00+01:00,478.45062,435.97104,225.15256,131.04294,316.247,550691.4,43977
2013-12-24 20:00:00+01:00,432.73892,428.36783,146.15947,108.89763,322.78583,544782.2,41063
2013-12-24 20:10:00+01:00,384.31744,367.37006,191.13512,132.23936,295.22186,533179.25,42307
2013-12-24 20:20:00+01:00,289.7796,346.9694,184.17172,141.7425,319.50266,528022.56,41785
2013-12-24 20:30:00+01:00,279.0146,291.07043,167.32672,106.96769,289.88733,525247.3,40885
2013-12-24 20:40:00+01:00,231.64893,269.93723,183.66798,119.66715,307.99258,518816.4,39562
2013-12-24 20:50:00+01:00,220.40733,317.17914,175.01501,124.78964,317.99136,519801.5,39672
2013-12-24 21:00:00+01:00,193.73975,297.21896,159.53622,114.00288,314.73398,519222.38,38771
2013-12-24 21:10:00+01:00,197.98705,284.84216,185.41345,114.14145,339.37512,515795.3,38381
2013-12-24 21:20:00+01:00,170.4505,282.4246,160.59761,101.96765,301.92337,517776.75,37877
2013-12-24 21:30:00+01:00,205.69765,271.38773,143.36263,99.973976,297.16034,521142.28,35991
2013-12-24 21:40:00+01:00,239.83789,284.48746,167.1146,102.81276,310.343,515902.47,36748
2013-12-24 21:50:00+01:00,247.54008,268.58072,169.4699,116.644585,302.31247,518247.94,36850
2013-12-24 22:00:00+01:00,286.58636,266.00787,138.39249,104.28558,283.9087,522496.16,35245
2013-12-24 22:10:00+01:00,315.04074,251.1672,172.80972,113.44991,284.8784,512745.44,36290
2013-12-24 22:20:00+01:00,250.54825,317.01065,158.87932,114.84969,281.81668,514005.53,34642
2013-12-24 22:30:00+01:00,311.02133,267.91666,169.70445,110.67258,252.20769,518508.88,34890
2013-12-24 22:40:00+01:00,213.5588,295.93335,176.50713,116.724106,309.1218,510073.9,34489
2013-12-24 22:50:00+01:00,227.2678,285.30737,170.1299,106.90428,296.88617,508388.12,33033
2013-12-24 23:00:00+01:00,258.96967,255.48824,165.72421,118.10779,262.1814,514826.75,32438
2013-12-24 23:10:00+01:00,252.8248,251.7737,155.86925,115.58022,249.68465,506830.0,32766
2013-12-24 23:20:00+01:00,252.58174,260.83954,186.19333,115.92154,296.01678,512090.56,32493
2013-12-24 23:30:00+01:00,231.34187,292.9339,143.35262,114.998405,279.36316,509453.16,32522
2013-12-24 23:40:00+01:00,252.81104,297.73682,150.94049,111.38976,273.17746,499363.1,32108
2013-12-24 23:50:00+01:00,248.0732,260.39285,190.80742,112.16838,250.77887,493649.72,32372
2013-12-25 00:00:00+01:00,262.66678,278.83136,178.16658,106.70047,263.7847,495922.28,34744
2013-12-25 00:10:00+01:00,282.27084,268.88574,170.59097,111.19272,253.10854,475505.72,33375
2013-12-25 00:20:00+01:00,240.3304,277.21204,162.91714,109.189865,209.26596,466835.22,31727
2013-12-25 00:30:00+01:00,268.7005,226.25403,155.42613,93.71663,215.39792,464178.66,30316
2013-12-25 00:40:00+01:00,273.87357,229.32928,138.72578,87.15655,238.45287,450190.53,28610
2013-12-25 00:50:00+01:00,234.17815,278.00064,152.2821,107.890076,192.67464,448377.38,28415
2013-12-25 01:00:00+01:00,245.47694,229.19145,131.6756,98.27686,223.64484,441378.44,27292
2013-12-25 01:10:00+01:00,275.93823,271.723,131.03954,113.6633,235.1772,429361.3,26109
2013-12-25 01:20:00+01:00,204.82622,314.3113,140.43427,107.17905,221.59166,420110.16,25950
2013-12-25 01:30:00+01:00,186.51929,282.69458,134.75258,91.04695,219.47772,410006.25,25454
2013-12-25 01:40:00+01:00,161.7584,203.76443,121.047356,98.40475,251.95589,391380.3,25991
2013-12-25 01:50:00+01:00,93.89721,197.99869,134.70628,90.18785,261.21,379602.6,24472
2013-12-25 02:00:00+01:00,99.86496,232.83678,133.70343,80.874756,244.95784,373346.25,23049
2013-12-25 02:10:00+01:00,91.15435,214.86034,137.0296,98.51599,236.64827,354577.12,21230
2013-12-25 02:20:00+01:00,77.68336,231.43204,133.50899,92.16464,219.93019,344191.66,20920
2013-12-25 02:30:00+01:00,89.218025,237.5595,138.36424,77.08913,218.25064,339209.0,20947
2013-12-25 02:40:00+01:00,85.73122,220.49466,128.19038,89.58483,196.52657,321616.34,20291
2013-12-25 02:50:00+01:00,78.85064,220.28452,123.806206,75.2656,167.65733,315239.7,19353
2013-12-25 03:00:00+01:00,87.32464,200.83667,118.09548,75.733315,191.40283,313150.12,18951
2013-12-25 03:10:00+01:00,81.36372,213.32843,120.70564,82.94319,186.0478,299584.9,17880
2013-12-25 03:20:00+01:00,70.004105,231.84534,125.481865,83.598236,140.14536,297390.75,17934
2013-12-25 03:30:00+01:00,83.79843,199.93993,114.88115,81.053246,164.61096,299430.12,17772
2013-12-25 03:40:00+01:00,87.92826,183.73962,123.17786,76.61479,161.41046,280486.0,17182
2013-12-25 03:50:00+01:00,80.90904,191.33952,117.86601,78.75359,133.07098,278634.75,15741
2013-12-25 04:00:00+01:00,87.25786,182.61906,114.273544,80.356926,156.45491,280731.62,16608
2013-12-25 04:10:00+01:00,93.71093,181.93414,127.038704,76.74617,155.60631,266153.03,16290
2013-12-25 04:20:00+01:00,73.18394,204.08748,118.25426,80.66551,134.25552,265398.03,15928
2013-12-25 04:30:00+01:00,84.56369,195.94125,117.54509,75.66531,117.83463,267282.38,16225
2013-12-25 04:40:00+01:00,80.45881,170.01,140.01431,74.37998,130.56967,256591.6,15671
2013-12-25 04:50:00+01:00,90.3407,195.22264,124.89161,72.07246,118.624504,262169.1,15963
2013-12-25 05:00:00+01:00,87.38715,195.91595,112.12008,70.692764,139.3023,259802.03,16196
2013-12-25 05:10:00+01:00,89.3843,179.10367,119.12143,67.67274,146.95464,250100.11,14643
2013-12-25 05:20:00+01:00,71.889984,202.3246,127.65763,73.62222,136.22806,257038.55,15210
2013-12-25 05:30:00+01:00,99.4418,193.42224,124.79356,63.455387,126.799,255114.42,15856
2013-12-25 05:40:00+01:00,81.195724,186.83589,124.76729,67.86326,130.29318,247607.34,15735
2013-12-25 05:50:00+01:00,83.93994,196.95702,141.8646,70.91485,113.35437,251607.66,16266
2013-12-25 06:00:00+01:00,96.07955,204.2041,110.327705,61.58549,117.509705,252064.75,17871
2013-12-25 06:10:00+01:00,76.65878,168.92326,132.86145,76.57538,122.68598,248687.98,18687
2013-12-25 06:20:00+01:00,70.77794,182.29842,138.65253,80.272026,127.558266,250444.78,17792
2013-12-25 06:30:00+01:00,89.00169,192.42113,116.55837,77.596504,120.42101,252133.6,17220
2013-12-25 06:40:00+01:00,88.724434,179.6317,129.60419,78.48924,125.51784,252351.94,18817
2013-12-25 06:50:00+01:00,88.35095,202.84616,117.31609,67.95848,111.47349,255052.38,18984
2013-12-25 07:00:00+01:00,109.76687,212.1932,99.58278,63.89286,127.63643,259224.92,19808
2013-12-25 07:10:00+01:00,108.931694,190.49622,131.00082,84.561485,114.97213,259652.12,19844
2013-12-25 07:20:00+01:00,105.87501,224.57927,110.465614,76.598495,116.301094,262182.8,20379
2013-12-25 07:30:00+01:00,94.60649,265.35236,120.07905,68.55516,123.24725,271443.4,22539
2013-12-25 07:40:00+01:00,94.15854,180.83557,121.305664,71.14807,119.089516,267801.16,22944
2013-12-25 07:50:00+01:00,108.44181,247.37054,150.47244,77.46162,127.40189,275264.2,23874
2013-12-25 08:00:00+01:00,90.85333,277.30423,113.98402,75.38233,128.43324,283531.3,28626
2013-12-25 08:10:00+01:00,108.35461,213.64407,132.66956,74.08829,150.29747,284907.38,29301
2013-12-25 08:20:00+01:00,97.59165,217.09999,120.86892,73.302536,204.48697,293077.44,31607
2013-12-25 08:30:00+01:00,96.96249,259.30228,123.36343,77.45173,193.15001,308020.62,30542
2013-12-25 08:40:00+01:00,112.36549,345.81686,134.04521,76.36843,150.81784,311522.12,32923
2013-12-25 08:50:00+01:00,110.41414,214.7151,120.015045,91.41668,134.55727,324396.56,34300
2013-12-25 09:00:00+01:00,98.146484,261.79944,136.5455,77.062996,120.487656,340861.75,35665
2013-12-25 09:10:00+01:00,119.997955,214.64319,143.53725,99.70637,144.71056,344397.4,38251
2013-12-25 09:20:00+01:00,132.06041,261.55826,137.03172,86.31765,171.9061,359011.72,39637
2013-12-25 09:30:00+01:00,148.9381,230.5435,140.18532,92.56053,161.68974,378010.9,41043
2013-12-25 09:40:00+01:00,130.30913,195.98817,141.74681,106.278305,140.62683,383657.72,39162
2013-12-25 09:50:00+01:00,120.68198,260.81055,146.27689,85.32362,141.41522,400353.06,44163
2013-12-25 10:00:00+01:00,146.49023,178.5219,140.84398,106.87464,147.86163,420375.22,45505
2013-12-25 10:10:00+01:00,152.7354,189.10892,129.91963,88.357735,174.52841,424069.25,47469
2013-12-25 10:20:00+01:00,133.11098,230.16328,162.61972,95.85424,191.24934,439351.0,48286
2013-12-25 10:30:00+01:00,165.05013,232.47145,146.1836,107.57335,176.25462,451498.12,49119
2013-12-25 10:40:00+01:00,153.39662,215.19615,171.0659,108.44533,210.53633,456022.03,49019
2013-12-25 10:50:00+01:00,148.7004,234.33855,175.32932,107.27998,200.75546,464008.53,48169
2013-12-25 11:00:00+01:00,145.2112,232.83319,137.52777,104.36909,202.64961,480200.4,48665
2013-12-25 11:10:00+01:00,193.93742,257.77234,151.93814,102.23141,220.66919,487378.03,50170
2013-12-25 11:20:00+01:00,162.19957,269.8269,145.21281,96.9625,216.58588,500630.72,50567
2013-12-25 11:30:00+01:00,165.44107,257.2473,122.93849,109.63151,207.49197,508733.75,51161
2013-12-25 11:40:00+01:00,191.2017,263.43787,140.11417,131.18752,245.73338,519138.66,51320
2013-12-25 11:50:00+01:00,219.63542,282.50827,142.93971,137.0635,228.67088,526112.4,52382
2013-12-25 12:00:00+01:00,218.78494,291.93018,138.32903,114.20657,215.54196,547740.5,51921
2013-12-25 12:10:00+01:00,228.03105,247.16675,164.11761,119.3387,270.9804,546010.0,51557
2013-12-25 12:20:00+01:00,203.72144,289.5839,144.55045,111.29624,239.22577,545062.25,50525
2013-12-25 12:30:00+01:00,252.05296,277.72202,125.291756,114.56777,260.65826,556695.8,51458
2013-12-25 12:40:00+01:00,242.11476,257.48608,146.92543,120.697334,301.89755,546754.3,50114
2013-12-25 12:50:00+01:00,191.05612,288.12357,146.08797,106.62517,259.2332,538694.3,49024
2013-12-25 13:00:00+01:00,217.37732,263.9738,121.46235,122.11042,260.7462,532326.4,47470
2013-12-25 13:10:00+01:00,180.73232,288.9286,167.32948,108.63665,264.21988,518471.56,46090
2013-12-25 13:20:00+01:00,207.14536,284.88287,154.80684,94.253525,243.783,503848.9,42188
2013-12-25 13:30:00+01:00,213.58626,261.40814,224.00809,93.66696,223.01917,500126.44,42818
2013-12-25 13:40:00+01:00,184.063,237.69983,316.25424,97.28295,224.68027,489098.38,41000
2013-12-25 13:50:00+01:00,236.63754,334.50684,257.64603,106.17569,284.53308,494254.72,41098
2013-12-25 14:00:00+01:00,213.35312,321.5922,171.90686,85.291176,267.93042,500893.56,41913
2013-12-25 14:10:00+01:00,242.05362,341.38263,201.28723,85.59153,262.0453,495117.1,40133
2013-12-25 14:20:00+01:00,249.1389,326.4384,179.45067,83.71268,274.34097,503951.6,41730
2013-12-25 14:30:00+01:00,219.15092,333.04056,131.66621,77.017975,231.24547,506592.84,41361
2013-12-25 14:40:00+01:00,189.28578,294.06635,156.95755,82.53676,251.11063,504429.97,43116
2013-12-25 14:50:00+01:00,229.56929,317.41776,150.96564,80.264275,257.61063,512636.75,42674
2013-12-25 15:00:00+01:00,269.87912,369.49585,112.46034,86.951164,236.07304,521505.06,43440
2013-12-25 15:10:00+01:00,191.45552,373.57306,147.63023,89.23691,360.59946,519869.28,41899
2013-12-25 15:20:00+01:00,208.04674,360.81833,163.46646,80.88686,373.50903,526480.4,42042
2013-12-25 15:30:00+01:00,203.2803,271.28827,138.39203,84.06195,376.11823,529988.5,42218
2013-12-25 15:40:00+01:00,199.68906,340.12677,165.29208,82.76345,376.22653,527802.44,40948
2013-12-25 15:50:00+01:00,185.0499,337.18573,173.91602,94.59079,282.6344,531586.8,42672
2013-12-25 16:00:00+01:00,207.67747,308.60464,199.73853,84.69487,288.33725,543650.5,43995
2013-12-25 16:10:00+01:00,235.06252,278.7589,181.39272,86.13439,313.4453,537875.94,43523
2013-12-25 16:20:00+01:00,306.28116,335.857,200.31635,91.81316,309.468,537830.94,41012
2013-12-25 16:30:00+01:00,233.5434,310.11493,175.73112,84.00611,325.4325,538529.1,41315
2013-12-25 16:40:00+01:00,227.07477,328.04117,187.3295,113.15523,379.93832,539960.2,41999
2013-12-25 16:50:00+01:00,270.12067,305.34534,200.04715,104.39957,348.33224,545769.5,40850
2013-12-25 17:00:00+01:00,311.10468,332.275,135.0196,92.48965,292.05603,549077.7,44085
2013-12-25 17:10:00+01:00,372.60602,355.3961,148.13867,101.3435,367.69348,551099.44,44237
2013-12-25 17:20:00+01:00,268.4303,304.2799,144.31485,121.287,352.54712,552938.2,45425
2013-12-25 17:30:00+01:00,342.45377,296.04584,138.16106,109.74448,263.58926,559888.1,42765
2013-12-25 17:40:00+01:00,285.08386,344.34482,176.62796,108.36456,261.33652,556125.94,42339
2013-12-25 17:50:00+01:00,281.04318,294.6654,156.31459,102.257095,270.44193,551608.56,42471
2013-12-25 18:00:00+01:00,355.12708,346.168,140.83188,91.394035,278.76926,544881.2,43555
2013-12-25 18:10:00+01:00,385.1626,372.97104,127.56565,105.045784,265.75916,547673.94,43238
2013-12-25 18:20:00+01:00,340.00876,337.9574,124.61004,106.32284,269.51254,552764.25,43847
2013-12-25 18:30:00+01:00,347.1442,308.0095,131.58072,122.61805,242.7233,551196.8,42991
2013-12-25 18:40:00+01:00,387.97818,268.4394,162.23462,101.958725,253.739,547700.4,43276
2013-12-25 18:50:00+01:00,375.73325,303.9862,134.9232,97.85787,265.13812,549650.94,43473
2013-12-25 19:00:00+01:00,304.3189,280.9457,131.33752,96.48177,248.7563,554443.9,42632
2013-12-25 19:10:00+01:00,332.45767,300.47253,192.83875,110.311646,275.7298,548113.75,41141
2013-12-25 19:20:00+01:00,229.34702,254.53848,166.67752,91.05,286.8588,545455.4,40975
2013-12-25 19:30:00+01:00,299.42535,218.24876,136.43213,101.24054,292.1889,547995.1,41595
2013-12-25 19:40:00+01:00,263.29025,283.46582,133.0895,117.849,235.83705,536984.06,40193
2013-12-25 19:50:00+01:00,241.6286,231.84244,145.86288,82.71212,325.9842,527717.5,40657
2013-12-25 20:00:00+01:00,271.1192,254.04326,130.6215,104.306274,301.12207,532227.4,40124
2013-12-25 20:10:00+01:00,312.1196,186.53076,152.45682,105.19729,238.39287,524775.1,37908
2013-12-25 20:20:00+01:00,286.22922,247.57204,129.4887,78.92761,251.84235,518929.88,38586
2013-12-25 20:30:00+01:00,233.61102,202.53365,129.00551,123.394844,293.09415,520963.38,36918
2013-12-25 20:40:00+01:00,195.99895,234.08029,125.28648,104.40028,250.24255,517115.16,37847
2013-12-25 20:50:00+01:00,135.34811,220.7892,151.07379,102.119125,245.95163,507494.62,36910
2013-12-25 21:00:00+01:00,191.14009,220.5919,133.28609,110.58898,261.96042,510120.3,35969
2013-12-25 21:10:00+01:00,192.79008,156.97356,164.09619,91.508514,284.1129,502629.34,35972
2013-12-25 21:20:00+01:00,204.9822,201.34221,130.19058,108.54334,294.47046,502452.25,36384
2013-12-25 21:30:00+01:00,167.41988,224.42734,118.53754,126.41494,271.46106,504209.88,34011
2013-12-25 21:40:00+01:00,191.80083,174.88367,149.81305,95.24275,237.71706,494651.56,34053
2013-12-25 21:50:00+01:00,204.98239,229.39503,131.80553,106.27222,219.86397,494736.16,33992
2013-12-25 22:00:00+01:00,287.98846,220.42123,124.56618,121.42381,305.75555,493756.1,32959
2013-12-25 22:10:00+01:00,283.54782,194.5944,151.75716,118.41271,255.36697,487192.1,32918
2013-12-25 22:20:00+01:00,222.39688,229.1763,135.61714,104.57678,382.58646,488245.88,33109
2013-12-25 22:30:00+01:00,172.57973,203.15962,163.64166,120.043686,266.67917,481049.75,30090
2013-12-25 22:40:00+01:00,162.67377,182.36623,203.68376,118.418175,288.95926,477393.7,30178
2013-12-25 22:50:00+01:00,166.70375,206.56079,179.49327,103.70824,403.01736,472634.3,30258
2013-12-25 23:00:00+01:00,160.08624,176.45476,175.24313,96.28641,249.42798,467935.56,29999
2013-12-25 23:10:00+01:00,127.240875,154.32335,184.84834,99.54551,563.51215,464858.75,30662
2013-12-25 23:20:00+01:00,129.76907,166.77243,175.1915,92.1857,584.35565,462152.88,28096
2013-12-25 23:30:00+01:00,114.1005,151.86037,188.67764,93.32298,539.85046,454228.0,28036
2013-12-25 23:40:00+01:00,121.702415,153.13867,215.27579,96.77575,450.82556,438802.38,26560
2013-12-25 23:50:00+01:00,157.68506,220.39972,181.21693,91.03862,218.49045,433573.22,25131
2013-12-26 00:00:00+01:00,155.36646,220.07274,149.4261,111.21046,245.9931,428350.56,24492
2013-12-26 00:10:00+01:00,141.59984,201.7968,153.42398,104.44368,277.88068,413842.25,23141
2013-12-26 00:20:00+01:00,129.49828,214.52171,142.98087,87.89079,244.83852,405201.78,22821
2013-12-26 00:30:00+01:00,122.49952,201.11137,173.08257,95.954475,267.84647,393842.44,23469
2013-12-26 00:40:00+01:00,143.44322,192.62016,251.74442,99.13508,221.52336,382972.62,20889
2013-12-26 00:50:00+01:00,86.85003,177.23308,197.29117,97.05521,248.43008,368254.5,20721
2013-12-26 01:00:00+01:00,82.722336,197.53673,161.98083,104.97214,214.02592,364950.44,20637
2013-12-26 01:10:00+01:00,111.07767,178.36365,157.42966,97.30489,218.29686,353237.66,18878
2013-12-26 01:20:00+01:00,75.55292,213.59631,152.28755,102.92759,228.50305,345136.7,18532
2013-12-26 01:30:00+01:00,81.00467,187.7399,135.97299,107.079094,248.53569,342007.7,18010
2013-12-26 01:40:00+01:00,94.32446,173.24628,134.89717,88.499825,204.84956,330406.6,17962
2013-12-26 01:50:00+01:00,85.12261,188.90715,133.2391,88.79175,192.76932,324866.25,17610
2013-12-26 02:00:00+01:00,67.21853,147.99924,136.43628,86.752014,180.18436,316765.2,18047
2013-12-26 02:10:00+01:00,71.25068,111.674515,121.00158,80.911865,175.58197,306725.25,16652
2013-12-26 02:20:00+01:00,85.20127,126.60254,113.01751,79.42171,185.39761,305018.28,16945
2013-12-26 02:30:00+01:00,83.77968,127.21315,104.773865,80.424484,197.41249,295859.56,16128
2013-12-26 02:40:00+01:00,62.86263,114.49051,107.39748,84.83712,198.53981,290551.56,15616
2013-12-26 02:50:00+01:00,66.74644,129.26904,95.76684,79.39576,158.69736,285262.6,15364
2013-12-26 03:00:00+01:00,64.986916,113.05047,90.442535,77.84378,180.33957,280649.78,15704
2013-12-26 03:10:00+01:00,58.530144,112.268005,105.363625,85.40301,193.69688,275852.53,15887
2013-12-26 03:20:00+01:00,58.674625,127.48662,98.70152,71.09507,182.42528,270084.72,15058
2013-12-26 03:30:00+01:00,62.37537,128.49141,90.506714,72.31771,177.90985,267907.8,15027
2013-12-26 03:40:00+01:00,59.533688,109.28007,115.20458,82.01921,169.68217,262557.62,14506
2013-12-26 03:50:00+01:00,67.07732,138.28076,99.487144,71.482864,159.27083,258355.95,14376
2013-12-26 04:00:00+01:00,61.672897,114.81761,84.78685,71.31842,201.69312,257495.92,14541
2013-12-26 04:10:00+01:00,55.795033,118.492744,111.10538,73.20936,167.52203,254135.72,14561
2013-12-26 04:20:00+01:00,56.58735,129.85384,105.07985,65.30639,173.11726,249718.2,14857
2013-12-26 04:30:00+01:00,70.66834,152.59622,95.943085,62.446983,173.86655,250654.55,14240
2013-12-26 04:40:00+01:00,57.932156,143.66573,108.7116,68.390495,154.66095,246326.0,14299
2013-12-26 04:50:00+01:00,59.450703,164.51942,105.00718,56.322563,126.41314,245218.64,13926
2013-12-26 05:00:00+01:00,71.23831,139.87288,103.64446,61.943428,162.78908,245220.25,14821
2013-12-26 05:10:00+01:00,79.72718,141.35257,118.696075,64.63334,123.96962,242590.05,13913
2013-12-26 05:20:00+01:00,93.35339,160.05328,100.21033,53.40484,110.53787,241673.89,14839
2013-12-26 05:30:00+01:00,86.04002,159.15692,87.68226,55.386097,119.83711,243149.3,14649
2013-12-26 05:40:00+01:00,58.662785,181.37746,103.933304,64.4866,124.71762,240453.47,15173
2013-12-26 05:50:00+01:00,68.99593,158.72868,97.79868,59.528767,126.202385,242256.9,14080
2013-12-26 06:00:00+01:00,71.28659,179.68799,83.4674,55.007847,117.82304,244898.86,15779
2013-12-26 06:10:00+01:00,69.69747,150.23584,170.8767,62.968292,118.98416,242013.12,15572
2013-12-26 06:20:00+01:00,99.26978,167.35931,109.785866,55.942642,124.362015,243623.88,15652
2013-12-26 06:30:00+01:00,84.059044,175.06683,82.97048,60.48563,105.42168,245308.22,16173
2013-12-26 06:40:00+01:00,70.864,180.84692,111.51595,66.70675,116.339554,245672.39,15696
2013-12-26 06:50:00+01:00,78.80812,177.72981,95.14452,62.463627,97.44542,245197.38,16590
2013-12-26 07:00:00+01:00,107.42098,152.90848,92.3198,66.67351,99.13123,251850.22,18887
2013-12-26 07:10:00+01:00,62.95394,132.47021,111.92891,75.000145,115.41706,252737.38,17234
2013-12-26 07:20:00+01:00,90.14301,145.68817,104.36924,72.254906,108.42895,252958.22,18496
2013-12-26 07:30:00+01:00,85.78348,163.98615,93.63683,72.41667,95.896324,260228.5,19591
2013-12-26 07:40:00+01:00,62.07983,142.00395,115.9288,71.89324,133.26738,261549.62,19351
2013-12-26 07:50:00+01:00,80.91209,159.3607,124.00201,83.70129,118.13578,264474.53,20397
2013-12-26 08:00:00+01:00,84.521385,157.00897,106.95157,67.18317,127.80347,273868.9,24571
2013-12-26 08:10:00+01:00,67.8887,128.43063,118.14075,78.77094,140.10565,276412.88,26962
2013-12-26 08:20:00+01:00,103.74441,145.77611,111.288086,77.03231,145.04927,285951.3,26385
2013-12-26 08:30:00+01:00,103.33533,157.90294,101.327736,69.54418,158.49297,293177.6,27117
2013-12-26 08:40:00+01:00,80.40142,124.18402,131.08351,85.243454,152.14339,299674.66,28809
2013-12-26 08:50:00+01:00,87.36154,172.3672,122.30139,73.187645,122.6018,307741.66,29378
2013-12-26 09:00:00+01:00,119.42496,169.23187,147.90814,65.88314,147.51274,320202.0,30470
2013-12-26 09:10:00+01:00,139.14174,168.83727,135.72746,85.40049,164.00903,329745.56,29467
2013-12-26 09:20:00+01:00,152.12788,232.5107,120.34891,82.41715,130.70937,339591.78,30868
2013-12-26 09:30:00+01:00,161.62611,299.2816,122.9863,89.194885,134.93784,353061.34,33310
2013-12-26 09:40:00+01:00,171.39246,246.3133,178.98804,81.49976,163.83171,364529.3,33864
2013-12-26 09:50:00+01:00,185.23932,218.69263,140.21054,84.712944,134.18575,374827.16,34589
2013-12-26 10:00:00+01:00,165.74304,215.11934,136.03815,90.71817,156.36774,387413.94,36001
2013-12-26 10:10:00+01:00,220.77293,277.2868,169.92865,98.69645,159.05444,401322.56,37339
2013-12-26 10:20:00+01:00,274.113,342.34583,140.7528,81.49356,152.79745,408643.72,36409
2013-12-26 10:30:00+01:00,328.2217,374.1129,116.14584,78.8578,173.95316,425468.34,37528
2013-12-26 10:40:00+01:00,377.04413,370.2837,150.98303,95.71317,227.53712,434968.84,37046
2013-12-26 10:50:00+01:00,370.2481,384.85608,158.96477,80.954315,161.71907,446691.4,38741
2013-12-26 11:00:00+01:00,447.8649,432.66647,137.73904,99.04873,187.54808,458624.8,38425
2013-12-26 11:10:00+01:00,535.1021,381.0226,183.00024,83.58381,200.90973,464683.7,40047
2013-12-26 11:20:00+01:00,612.98846,368.1905,180.48694,86.35903,216.34187,473347.94,40049
2013-12-26 11:30:00+01:00,612.6119,400.99756,173.40604,86.768654,234.5012,482884.94,38404
2013-12-26 11:40:00+01:00,651.31024,443.54358,167.14896,89.52806,211.72437,489253.94,40963
2013-12-26 11:50:00+01:00,717.5323,530.3009,163.31056,93.931335,211.84818,494554.62,41572
2013-12-26 12:00:00+01:00,745.9504,498.1509,160.2601,88.12954,207.44441,502022.28,41628
2013-12-26 12:10:00+01:00,717.6431,463.19937,179.84573,86.876564,228.8813,503315.88,41517
2013-12-26 12:20:00+01:00,885.2928,597.60126,154.73569,99.0309,193.48692,507214.4,41644
2013-12-26 12:30:00+01:00,766.6355,509.4882,141.09814,88.03071,209.09435,506170.53,42753
2013-12-26 12:40:00+01:00,719.86945,526.8364,174.69978,97.0669,204.09262,498249.4,40357
2013-12-26 12:50:00+01:00,780.539,609.3095,175.09941,89.49289,225.70024,494834.16,39901
2013-12-26 13:00:00+01:00,751.6027,552.12885,157.8994,86.652145,209.44221,488610.62,37882
2013-12-26 13:10:00+01:00,829.22784,526.1371,172.71817,91.320274,231.54848,482080.22,38694
2013-12-26 13:20:00+01:00,755.64465,585.3295,154.11473,88.48409,229.49442,480252.2,38146
2013-12-26 13:30:00+01:00,717.084,516.2104,140.68973,83.30768,233.02258,481170.47,36873
2013-12-26 13:40:00+01:00,681.94403,552.4778,165.02818,92.106606,222.08876,478575.78,36066
2013-12-26 13:50:00+01:00,682.16223,510.32376,152.59103,75.69465,201.98627,481541.7,36289
2013-12-26 14:00:00+01:00,785.4915,586.99994,139.32884,80.880905,235.38676,491377.75,36864
2013-12-26 14:10:00+01:00,903.8917,591.80914,221.64738,83.283806,232.00096,496223.72,37218
2013-12-26 14:20:00+01:00,904.7247,555.9601,177.52834,82.64856,232.00787,502491.3,35958
2013-12-26 14:30:00+01:00,884.27954,560.38385,121.81637,76.662224,220.79105,505608.75,37608
2013-12-26 14:40:00+01:00,1008.8793,553.6281,162.1593,80.33869,261.3426,507923.34,36889
2013-12-26 14:50:00+01:00,1026.0894,649.608,155.07603,86.76116,222.57512,511503.44,37911
2013-12-26 15:00:00+01:00,967.4101,670.47156,140.93933,84.97471,228.36372,522355.84,38276
2013-12-26 15:10:00+01:00,1180.8156,607.4868,199.98337,73.69281,253.1126,519756.06,37066
2013-12-26 15:20:00+01:00,974.1746,681.70593,199.11969,101.55561,225.86958,522734.97,36714
2013-12-26 15:30:00+01:00,1256.2931,631.5489,168.49446,104.94138,285.63098,526059.3,36838
2013-12-26 15:40:00+01:00,1359.2246,776.2834,189.29788,101.42477,250.79158,527617.9,38079
2013-12-26 15:50:00+01:00,1347.0538,861.66724,163.2693,113.428375,275.39377,531962.3,36732
2013-12-26 16:00:00+01:00,1524.5645,788.8819,150.02087,118.07937,262.8738,535461.6,37182
2013-12-26 16:10:00+01:00,1613.5994,816.0977,183.58571,111.81845,243.25725,536171.56,38330
2013-12-26 16:20:00+01:00,1572.1202,847.4883,170.06882,112.4363,228.5587,537053.94,37667
2013-12-26 16:30:00+01:00,1718.123,874.88477,152.03745,124.41758,205.5712,543743.56,36699
2013-12-26 16:40:00+01:00,1596.1735,878.1416,158.67097,127.34205,253.79453,540844.4,37111
2013-12-26 16:50:00+01:00,1893.5548,909.969,148.44609,93.17304,223.93399,539739.4,36732
2013-12-26 17:00:00+01:00,1887.2803,827.63495,164.41377,84.9982,243.37512,541776.06,38518
2013-12-26 17:10:00+01:00,1868.9379,839.0252,156.5744,110.435135,240.39069,545977.4,36238
2013-12-26 17:20:00+01:00,1783.8672,881.64886,152.952,98.464775,288.9241,546015.75,36913
2013-12-26 17:30:00+01:00,1604.7354,899.2508,140.82336,114.00366,261.1682,550976.44,37938
2013-12-26 17:40:00+01:00,1588.2617,909.5136,144.03435,100.29616,283.94086,546071.94,37964
2013-12-26 17:50:00+01:00,1659.1935,872.58374,145.98549,121.184784,296.93216,547265.44,35829
2013-12-26 18:00:00+01:00,1858.8931,906.4791,147.00508,116.71937,282.75146,543058.4,37163
2013-12-26 18:10:00+01:00,1751.0048,824.9107,185.50569,114.665054,304.22293,542305.94,38595
2013-12-26 18:20:00+01:00,1481.9669,872.6462,158.67879,105.235176,321.89722,536097.2,37900
2013-12-26 18:30:00+01:00,1438.88,825.7729,146.49603,94.652466,281.69202,542923.3,38709
2013-12-26 18:40:00+01:00,1372.4492,756.13873,157.75429,103.59719,328.1306,536403.7,37621
2013-12-26 18:50:00+01:00,1176.1993,701.633,152.69417,107.241264,265.40265,536619.4,37964
2013-12-26 19:00:00+01:00,1175.2896,677.1983,156.47635,109.82389,276.4935,534539.75,37801
2013-12-26 19:10:00+01:00,982.0432,672.91254,151.29456,92.244736,240.5599,528522.7,35517
2013-12-26 19:20:00+01:00,977.0224,602.8106,157.97289,99.23229,297.84076,525695.5,34073
2013-12-26 19:30:00+01:00,968.228,537.5271,154.77922,101.17979,317.02676,521323.0,36013
2013-12-26 19:40:00+01:00,897.35315,481.46484,231.00826,116.12505,264.92322,515453.2,34508
2013-12-26 19:50:00+01:00,727.9522,461.33298,208.87352,123.82046,309.76816,506315.0,34738
2013-12-26 20:00:00+01:00,715.0127,456.7642,268.0564,114.547935,282.60504,510647.34,33986
2013-12-26 20:10:00+01:00,715.75726,455.35928,255.95224,124.43633,273.25845,507026.62,34863
2013-12-26 20:20:00+01:00,606.0844,354.7316,253.47357,111.43403,278.77524,502539.16,34994
2013-12-26 20:30:00+01:00,522.1529,331.46503,215.18494,115.945114,279.5808,503168.75,33069
2013-12-26 20:40:00+01:00,509.23392,318.3406,233.24512,135.55467,278.61603,499757.28,33038
2013-12-26 20:50:00+01:00,431.69275,328.43033,224.55919,118.54398,298.61725,498440.75,33476
2013-12-26 21:00:00+01:00,396.18158,286.88052,210.69464,113.26124,278.2824,493381.56,33187
2013-12-26 21:10:00+01:00,298.0602,239.42017,235.46419,102.22356,308.0331,492108.88,32578
2013-12-26 21:20:00+01:00,281.36417,290.3984,212.51994,113.09215,312.67688,486241.94,29758
2013-12-26 21:30:00+01:00,278.5099,268.76437,189.22011,93.3336,324.12192,483250.4,31379
2013-12-26 21:40:00+01:00,277.7443,255.90227,173.04373,99.37076,306.24408,478898.66,30997
2013-12-26 21:50:00+01:00,317.29834,288.09518,128.4251,105.619835,290.29053,479430.66,31722
2013-12-26 22:00:00+01:00,561.9517,282.15753,129.72118,88.93842,331.14005,476744.4,30059
2013-12-26 22:10:00+01:00,465.12292,326.76758,154.9651,87.50723,318.56512,473381.03,29487
2013-12-26 22:20:00+01:00,389.37503,253.72627,156.00029,108.429405,346.1862,461728.4,28731
2013-12-26 22:30:00+01:00,322.56427,278.50522,120.78604,117.83777,355.01224,461089.4,28150
2013-12-26 22:40:00+01:00,309.92392,270.3821,132.92365,95.57706,331.94678,453360.53,28110
2013-12-26 22:50:00+01:00,252.32906,257.24847,124.05291,103.79644,321.4516,442400.8,27514
2013-12-26 23:00:00+01:00,260.65005,286.52512,117.33196,98.535576,320.67426,446763.06,27879
2013-12-26 23:10:00+01:00,231.09294,278.777,170.2495,103.84683,302.87527,443677.44,26655
2013-12-26 23:20:00+01:00,179.32077,334.7567,134.05298,112.03429,312.40094,440107.78,24784
2013-12-26 23:30:00+01:00,172.90056,269.582,135.06088,113.96937,290.18787,440118.1,25602
2013-12-26 23:40:00+01:00,190.35431,219.01326,152.80583,121.92376,271.65634,426848.3,24864
2013-12-26 23:50:00+01:00,139.28627,238.32024,99.291245,129.2446,250.25435,418175.2,24069
2013-12-27 00:00:00+01:00,230.31035,217.1333,114.66236,124.812325,280.05988,415570.12,24394
2013-12-27 00:10:00+01:00,176.69672,245.95093,132.98827,130.5895,248.05475,396221.28,22511
2013-12-27 00:20:00+01:00,155.79388,249.96663,129.2518,154.16226,267.126,387762.47,21933
2013-12-27 00:30:00+01:00,138.11241,184.62827,116.35792,125.20583,248.87376,380696.72,20170
2013-12-27 00:40:00+01:00,87.44788,167.49274,131.72824,111.63573,236.66345,367369.62,19463
2013-12-27 00:50:00+01:00,87.89412,182.54884,110.33178,114.71756,244.7902,360447.03,20103
2013-12-27 01:00:00+01:00,96.36503,144.35541,114.85085,90.60242,210.64157,350402.4,19041
2013-12-27 01:10:00+01:00,82.572075,121.94375,121.287056,84.39474,211.45952,341430.47,19335
2013-12-27 01:20:00+01:00,83.81083,164.99294,119.050026,88.359085,196.22482,332510.1,18316
2013-12-27 01:30:00+01:00,93.931145,120.779655,103.414536,71.517555,182.57104,325264.06,18341
2013-12-27 01:40:00+01:00,84.18954,127.49062,122.53501,76.00313,189.12282,314875.25,17817
2013-12-27 01:50:00+01:00,70.33623,190.14345,113.525955,86.43682,183.49374,306269.72,17374
2013-12-27 02:00:00+01:00,100.45917,138.8789,95.15884,72.16448,155.92433,299651.66,16865
2013-12-27 02:10:00+01:00,80.54356,142.87985,116.65635,71.931496,162.40033,288557.16,15933
2013-12-27 02:20:00+01:00,74.843506,150.41707,144.65149,79.97048,140.99786,287480.75,15753
2013-12-27 02:30:00+01:00,84.3869,108.9868,112.4879,65.39704,144.71031,281250.6,15939
2013-12-27 02:40:00+01:00,76.97683,158.24648,118.11197,74.52462,147.27692,268710.88,16039
2013-12-27 02:50:00+01:00,68.81452,183.92943,103.08835,76.41703,117.09601,267330.28,14564
2013-12-27 03:00:00+01:00,85.8648,177.21321,89.29766,70.199684,117.18802,263457.78,16097
2013-12-27 03:10:00+01:00,78.68748,163.09451,115.32634,65.14778,129.3176,255529.03,14970
2013-12-27 03:20:00+01:00,69.74979,176.67404,97.22244,76.645035,137.37863,252778.02,14587
2013-12-27 03:30:00+01:00,87.9704,168.14383,91.8377,63.608948,130.11853,247799.8,14964
2013-12-27 03:40:00+01:00,78.20025,154.23279,115.73227,67.83615,136.15775,250782.23,14784
2013-12-27 03:50:00+01:00,68.24787,176.02904,102.81607,66.84994,122.61567,241654.06,14393
2013-12-27 04:00:00+01:00,92.48058,168.86607,94.466965,57.850845,125.74058,238261.77,15632
2013-12-27 04:10:00+01:00,75.27585,149.16081,122.45283,64.23359,123.984985,236800.8,15001
2013-12-27 04:20:00+01:00,71.44469,166.24196,110.559,75.97377,116.54758,233745.1,14757
2013-12-27 04:30:00+01:00,90.89712,146.7044,95.437744,59.822773,108.03131,232631.58,15604
2013-12-27 04:40:00+01:00,82.46469,163.86829,104.98786,64.23936,115.53717,235460.88,15255
2013-12-27 04:50:00+01:00,70.33093,150.12434,97.8014,68.17882,121.05402,231268.5,15393
2013-12-27 05:00:00+01:00,129.94646,131.93266,95.723114,54.649063,109.268036,231331.47,16185
2013-12-27 05:10:00+01:00,92.52909,198.65921,107.017105,67.40037,118.92845,235448.66,15582
2013-12-27 05:20:00+01:00,85.41279,182.44786,101.57942,64.436165,102.17236,231020.69,17028
2013-12-27 05:30:00+01:00,94.47931,151.81697,93.54462,49.43948,110.41908,234972.94,16768
2013-12-27 05:40:00+01:00,83.27555,157.43024,135.09392,60.587517,108.13474,237804.5,17556
2013-12-27 05:50:00+01:00,117.49234,149.10413,108.72708,57.297367,109.41842,236046.11,18665
2013-12-27 06:00:00+01:00,96.17493,116.38273,94.16234,50.704292,108.63449,239442.47,18015
2013-12-27 06:10:00+01:00,103.16366,131.24817,119.873924,65.71547,108.43084,246613.81,19169
2013-12-27 06:20:00+01:00,84.20789,151.80934,94.570755,68.00822,111.6921,246933.23,18433
2013-12-27 06:30:00+01:00,111.24965,134.81316,107.79393,62.61972,124.53916,252310.36,20282
2013-12-27 06:40:00+01:00,133.94884,166.53935,148.55331,65.68258,122.645355,263256.8,21041
2013-12-27 06:50:00+01:00,120.626854,175.62979,101.89177,67.94419,127.49486,269555.94,22090
2013-12-27 07:00:00+01:00,137.60909,153.95233,146.80815,70.01989,125.365326,274112.0,23664
2013-12-27 07:10:00+01:00,127.36045,204.38959,153.0774,81.5788,118.6176,288631.4,24273
2013-12-27 07:20:00+01:00,123.55809,199.992,166.61272,81.97468,125.63863,293173.4,26383
2013-12-27 07:30:00+01:00,145.19261,214.69644,178.29617,87.57034,130.1791,305013.53,27784
2013-12-27 07:40:00+01:00,172.65665,252.5582,227.4321,95.972,143.05385,319155.44,27589
2013-12-27 07:50:00+01:00,168.179,305.55994,255.62439,96.32874,149.61292,327745.2,27561
2013-12-27 08:00:00+01:00,194.80418,265.50677,271.3724,76.47776,156.57913,345202.28,29906
2013-12-27 08:10:00+01:00,194.22678,332.21524,340.177,96.99104,186.05641,364755.0,31714
2013-12-27 08:20:00+01:00,216.20059,385.4723,394.90625,131.0202,172.42339,370622.28,32811
2013-12-27 08:30:00+01:00,260.94974,358.0121,489.01468,89.79886,199.18361,380794.75,33925
2013-12-27 08:40:00+01:00,270.80493,427.9,535.3798,103.57593,188.0368,402543.6,34914
2013-12-27 08:50:00+01:00,253.22285,447.48254,550.4182,109.88349,186.55565,408350.25,34838
2013-12-27 09:00:00+01:00,351.20465,427.56815,494.2992,108.69642,229.31686,424631.2,35509
2013-12-27 09:10:00+01:00,316.6802,582.1335,780.7404,114.70507,214.64166,439386.12,35811
2013-12-27 09:20:00+01:00,360.77536,641.4451,737.97107,131.51183,200.45229,445328.56,36149
2013-12-27 09:30:00+01:00,409.5083,616.4061,732.65045,115.1634,246.48041,456556.97,37495
2013-12-27 09:40:00+01:00,543.5886,620.37195,813.96857,128.00038,220.09021,470033.8,38899
2013-12-27 09:50:00+01:00,644.36176,787.61536,850.0781,145.37935,236.33925,479453.38,40685
2013-12-27 10:00:00+01:00,623.6945,901.57263,796.77856,127.63124,248.96706,492630.7,40162
2013-12-27 10:10:00+01:00,770.1778,977.8902,805.4707,143.0972,277.34637,505174.84,40421
2013-12-27 10:20:00+01:00,820.6034,942.14716,819.6958,148.71252,228.07713,510527.12,42477
2013-12-27 10:30:00+01:00,951.6259,1104.5768,936.03235,123.5254,260.88623,522635.03,43229
2013-12-27 10:40:00+01:00,1249.4111,1070.6963,1021.9423,145.53848,278.91028,529802.5,41835
2013-12-27 10:50:00+01:00,1338.9885,1237.8313,1039.6802,143.13275,263.67917,541958.0,43050
2013-12-27 11:00:00+01:00,1505.0302,1371.0424,1033.1793,160.99431,313.9347,543641.3,42332
2013-12-27 11:10:00+01:00,1519.706,1457.8048,932.16425,151.15501,290.76285,546187.75,40792
2013-12-27 11:20:00+01:00,1759.4463,1347.219,897.6493,149.72188,273.5742,551355.5,42698
2013-12-27 11:30:00+01:00,2020.5924,1461.371,948.24744,134.0675,286.07983,554683.9,42968
2013-12-27 11:40:00+01:00,2074.347,1692.2677,911.84,141.11133,312.37665,564706.6,44122
2013-12-27 11:50:00+01:00,2427.24,1831.812,889.88,144.27606,303.81754,562380.56,41756
2013-12-27 12:00:00+01:00,2271.2246,1656.8427,1011.7882,139.84393,332.8537,562346.94,42949
2013-12-27 12:10:00+01:00,2517.0366,1857.9806,946.97424,136.33885,324.4339,560241.25,44378
2013-12-27 12:20:00+01:00,2631.9023,1950.201,926.50696,144.16464,285.6075,552101.56,42648
2013-12-27 12:30:00+01:00,2971.3254,2025.9244,1076.3215,132.93542,328.96506,556335.5,41268
2013-12-27 12:40:00+01:00,2842.32,2186.0974,1106.3956,143.558,312.6646,553884.06,41716
2013-12-27 12:50:00+01:00,2953.5234,2189.5835,1024.4045,133.82692,319.64264,554934.8,41912
2013-12-27 13:00:00+01:00,2966.0793,2216.836,982.9241,126.44035,384.5696,553400.9,40373
2013-12-27 13:10:00+01:00,2885.0989,2139.8403,1037.6265,135.35123,371.79465,554592.56,40660
2013-12-27 13:20:00+01:00,2852.1255,2254.1523,1063.3795,120.30064,340.36707,550524.5,41340
2013-12-27 13:30:00+01:00,3033.2773,2222.1885,1032.9392,130.47287,350.1051,553587.0,40408
2013-12-27 13:40:00+01:00,2924.0955,2255.801,1083.7373,131.9364,335.4458,556188.44,42086
2013-12-27 13:50:00+01:00,3156.4045,2180.8416,1072.449,134.14365,368.9262,556841.3,40201
2013-12-27 14:00:00+01:00,3092.4011,2061.964,1122.1827,119.73583,385.63116,558910.6,40788
2013-12-27 14:10:00+01:00,3146.5637,2113.1794,1155.8468,130.08134,459.6401,563695.56,40623
2013-12-27 14:20:00+01:00,3031.8215,2057.6868,1156.6003,136.86365,408.13596,565350.75,40762
2013-12-27 14:30:00+01:00,3099.9287,2109.7498,1096.5317,136.4739,428.58185,568817.06,42144
2013-12-27 14:40:00+01:00,3139.383,2197.9817,1049.5189,143.07353,427.84503,566408.75,39734
2013-12-27 14:50:00+01:00,3183.5437,2238.096,996.37775,153.57758,366.63654,566102.25,42217
2013-12-27 15:00:00+01:00,3381.4243,2155.2349,1011.8692,139.09962,362.8222,568102.2,40776
2013-12-27 15:10:00+01:00,3593.0771,2275.7598,1199.4343,138.79482,362.6423,583957.0,41501
2013-12-27 15:20:00+01:00,3401.378,2347.1016,1118.1194,128.36908,341.60297,575443.75,40656
2013-12-27 15:30:00+01:00,3594.8755,2326.188,1049.995,157.53607,335.53857,582201.94,40548
2013-12-27 15:40:00+01:00,3398.474,2419.3567,1112.4592,185.29163,344.33997,574241.1,42667
2013-12-27 15:50:00+01:00,3491.9348,2326.2322,1112.9944,157.52716,344.89975,576832.44,40329
2013-12-27 16:00:00+01:00,3529.3896,2480.8528,1073.6423,196.82744,348.21808,580780.9,40625
2013-12-27 16:10:00+01:00,3736.6953,2475.1895,1203.9985,188.42886,330.12164,583664.0,41308
2013-12-27 16:20:00+01:00,3915.3145,2373.2212,1062.2926,146.06909,312.73935,583882.4,40287
2013-12-27 16:30:00+01:00,3998.8892,2427.357,1012.97644,112.063995,318.67493,581358.75,41479
2013-12-27 16:40:00+01:00,3823.497,2556.0554,1053.421,157.37268,311.16855,582932.4,41182
2013-12-27 16:50:00+01:00,3805.238,2396.5225,932.90094,151.75438,327.24124,580824.7,39388
2013-12-27 17:00:00+01:00,3714.8142,2362.7341,949.2848,164.27884,341.1661,584249.94,40276
2013-12-27 17:10:00+01:00,3409.4656,2200.8245,942.8481,140.13924,346.1512,586145.7,41193
2013-12-27 17:20:00+01:00,3307.6833,2342.4739,930.36163,114.95537,265.44434,583539.1,41175
2013-12-27 17:30:00+01:00,3418.905,2064.809,832.9011,119.879814,353.0329,589301.9,41085
2013-12-27 17:40:00+01:00,3455.7334,2288.3037,805.08997,146.56111,324.38614,597907.25,41028
2013-12-27 17:50:00+01:00,3311.8247,2098.719,725.52405,117.75104,284.38596,585240.8,41572
2013-12-27 18:00:00+01:00,3215.9214,1933.2223,653.02277,116.879,320.76013,573304.2,40686
2013-12-27 18:10:00+01:00,2931.8604,1875.9281,588.49994,140.645,306.55823,569586.0,41815
2013-12-27 18:20:00+01:00,2936.0088,1881.8208,552.6315,123.721405,342.59183,571763.5,40419
2013-12-27 18:30:00+01:00,2755.625,1669.5669,502.01395,150.3927,357.6736,564691.6,40561
2013-12-27 18:40:00+01:00,2275.5469,1441.9926,530.6208,159.77873,345.93726,561094.2,42031
2013-12-27 18:50:00+01:00,2191.8247,1503.3445,437.73282,152.07516,319.33054,552464.0,40689
2013-12-27 19:00:00+01:00,1952.7239,1420.7753,389.48148,121.64077,400.32727,549382.6,39093
2013-12-27 19:10:00+01:00,1846.0908,1350.7773,347.6884,129.75075,349.69315,541214.75,39026
2013-12-27 19:20:00+01:00,1650.6556,1180.4958,313.99847,125.873314,341.6732,530476.7,39242
2013-12-27 19:30:00+01:00,1585.5813,1033.7151,324.2421,107.44876,378.53622,521836.72,39648
2013-12-27 19:40:00+01:00,1306.4856,918.8196,269.1862,115.67188,373.14685,516341.28,38407
2013-12-27 19:50:00+01:00,1180.5994,906.15845,329.53275,124.748276,424.10416,509734.0,38009
2013-12-27 20:00:00+01:00,1192.5088,759.1695,287.34,126.22264,398.6389,501265.97,36744
2013-12-27 20:10:00+01:00,1106.9407,822.0266,265.29358,106.67755,387.62213,500107.88,37938
2013-12-27 20:20:00+01:00,1005.86066,757.60565,280.11008,121.624725,467.20782,494320.28,35778
2013-12-27 20:30:00+01:00,852.80963,804.66486,253.77596,95.2768,442.8773,493565.06,36174
2013-12-27 20:40:00+01:00,656.1356,538.70624,245.81851,101.39585,474.66782,497657.78,35487
2013-12-27 20:50:00+01:00,714.56366,545.6045,278.7321,105.9824,472.22964,493085.0,35772
2013-12-27 21:00:00+01:00,615.97815,572.2192,256.991,102.15334,454.78485,494389.44,34950
2013-12-27 21:10:00+01:00,492.7207,515.09375,261.43127,105.6304,384.7645,493552.78,33712
2013-12-27 21:20:00+01:00,550.56995,417.0606,284.85492,118.85959,383.6065,488977.66,33717
2013-12-27 21:30:00+01:00,485.93405,474.58743,223.40749,114.288734,395.12088,481009.34,33001
2013-12-27 21:40:00+01:00,600.89606,673.4205,187.93527,107.57867,390.5162,476606.44,33094
2013-12-27 21:50:00+01:00,457.873,440.40927,201.24683,113.77613,381.60248,472629.53,31720
2013-12-27 22:00:00+01:00,711.1391,628.4057,463.60452,100.039955,413.6202,472697.9,31145
2013-12-27 22:10:00+01:00,455.96378,398.93942,184.69968,100.69228,447.71268,470067.8,29967
2013-12-27 22:20:00+01:00,419.768,386.4596,174.82953,102.71676,422.05154,463201.03,30951
2013-12-27 22:30:00+01:00,409.63235,461.49084,162.10178,110.32913,512.3904,462122.84,30126
2013-12-27 22:40:00+01:00,332.78192,326.93802,168.05592,105.313446,440.2126,456629.38,29441
2013-12-27 22:50:00+01:00,359.45145,345.66068,168.59135,115.60672,442.43945,453732.1,29130
2013-12-27 23:00:00+01:00,335.567,329.25742,160.76341,110.37941,496.80054,449200.84,30880
2013-12-27 23:10:00+01:00,443.848,408.70508,175.75621,95.58203,495.2003,445399.9,27617
2013-12-27 23:20:00+01:00,288.4996,298.9445,159.09377,95.65879,484.6654,440406.47,27995
2013-12-27 23:30:00+01:00,218.93271,302.47202,142.40204,91.437935,501.3368,434102.88,27084
2013-12-27 23:40:00+01:00,194.48526,316.15125,163.17157,104.82933,428.23596,428686.72,25103
2013-12-27 23:50:00+01:00,201.32106,257.81592,153.55386,97.42291,418.8722,416734.47,25475
2013-12-28 00:00:00+01:00,222.23982,267.10016,115.71865,101.75654,470.28488,411898.72,24263
2013-12-28 00:10:00+01:00,236.45316,275.42355,163.79497,102.770256,413.20828,399968.47,24011
2013-12-28 00:20:00+01:00,212.26077,247.65067,138.15898,97.47174,377.9235,389920.9,23513
2013-12-28 00:30:00+01:00,160.28166,282.56424,121.09516,99.873985,371.07745,384032.0,22718
2013-12-28 00:40:00+01:00,113.869576,247.45465,155.63843,108.54447,302.00494,370855.06,22310
2013-12-28 00:50:00+01:00,113.61785,224.366,139.4987,104.549576,308.25696,363488.2,21835
2013-12-28 01:00:00+01:00,132.13103,233.53331,140.1304,93.825615,303.4243,355265.28,20866
2013-12-28 01:10:00+01:00,76.018394,175.34961,148.79195,92.36635,293.3506,347490.38,19405
2013-12-28 01:20:00+01:00,109.10137,201.60156,133.31192,83.6411,268.6225,338169.56,20147
2013-12-28 01:30:00+01:00,92.90309,181.03163,121.40151,87.83638,276.90903,330029.5,18300
2013-12-28 01:40:00+01:00,77.42604,193.99843,164.39702,92.47437,261.88257,321688.53,17749
2013-12-28 01:50:00+01:00,79.34326,186.20955,120.2595,96.23259,238.40303,313737.75,18608
2013-12-28 02:00:00+01:00,100.1899,183.48836,110.34126,75.02277,262.02942,301988.9,18443
2013-12-28 02:10:00+01:00,81.520836,207.01611,126.20685,85.235,221.62192,300145.78,16181
2013-12-28 02:20:00+01:00,98.080666,177.03925,111.870865,85.97279,202.13177,293325.78,16267
2013-12-28 02:30:00+01:00,86.3396,169.92273,114.32941,77.136955,230.5242,284923.56,16172
2013-12-28 02:40:00+01:00,84.33976,174.80336,119.46084,80.015785,194.80005,278788.53,15910
2013-12-28 02:50:00+01:00,88.397736,169.78415,128.02176,84.578926,175.45059,276078.22,17063
2013-12-28 03:00:00+01:00,78.69044,165.9281,104.11121,94.81681,184.19286,268430.44,16221
2013-12-28 03:10:00+01:00,97.87475,169.46844,112.756546,80.5975,152.4451,264102.72,15339
2013-12-28 03:20:00+01:00,83.369736,134.42513,93.524086,95.44614,127.19235,256237.1,15433
2013-12-28 03:30:00+01:00,100.96735,146.70349,97.037155,85.812546,157.2515,252710.0,15555
2013-12-28 03:40:00+01:00,88.13817,153.11581,111.64277,71.56444,157.09532,255354.38,15643
2013-12-28 03:50:00+01:00,103.88385,143.42822,104.23019,78.41434,146.4595,245288.1,14396
2013-12-28 04:00:00+01:00,98.15988,150.99507,100.125145,61.796543,149.12766,243605.84,16697
2013-12-28 04:10:00+01:00,88.29004,134.47487,113.54581,65.117195,147.89542,241195.64,15600
2013-12-28 04:20:00+01:00,96.665054,124.55012,115.09679,63.693146,150.09598,236670.95,13873
2013-12-28 04:30:00+01:00,87.67607,134.04039,119.99483,59.743496,164.10657,237417.23,16105
2013-12-28 04:40:00+01:00,94.83982,147.02888,129.70401,63.36031,126.1219,235955.05,16470
2013-12-28 04:50:00+01:00,97.5412,152.14027,109.9407,60.185776,146.94016,231834.61,15656
2013-12-28 05:00:00+01:00,101.54756,146.32153,115.18865,57.877827,118.06633,230687.33,16026
2013-12-28 05:10:00+01:00,98.6836,135.91171,151.7615,67.371796,113.74528,228800.56,15784
2013-12-28 05:20:00+01:00,82.329346,148.16074,122.88282,61.49174,107.81639,227990.8,16518
2013-12-28 05:30:00+01:00,103.30387,143.37958,105.81179,54.27082,127.32157,233860.12,16390
2013-12-28 05:40:00+01:00,110.78975,166.90486,131.54396,64.69886,101.80985,231869.05,16481
2013-12-28 05:50:00+01:00,106.80842,151.17741,102.94907,57.826576,111.80376,232317.81,16026
2013-12-28 06:00:00+01:00,81.51655,183.55379,129.91248,59.13377,101.71894,231204.5,17999
2013-12-28 06:10:00+01:00,91.24361,144.14395,114.05492,62.893353,111.159225,237993.5,18297
2013-12-28 06:20:00+01:00,80.120415,182.0308,110.76339,56.402496,104.519714,236568.94,17658
2013-12-28 06:30:00+01:00,76.41923,172.71162,95.24278,48.641212,112.34819,237804.7,18178
2013-12-28 06:40:00+01:00,95.84957,154.27263,115.14655,61.248226,120.75152,242327.8,19358
2013-12-28 06:50:00+01:00,106.98175,190.8733,109.64055,65.440094,108.81011,246512.72,18811
2013-12-28 07:00:00+01:00,114.570656,205.7101,86.57189,59.16585,108.96216,251467.31,22217
2013-12-28 07:10:00+01:00,98.52314,174.94395,124.65048,68.86218,112.77431,258380.08,21586
2013-12-28 07:20:00+01:00,122.20345,168.62613,128.7377,72.15684,106.38191,260611.05,22723
2013-12-28 07:30:00+01:00,133.88573,213.11516,123.22228,70.87646,103.61552,266890.38,24005
2013-12-28 07:40:00+01:00,117.967735,197.53609,124.73133,70.05023,112.72959,271350.25,24008
2013-12-28 07:50:00+01:00,137.69063,227.39049,160.42332,77.65297,123.6196,278780.12,24688
2013-12-28 08:00:00+01:00,210.53215,225.32152,114.37735,66.940155,119.46591,292170.0,29384
2013-12-28 08:10:00+01:00,123.98496,235.97081,133.59187,71.70417,138.14523,299859.5,28470
2013-12-28 08:20:00+01:00,171.25076,261.3738,153.64862,79.12125,129.96095,306203.78,30244
2013-12-28 08:30:00+01:00,165.60501,247.53766,163.38057,67.991844,149.50659,318284.25,31307
2013-12-28 08:40:00+01:00,171.25246,265.99408,238.92027,90.56263,154.32898,330152.22,30948
2013-12-28 08:50:00+01:00,157.95317,295.53256,226.77684,90.93027,158.87057,343349.4,31853
2013-12-28 09:00:00+01:00,200.08359,353.41116,223.3251,78.87021,179.24402,353840.28,32148
2013-12-28 09:10:00+01:00,183.00706,362.04108,216.68274,106.54063,165.47578,367865.38,33923
2013-12-28 09:20:00+01:00,219.98206,392.5694,164.94028,102.64329,156.77287,379072.1,35129
2013-12-28 09:30:00+01:00,348.5541,427.9481,217.65163,85.45714,165.5525,391756.3,35843
2013-12-28 09:40:00+01:00,325.24323,444.43634,230.66313,103.07391,213.23598,407095.9,34951
2013-12-28 09:50:00+01:00,428.25546,492.38528,220.8724,110.074814,145.99977,415700.1,36456
2013-12-28 10:00:00+01:00,540.0004,540.8261,216.08046,89.25935,181.88309,424462.97,37036
2013-12-28 10:10:00+01:00,581.37036,650.5647,250.93846,99.03364,205.36673,438552.25,37581
2013-12-28 10:20:00+01:00,680.8832,707.0002,242.68587,102.36763,239.05156,445060.78,38713
2013-12-28 10:30:00+01:00,789.4465,765.0299,245.96783,90.2162,243.10571,459863.3,40632
2013-12-28 10:40:00+01:00,970.4201,741.47723,269.02466,102.55827,205.50325,465391.6,37488
2013-12-28 10:50:00+01:00,1150.3804,840.32654,262.66138,96.997,233.09326,472489.28,38406
2013-12-28 11:00:00+01:00,1303.0986,1036.4603,300.45016,94.77223,245.1807,479903.16,38842
2013-12-28 11:10:00+01:00,1509.9783,1031.7385,293.15817,103.77995,261.1673,488113.75,38596
2013-12-28 11:20:00+01:00,1653.9263,1182.8744,352.6776,100.12731,234.93137,493004.47,41313
2013-12-28 11:30:00+01:00,1717.4707,1191.4333,312.83792,101.708046,254.57532,497436.16,41596
2013-12-28 11:40:00+01:00,1823.3932,1259.7427,312.2772,101.65038,250.5601,500909.56,40602
2013-12-28 11:50:00+01:00,1986.4072,1434.466,320.52576,123.86765,204.41315,501554.2,40518
2013-12-28 12:00:00+01:00,2061.451,1413.1527,359.64066,101.56883,278.4452,502715.9,39607
2013-12-28 12:10:00+01:00,2011.5145,1515.1041,348.65582,96.38667,293.12796,504889.38,40447
2013-12-28 12:20:00+01:00,2198.7295,1438.4485,368.84305,107.08465,282.13077,504776.62,41167
2013-12-28 12:30:00+01:00,2351.0957,1430.5394,399.96036,94.23093,336.65457,501543.88,39736
2013-12-28 12:40:00+01:00,2238.0005,1458.1995,439.33185,107.814095,302.42493,500026.94,40484
2013-12-28 12:50:00+01:00,2453.3572,1432.7249,401.26776,94.97811,291.9649,489473.78,39419
2013-12-28 13:00:00+01:00,2349.3403,1615.0492,495.2786,108.65938,323.8492,487545.75,39038
2013-12-28 13:10:00+01:00,2410.7415,1664.4104,561.3623,106.76269,349.51266,487312.16,37945
2013-12-28 13:20:00+01:00,2536.0054,1579.0643,475.16107,113.79186,312.85562,482849.75,38188
2013-12-28 13:30:00+01:00,2482.3633,1709.8212,466.22058,123.4575,344.23694,483341.3,38602
2013-12-28 13:40:00+01:00,2472.2844,1591.0774,447.22076,148.60582,389.02127,489983.4,36550
2013-12-28 13:50:00+01:00,2568.7363,1670.0958,354.32184,105.081436,339.90604,490891.03,39224
2013-12-28 14:00:00+01:00,2878.498,1452.0121,424.47202,88.2236,353.41278,495284.7,37915
2013-12-28 14:10:00+01:00,2798.8008,1587.47,436.1232,110.938065,373.874,501763.4,37996
2013-12-28 14:20:00+01:00,2857.9814,1689.5382,387.70627,96.21321,319.1012,504517.16,37713
2013-12-28 14:30:00+01:00,3042.0254,1541.6923,439.06702,74.709076,367.24573,504435.0,37643
2013-12-28 14:40:00+01:00,2954.1772,1691.3392,432.0322,93.64053,316.4971,507264.3,38095
2013-12-28 14:50:00+01:00,3187.4265,1763.3856,404.86496,95.09556,323.07022,507061.88,37694
2013-12-28 15:00:00+01:00,3126.5076,1773.4028,390.3384,102.13422,365.12637,507638.7,37366
2013-12-28 15:10:00+01:00,3301.1096,1625.6252,412.95343,101.79667,343.26425,515113.06,38793
2013-12-28 15:20:00+01:00,3138.4053,1980.994,379.5668,92.388535,303.19644,512182.1,38720
2013-12-28 15:30:00+01:00,3273.8828,1933.9609,398.96054,119.90425,340.80875,519436.66,38316
2013-12-28 15:40:00+01:00,3131.8345,1908.7941,389.1669,98.344444,349.35867,526284.7,37228
2013-12-28 15:50:00+01:00,3258.7268,1823.5662,482.59393,85.52208,299.55502,523191.4,35547
2013-12-28 16:00:00+01:00,3473.4612,1839.202,489.98938,86.15228,371.5517,523015.44,36774
2013-12-28 16:10:00+01:00,3297.7805,1810.9578,473.9824,87.10821,350.693,532370.6,34902
2013-12-28 16:20:00+01:00,3432.632,1978.931,486.73242,87.96528,326.62488,528359.3,34986
2013-12-28 16:30:00+01:00,3180.6907,2062.0068,510.34476,90.49043,350.8516,532358.5,34813
2013-12-28 16:40:00+01:00,3415.4636,1874.9777,487.67624,101.4754,353.3872,536863.06,33627
2013-12-28 16:50:00+01:00,3080.543,1769.1229,420.18576,103.715904,327.9635,532264.2,33970
2013-12-28 17:00:00+01:00,3044.4338,1953.5237,540.0937,103.482704,359.92853,532690.06,33026
2013-12-28 17:10:00+01:00,3138.557,1788.5547,549.0148,117.54209,354.1796,539520.94,34483
2013-12-28 17:20:00+01:00,3054.4714,1906.8026,542.5203,104.09637,322.32108,540952.25,33299
2013-12-28 17:30:00+01:00,3055.0754,1768.9789,415.9619,100.54171,365.97482,544621.5,35637
2013-12-28 17:40:00+01:00,2836.1294,1733.9395,388.11438,114.47194,375.8855,542544.75,33294
2013-12-28 17:50:00+01:00,2801.6697,1801.8083,402.08603,108.889885,335.29434,537805.2,34386
2013-12-28 18:00:00+01:00,2934.786,1527.9478,332.16568,95.617355,321.2211,535751.06,36697
2013-12-28 18:10:00+01:00,2710.775,1725.6437,417.3704,105.8339,343.44772,534742.2,33760
2013-12-28 18:20:00+01:00,2332.631,1495.8231,350.9805,114.63103,279.39587,530025.3,36303
2013-12-28 18:30:00+01:00,2202.0605,1442.8478,351.8438,98.807144,309.98672,528308.0,36084
2013-12-28 18:40:00+01:00,2173.9856,1356.3647,355.86832,121.425354,353.14548,529489.06,34694
2013-12-28 18:50:00+01:00,2091.8198,1384.6981,345.3125,106.5579,290.6602,523905.97,35322
2013-12-28 19:00:00+01:00,1877.5806,1278.634,405.15576,106.7903,293.9467,518925.56,35756
2013-12-28 19:10:00+01:00,1851.0612,1135.7924,352.55246,118.206924,349.87378,517204.47,35401
2013-12-28 19:20:00+01:00,1680.3822,1108.7704,378.8742,114.13268,362.94925,506178.97,33068
2013-12-28 19:30:00+01:00,1621.574,1174.2275,416.36887,87.04027,323.2246,499336.8,34884
2013-12-28 19:40:00+01:00,1568.4885,912.5446,371.07144,111.295845,306.51697,496631.3,31453
2013-12-28 19:50:00+01:00,1439.0989,805.2264,369.69794,103.53747,324.05948,489948.38,32203
2013-12-28 20:00:00+01:00,1380.7557,779.616,332.105,95.56111,358.6825,485520.53,31625
2013-12-28 20:10:00+01:00,1244.5964,692.0603,282.47787,88.617874,358.4198,484810.03,31638
2013-12-28 20:20:00+01:00,1221.3396,799.9719,299.1947,95.3736,384.18765,482247.72,33678
2013-12-28 20:30:00+01:00,975.41516,724.236,327.65753,98.346924,369.79047,482279.62,33067
2013-12-28 20:40:00+01:00,791.5003,578.5689,291.67065,103.47485,319.81738,483777.75,31746
2013-12-28 20:50:00+01:00,860.1095,596.1596,296.46857,113.682014,385.96823,482897.9,32388
2013-12-28 21:00:00+01:00,719.11615,515.2244,276.0459,100.03341,420.476,481488.16,32625
2013-12-28 21:10:00+01:00,674.5899,512.2479,253.49765,97.40835,454.65683,486145.56,33371
2013-12-28 21:20:00+01:00,688.66925,421.26923,313.65356,90.646935,411.83566,481874.62,29913
2013-12-28 21:30:00+01:00,682.3896,478.9231,290.0397,91.66535,446.11212,477119.06,29762
2013-12-28 21:40:00+01:00,726.0313,413.35944,237.30478,98.32045,399.4479,475826.9,29997
2013-12-28 21:50:00+01:00,758.67865,435.10867,280.0923,102.00321,445.94052,475659.6,31473
2013-12-28 22:00:00+01:00,835.43036,464.58307,236.58073,93.42263,433.353,472047.0,30232
2013-12-28 22:10:00+01:00,699.44946,539.9874,247.81438,97.57684,458.34653,470521.25,29293
2013-12-28 22:20:00+01:00,579.7551,477.59647,214.39,92.4963,465.0401,465702.44,28777
2013-12-28 22:30:00+01:00,478.3073,408.05225,287.19513,92.520676,454.50204,460532.1,27195
2013-12-28 22:40:00+01:00,457.93158,370.32898,292.57184,105.20428,474.11545,460378.56,27124
2013-12-28 22:50:00+01:00,396.68655,315.8853,267.2133,114.66702,448.35754,454144.3,26452
2013-12-28 23:00:00+01:00,374.58286,276.544,255.21873,105.36014,448.4847,445903.8,26631
2013-12-28 23:10:00+01:00,503.89642,246.9383,282.7577,105.886765,401.19376,449833.4,25797
2013-12-28 23:20:00+01:00,309.08365,298.3546,318.41882,106.50988,407.9165,440356.62,25644
2013-12-28 23:30:00+01:00,309.2609,338.72647,243.34532,105.97621,433.3534,433501.44,24849
2013-12-28 23:40:00+01:00,227.34706,266.87616,258.2869,123.61389,428.98297,429423.38,24551
2013-12-28 23:50:00+01:00,285.90823,279.83157,204.41489,132.35518,421.62305,419905.88,24767
2013-12-29 00:00:00+01:00,288.80142,311.61496,179.17807,120.40439,425.1426,411592.75,25891
2013-12-29 00:10:00+01:00,204.77386,244.71822,169.42982,132.66302,357.87405,398653.66,23406
2013-12-29 00:20:00+01:00,222.8302,245.39058,176.57263,143.83052,372.65677,393808.8,23619
2013-12-29 00:30:00+01:00,158.76228,282.17233,188.96855,164.21298,369.69232,382613.9,23724
2013-12-29 00:40:00+01:00,177.23506,199.09224,173.31627,187.78062,352.88126,375150.9,23234
2013-12-29 00:50:00+01:00,153.6339,239.57823,235.16214,160.99889,328.63107,367195.34,21220
2013-12-29 01:00:00+01:00,144.64568,214.65573,233.17781,170.09824,322.1898,358277.97,20865
2013-12-29 01:10:00+01:00,130.02809,173.05643,198.80339,153.5433,300.85413,349053.7,19840
2013-12-29 01:20:00+01:00,120.63638,197.51324,189.88875,141.81519,274.5305,340360.3,19344
2013-12-29 01:30:00+01:00,106.616295,181.36215,212.65697,155.2298,308.97562,329589.5,19657
2013-12-29 01:40:00+01:00,96.61804,176.14722,241.81888,179.66933,317.04404,325813.28,19186
2013-12-29 01:50:00+01:00,94.42064,166.59883,244.94527,131.01854,226.08331,318558.97,18622
2013-12-29 02:00:00+01:00,87.563484,170.68893,192.05548,125.865326,238.5714,306712.56,18161
2013-12-29 02:10:00+01:00,109.315285,183.7543,175.86739,164.87964,268.41824,300836.88,16909
2013-12-29 02:20:00+01:00,112.62058,156.23793,212.35397,148.34282,204.03932,293170.06,16597
2013-12-29 02:30:00+01:00,103.639305,161.40245,179.8103,138.47191,158.32085,284108.0,16429
2013-12-29 02:40:00+01:00,85.42359,160.691,166.5243,151.64929,195.43771,282791.25,15969
2013-12-29 02:50:00+01:00,94.76049,164.15239,226.34325,145.50487,186.18564,273396.0,16632
2013-12-29 03:00:00+01:00,87.24418,142.04005,173.82187,119.257965,161.65057,267226.6,16547
2013-12-29 03:10:00+01:00,92.87856,141.14148,132.53368,115.28388,195.28264,263817.25,15667
2013-12-29 03:20:00+01:00,86.15949,132.95938,131.95235,91.71314,182.14864,257765.8,15577
2013-12-29 03:30:00+01:00,105.07233,146.0107,107.21792,96.328,135.45444,250582.67,15337
2013-12-29 03:40:00+01:00,97.12953,154.21747,119.302315,99.55213,171.64372,255179.48,15137
2013-12-29 03:50:00+01:00,118.36706,148.00334,106.99941,93.38993,128.32155,243300.17,14744
2013-12-29 04:00:00+01:00,88.78643,134.45059,93.75489,84.41757,132.59097,240026.98,15039
2013-12-29 04:10:00+01:00,80.05629,143.99664,105.47303,92.471214,141.31767,237480.9,14687
2013-12-29 04:20:00+01:00,92.432846,154.03366,100.630516,89.13818,101.68978,233566.1,14637
2013-12-29 04:30:00+01:00,102.89087,215.5901,102.33879,91.31611,108.80209,227647.1,15607
2013-12-29 04:40:00+01:00,120.505516,281.1218,100.03739,86.85992,108.83426,227909.55,14292
2013-12-29 04:50:00+01:00,96.10713,157.25487,76.18664,84.768295,122.711006,224536.89,14762
2013-12-29 05:00:00+01:00,108.22171,137.38112,76.806404,87.00537,89.928894,220229.77,16114
2013-12-29 05:10:00+01:00,103.83158,140.05226,81.858315,89.99309,99.77914,220979.83,14677
2013-12-29 05:20:00+01:00,117.75122,152.19566,80.83215,81.95897,92.64196,220578.4,15416
2013-12-29 05:30:00+01:00,114.938995,142.58421,79.08426,78.99829,89.940125,215931.02,15055
2013-12-29 05:40:00+01:00,131.89166,134.23291,93.738846,83.44301,88.52044,220879.25,14998
2013-12-29 05:50:00+01:00,149.63089,154.08315,78.25657,77.8717,88.32781,219233.0,15063
2013-12-29 06:00:00+01:00,152.3001,157.46268,77.24147,80.01399,81.17247,217254.66,15393
2013-12-29 06:10:00+01:00,98.485435,185.10442,100.60729,86.922905,87.64828,220489.08,15108
2013-12-29 06:20:00+01:00,133.3728,143.34819,87.35329,80.606766,83.7823,221475.94,15776
2013-12-29 06:30:00+01:00,102.04809,149.84564,72.54162,85.77243,91.750145,219872.89,17554
2013-12-29 06:40:00+01:00,127.919235,151.62166,93.55669,93.13083,100.88587,227002.88,16095
2013-12-29 06:50:00+01:00,179.54262,165.41441,79.55951,77.91568,80.24717,227067.6,16865
2013-12-29 07:00:00+01:00,140.89528,148.40349,90.357544,94.51261,98.19659,229657.88,19133
2013-12-29 07:10:00+01:00,114.41477,154.63829,86.48553,92.3507,99.666,231820.14,17705
2013-12-29 07:20:00+01:00,137.47551,174.8054,84.14986,84.18142,104.228676,232225.77,18584
2013-12-29 07:30:00+01:00,140.04898,181.36269,83.75054,84.4493,89.64964,235189.12,19714
2013-12-29 07:40:00+01:00,108.50426,184.87495,99.316635,103.08648,102.542496,240197.81,19919
2013-12-29 07:50:00+01:00,159.15294,209.28122,107.92635,90.34785,95.342476,245324.4,20336
2013-12-29 08:00:00+01:00,120.2753,198.9803,98.66229,104.65479,99.82802,246964.44,24807
2013-12-29 08:10:00+01:00,110.2888,182.06181,112.88355,98.48332,117.01685,255413.86,27615
2013-12-29 08:20:00+01:00,172.32619,210.85866,114.6948,88.52355,100.34141,262250.72,27478
2013-12-29 08:30:00+01:00,151.87685,195.10962,86.19456,89.35549,88.52758,266239.84,27183
2013-12-29 08:40:00+01:00,235.5948,236.13838,115.604164,99.05122,140.5944,278159.3,29296
2013-12-29 08:50:00+01:00,206.69804,299.5077,120.294266,89.71985,129.19339,286330.88,29587
2013-12-29 09:00:00+01:00,152.32053,265.737,120.12686,94.59261,111.40632,293968.97,30601
2013-12-29 09:10:00+01:00,223.0376,297.36868,138.52419,100.67837,146.30878,310063.38,31692
2013-12-29 09:20:00+01:00,269.93213,331.18436,154.61676,95.29033,117.87241,319619.75,31608
2013-12-29 09:30:00+01:00,227.93752,328.42642,134.0663,93.72439,125.618225,326077.94,31708
2013-12-29 09:40:00+01:00,275.04892,339.9864,153.70937,101.84922,155.73761,345240.62,32265
2013-12-29 09:50:00+01:00,322.15543,350.50366,154.27171,99.074684,131.75758,351186.5,32711
2013-12-29 10:00:00+01:00,446.68417,344.90057,144.32845,109.6105,151.57292,362502.84,35960
2013-12-29 10:10:00+01:00,582.65533,364.63202,170.93527,106.71088,180.35364,375699.22,34024
2013-12-29 10:20:00+01:00,596.8278,424.52835,187.59183,115.77307,209.07964,380929.44,35126
2013-12-29 10:30:00+01:00,606.3822,458.99136,165.70648,128.1764,169.54576,394142.6,37233
2013-12-29 10:40:00+01:00,747.0645,439.4415,174.1747,149.72693,185.20647,402998.16,36838
2013-12-29 10:50:00+01:00,886.42676,627.8333,175.92717,118.549255,223.56516,407047.3,37106
2013-12-29 11:00:00+01:00,940.755,591.57477,188.09114,109.179115,198.86172,411501.62,35783
2013-12-29 11:10:00+01:00,977.058,652.6802,160.4648,115.69349,199.56316,424193.22,38242
2013-12-29 11:20:00+01:00,1221.586,727.0922,202.29349,116.21081,223.90778,428991.5,37613
2013-12-29 11:30:00+01:00,1192.5786,654.411,205.4041,116.6751,197.43518,429594.16,36899
2013-12-29 11:40:00+01:00,1478.9926,738.52313,188.67033,110.279816,218.52017,437777.56,36962
2013-12-29 11:50:00+01:00,1529.208,793.7841,189.67155,132.55385,211.69557,438739.97,36934
2013-12-29 12:00:00+01:00,1659.4282,824.8069,228.00984,106.85718,218.82474,443410.4,37210
2013-12-29 12:10:00+01:00,1801.9165,848.902,203.16841,112.33702,240.70015,444623.12,38156
2013-12-29 12:20:00+01:00,1746.1732,901.4363,233.07927,100.84308,244.59276,447360.1,37697
2013-12-29 12:30:00+01:00,1940.0934,1083.7102,217.80852,89.88541,275.83884,446851.88,38267
2013-12-29 12:40:00+01:00,1769.2091,1106.7654,268.7321,94.998726,279.41434,444082.75,37895
2013-12-29 12:50:00+01:00,1920.4867,1024.8594,237.12166,84.28581,266.82098,441647.88,36174
2013-12-29 13:00:00+01:00,2055.6118,1030.0126,255.14285,87.63555,270.4645,436653.94,36758
2013-12-29 13:10:00+01:00,1944.237,1022.7295,275.51053,86.51983,307.55655,440860.53,35873
2013-12-29 13:20:00+01:00,2018.5823,1073.1503,277.86508,112.37824,300.7792,434297.47,37159
2013-12-29 13:30:00+01:00,2159.8435,1029.543,273.89365,80.74564,312.0436,436254.72,34777
2013-12-29 13:40:00+01:00,2052.2087,1127.6932,297.30807,88.79265,298.7303,444330.06,35706
2013-12-29 13:50:00+01:00,2048.7942,1044.486,277.38986,86.87839,374.5884,444448.88,35048
2013-12-29 14:00:00+01:00,2129.7646,1272.2216,280.4344,87.41554,332.2542,450547.34,36648
2013-12-29 14:10:00+01:00,2330.9724,1077.4822,316.13416,86.28599,379.2169,460020.94,36341
2013-12-29 14:20:00+01:00,2555.5046,1235.3743,261.116,90.320114,379.62836,461073.94,36580
2013-12-29 14:30:00+01:00,2734.6587,1269.6692,321.06006,82.36469,346.52246,465857.06,36980
2013-12-29 14:40:00+01:00,2460.1267,1252.7977,350.88562,103.10728,332.6917,473873.97,37002
2013-12-29 14:50:00+01:00,2730.6873,1319.7878,342.2741,94.31556,349.09735,474388.66,36691
2013-12-29 15:00:00+01:00,2960.806,1427.8169,369.82312,81.36959,352.82077,477516.7,37063
2013-12-29 15:10:00+01:00,3051.5305,1448.2013,334.29413,123.68883,336.90668,483122.34,36482
2013-12-29 15:20:00+01:00,3250.1536,1612.8191,300.0451,128.85161,311.51123,485517.94,36121
2013-12-29 15:30:00+01:00,3362.2288,1692.7024,375.87778,117.92649,317.3187,488493.88,33493
2013-12-29 15:40:00+01:00,3427.9587,1790.9045,410.33688,97.57896,300.47003,491741.1,33505
2013-12-29 15:50:00+01:00,3672.8965,1792.2585,412.51407,113.03235,327.16904,487988.47,33972
2013-12-29 16:00:00+01:00,3838.4358,1769.7726,406.2122,106.26932,308.94366,491938.44,33635
2013-12-29 16:10:00+01:00,3956.0142,1748.9552,363.67197,99.82665,315.4614,498841.8,36270
2013-12-29 16:20:00+01:00,4245.1387,1930.7385,398.03964,104.515396,302.1444,497988.7,34754
2013-12-29 16:30:00+01:00,4006.9785,1791.5992,453.8126,109.5372,341.01892,496993.53,34239
2013-12-29 16:40:00+01:00,4115.432,1776.3195,459.02563,93.840935,293.53836,505791.4,34243
2013-12-29 16:50:00+01:00,4005.5486,1946.7561,360.11288,95.18878,297.23874,505350.88,33215
2013-12-29 17:00:00+01:00,4160.5635,2009.3108,395.55585,96.94654,314.02243,505853.62,34265
2013-12-29 17:10:00+01:00,4125.9326,1963.1178,402.41797,104.033104,276.77405,517554.4,36130
2013-12-29 17:20:00+01:00,3881.4985,1850.5819,369.95505,100.96352,288.61603,512083.78,37374
2013-12-29 17:30:00+01:00,3822.0889,2012.2461,452.59457,106.32039,298.5115,512226.06,35785
2013-12-29 17:40:00+01:00,4102.6133,1932.8486,455.6943,107.40337,291.23325,518336.72,34549
2013-12-29 17:50:00+01:00,3626.7214,1837.1757,358.79306,103.48544,304.8547,516249.56,33407
2013-12-29 18:00:00+01:00,3790.0308,1846.6519,386.3231,102.733864,310.26956,520228.6,33507
2013-12-29 18:10:00+01:00,3220.468,1611.5256,283.87073,100.66439,306.96976,513610.03,36431
2013-12-29 18:20:00+01:00,3088.7725,1580.2582,290.61722,97.058205,352.35788,512018.94,36085
2013-12-29 18:30:00+01:00,2764.5693,1434.7172,284.31754,102.47677,317.3174,506883.8,36089
2013-12-29 18:40:00+01:00,2656.0085,1415.6337,243.07803,105.41148,294.65,511104.3,35724
2013-12-29 18:50:00+01:00,2341.4895,1188.7637,248.49274,95.70455,326.1829,503388.72,36563
2013-12-29 19:00:00+01:00,2152.8525,1221.3254,225.4032,101.15456,286.91467,498319.47,36343
2013-12-29 19:10:00+01:00,1945.483,1080.116,266.86853,109.80135,284.21524,496604.53,36366
2013-12-29 19:20:00+01:00,1649.9868,1178.3903,245.41794,94.54586,307.7846,494629.4,34654
2013-12-29 19:30:00+01:00,1729.0381,826.18396,207.6982,103.092865,313.75323,488913.88,35663
2013-12-29 19:40:00+01:00,1405.2513,790.09784,218.23915,123.90149,335.763,484951.2,35596
2013-12-29 19:50:00+01:00,1323.1653,793.62146,226.50725,128.05699,332.4176,477739.16,35006
2013-12-29 20:00:00+01:00,1216.4026,691.1771,170.65079,116.8241,308.3958,473867.03,34736
2013-12-29 20:10:00+01:00,1208.8046,672.29425,162.86285,128.72144,296.15216,474423.25,33145
2013-12-29 20:20:00+01:00,915.638,692.81226,207.54388,120.0036,340.681,471157.1,33860
2013-12-29 20:30:00+01:00,778.7471,588.35486,145.77979,118.38621,403.00864,472469.16,33376
2013-12-29 20:40:00+01:00,803.4203,641.4039,138.33432,129.54727,413.63272,473563.8,33465
2013-12-29 20:50:00+01:00,662.17285,614.34576,156.75258,122.26843,405.9275,469718.1,31368
2013-12-29 21:00:00+01:00,458.15286,481.9085,113.45797,130.25186,380.06592,466346.94,32482
2013-12-29 21:10:00+01:00,457.89505,555.361,136.81377,121.81704,448.79272,473114.12,32126
2013-12-29 21:20:00+01:00,366.45856,521.2768,124.46856,114.891785,429.54105,463832.22,30651
2013-12-29 21:30:00+01:00,369.4153,457.21442,118.65596,106.711685,415.9831,459641.1,32167
2013-12-29 21:40:00+01:00,356.003,420.40842,116.243,105.17876,458.993,461001.9,31203
2013-12-29 21:50:00+01:00,348.4412,535.1375,133.82816,97.91613,395.3732,456748.66,31466
2013-12-29 22:00:00+01:00,468.9987,483.52744,118.31752,89.0337,412.20358,452565.44,29620
2013-12-29 22:10:00+01:00,382.37573,472.18085,122.926674,95.76694,434.2992,450436.9,29991
2013-12-29 22:20:00+01:00,314.96085,444.47165,123.13994,82.26987,394.48126,444463.03,29275
2013-12-29 22:30:00+01:00,239.85947,361.23514,119.44557,86.251015,369.3695,444107.5,28337
2013-12-29 22:40:00+01:00,260.67578,355.3105,124.86871,94.19458,401.65488,439781.16,27781
2013-12-29 22:50:00+01:00,311.04877,293.20102,109.109085,83.87405,380.50323,434266.2,28450
2013-12-29 23:00:00+01:00,207.87802,311.40384,115.23062,84.11639,376.20425,425171.1,26610
2013-12-29 23:10:00+01:00,205.95589,314.0219,106.229164,98.1112,410.7136,420316.03,25616
2013-12-29 23:20:00+01:00,211.72423,262.5494,101.259285,95.24581,340.62805,415875.7,25179
2013-12-29 23:30:00+01:00,154.7229,292.42654,102.0983,92.13301,341.73444,406720.9,24782
2013-12-29 23:40:00+01:00,166.83102,388.01276,100.799416,105.64974,347.1793,399820.62,24501
2013-12-29 23:50:00+01:00,250.89922,396.71326,104.025536,103.49322,315.563,395094.12,23919
2013-12-30 00:00:00+01:00,173.73404,282.9583,106.18272,75.52852,304.05814,387497.38,22534
2013-12-30 00:10:00+01:00,135.36807,279.06232,106.3236,82.22022,306.75867,373568.25,20839
2013-12-30 00:20:00+01:00,172.60887,276.75128,97.61062,79.04312,290.26242,364005.2,22380
2013-12-30 00:30:00+01:00,158.9118,220.47766,111.74811,68.40526,290.40417,352221.3,21018
2013-12-30 00:40:00+01:00,122.561134,215.5527,94.46441,89.47916,265.24033,344711.53,20393
2013-12-30 00:50:00+01:00,136.58762,194.8576,101.55334,77.97172,223.6464,336308.38,19775
2013-12-30 01:00:00+01:00,115.67315,157.34167,97.75858,70.85664,287.99765,328321.4,19533
2013-12-30 01:10:00+01:00,104.17638,199.11754,91.32446,77.657845,249.17203,320331.56,18584
2013-12-30 01:20:00+01:00,115.31351,185.58038,100.00775,70.63095,231.78021,310173.56,17400
2013-12-30 01:30:00+01:00,94.989784,181.10399,89.94944,65.5709,219.79195,300234.47,17425
2013-12-30 01:40:00+01:00,83.57766,178.55594,84.9083,73.45029,187.89227,297978.2,17247
2013-12-30 01:50:00+01:00,104.54679,196.50627,94.38841,65.62497,180.21996,287463.2,16706
2013-12-30 02:00:00+01:00,86.91003,209.39067,89.352936,66.91815,171.8673,281543.2,16817
2013-12-30 02:10:00+01:00,72.42251,217.67726,92.223076,62.976006,152.7302,276406.16,15632
2013-12-30 02:20:00+01:00,110.481674,157.9877,87.13275,58.556183,157.77357,267125.53,15230
2013-12-30 02:30:00+01:00,92.85272,172.71501,91.119514,53.77951,151.72516,260688.61,14739
2013-12-30 02:40:00+01:00,78.463135,133.05743,81.70737,63.00851,140.93427,259612.27,14505
2013-12-30 02:50:00+01:00,103.296844,129.4582,90.95997,59.380077,126.45562,251712.31,13876
2013-12-30 03:00:00+01:00,87.12143,125.35673,82.30345,59.654594,125.231606,249623.78,14528
2013-12-30 03:10:00+01:00,72.785934,173.32503,95.08651,59.653107,123.01292,245261.23,13620
2013-12-30 03:20:00+01:00,100.1773,189.50356,80.850914,50.663326,107.40227,240648.1,14233
2013-12-30 03:30:00+01:00,77.40565,191.95659,94.20157,59.884266,124.38299,236003.28,13741
2013-12-30 03:40:00+01:00,72.18956,154.23982,140.16304,63.74227,119.946526,238041.6,13198
2013-12-30 03:50:00+01:00,92.12794,138.14246,119.329315,55.535896,131.04019,230914.53,13384
2013-12-30 04:00:00+01:00,74.92064,151.28737,92.509926,59.917244,129.26498,230705.9,14498
2013-12-30 04:10:00+01:00,75.83424,130.28023,90.523674,59.9674,112.02469,226190.64,13845
2013-12-30 04:20:00+01:00,101.898605,232.6823,78.272224,51.46106,113.03354,223920.08,14278
2013-12-30 04:30:00+01:00,91.434044,201.85738,83.19691,58.10192,110.434975,223985.28,14692
2013-12-30 04:40:00+01:00,69.27308,175.41481,76.20448,61.434814,96.91122,220636.39,14392
2013-12-30 04:50:00+01:00,103.80037,167.05824,79.22597,53.512516,106.024864,218671.08,15084
2013-12-30 05:00:00+01:00,101.64743,206.08012,83.905594,59.224487,103.36216,221799.48,15828
2013-12-30 05:10:00+01:00,116.34865,182.9927,93.821915,59.365005,93.88582,221135.34,15406
2013-12-30 05:20:00+01:00,126.750916,200.97557,80.27142,53.344193,91.58684,217797.31,15122
2013-12-30 05:30:00+01:00,76.39617,193.22432,73.12343,59.72524,87.00784,222999.7,16571
2013-12-30 05:40:00+01:00,74.381836,207.13707,93.049126,60.816265,96.400604,222795.95,16863
2013-12-30 05:50:00+01:00,111.70769,197.91612,83.65798,55.13642,110.284256,225542.5,16636
2013-12-30 06:00:00+01:00,78.162186,197.39597,87.63406,57.90332,96.65179,231129.78,18187
2013-12-30 06:10:00+01:00,86.48773,147.93477,89.5091,64.76193,95.87743,231666.48,19459
2013-12-30 06:20:00+01:00,110.778305,172.7772,88.673294,59.951298,109.484604,237782.39,18942
2013-12-30 06:30:00+01:00,108.12321,171.45377,78.600815,67.64295,107.23507,242207.03,18884
2013-12-30 06:40:00+01:00,127.88629,186.16933,103.48868,91.24045,115.18312,249070.55,21708
2013-12-30 06:50:00+01:00,136.12991,192.75108,86.66572,70.70279,109.10191,257374.39,23058
2013-12-30 07:00:00+01:00,158.99312,184.63644,135.57979,79.718796,123.02524,265951.2,24146
2013-12-30 07:10:00+01:00,126.194824,201.394,157.64384,76.41124,127.67141,272948.1,23383
2013-12-30 07:20:00+01:00,148.77621,197.43114,150.54308,78.0481,129.1146,284915.16,25644
2013-12-30 07:30:00+01:00,148.15585,256.5154,176.33704,86.54173,150.00566,302105.06,26273
2013-12-30 07:40:00+01:00,200.9867,216.7349,226.43877,81.56639,165.4083,315548.8,27943
2013-12-30 07:50:00+01:00,192.82077,300.34955,247.54901,94.36264,141.80234,323848.66,28809
2013-12-30 08:00:00+01:00,238.3713,314.2428,328.23972,104.36166,190.01006,344373.72,31050
2013-12-30 08:10:00+01:00,224.21326,298.02713,408.51355,115.97775,193.46353,358133.84,31877
2013-12-30 08:20:00+01:00,287.75595,382.8787,495.02444,118.63886,153.82439,369139.56,31604
2013-12-30 08:30:00+01:00,256.8348,446.70016,462.83234,112.91761,185.286,385557.8,33335
2013-12-30 08:40:00+01:00,346.0997,554.03894,558.2512,117.53753,211.0368,397633.47,34683
2013-12-30 08:50:00+01:00,393.30328,471.8254,681.5231,143.86217,204.55127,405330.47,34980
2013-12-30 09:00:00+01:00,394.7191,621.2328,774.8693,122.87949,208.86128,421524.75,37063
2013-12-30 09:10:00+01:00,456.31375,596.19104,843.37445,153.63531,212.21309,425944.8,36078
2013-12-30 09:20:00+01:00,475.1616,626.1924,821.8471,123.920494,200.48566,434334.0,38067
2013-12-30 09:30:00+01:00,505.595,672.6128,717.0169,116.73942,233.35571,447690.38,38353
2013-12-30 09:40:00+01:00,603.1714,680.2179,861.99945,184.69356,247.52815,456975.22,39111
2013-12-30 09:50:00+01:00,631.42365,709.4883,852.05554,157.8774,232.78471,464643.34,40641
2013-12-30 10:00:00+01:00,697.3153,761.6574,871.8302,145.27121,263.40912,477517.72,40416
2013-12-30 10:10:00+01:00,643.6249,875.50415,921.13544,157.18407,246.0369,483410.97,42739
2013-12-30 10:20:00+01:00,786.90094,903.82684,918.56946,149.3912,246.37566,487599.56,42532
2013-12-30 10:30:00+01:00,857.0807,913.66534,919.65356,150.43222,272.73376,499163.44,41499
2013-12-30 10:40:00+01:00,999.90546,1062.2697,932.7272,164.93085,261.19916,504387.94,42078
2013-12-30 10:50:00+01:00,1176.2777,994.1198,952.82245,159.41066,258.80768,508107.4,41437
2013-12-30 11:00:00+01:00,1263.6932,1130.8259,946.9741,149.05504,299.44467,515257.12,41589
2013-12-30 11:10:00+01:00,1364.851,1073.2689,988.12177,158.71921,269.26282,516860.12,41670
2013-12-30 11:20:00+01:00,1480.7339,1149.3972,1029.1748,143.01883,240.6463,519095.56,42193
2013-12-30 11:30:00+01:00,1729.0629,1154.2607,990.1259,162.91518,274.68307,525350.94,42565
2013-12-30 11:40:00+01:00,1875.0237,1213.4779,915.5546,181.42351,278.08878,529526.94,42628
2013-12-30 11:50:00+01:00,1754.3787,1434.5775,923.6471,174.8936,298.40668,526782.94,43918
2013-12-30 12:00:00+01:00,1972.6143,1453.8784,1048.271,188.72182,281.8739,531714.9,42807
2013-12-30 12:10:00+01:00,1829.6223,1362.1971,1088.6438,187.48204,308.58472,527930.8,43334
2013-12-30 12:20:00+01:00,2145.3625,1574.4742,1282.7975,168.51363,298.2951,525349.8,41840
2013-12-30 12:30:00+01:00,2266.0796,1643.3368,1226.8162,209.2007,306.0562,527031.4,41726
2013-12-30 12:40:00+01:00,2283.8765,1629.8131,1278.0938,184.66455,330.01648,524743.7,43065
2013-12-30 12:50:00+01:00,2605.2861,1846.74,1292.0411,149.68344,299.93094,526331.44,41483
2013-12-30 13:00:00+01:00,2418.3486,1771.4008,1213.5347,166.85442,323.25488,532467.4,42002
2013-12-30 13:10:00+01:00,2372.32,1877.9922,1211.3306,162.56589,323.80774,527142.56,40615
2013-12-30 13:20:00+01:00,2585.404,1828.3369,1256.1339,135.92476,372.31497,526350.56,41606
2013-12-30 13:30:00+01:00,2703.7354,1786.6927,1104.9692,140.2545,354.60205,527793.44,42046
2013-12-30 13:40:00+01:00,2732.32,2069.667,1189.6218,145.15942,339.18564,528312.4,43391
2013-12-30 13:50:00+01:00,2722.631,2068.7288,1187.3547,160.32343,326.79837,530177.44,42091
2013-12-30 14:00:00+01:00,2654.8792,2065.321,1040.2627,157.31555,366.00134,533125.0,42575
2013-12-30 14:10:00+01:00,2707.2903,2080.513,1182.8752,162.63084,330.21228,533061.4,42952
2013-12-30 14:20:00+01:00,2561.3774,1993.8475,1184.3627,145.64806,315.83206,535600.9,42234
2013-12-30 14:30:00+01:00,2593.795,2061.3657,1090.2184,196.52817,372.30997,537524.4,41010
2013-12-30 14:40:00+01:00,2620.946,2089.4663,1147.5494,176.7554,336.94266,537567.06,43039
2013-12-30 14:50:00+01:00,2714.657,1898.537,1021.4254,156.51086,333.11594,536179.94,42131
2013-12-30 15:00:00+01:00,2588.6548,1922.2028,1054.9366,134.6748,333.89648,544577.94,39885
2013-12-30 15:10:00+01:00,2698.974,1835.5991,1087.8717,141.07419,302.79874,540474.6,40406
2013-12-30 15:20:00+01:00,2802.2444,1848.5032,1072.0818,136.47467,369.7087,538583.9,39987
2013-12-30 15:30:00+01:00,2751.3752,2018.8328,1140.6292,128.093,354.58533,545610.3,41529
2013-12-30 15:40:00+01:00,3087.442,2018.2983,1120.8425,139.3274,362.37424,547071.8,40405
2013-12-30 15:50:00+01:00,2874.6484,2095.4175,1051.5142,127.38064,392.67075,544598.75,40569
2013-12-30 16:00:00+01:00,3016.7773,2049.3801,1205.2944,152.68124,351.88858,546126.0,42111
2013-12-30 16:10:00+01:00,2696.612,2140.1616,1126.9583,136.47852,402.15726,545967.9,41264
2013-12-30 16:20:00+01:00,3013.8242,2201.8262,1106.5881,146.93335,335.285,547044.8,41282
2013-12-30 16:30:00+01:00,2889.6729,2065.5261,1042.2035,161.60736,338.46432,548400.25,40860
2013-12-30 16:40:00+01:00,3040.8076,1921.8168,1022.60565,133.80638,333.0648,546126.8,40813
2013-12-30 16:50:00+01:00,2949.9802,2070.4004,1046.5967,126.67141,361.28885,547942.8,41001
2013-12-30 17:00:00+01:00,3096.0867,2122.8123,1066.056,146.01747,331.89706,553230.6,40888
2013-12-30 17:10:00+01:00,2801.8157,1920.4551,937.6249,179.94472,330.3083,554191.44,41132
2013-12-30 17:20:00+01:00,2822.5356,1806.8431,916.0348,157.99088,288.9123,553529.44,40056
2013-12-30 17:30:00+01:00,2695.809,1972.446,963.5493,137.91672,328.3729,554955.7,39760
2013-12-30 17:40:00+01:00,2590.9783,1739.8987,871.79456,129.70369,348.79498,556251.3,40406
2013-12-30 17:50:00+01:00,2482.8489,1830.5193,805.0539,132.81264,296.45197,548792.5,39568
2013-12-30 18:00:00+01:00,2497.3691,1830.5942,689.53046,128.65659,288.05148,550413.0,40285
2013-12-30 18:10:00+01:00,2238.3965,1529.1906,653.66034,128.52315,325.1489,545646.5,41321
2013-12-30 18:20:00+01:00,2206.6848,1483.7906,585.0848,129.8121,329.17758,542041.5,39796
2013-12-30 18:30:00+01:00,2205.9167,1435.4055,595.43286,127.73798,381.43637,539477.9,39677
2013-12-30 18:40:00+01:00,1952.9392,1268.5918,546.23425,115.921234,332.64255,534318.3,40052
2013-12-30 18:50:00+01:00,1762.7013,1223.0035,553.7462,104.21212,303.18597,524408.94,40070
2013-12-30 19:00:00+01:00,1502.8896,1214.1698,462.38632,113.44966,299.36978,523259.3,39323
2013-12-30 19:10:00+01:00,1426.5623,1083.7649,390.8522,109.435356,313.01932,512169.9,38534
2013-12-30 19:20:00+01:00,1358.5049,1079.8496,346.4703,92.37317,314.4152,504009.12,38193
2013-12-30 19:30:00+01:00,1304.0723,1086.9963,377.3692,98.99831,375.31683,499333.62,37475
2013-12-30 19:40:00+01:00,971.1267,897.33527,387.63577,110.53591,330.23593,485817.22,38595
2013-12-30 19:50:00+01:00,960.4438,900.69916,270.884,95.17589,374.03635,474426.78,36200
2013-12-30 20:00:00+01:00,1042.249,709.0065,275.5681,130.9713,396.55792,473950.9,35995
2013-12-30 20:10:00+01:00,918.3336,645.7012,341.28656,116.46684,406.85126,468100.1,36189
2013-12-30 20:20:00+01:00,801.9573,613.72595,223.17795,115.77419,434.1283,462534.2,36170
2013-12-30 20:30:00+01:00,675.0664,607.7126,244.29478,116.52038,389.39896,461574.28,36126
2013-12-30 20:40:00+01:00,631.98975,460.8915,227.14703,116.7943,417.50897,458370.94,34781
2013-12-30 20:50:00+01:00,499.50003,424.2083,219.65945,117.07433,460.1097,455699.34,34677
2013-12-30 21:00:00+01:00,552.84674,476.15588,185.17456,112.07999,457.54333,458129.16,34317
2013-12-30 21:10:00+01:00,416.8521,559.5108,194.30412,119.77057,490.35007,460658.06,34929
2013-12-30 21:20:00+01:00,367.7607,480.41766,215.88074,108.67493,464.44504,447129.84,31492
2013-12-30 21:30:00+01:00,372.97183,498.8312,183.53447,130.5962,461.02194,450222.53,31585
2013-12-30 21:40:00+01:00,288.83493,457.06256,201.18233,127.052956,486.06494,445644.88,33762
2013-12-30 21:50:00+01:00,295.3989,373.08548,191.90677,115.255196,510.49304,443795.62,31844
2013-12-30 22:00:00+01:00,354.97665,456.16608,175.00745,95.7763,458.255,442886.72,30205
2013-12-30 22:10:00+01:00,300.2633,374.23138,159.6387,93.66009,414.98935,434997.5,30173
2013-12-30 22:20:00+01:00,342.27765,330.6556,157.04005,103.18335,490.37015,432158.0,29632
2013-12-30 22:30:00+01:00,317.48416,377.527,163.37817,87.20052,435.27316,429542.66,30107
2013-12-30 22:40:00+01:00,250.39102,384.81137,174.4848,134.84186,475.09143,421358.03,28700
2013-12-30 22:50:00+01:00,253.80516,343.73578,154.83258,89.10607,430.2588,411945.5,27909
2013-12-30 23:00:00+01:00,293.2749,414.61636,154.14777,83.87393,451.51282,410829.47,28452
2013-12-30 23:10:00+01:00,208.17249,360.23013,134.07373,101.15318,395.60498,406713.25,27874
2013-12-30 23:20:00+01:00,188.07642,304.59103,172.89746,95.5704,427.2235,399026.94,27736
2013-12-30 23:30:00+01:00,193.2061,329.77567,148.10214,86.951324,415.10873,395443.94,26403
2013-12-30 23:40:00+01:00,211.0515,383.30176,142.16194,111.5634,380.7146,384594.75,24796
2013-12-30 23:50:00+01:00,172.88681,325.71265,113.70799,102.02475,383.28256,377920.75,23746
2013-12-31 00:00:00+01:00,200.09366,292.74335,122.44039,87.77264,390.4903,375827.72,25226
2013-12-31 00:10:00+01:00,162.87024,283.1602,115.4086,98.37834,347.84793,360873.28,23857
2013-12-31 00:20:00+01:00,118.0737,256.77948,125.99772,90.81453,318.49203,353162.3,22699
2013-12-31 00:30:00+01:00,146.148,293.54672,120.135544,79.68546,302.61432,347491.66,21747
2013-12-31 00:40:00+01:00,131.13623,312.76273,105.98413,78.66461,301.9833,337460.22,20762
2013-12-31 00:50:00+01:00,121.38003,274.58636,108.76903,91.59882,252.08951,329965.94,21269
2013-12-31 01:00:00+01:00,155.55853,300.25684,106.785675,61.725906,280.6512,322071.6,19650
2013-12-31 01:10:00+01:00,100.87272,237.11006,142.60458,104.16493,288.6916,369608.94,17993
2013-12-31 01:20:00+01:00,99.898155,266.65576,94.62584,98.659935,261.0892,321789.6,18324
2013-12-31 01:30:00+01:00,101.16022,289.2605,94.56854,72.68849,257.03842,296228.03,18057
2013-12-31 01:40:00+01:00,79.00063,213.05441,82.72502,84.87314,196.12929,288535.97,16907
2013-12-31 01:50:00+01:00,101.32795,240.06487,80.225464,75.82844,211.28246,279160.47,17734
2013-12-31 02:00:00+01:00,115.164116,155.6124,91.79809,57.8152,246.22227,275102.7,17497
2013-12-31 02:10:00+01:00,75.34003,197.69539,84.37068,69.58498,205.58974,267367.72,16438
2013-12-31 02:20:00+01:00,99.30224,181.85136,92.30182,64.81616,179.1841,262915.62,16453
2013-12-31 02:30:00+01:00,99.62889,161.96677,101.38725,55.629066,171.91557,259849.48,16540
2013-12-31 02:40:00+01:00,79.393394,150.68976,83.93765,69.22887,139.07771,252781.14,15084
2013-12-31 02:50:00+01:00,86.09458,131.88776,110.068565,64.062096,127.94451,243431.73,15818
2013-12-31 03:00:00+01:00,94.13419,146.28873,99.07003,55.510822,148.7061,245555.86,15499
2013-12-31 03:10:00+01:00,63.747993,178.37997,85.1311,74.37102,132.7876,240274.98,15625
2013-12-31 03:20:00+01:00,85.69305,131.16913,89.661804,60.391357,133.42094,234147.78,15200
2013-12-31 03:30:00+01:00,88.152405,135.73367,94.41581,54.45738,119.85974,237354.23,15006
2013-12-31 03:40:00+01:00,66.47695,152.58734,94.20405,72.259315,119.41589,234845.95,14311
2013-12-31 03:50:00+01:00,75.479256,131.56622,100.637024,62.27146,118.80465,228241.31,13772
2013-12-31 04:00:00+01:00,78.5772,160.84386,89.07791,56.21019,118.05662,228284.42,14832
2013-12-31 04:10:00+01:00,63.19257,172.51363,97.97645,66.81021,108.26885,224002.9,15048
2013-12-31 04:20:00+01:00,70.83855,139.6368,92.97274,57.473667,97.31729,217677.31,14853
2013-12-31 04:30:00+01:00,77.61143,165.85805,109.10317,57.0591,93.57978,220753.05,15049
2013-12-31 04:40:00+01:00,66.25653,161.54152,80.27853,67.15936,101.09687,217799.44,15771
2013-12-31 04:50:00+01:00,76.11424,131.63283,94.8142,59.977848,91.72079,216205.17,16300
2013-12-31 05:00:00+01:00,89.94071,165.25647,108.6049,47.625378,98.479935,219070.78,16025
2013-12-31 05:10:00+01:00,74.00971,165.17894,101.208405,63.908817,96.5751,216974.39,15705
2013-12-31 05:20:00+01:00,98.514626,144.18523,88.85752,56.38002,111.46487,214831.16,17111
2013-12-31 05:30:00+01:00,113.21244,173.58818,92.03686,54.526375,104.12677,219983.4,17018
2013-12-31 05:40:00+01:00,79.53456,146.72704,100.15932,63.492756,107.67875,220726.77,16304
2013-12-31 05:50:00+01:00,111.47299,129.58295,112.8319,64.04007,93.586716,216555.4,17673
2013-12-31 06:00:00+01:00,112.527,171.03693,122.59275,53.85195,93.72079,221785.94,18093
2013-12-31 06:10:00+01:00,87.3585,144.90382,89.45418,61.93784,99.20716,223157.55,18436
2013-12-31 06:20:00+01:00,103.38614,172.72336,111.01724,66.619995,99.98003,225749.34,20574
2013-12-31 06:30:00+01:00,84.37189,255.31435,98.054276,57.400513,103.93262,233342.66,19494
2013-12-31 06:40:00+01:00,116.972145,244.63188,105.640526,70.43597,98.30563,237393.88,19673
2013-12-31 06:50:00+01:00,119.17975,312.13004,128.16081,66.01566,109.4607,242572.0,19990
2013-12-31 07:00:00+01:00,128.42868,277.33646,144.07109,63.61824,117.054436,253508.28,23163
2013-12-31 07:10:00+01:00,115.80816,298.47827,130.08353,74.37982,110.28145,257818.9,23623
2013-12-31 07:20:00+01:00,143.73282,270.49326,196.58553,63.22833,122.72918,264666.03,25478
2013-12-31 07:30:00+01:00,119.44049,278.1407,202.3925,72.3482,122.72076,281836.97,24906
2013-12-31 07:40:00+01:00,114.81133,283.41962,241.18932,89.092514,144.04353,290905.88,25887
2013-12-31 07:50:00+01:00,139.77411,283.77884,280.40228,78.44577,142.63957,299690.9,27221
2013-12-31 08:00:00+01:00,168.49956,355.4248,311.64804,97.946594,146.84422,316793.12,30460
2013-12-31 08:10:00+01:00,168.95306,398.7558,295.57367,103.85379,153.83224,326293.38,30143
2013-12-31 08:20:00+01:00,200.11436,409.5126,411.48093,96.2394,178.47252,333921.97,31998
2013-12-31 08:30:00+01:00,255.48213,422.60333,448.99927,104.37002,189.10294,351007.38,33708
2013-12-31 08:40:00+01:00,316.2248,496.11264,441.56305,108.92242,188.05923,359851.44,34934
2013-12-31 08:50:00+01:00,245.47093,536.9898,554.4348,101.174866,205.99854,370568.9,34412
2013-12-31 09:00:00+01:00,337.32104,527.3333,569.01337,96.118805,194.17029,385040.88,35413
2013-12-31 09:10:00+01:00,405.98932,618.8386,704.6871,117.49409,205.70416,393459.7,35860
2013-12-31 09:20:00+01:00,376.41302,618.77405,752.03455,130.30063,187.45906,399836.6,36292
2013-12-31 09:30:00+01:00,455.29816,657.4733,662.7416,108.72962,199.44606,412640.03,37068
2013-12-31 09:40:00+01:00,553.04474,645.5303,815.0814,134.53319,187.03238,421699.9,38347
2013-12-31 09:50:00+01:00,694.31274,698.46625,815.3621,106.67988,216.02112,429038.44,38572
2013-12-31 10:00:00+01:00,556.6897,705.4324,840.3748,112.64744,211.28519,442863.12,38993
2013-12-31 10:10:00+01:00,722.0833,680.5187,818.36115,120.350975,207.00108,454606.7,40199
2013-12-31 10:20:00+01:00,625.2338,670.0836,775.0449,138.13922,203.40804,455242.34,42152
2013-12-31 10:30:00+01:00,680.0658,893.77203,891.29407,129.86577,211.08913,469699.25,41050
2013-12-31 10:40:00+01:00,820.28754,864.4849,915.39496,149.64148,208.51093,477135.9,40987
2013-12-31 10:50:00+01:00,935.82745,926.4803,880.0369,159.71767,226.16951,477812.84,42186
2013-12-31 11:00:00+01:00,911.1556,1006.28564,952.7067,129.58032,295.44955,487977.94,40659
2013-12-31 11:10:00+01:00,1103.2103,1068.6012,907.5041,141.05212,286.37796,492694.06,41479
2013-12-31 11:20:00+01:00,1238.5254,858.9881,839.6372,123.23276,248.8838,492274.72,42529
2013-12-31 11:30:00+01:00,1092.184,1101.2504,879.7301,126.87713,309.3476,496726.3,42172
2013-12-31 11:40:00+01:00,1151.8066,1098.0951,905.5198,128.56699,259.23914,498039.75,43501
2013-12-31 11:50:00+01:00,1265.3225,1075.2264,836.5515,140.26772,265.94952,497116.75,40410
2013-12-31 12:00:00+01:00,1275.6366,1268.4104,928.36426,119.126495,288.44086,503326.5,43113
2013-12-31 12:10:00+01:00,1417.9,1324.2921,918.16644,131.35327,299.66476,501549.9,41180
2013-12-31 12:20:00+01:00,1290.2701,1302.8593,1023.83716,122.90343,258.6479,499317.56,42991
2013-12-31 12:30:00+01:00,1333.3857,1335.176,1007.55615,109.17366,248.3294,500993.38,42143
2013-12-31 12:40:00+01:00,1479.7867,1286.0931,899.5679,125.8191,276.58774,497708.97,42590
2013-12-31 12:50:00+01:00,1623.4966,1394.2615,998.5157,120.53283,295.578,490493.1,41378
2013-12-31 13:00:00+01:00,1671.8229,1335.5311,830.7442,116.09581,278.77084,493215.66,41737
2013-12-31 13:10:00+01:00,1624.0558,1402.8458,768.0503,108.00681,306.96594,489577.25,41990
2013-12-31 13:20:00+01:00,1678.5911,1494.2852,786.40234,108.90584,314.41367,485388.38,41543
2013-12-31 13:30:00+01:00,1617.7355,1391.8391,766.0001,101.63268,265.08774,488158.3,40897
2013-12-31 13:40:00+01:00,1905.2391,1511.4005,680.9418,98.7788,301.31577,483847.4,42750
2013-12-31 13:50:00+01:00,1939.5059,1343.2943,604.3267,116.28274,314.15668,484073.66,42722
2013-12-31 14:00:00+01:00,1748.7543,1386.7686,611.178,107.415474,313.06097,490723.28,43352
2013-12-31 14:10:00+01:00,1762.481,1474.9857,573.91455,105.91082,332.5238,486375.62,42175
2013-12-31 14:20:00+01:00,1754.4707,1403.3359,514.5811,119.244835,301.47015,491104.22,43628
2013-12-31 14:30:00+01:00,1774.9302,1475.6306,575.46405,108.59269,347.38022,487288.25,43785
2013-12-31 14:40:00+01:00,1807.3148,1510.5417,536.55634,119.36513,324.52246,488340.03,42818
2013-12-31 14:50:00+01:00,1870.0865,1241.019,518.66895,121.66843,375.62695,489396.47,41947
2013-12-31 15:00:00+01:00,1797.6171,1387.1884,485.24872,117.54024,346.94165,492573.44,41433
2013-12-31 15:10:00+01:00,1677.4642,1421.4564,495.25876,129.8449,341.65454,489041.1,41453
2013-12-31 15:20:00+01:00,1767.3717,1234.9731,413.4351,127.08344,320.69482,474504.25,43049
2013-12-31 15:30:00+01:00,1777.1191,1361.8777,472.90674,111.70045,287.17444,480120.97,41146
2013-12-31 15:40:00+01:00,1819.8816,1508.5641,450.41763,124.25367,305.7352,481156.34,41865
2013-12-31 15:50:00+01:00,1868.0789,1291.272,416.53418,105.42723,299.90048,479956.12,41709
2013-12-31 16:00:00+01:00,1809.5779,1150.291,385.50616,85.92728,274.77423,482581.66,41489
2013-12-31 16:10:00+01:00,1793.8499,1139.2705,392.55096,97.34849,325.3311,479797.12,43417
2013-12-31 16:20:00+01:00,1950.4169,1095.1575,421.45953,110.934074,293.6642,477413.38,42790
2013-12-31 16:30:00+01:00,1821.1636,1328.4609,391.27014,104.2107,261.77994,485221.62,42932
2013-12-31 16:40:00+01:00,1911.5936,1211.63,379.87024,98.61998,261.43616,484187.5,44456
2013-12-31 16:50:00+01:00,1723.8578,1168.8468,385.23547,117.7484,235.51364,483243.25,45831
2013-12-31 17:00:00+01:00,1806.755,1146.9869,369.80664,113.16331,226.37233,489168.97,45850
2013-12-31 17:10:00+01:00,1779.272,1206.7722,400.64307,110.80981,263.19922,486620.72,45436
2013-12-31 17:20:00+01:00,1696.8336,1075.1102,348.07654,101.270424,260.61127,484276.3,47125
2013-12-31 17:30:00+01:00,1663.5118,1099.1504,367.86774,108.15487,239.3718,487560.28,46000
2013-12-31 17:40:00+01:00,1585.103,1055.8206,341.4175,110.82658,286.7016,486944.78,48806
2013-12-31 17:50:00+01:00,1490.8064,1042.3356,324.21606,100.91413,284.96512,481128.66,49555
2013-12-31 18:00:00+01:00,1364.1212,1004.71954,310.64966,95.91078,275.55624,479099.0,47119
2013-12-31 18:10:00+01:00,1369.1788,906.5851,301.23193,102.10342,276.64017,473987.12,45215
2013-12-31 18:20:00+01:00,1159.4078,834.6265,272.76636,100.02143,287.45917,471255.12,44799
2013-12-31 18:30:00+01:00,1091.2405,820.3757,287.9606,95.70159,327.34637,470799.5,46879
2013-12-31 18:40:00+01:00,1162.6558,879.2769,272.6036,117.680435,318.7311,468044.2,46775
2013-12-31 18:50:00+01:00,897.766,771.0539,271.3826,90.89719,317.0469,461737.75,47986
2013-12-31 19:00:00+01:00,920.0246,856.49304,279.2084,114.58479,289.89108,462843.62,48907
2013-12-31 19:10:00+01:00,851.0497,731.60645,252.56584,117.289474,321.28836,458511.84,46486
2013-12-31 19:20:00+01:00,742.032,723.4639,274.9403,104.02303,353.99362,456030.03,45450
2013-12-31 19:30:00+01:00,707.1329,717.6755,246.42123,109.61324,348.5424,467311.9,49482
2013-12-31 19:40:00+01:00,717.6935,701.8956,247.3357,131.36699,332.0504,458967.1,49175
2013-12-31 19:50:00+01:00,725.3193,661.5315,259.60077,125.63557,297.71057,461626.5,47261
2013-12-31 20:00:00+01:00,766.3565,719.51575,232.47859,129.9489,290.8205,466174.7,47616
2013-12-31 20:10:00+01:00,663.6279,675.4844,233.03937,109.17113,341.40128,460011.84,44711
2013-12-31 20:20:00+01:00,690.70667,779.3646,362.87454,99.14529,413.2874,456561.25,46689
2013-12-31 20:30:00+01:00,607.5601,611.0948,332.22705,92.16195,396.52182,458663.9,48564
2013-12-31 20:40:00+01:00,593.3632,751.9995,400.73495,101.40124,414.7282,453822.03,45550
2013-12-31 20:50:00+01:00,574.18646,670.78107,397.22836,100.35134,402.1916,448185.8,44882
2013-12-31 21:00:00+01:00,571.2855,747.8209,496.336,114.15578,395.96994,446603.6,44646
2013-12-31 21:10:00+01:00,671.6736,802.5618,442.72836,95.26285,432.50162,444780.5,42925
2013-12-31 21:20:00+01:00,638.68384,731.09357,565.31116,110.54,438.43365,443082.44,42767
2013-12-31 21:30:00+01:00,576.21533,852.55756,449.6596,102.75121,494.37198,446139.25,41528
2013-12-31 21:40:00+01:00,654.51465,894.1256,497.2945,93.415276,442.56866,445890.2,41418
2013-12-31 21:50:00+01:00,693.94055,954.69415,455.17133,104.96301,447.88962,449313.8,42384
2013-12-31 22:00:00+01:00,765.39,1002.9307,473.2039,85.24252,463.81393,453319.22,40944
2013-12-31 22:10:00+01:00,705.0906,1012.00275,447.0825,103.9564,443.62582,454704.97,39991
2013-12-31 22:20:00+01:00,705.02,1168.0686,447.80334,108.72953,480.15036,451055.25,40920
2013-12-31 22:30:00+01:00,643.5426,1171.92,467.12573,91.17063,450.7879,450722.97,41070
2013-12-31 22:40:00+01:00,682.3964,1120.8899,431.5465,98.781235,433.60873,447771.06,40836
2013-12-31 22:50:00+01:00,708.86273,1240.7446,434.1795,89.36761,414.90833,444339.53,43084
2013-12-31 23:00:00+01:00,671.4978,1306.3345,436.4829,100.386734,426.05142,450318.44,45979
2013-12-31 23:10:00+01:00,678.569,1510.5098,419.07397,102.30926,365.36465,448997.0,43450
2013-12-31 23:20:00+01:00,666.43506,1666.5208,511.93607,96.55297,367.20746,446560.12,42192
2013-12-31 23:30:00+01:00,791.7613,1719.3411,456.03583,107.58603,393.57632,453275.0,41971
2013-12-31 23:40:00+01:00,691.7035,2145.4219,550.77277,136.55228,402.17416,450238.2,41478
2013-12-31 23:50:00+01:00,773.20215,2267.5496,570.97003,128.29688,390.044,454793.06,46610
2014-01-01 00:00:00+01:00,990.8813,2918.3928,624.1033,111.252426,473.34607,521467.4,72336
2014-01-01 00:10:00+01:00,1469.5522,3613.8613,1030.2378,116.41036,431.1939,517580.97,68157
2014-01-01 00:20:00+01:00,1029.7084,3151.9294,1048.9209,103.57503,406.57144,508508.75,57624
2014-01-01 00:30:00+01:00,1105.8287,2445.4758,1080.7386,126.60778,378.68124,507479.6,52717
2014-01-01 00:40:00+01:00,1146.5463,2127.271,1070.9816,122.79068,352.78067,492501.7,47203
2014-01-01 00:50:00+01:00,674.7056,1479.9232,1016.0412,115.90848,417.09033,475589.03,44600
2014-01-01 01:00:00+01:00,581.64624,1180.199,908.3175,131.3682,361.49265,463502.84,42253
2014-01-01 01:10:00+01:00,425.82513,1074.0029,955.156,148.58405,358.7754,452853.88,39097
2014-01-01 01:20:00+01:00,380.5197,884.58276,1052.7617,148.57457,358.45654,441713.8,35019
2014-01-01 01:30:00+01:00,274.2692,728.3837,961.14746,147.23622,361.8599,434761.9,33518
2014-01-01 01:40:00+01:00,242.96223,588.0631,991.5138,152.28275,333.93536,432536.62,32800
2014-01-01 01:50:00+01:00,232.65565,509.36334,1225.6458,175.14091,350.03583,416923.0,31056
2014-01-01 02:00:00+01:00,254.92308,534.50604,1102.4829,162.26254,373.90802,409520.7,30061
2014-01-01 02:10:00+01:00,235.01976,396.52637,1318.513,162.29024,300.81903,398630.8,29384
2014-01-01 02:20:00+01:00,236.55362,365.0704,1397.9242,187.68059,296.8221,389459.7,27622
2014-01-01 02:30:00+01:00,208.79414,441.53552,1370.312,171.3086,260.14517,389951.25,26891
2014-01-01 02:40:00+01:00,181.09402,401.38217,1395.9934,150.74419,317.903,385244.1,26036
2014-01-01 02:50:00+01:00,186.84738,350.97342,1271.6984,139.10089,342.54138,359494.22,25405
2014-01-01 03:00:00+01:00,145.71101,335.2567,1287.4563,135.25644,278.68967,352893.84,25583
2014-01-01 03:10:00+01:00,209.98993,325.26355,1110.0837,135.93965,287.91415,344905.72,24961
2014-01-01 03:20:00+01:00,185.90578,277.01395,1175.1783,141.3421,318.1994,350127.1,25039
2014-01-01 03:30:00+01:00,152.15137,293.48016,1136.7538,134.85124,300.3128,350462.84,23614
2014-01-01 03:40:00+01:00,111.20115,325.54257,1141.6249,141.58913,280.23672,341456.0,22675
2014-01-01 03:50:00+01:00,89.98593,241.2404,810.935,117.14809,281.86508,297357.38,21201
2014-01-01 04:00:00+01:00,103.8472,250.00104,884.35486,107.685135,231.40578,292116.16,22472
2014-01-01 04:10:00+01:00,87.634544,286.99344,1034.9011,126.35383,219.41553,282568.22,21599
2014-01-01 04:20:00+01:00,89.16624,228.43658,827.13464,98.30851,184.31366,269289.4,21425
2014-01-01 04:30:00+01:00,104.52519,216.05582,758.86884,103.919685,197.02962,267202.38,21909
2014-01-01 04:40:00+01:00,90.75302,214.76192,754.2172,95.6032,180.9131,259831.81,19821
2014-01-01 04:50:00+01:00,90.54912,235.16888,781.3368,96.29228,178.26617,252974.77,19573
2014-01-01 05:00:00+01:00,95.370056,299.37195,555.07245,87.95007,174.29265,251789.86,20116
2014-01-01 05:10:00+01:00,98.84373,274.77176,475.67026,91.32285,179.96532,242338.44,20158
2014-01-01 05:20:00+01:00,87.09856,227.65535,495.2817,80.54649,152.39345,236463.44,19732
2014-01-01 05:30:00+01:00,90.185196,227.86607,358.85367,82.92104,159.2196,238075.02,19996
2014-01-01 05:40:00+01:00,90.95168,154.6838,213.78647,72.77301,154.61855,225287.2,19524
2014-01-01 05:50:00+01:00,83.52,187.7426,141.46693,71.96768,161.26566,222780.86,20330
2014-01-01 06:00:00+01:00,87.78111,182.99323,124.96442,70.11096,130.2631,224607.86,21012
2014-01-01 06:10:00+01:00,66.46742,158.33514,103.17792,68.70824,132.45818,216309.12,20489
2014-01-01 06:20:00+01:00,87.13181,145.06773,163.64604,62.979916,115.93108,214073.14,20298
2014-01-01 06:30:00+01:00,89.79348,174.51659,110.123405,67.159424,108.76038,218437.47,20053
2014-01-01 06:40:00+01:00,58.29959,247.85594,92.23994,67.74747,107.709625,209175.89,20884
2014-01-01 06:50:00+01:00,99.56116,151.1826,102.2644,60.280724,106.345695,210603.84,20947
2014-01-01 07:00:00+01:00,98.459335,173.39043,94.62354,62.09293,101.054955,214172.52,21290
2014-01-01 07:10:00+01:00,76.11789,142.37093,88.67579,60.69459,96.95874,208187.05,18984
2014-01-01 07:20:00+01:00,75.57218,150.72134,100.48763,65.10919,97.466354,208109.89,19796
2014-01-01 07:30:00+01:00,83.231415,159.16551,93.304146,61.877407,120.75152,211925.97,20835
2014-01-01 07:40:00+01:00,72.739204,157.05022,88.42087,56.59588,99.15987,209109.9,20720
2014-01-01 07:50:00+01:00,75.33809,186.41797,119.04582,54.314777,103.96759,211937.23,21762
2014-01-01 08:00:00+01:00,86.72138,189.03662,88.20004,60.506664,93.50029,217558.69,26908
2014-01-01 08:10:00+01:00,73.63657,201.28632,86.30366,58.238773,83.61395,214642.11,28189
2014-01-01 08:20:00+01:00,151.0033,144.43121,104.72792,50.813137,104.35965,217747.97,27579
2014-01-01 08:30:00+01:00,129.4376,177.26845,87.69057,55.011955,107.462105,223896.98,30385
2014-01-01 08:40:00+01:00,100.82854,152.3337,100.065956,51.308533,91.36501,226137.28,29672
2014-01-01 08:50:00+01:00,86.79991,149.76666,100.75294,51.38928,107.35758,229107.31,30171
2014-01-01 09:00:00+01:00,117.525826,184.35318,102.44376,51.537415,102.648575,240591.78,33306
2014-01-01 09:10:00+01:00,94.95614,181.61308,82.52771,47.263763,103.918976,242296.53,32415
2014-01-01 09:20:00+01:00,109.1668,171.79756,105.0561,52.707256,119.74359,247597.06,33534
2014-01-01 09:30:00+01:00,129.06276,196.84259,108.13027,61.906906,119.72896,256627.36,36204
2014-01-01 09:40:00+01:00,144.7399,208.98116,103.78224,64.756065,123.92943,262578.66,37093
2014-01-01 09:50:00+01:00,181.48415,215.38762,102.489716,78.08557,123.54583,273321.97,36242
2014-01-01 10:00:00+01:00,195.63374,210.17674,115.07244,66.928665,115.72848,284748.8,36790
2014-01-01 10:10:00+01:00,216.14697,231.42325,103.20189,73.978676,151.63597,289970.28,39385
2014-01-01 10:20:00+01:00,190.68494,204.16376,115.52787,61.511036,137.30379,299472.06,40746
2014-01-01 10:30:00+01:00,187.01935,236.21265,107.03917,67.20381,151.74744,309969.3,41203
2014-01-01 10:40:00+01:00,168.01944,224.67343,117.428085,61.558495,133.1064,315769.03,41456
2014-01-01 10:50:00+01:00,202.28949,235.595,110.98806,67.86445,157.08432,324403.16,40770
2014-01-01 11:00:00+01:00,225.8961,296.05792,112.60165,70.30685,169.77602,337016.84,42352
2014-01-01 11:10:00+01:00,246.71895,262.4115,121.88238,65.481964,142.92986,345263.97,43335
2014-01-01 11:20:00+01:00,224.09705,337.22446,146.62494,69.15982,195.16183,350764.6,45283
2014-01-01 11:30:00+01:00,273.32257,328.85657,132.0263,70.23184,167.34778,360338.78,42627
2014-01-01 11:40:00+01:00,250.1316,361.77942,137.0278,79.24543,163.51546,363946.75,44356
2014-01-01 11:50:00+01:00,307.2568,388.1584,148.03136,79.787605,192.71735,367769.25,44101
2014-01-01 12:00:00+01:00,304.23804,430.68625,136.60815,75.02015,221.24576,379914.88,43951
2014-01-01 12:10:00+01:00,331.79773,471.7623,139.14949,72.391525,206.40652,384211.34,44405
2014-01-01 12:20:00+01:00,363.81985,547.1521,148.38968,91.83704,217.16748,384408.16,44332
2014-01-01 12:30:00+01:00,405.91754,520.90967,139.24141,79.14802,204.99522,391388.12,44523
2014-01-01 12:40:00+01:00,447.2656,469.2288,132.59673,71.467545,198.51723,388622.62,45485
2014-01-01 12:50:00+01:00,365.45367,489.91922,166.02283,78.610146,222.91907,395476.16,45405
2014-01-01 13:00:00+01:00,405.59897,564.0971,141.3467,82.64996,215.38588,394189.16,42449
2014-01-01 13:10:00+01:00,531.16876,541.5828,158.13826,78.29216,217.68748,393777.8,41777
2014-01-01 13:20:00+01:00,520.04315,595.5399,167.95784,89.185455,246.08943,394543.06,41748
2014-01-01 13:30:00+01:00,436.87445,537.53485,145.55974,82.969925,228.9843,394533.6,41099
2014-01-01 13:40:00+01:00,520.36847,613.55273,154.63586,71.63667,254.70673,395628.84,40119
2014-01-01 13:50:00+01:00,558.1381,585.9072,169.62129,78.726746,266.0277,396553.78,40799
2014-01-01 14:00:00+01:00,594.13794,589.9993,156.58154,79.9775,306.6283,401225.6,42185
2014-01-01 14:10:00+01:00,580.48804,675.2978,157.47797,80.284256,247.06567,409962.25,41772
2014-01-01 14:20:00+01:00,633.1153,703.81836,176.37547,76.53496,290.7754,411395.12,41663
2014-01-01 14:30:00+01:00,640.0752,569.46173,159.88951,83.749176,264.2888,420112.84,42365
2014-01-01 14:40:00+01:00,603.15533,757.41077,154.74673,94.71072,283.59427,417261.5,39259
2014-01-01 14:50:00+01:00,674.7958,810.6581,151.11197,93.59315,285.313,419782.3,41749
2014-01-01 15:00:00+01:00,692.71936,743.2243,159.33244,70.059715,304.8582,424673.34,41469
2014-01-01 15:10:00+01:00,778.7478,718.59106,170.75291,84.48248,267.3916,427376.7,39906
2014-01-01 15:20:00+01:00,717.9835,827.64453,162.6381,93.45042,292.7946,427490.9,39275
2014-01-01 15:30:00+01:00,804.38556,809.7457,172.57893,77.388466,248.17029,432149.75,38518
2014-01-01 15:40:00+01:00,733.3869,818.6208,180.7435,78.34815,233.06323,429523.6,37149
2014-01-01 15:50:00+01:00,710.78424,814.8959,206.89369,77.22511,203.84108,433428.75,40271
2014-01-01 16:00:00+01:00,820.121,958.79755,190.43675,107.09999,280.43918,438555.6,42317
2014-01-01 16:10:00+01:00,941.6311,942.67645,187.90517,81.12427,262.53278,441479.34,39117
2014-01-01 16:20:00+01:00,948.367,883.9002,227.22275,92.766365,345.28735,443999.53,38381
2014-01-01 16:30:00+01:00,898.93896,879.39716,237.82097,82.089874,235.12158,445968.72,40399
2014-01-01 16:40:00+01:00,952.38794,904.07074,216.24544,82.63605,233.42389,447624.4,40492
2014-01-01 16:50:00+01:00,1110.7849,945.7342,221.93066,94.75616,283.24164,447534.12,38525
2014-01-01 17:00:00+01:00,1065.036,928.25446,204.65059,84.209694,263.64398,457574.25,40526
2014-01-01 17:10:00+01:00,973.8333,956.9664,191.13394,122.06374,243.6293,459964.97,41705
2014-01-01 17:20:00+01:00,977.8986,889.8128,217.9838,90.431526,267.2545,457995.2,42033
2014-01-01 17:30:00+01:00,792.61194,881.55084,202.44565,96.931114,302.31308,466198.62,40121
2014-01-01 17:40:00+01:00,820.0132,872.5076,212.07831,98.68623,311.01816,466741.62,39873
2014-01-01 17:50:00+01:00,911.6788,827.69965,189.0624,110.11433,287.47876,468531.1,40527
2014-01-01 18:00:00+01:00,1054.6799,793.70685,192.27393,96.01724,291.1607,469217.22,40227
2014-01-01 18:10:00+01:00,871.4438,808.7439,202.00487,95.09295,342.77216,461330.28,40010
2014-01-01 18:20:00+01:00,845.229,783.23206,200.47722,87.73948,295.94196,463810.5,40157
2014-01-01 18:30:00+01:00,743.5518,682.14655,181.31778,83.24688,319.10007,468243.5,39456
2014-01-01 18:40:00+01:00,651.9271,752.25616,156.07195,99.89233,274.15677,463712.56,39966
2014-01-01 18:50:00+01:00,688.456,695.9836,190.5092,94.45461,280.39444,460628.75,39429
2014-01-01 19:00:00+01:00,689.3252,634.64056,158.37248,100.57483,324.21384,465478.38,39661
2014-01-01 19:10:00+01:00,643.8506,649.8896,165.87889,102.10704,341.78226,458691.66,38464
2014-01-01 19:20:00+01:00,691.32324,561.69104,159.05817,111.30244,352.45032,455159.22,38235
2014-01-01 19:30:00+01:00,625.204,610.7841,150.92221,102.117714,390.4368,453691.72,38393
2014-01-01 19:40:00+01:00,546.9565,562.5184,155.17361,106.12349,379.95178,453039.56,36679
2014-01-01 19:50:00+01:00,544.6556,529.84503,164.98587,81.013084,342.6419,448474.34,36431
2014-01-01 20:00:00+01:00,625.211,521.17426,120.034454,99.77792,341.17883,446778.38,35711
2014-01-01 20:10:00+01:00,526.8751,460.07428,135.14249,90.26701,353.97168,446708.03,37400
2014-01-01 20:20:00+01:00,499.85828,440.27557,129.72072,91.99913,394.1725,442038.44,36029
2014-01-01 20:30:00+01:00,433.1368,438.38455,112.00557,103.2223,401.38974,445270.62,36270
2014-01-01 20:40:00+01:00,328.60394,393.7291,121.20171,81.93551,400.0348,441078.75,34070
2014-01-01 20:50:00+01:00,315.24063,340.08685,112.36807,82.42196,434.4416,435702.56,33647
2014-01-01 21:00:00+01:00,330.38623,464.0311,106.69934,131.18152,437.66788,439867.9,35728
2014-01-01 21:10:00+01:00,298.22647,489.5244,126.26721,83.92158,448.89462,442501.56,34822
2014-01-01 21:20:00+01:00,264.84573,446.42636,128.09108,102.9329,434.98102,431771.88,33983
2014-01-01 21:30:00+01:00,284.96677,434.3335,111.9825,107.047935,397.21924,435742.56,32939
2014-01-01 21:40:00+01:00,281.38,431.8023,118.68621,111.306564,417.32794,427688.8,31965
2014-01-01 21:50:00+01:00,315.6774,339.48056,131.99297,108.85747,384.79376,424627.56,30403
2014-01-01 22:00:00+01:00,394.1103,457.42126,119.57121,90.558495,484.6897,426875.44,30485
2014-01-01 22:10:00+01:00,435.9789,406.1915,134.84924,99.41749,405.32822,418892.56,29503
2014-01-01 22:20:00+01:00,272.1184,358.36646,125.78694,140.96892,331.38733,415063.03,28617
2014-01-01 22:30:00+01:00,264.39224,388.4984,107.205154,132.67769,357.46045,410300.22,27784
2014-01-01 22:40:00+01:00,176.65553,387.85733,135.30327,91.10845,400.09317,401813.75,29576
2014-01-01 22:50:00+01:00,185.3891,391.08002,126.53312,106.067665,353.1493,400110.5,26556
2014-01-01 23:00:00+01:00,186.03781,375.43954,104.35391,96.66514,396.9892,397687.1,25596
2014-01-01 23:10:00+01:00,194.556,348.52008,135.73529,94.39534,385.23657,392907.0,26424
2014-01-01 23:20:00+01:00,183.10089,226.80493,123.57012,91.22781,333.21518,385789.66,25779
2014-01-01 23:30:00+01:00,207.4555,368.7047,101.763016,86.749306,288.05914,378891.88,24662
2014-01-01 23:40:00+01:00,141.79224,381.51678,127.24445,77.48619,274.72437,371452.72,23282
2014-01-01 23:50:00+01:00,148.33173,240.08156,120.940674,103.57691,300.1345,361201.7,23456
