square_id,total_internet
1,92992.664
2,93368.39
3,93768.33
4,91904.38
5,83630.695
6,93768.33
7,93768.33
8,93768.33
9,93768.33
10,56177.723
11,29643.678
12,21867.787
13,13538.531
14,21478.096
15,22429.4
16,26981.52
17,32421.145
18,32421.17
19,32423.482
20,32424.479
21,32434.816
22,32448.543
23,34524.625
24,49538.242
25,49966.582
26,49966.582
27,53278.195
28,59318.434
29,65193.883
30,67584.75
31,68078.0
32,75161.89
33,82038.77
34,75300.41
35,65535.652
36,65535.652
37,65535.652
38,65535.652
39,70391.555
40,69457.32
41,82846.81
42,88116.62
43,139849.34
44,201322.38
45,201322.38
46,201322.38
47,852823.4
48,1252877.1
49,434177.72
50,123587.92
51,104067.57
52,107600.56
53,103821.21
54,115980.53
55,126017.17
56,107975.49
57,88677.85
58,90094.81
59,85229.414
60,76316.51
61,54153.695
62,54153.695
63,55828.895
64,82645.97
65,124087.586
66,125731.45
67,136705.95
68,172437.25
69,141099.33
70,98104.19
71,92244.234
72,105715.52
73,121999.03
74,122575.516
75,122623.414
76,122623.414
77,122623.414
78,122623.414
79,122623.414
80,110143.06
81,65974.46
82,28057.115
83,27362.049
84,27362.049
85,27362.049
86,31754.865
87,43951.055
88,45314.145
89,45314.145
90,45314.145
91,47715.438
92,51098.344
93,72861.664
94,120997.586
95,120997.586
96,120997.586
97,120997.586
98,121044.445
99,120997.586
100,120992.97
101,93173.62
102,83665.58
103,93768.33
104,93768.33
105,93768.33
106,93768.33
107,93768.33
108,93768.33
109,93768.33
110,55906.47
111,32752.32
112,3479.2424
113,13242.852
114,22780.672
115,24853.621
116,31961.402
117,32421.104
118,32421.104
119,32421.104
120,32421.104
121,32421.76
122,32444.965
123,39813.184
124,49739.812
125,54138.566
126,57988.363
127,62847.043
128,67910.26
129,68078.0
130,68078.0
131,72710.31
132,70479.5
133,64948.2
134,63137.816
135,66291.02
136,65538.16
137,65523.62
138,65534.023
139,65535.652
140,72029.445
141,87677.59
142,90580.625
143,91121.35
144,117841.875
145,138582.11
146,553446.4
147,1597286.1
148,611662.25
149,252692.48
150,243290.31
151,189784.3
152,187455.08
153,191997.23
154,205163.56
155,203773.31
156,153961.81
157,81521.64
158,88349.445
159,77990.0
160,77908.55
161,60495.35
162,54153.695
163,54153.695
164,71030.2
165,129546.12
166,135243.64
167,151085.03
168,176172.7
169,176139.3
170,162827.83
171,124112.03
172,122514.805
173,122558.11
174,123731.93
175,122623.414
176,122623.414
177,122623.414
178,122623.414
179,122623.414
180,117326.82
181,59723.74
182,27269.2
183,27362.049
184,27362.049
185,27362.049
186,36841.527
187,43972.996
188,50544.656
189,38392.613
190,38527.875
191,51076.19
192,51098.344
193,51439.652
194,92898.4
195,120997.586
196,120997.586
197,120997.586
198,120997.586
199,120997.586
200,120998.44
201,93525.56
202,90037.266
203,93769.04
204,93768.33
205,93772.85
206,93768.33
207,93768.33
208,93768.33
209,93768.33
210,70283.24
211,33486.574
212,26864.465
213,25173.738
214,23109.934
215,31172.879
216,32421.104
217,32421.104
218,32421.104
219,32421.104
220,32421.104
221,33559.47
222,38081.08
223,55010.625
224,58213.69
225,59697.42
226,61117.305
227,67416.05
228,68078.0
229,68078.0
230,68078.0
231,68097.66
232,73529.164
233,68052.336
234,68056.555
235,68060.99
236,67145.43
237,65735.57
238,72223.89
239,103378.31
240,141394.2
241,151325.16
242,108265.1
243,86085.586
244,90580.625
245,94368.65
246,694912.4
247,1002532.3
248,222357.36
249,297631.8
250,300835.5
251,260828.6
252,193240.33
253,221806.7
254,216997.27
255,205147.89
256,164211.61
257,79720.7
258,82021.58
259,77774.01
260,77994.83
261,76724.09
262,57804.707
263,54153.695
264,97163.69
265,135166.84
266,135166.84
267,150744.44
268,177117.89
269,185784.27
270,191017.77
271,159308.88
272,123653.91
273,122623.36
274,122623.414
275,122623.414
276,122623.414
277,121114.87
278,122623.414
279,122623.414
280,104790.01
281,49899.99
282,27362.049
283,27362.049
284,27362.049
285,38154.18
286,67317.32
287,32413.154
288,30886.916
289,41465.945
290,28885.28
291,37646.65
292,51013.336
293,51098.344
294,57063.6
295,110975.016
296,120997.586
297,120997.586
298,120997.586
299,121005.516
300,121089.81
301,82411.24
302,89286.46
303,91941.414
304,94462.95
305,94904.64
306,94357.664
307,93933.88
308,93790.8
309,93768.33
310,87818.99
311,42488.117
312,35290.992
313,35567.85
314,33114.066
315,33837.258
316,32548.018
317,32421.104
318,33148.42
319,35103.92
320,37936.516
321,41555.64
322,51542.973
323,59679.234
324,59739.812
325,62982.08
326,67959.695
327,68078.0
328,68078.0
329,68078.0
330,68078.0
331,68073.78
332,68062.32
333,68050.555
334,68055.38
335,68069.41
336,68064.55
337,104710.21
338,169629.53
339,175978.06
340,164743.88
341,176182.66
342,161847.69
343,109578.625
344,99300.266
345,140371.12
346,526703.75
347,893693.2
348,288666.22
349,299920.94
350,296787.66
351,254283.17
352,211875.6
353,218250.38
354,206793.02
355,205147.89
356,182037.16
357,145753.86
358,86571.15
359,81299.22
360,88360.02
361,85443.03
362,78980.875
363,56694.438
364,113412.95
365,135166.84
366,137591.53
367,155684.52
368,191542.31
369,197251.98
370,197251.98
371,165246.36
372,132453.7
373,122609.5
374,122623.414
375,122623.414
376,122617.0
377,70281.086
378,122623.414
379,122012.1
380,98102.38
381,33408.75
382,27362.049
383,30312.846
384,50982.656
385,77183.23
386,38378.72
387,29844.465
388,33136.637
389,56842.098
390,29564.121
391,29152.975
392,38245.582
393,50516.906
394,50639.934
395,56024.285
396,118944.125
397,119192.08
398,115769.164
399,101625.06
400,85372.74
401,37741.59
402,52960.445
403,67289.53
404,67975.516
405,63158.625
406,80425.59
407,76868.35
408,71952.54
409,57478.938
410,41513.25
411,37401.957
412,35417.43
413,35417.43
414,35416.438
415,34647.434
416,33691.023
417,36007.21
418,40816.965
419,42151.945
420,42151.945
421,47895.918
422,59554.77
423,60132.51
424,65643.57
425,68078.0
426,68078.0
427,68078.0
428,68078.0
429,68078.0
430,68078.0
431,68077.516
432,63299.5
433,68736.84
434,68054.62
435,68076.414
436,73025.914
437,159659.08
438,175963.81
439,175965.39
440,175963.16
441,176402.4
442,179374.34
443,141513.73
444,115564.78
445,145774.72
446,205773.75
447,305751.3
448,437564.53
449,290951.7
450,250564.84
451,209389.16
452,223013.66
453,210691.27
454,205147.89
455,205147.89
456,173294.14
457,167047.12
458,152367.14
459,95851.3
460,94422.625
461,94729.4
462,86980.29
463,83346.11
464,127002.09
465,134728.8
466,158230.34
467,158387.98
468,129865.87
469,153073.64
470,161797.17
471,131363.19
472,104685.87
473,109015.31
474,116192.984
475,114368.44
476,108972.26
477,101016.73
478,103620.055
479,109626.69
480,81724.01
481,27360.592
482,27362.049
483,56316.426
484,78399.99
485,63340.27
486,29893.113
487,29893.113
488,29893.113
489,29893.113
490,29893.113
491,29891.494
492,28217.95
493,34475.496
494,46655.258
495,47602.12
496,71755.305
497,71701.81
498,62254.56
499,58845.473
500,58854.117
501,36997.5
502,36997.5
503,36997.5
504,36997.5
505,36997.5
506,36997.5
507,36791.54
508,35742.14
509,35662.19
510,35662.19
511,35598.78
512,37018.58
513,35839.336
514,35374.047
515,35087.36
516,34449.867
517,41746.7
518,42151.945
519,42151.945
520,42811.3
521,54432.13
522,61796.97
523,66909.39
524,68052.57
525,68065.44
526,68071.86
527,68077.92
528,68078.0
529,68078.0
530,68078.0
531,68076.96
532,68050.555
533,71804.88
534,74423.47
535,59755.9
536,110368.47
537,173891.97
538,175955.17
539,175953.17
540,175954.58
541,176162.75
542,175547.72
543,158967.77
544,173997.94
545,150776.11
546,213439.25
547,289095.0
548,291971.97
549,221876.98
550,217446.38
551,222440.0
552,209597.6
553,205147.89
554,205147.89
555,198849.08
556,169346.4
557,168569.89
558,186814.25
559,231887.12
560,169811.33
561,115754.64
562,83269.58
563,88760.56
564,134485.7
565,155858.52
566,169060.02
567,134658.53
568,120681.625
569,119715.9
570,123206.82
571,104557.125
572,93909.59
573,85697.94
574,83240.625
575,87763.09
576,97297.53
577,97663.555
578,98030.266
579,96923.375
580,193521.67
581,27784.145
582,50139.48
583,76935.08
584,80037.14
585,37451.07
586,29893.113
587,29893.113
588,29893.113
589,29893.113
590,29893.113
591,29403.783
592,26034.832
593,25084.994
594,31593.674
595,43853.89
596,45112.54
597,51929.402
598,58794.805
599,58798.996
600,58820.703
601,36997.5
602,36997.5
603,36997.5
604,36997.5
605,36997.5
606,36997.5
607,37193.766
608,35944.805
609,35662.19
610,35662.19
611,35626.695
612,52589.305
613,35776.56
614,35107.312
615,35032.668
616,34606.402
617,40813.61
618,42151.945
619,42151.945
620,54703.508
621,63704.953
622,68050.555
623,68050.555
624,68050.555
625,68050.555
626,68050.555
627,68062.56
628,68076.23
629,68078.0
630,68074.78
631,68069.164
632,68056.27
633,68051.125
634,74948.59
635,74132.83
636,146067.5
637,164155.39
638,176037.72
639,175953.17
640,175953.17
641,177419.9
642,166372.72
643,136394.72
644,193054.44
645,195643.25
646,264632.06
647,302674.9
648,288730.4
649,263397.34
650,405137.88
651,278781.16
652,205550.28
653,205427.25
654,205356.75
655,207037.95
656,176156.8
657,176021.84
658,189109.86
659,247185.1
660,248223.66
661,195832.52
662,84939.75
663,87655.39
664,172314.23
665,184235.89
666,207387.19
667,126886.11
668,123126.33
669,107330.445
670,101606.164
671,93666.14
672,83456.91
673,83456.91
674,83456.91
675,83456.91
676,88190.59
677,98399.83
678,95586.586
679,71685.59
680,63862.73
681,86160.984
682,77820.28
683,80528.16
684,73967.84
685,30128.332
686,29893.113
687,29893.113
688,29893.113
689,29893.113
690,29893.113
691,27528.072
692,24956.752
693,24956.752
694,40269.066
695,55207.38
696,29790.123
697,48438.0
698,58794.805
699,58794.805
700,58771.71
701,36997.5
702,37357.465
703,36997.5
704,36997.5
705,36997.5
706,36997.5
707,37028.594
708,36269.254
709,35637.605
710,35477.906
711,35307.875
712,119111.875
713,63551.992
714,35298.59
715,35560.562
716,35046.367
717,38106.914
718,42177.113
719,47389.723
720,65531.016
721,68050.555
722,68050.555
723,68050.555
724,68050.555
725,68053.67
726,68053.11
727,68050.555
728,68053.67
729,68063.35
730,68052.41
731,68052.44
732,68053.18
733,68050.555
734,68345.16
735,124281.94
736,175338.08
737,175953.17
738,175953.17
739,175953.17
740,175953.17
741,176077.88
742,189250.56
743,198176.88
744,243535.2
745,246201.5
746,254592.28
747,296524.38
748,297048.53
749,320809.4
750,634273.44
751,700211.25
752,596784.1
753,392626.03
754,409393.38
755,485106.9
756,297839.25
757,243358.55
758,284375.34
759,206751.89
760,236599.56
761,262101.86
762,113313.94
763,107561.414
764,190551.11
765,355983.0
766,594277.06
767,526012.4
768,274440.25
769,237305.86
770,324488.75
771,178782.28
772,83456.91
773,83456.91
774,83456.91
775,83456.91
776,91815.62
777,81228.88
778,65921.76
779,64531.16
780,73615.2
781,113339.34
782,112169.89
783,89386.09
784,63818.805
785,29893.113
786,29893.113
787,29828.914
788,29847.719
789,29893.113
790,29882.209
791,26574.816
792,24956.752
793,24364.05
794,68706.32
795,81250.805
796,33893.97
797,54602.574
798,70067.51
799,58794.805
800,58745.72
801,37504.23
802,36809.047
803,37021.7
804,37017.855
805,36997.5
806,37195.434
807,37454.605
808,38042.4
809,35353.56
810,35277.438
811,35277.438
812,35277.438
813,35507.164
814,28982.51
815,22453.29
816,35074.387
817,37104.508
818,43494.55
819,59578.973
820,68001.62
821,68050.555
822,68050.555
823,68050.555
824,68051.164
825,68080.81
826,68069.72
827,68061.305
828,68052.24
829,68050.555
830,68265.99
831,76255.72
832,68050.555
833,68050.555
834,83677.39
835,161842.6
836,175621.95
837,175953.17
838,175953.17
839,175953.17
840,175953.17
841,179886.25
842,190119.69
843,186013.1
844,199553.1
845,269661.16
846,290209.25
847,381430.88
848,351665.66
849,514426.2
850,728939.0
851,975096.4
852,847163.0
853,682778.8
854,524011.16
855,501607.38
856,472974.66
857,356213.47
858,296280.8
859,112623.414
860,116737.77
861,149937.62
862,140574.03
863,129094.49
864,297996.2
865,622418.7
866,624053.9
867,507947.25
868,409810.8
869,354696.4
870,354696.4
871,150895.0
872,83456.91
873,83456.91
874,83456.91
875,83456.91
876,196597.47
877,64671.66
878,64531.16
879,68584.3
880,74105.766
881,87340.39
882,108533.25
883,108234.86
884,52195.484
885,29893.113
886,29893.113
887,29550.021
888,29567.463
889,29893.113
890,29436.475
891,25359.373
892,24956.752
893,41664.594
894,66587.484
895,81249.53
896,95674.04
897,170202.4
898,181356.69
899,128635.33
900,80881.51
901,36997.5
902,36997.5
903,37065.24
904,37386.82
905,37320.562
906,38134.668
907,39549.65
908,38923.28
909,35277.438
910,35301.46
911,35289.445
912,36825.48
913,36822.07
914,39775.492
915,39554.1
916,35094.6
917,35201.586
918,41571.71
919,57001.35
920,67361.09
921,68050.555
922,68050.555
923,68011.95
924,67656.95
925,67714.79
926,67698.88
927,67870.36
928,68097.84
929,67539.78
930,68050.555
931,87951.56
932,68050.555
933,86460.32
934,145084.61
935,174890.6
936,175953.17
937,175953.17
938,175953.17
939,175953.17
940,163995.75
941,191881.44
942,192703.86
943,191751.92
944,192954.61
945,211895.5
946,301303.78
947,317030.7
948,341008.75
949,379825.62
950,621236.0
951,1097205.8
952,992458.1
953,756261.8
954,655268.9
955,632686.2
956,583367.5
957,394671.84
958,324348.4
959,109083.88
960,121439.414
961,139078.66
962,147264.9
963,252946.9
964,434339.4
965,467829.53
966,433716.4
967,419953.44
968,402970.22
969,354395.1
970,356998.5
971,144804.31
972,83436.3
973,83456.91
974,83456.91
975,94436.22
976,145468.05
977,64531.16
978,66779.78
979,73838.23
980,74341.93
981,74864.5
982,76108.24
983,88340.195
984,53320.523
985,29799.4
986,29893.113
987,29893.113
988,29893.113
989,29893.113
990,28613.293
991,24956.752
992,24471.691
993,21863.0
994,21566.377
995,26627.941
996,116906.61
997,204861.89
998,213433.78
999,213203.53
1000,204672.86
1001,36997.5
1002,36722.094
1003,36089.27
1004,38537.734
1005,30135.23
1006,31656.186
1007,25110.36
1008,51928.848
1009,39743.633
1010,41001.09
1011,41641.035
1012,43357.18
1013,42672.01
1014,40591.184
1015,40259.88
1016,34883.227
1017,35249.375
1018,37199.87
1019,36775.902
1020,39911.68
1021,45192.977
1022,43126.85
1023,36251.465
1024,201758.4
1025,28599.732
1026,28599.732
1027,32393.895
1028,40541.043
1029,46162.008
1030,45000.84
1031,61783.535
1032,64383.9
1033,89764.54
1034,169466.94
1035,175953.17
1036,175953.17
1037,175953.17
1038,175953.17
1039,175953.17
1040,187674.7
1041,192703.86
1042,192703.86
1043,189746.23
1044,178674.58
1045,228003.53
1046,312851.56
1047,417359.9
1048,349997.16
1049,350052.7
1050,471796.44
1051,1146964.8
1052,1081899.8
1053,880734.1
1054,565264.1
1055,597369.75
1056,520967.53
1057,405189.28
1058,411673.8
1059,210376.16
1060,134929.8
1061,144194.1
1062,146552.7
1063,297467.53
1064,429772.56
1065,402855.7
1066,402743.06
1067,332471.16
1068,290404.03
1069,316737.47
1070,447140.44
1071,433093.56
1072,108081.945
1073,92776.234
1074,94897.984
1075,308764.7
1076,102204.336
1077,65287.03
1078,72869.53
1079,74815.914
1080,74864.086
1081,74864.5
1082,74965.13
1083,76340.93
1084,69385.43
1085,30071.695
1086,29894.37
1087,29893.113
1088,29893.113
1089,29909.992
1090,27641.27
1091,24956.752
1092,39504.902
1093,21571.143
1094,21562.732
1095,21571.143
1096,85169.55
1097,204861.89
1098,213427.17
1099,199796.61
1100,213433.78
1101,37156.543
1102,37529.28
1103,37200.17
1104,39351.59
1105,36323.445
1106,23282.992
1107,12964.484
1108,38905.26
1109,44337.227
1110,44951.477
1111,45067.977
1112,45592.668
1113,45658.965
1114,44355.16
1115,41003.047
1116,40274.78
1117,37519.43
1118,32303.637
1119,36775.902
1120,36780.832
1121,33393.63
1122,28512.695
1123,28512.695
1124,28513.016
1125,28530.527
1126,28554.34
1127,28633.488
1128,27446.078
1129,21446.428
1130,32531.396
1131,202062.56
1132,29393.553
1133,57617.24
1134,173252.73
1135,170010.39
1136,175953.17
1137,175953.17
1138,175953.17
1139,177605.1
1140,192354.52
1141,192703.86
1142,188088.0
1143,167927.62
1144,145257.33
1145,148873.4
1146,502043.3
1147,941199.5
1148,351985.6
1149,350052.7
1150,836077.94
1151,1374929.4
1152,1038993.7
1153,502822.7
1154,339619.47
1155,331417.53
1156,333429.5
1157,387916.56
1158,406300.4
1159,349315.47
1160,170774.6
1161,147264.9
1162,147264.9
1163,222105.11
1164,423299.06
1165,417245.0
1166,294684.75
1167,290522.88
1168,290522.88
1169,297793.38
1170,450333.47
1171,390521.56
1172,100926.06
1173,101943.24
1174,101284.69
1175,97796.38
1176,73173.03
1177,71583.18
1178,74840.5
1179,74864.5
1180,74864.5
1181,74899.6
1182,77603.84
1183,78840.21
1184,78334.98
1185,66194.875
1186,36679.418
1187,30535.602
1188,29893.113
1189,30289.773
1190,27168.562
1191,62429.57
1192,75067.05
1193,24206.414
1194,21569.48
1195,21571.143
1196,81010.81
1197,212977.81
1198,213433.78
1199,213413.98
1200,213785.8
1201,36997.5
1202,37621.51
1203,38392.344
1204,42780.11
1205,46209.438
1206,19986.584
1207,5362.0537
1208,35897.71
1209,45658.965
1210,44886.793
1211,48695.363
1212,63534.58
1213,45658.965
1214,45658.965
1215,44005.406
1216,40022.586
1217,34831.117
1218,33378.78
1219,36524.785
1220,36859.79
1221,36360.227
1222,28567.465
1223,28517.807
1224,28513.307
1225,28512.695
1226,28512.695
1227,28682.44
1228,29950.385
1229,28297.87
1230,65580.11
1231,28512.695
1232,28512.695
1233,46111.98
1234,116806.82
1235,175204.11
1236,175953.17
1237,175953.17
1238,175953.17
1239,177652.98
1240,187677.97
1241,159134.38
1242,146266.23
1243,140957.73
1244,140946.92
1245,140992.92
1246,740017.5
1247,1008318.3
1248,449594.16
1249,382565.1
1250,1404636.2
1251,1798129.2
1252,414247.12
1253,410476.5
1254,529273.6
1255,332836.88
1256,324452.25
1257,342421.75
1258,377595.3
1259,465691.1
1260,601275.5
1261,111843.8
1262,106014.164
1263,124493.26
1264,258711.55
1265,296438.7
1266,288805.62
1267,290522.88
1268,290522.88
1269,290522.88
1270,330198.25
1271,150116.73
1272,121020.49
1273,103488.82
1274,97810.48
1275,97990.7
1276,84654.79
1277,74864.5
1278,74864.5
1279,74864.5
1280,78197.33
1281,76200.46
1282,82071.77
1283,86476.766
1284,92719.71
1285,201549.52
1286,193357.28
1287,122587.01
1288,44169.273
1289,30097.941
1290,46885.523
1291,85668.21
1292,84927.195
1293,52018.703
1294,21571.143
1295,21571.143
1296,42527.4
1297,213433.78
1298,213433.78
1299,213422.23
1300,223517.95
1301,36997.5
1302,37188.246
1303,42474.996
1304,45586.51
1305,45658.965
1306,34262.383
1307,15616.037
1308,41275.51
1309,45658.965
1310,29859.326
1311,56894.96
1312,45658.965
1313,45658.965
1314,45658.965
1315,45658.965
1316,37341.277
1317,33863.27
1318,34130.766
1319,37342.64
1320,36862.945
1321,36829.42
1322,29258.932
1323,28599.732
1324,28590.496
1325,28556.21
1326,28522.111
1327,29013.066
1328,29158.926
1329,30283.48
1330,28512.695
1331,28512.695
1332,28395.4
1333,54758.53
1334,60230.508
1335,102227.01
1336,175148.81
1337,175953.17
1338,183138.53
1339,233291.69
1340,248051.75
1341,174057.45
1342,140957.73
1343,140957.73
1344,141992.3
1345,194877.48
1346,834577.0
1347,775741.5
1348,463032.0
1349,485828.38
1350,493613.9
1351,530532.1
1352,310376.4
1353,344275.44
1354,401262.44
1355,262145.5
1356,250443.6
1357,230099.4
1358,207287.53
1359,190278.56
1360,90410.47
1361,52396.812
1362,70245.9
1363,85874.305
1364,242286.75
1365,292255.7
1366,280744.97
1367,290522.88
1368,290522.88
1369,290522.88
1370,283384.6
1371,132939.17
1372,123592.66
1373,122432.42
1374,117794.14
1375,103026.84
1376,117489.375
1377,102741.06
1378,72796.125
1379,71423.72
1380,71171.766
1381,71835.71
1382,110098.9
1383,119474.9
1384,145482.23
1385,201800.08
1386,211674.47
1387,212010.19
1388,201988.11
1389,96276.66
1390,85399.47
1391,86638.55
1392,85718.94
1393,82708.68
1394,52450.367
1395,113955.42
1396,244256.66
1397,259171.22
1398,226829.33
1399,241866.44
1400,295355.3
1401,37777.254
1402,44221.44
1403,38911.6
1404,44579.332
1405,45658.965
1406,40787.094
1407,37644.36
1408,45658.965
1409,45658.965
1410,45658.965
1411,60116.83
1412,45658.965
1413,45658.965
1414,45637.926
1415,46564.76
1416,34286.3
1417,40250.9
1418,49323.08
1419,45970.035
1420,35038.125
1421,37233.293
1422,31575.246
1423,28881.256
1424,28888.88
1425,28972.863
1426,28852.0
1427,29149.803
1428,29074.797
1429,28845.742
1430,28885.824
1431,28483.799
1432,26876.156
1433,26754.95
1434,84659.19
1435,60316.375
1436,120327.66
1437,158380.0
1438,162941.1
1439,273852.5
1440,323026.1
1441,234372.67
1442,168350.8
1443,230437.33
1444,302423.8
1445,345415.38
1446,347979.12
1447,409458.8
1448,336754.88
1449,368764.44
1450,372436.78
1451,379427.6
1452,531916.0
1453,451777.2
1454,420228.22
1455,305998.0
1456,248874.9
1457,231745.38
1458,224848.34
1459,209115.77
1460,92120.47
1461,42970.914
1462,52656.773
1463,65612.14
1464,112362.586
1465,285553.44
1466,290469.56
1467,290470.22
1468,290470.22
1469,290470.22
1470,290470.22
1471,178212.94
1472,123257.3
1473,124703.86
1474,133289.47
1475,113041.1
1476,133736.78
1477,136369.5
1478,125762.78
1479,88090.98
1480,70853.42
1481,80517.55
1482,96553.016
1483,116944.695
1484,128380.16
1485,190817.67
1486,208781.6
1487,211797.25
1488,212406.8
1489,214458.33
1490,101658.65
1491,172340.1
1492,220935.56
1493,203928.14
1494,244804.17
1495,325245.5
1496,327396.7
1497,327396.7
1498,320388.84
1499,298991.84
1500,298562.66
1501,42566.465
1502,45658.965
1503,41424.867
1504,44107.13
1505,45658.965
1506,63062.97
1507,58293.92
1508,45658.965
1509,45658.965
1510,45658.965
1511,56840.566
1512,45658.965
1513,45658.965
1514,47677.246
1515,48071.984
1516,47030.57
1517,49990.242
1518,50153.28
1519,47679.195
1520,39858.355
1521,37508.23
1522,32707.182
1523,29246.2
1524,29246.2
1525,29246.2
1526,29246.2
1527,29238.068
1528,29175.871
1529,29159.162
1530,29159.162
1531,27902.63
1532,26754.95
1533,36091.516
1534,13067.917
1535,73636.35
1536,61758.85
1537,141356.42
1538,152195.16
1539,95844.47
1540,234081.34
1541,223909.2
1542,132897.83
1543,134403.83
1544,244635.42
1545,343395.7
1546,347920.44
1547,389460.6
1548,359788.66
1549,338235.9
1550,332548.75
1551,410137.12
1552,624165.75
1553,548406.4
1554,473215.6
1555,584296.2
1556,331692.62
1557,234468.1
1558,233377.08
1559,216786.3
1560,51985.85
1561,42949.72
1562,43123.902
1563,43511.297
1564,55077.324
1565,144446.5
1566,262525.66
1567,237734.02
1568,211978.22
1569,210950.25
1570,198733.42
1571,179182.66
1572,133445.0
1573,135664.72
1574,130781.555
1575,130349.266
1576,136369.5
1577,136369.5
1578,136369.5
1579,131112.05
1580,96597.39
1581,87481.21
1582,84782.75
1583,334226.7
1584,551699.0
1585,362689.12
1586,252789.72
1587,239535.2
1588,252862.0
1589,328773.03
1590,314605.38
1591,333725.1
1592,333412.66
1593,333537.16
1594,317681.34
1595,317340.2
1596,327396.7
1597,327021.88
1598,263248.47
1599,267925.4
1600,244881.12
1601,44891.582
1602,45658.965
1603,45658.965
1604,45658.965
1605,45014.23
1606,42746.504
1607,44035.69
1608,45658.965
1609,45658.965
1610,57760.918
1611,61445.9
1612,68739.55
1613,58110.023
1614,49674.805
1615,196869.69
1616,50153.28
1617,50115.316
1618,50060.586
1619,50153.28
1620,43579.86
1621,37069.453
1622,38307.04
1623,29246.2
1624,29246.2
1625,29246.2
1626,29675.094
1627,92673.164
1628,28129.703
1629,33382.395
1630,30521.898
1631,26880.84
1632,26754.95
1633,62925.766
1634,27989.996
1635,26754.95
1636,83426.81
1637,211911.64
1638,218485.05
1639,185795.06
1640,139850.66
1641,494130.94
1642,198197.75
1643,132727.67
1644,132703.39
1645,168481.1
1646,419557.4
1647,487157.34
1648,434288.34
1649,343480.6
1650,271924.88
1651,327278.7
1652,634802.8
1653,616385.25
1654,707397.1
1655,754366.2
1656,715287.75
1657,359393.1
1658,234058.73
1659,199170.52
1660,53698.37
1661,43066.277
1662,43140.492
1663,43140.492
1664,43140.492
1665,43496.152
1666,124869.96
1667,129853.67
1668,125757.64
1669,139914.4
1670,134437.44
1671,133440.58
1672,138768.25
1673,139388.0
1674,139544.78
1675,138255.14
1676,136369.5
1677,136369.5
1678,136369.5
1679,134464.6
1680,116899.875
1681,86509.66
1682,84377.664
1683,344792.3
1684,580568.5
1685,382622.88
1686,260635.6
1687,278002.06
1688,343559.56
1689,357603.78
1690,355175.06
1691,333578.7
1692,333888.78
1693,333576.94
1694,404149.8
1695,416896.66
1696,479325.9
1697,469778.4
1698,194340.67
1699,176862.16
1700,187317.5
1701,40142.273
1702,44960.152
1703,43536.4
1704,45357.367
1705,44163.8
1706,45556.336
1707,45614.27
1708,45658.965
1709,58474.26
1710,80001.695
1711,69323.734
1712,80030.36
1713,82836.12
1714,101013.84
1715,157505.4
1716,63712.984
1717,48161.566
1718,53867.953
1719,50153.28
1720,42315.395
1721,37282.152
1722,33408.3
1723,29246.2
1724,27996.727
1725,41526.94
1726,32520.863
1727,51040.66
1728,37780.223
1729,37152.66
1730,36315.523
1731,32109.246
1732,26766.928
1733,26754.95
1734,26754.95
1735,51551.55
1736,166377.5
1737,218485.05
1738,218485.05
1739,218485.05
1740,147216.88
1741,357504.97
1742,463755.78
1743,155989.36
1744,132693.11
1745,132700.92
1746,254692.16
1747,487157.34
1748,501356.72
1749,343480.6
1750,268324.97
1751,253194.47
1752,536762.1
1753,541173.75
1754,638532.06
1755,754166.75
1756,753085.44
1757,669664.9
1758,279074.28
1759,138903.77
1760,42970.875
1761,43134.83
1762,43140.492
1763,43140.492
1764,43140.492
1765,43135.453
1766,125013.86
1767,129925.81
1768,129726.42
1769,129904.53
1770,131065.555
1771,137439.83
1772,142324.9
1773,137885.97
1774,135143.5
1775,138255.14
1776,136369.5
1777,136336.12
1778,135996.03
1779,136070.7
1780,135961.95
1781,123756.0
1782,150671.19
1783,380892.75
1784,414747.47
1785,383130.8
1786,286371.38
1787,337284.2
1788,359423.6
1789,357603.78
1790,357603.78
1791,356082.16
1792,335306.3
1793,332974.62
1794,464925.72
1795,491917.75
1796,495132.16
1797,509551.7
1798,237669.8
1799,63017.61
1800,19961.756
1801,26914.285
1802,43511.805
1803,43134.97
1804,41947.91
1805,43142.29
1806,45347.35
1807,42867.844
1808,48748.445
1809,75578.56
1810,80030.36
1811,85697.98
1812,101704.05
1813,107755.79
1814,116983.8
1815,126657.97
1816,101729.77
1817,50153.28
1818,50153.28
1819,50153.28
1820,43544.785
1821,35397.117
1822,32509.127
1823,28027.82
1824,28132.045
1825,56490.484
1826,36074.55
1827,37152.66
1828,37152.66
1829,37152.66
1830,35560.84
1831,31216.836
1832,27198.709
1833,26786.812
1834,26754.95
1835,56307.42
1836,194838.5
1837,218485.05
1838,218485.05
1839,218485.05
1840,216443.48
1841,291903.6
1842,507852.28
1843,356394.78
1844,136128.34
1845,132693.11
1846,245277.56
1847,751618.4
1848,890686.44
1849,712708.0
1850,321406.44
1851,296542.4
1852,456023.6
1853,475569.75
1854,495130.88
1855,716109.56
1856,745404.75
1857,642432.44
1858,212782.22
1859,102464.695
1860,43023.723
1861,43140.492
1862,43140.492
1863,43140.492
1864,43140.492
1865,43136.586
1866,125013.86
1867,129912.875
1868,129934.15
1869,129934.15
1870,132187.84
1871,140501.53
1872,140875.95
1873,120632.31
1874,121368.76
1875,142333.64
1876,138798.22
1877,139998.38
1878,141564.84
1879,144221.95
1880,149900.06
1881,190782.95
1882,221791.9
1883,431553.5
1884,451320.3
1885,426855.5
1886,189292.4
1887,218218.62
1888,352041.5
1889,357603.78
1890,357603.78
1891,357643.12
1892,296805.7
1893,303427.62
1894,424697.38
1895,365648.28
1896,384633.8
1897,458000.38
1898,112234.766
1899,53996.375
1900,20565.068
1901,22129.05
1902,27645.195
1903,41607.93
1904,41996.87
1905,40740.117
1906,40339.48
1907,61773.41
1908,63372.09
1909,85112.34
1910,97702.66
1911,116532.766
1912,120026.19
1913,110032.41
1914,170011.5
1915,126657.97
1916,154772.05
1917,74882.77
1918,54499.824
1919,50153.28
1920,43905.523
1921,36315.477
1922,34779.035
1923,27666.453
1924,28824.492
1925,34636.17
1926,37152.66
1927,37152.66
1928,37152.66
1929,36978.07
1930,31971.85
1931,26846.1
1932,26846.1
1933,27100.29
1934,59024.047
1935,80344.125
1936,214726.34
1937,218485.05
1938,218485.05
1939,218485.05
1940,217794.1
1941,211078.06
1942,507852.28
1943,507852.28
1944,370646.0
1945,197406.97
1946,705065.25
1947,836068.8
1948,892762.3
1949,808188.6
1950,410794.38
1951,354525.88
1952,433187.28
1953,456665.7
1954,423847.1
1955,434552.12
1956,491175.47
1957,426069.84
1958,180179.55
1959,85803.7
1960,43326.492
1961,43140.492
1962,43140.492
1963,43140.492
1964,43140.492
1965,43140.492
1966,125013.86
1967,129934.15
1968,129934.15
1969,129934.15
1970,132215.69
1971,138431.19
1972,128846.98
1973,168642.27
1974,200900.78
1975,156661.22
1976,131497.02
1977,145763.0
1978,150418.03
1979,149995.97
1980,168999.83
1981,230277.06
1982,192992.72
1983,287228.25
1984,387825.0
1985,261071.19
1986,155083.73
1987,155083.73
1988,344782.5
1989,494914.97
1990,376636.22
1991,342528.84
1992,276069.8
1993,273348.06
1994,242171.03
1995,227521.06
1996,233203.11
1997,219811.95
1998,39411.6
1999,27646.37
2000,21181.867
2001,22177.033
2002,22298.33
2003,31939.156
2004,41483.926
2005,41289.96
2006,37007.523
2007,53737.867
2008,99610.8
2009,118875.14
2010,120026.19
2011,118662.43
2012,120026.19
2013,119884.914
2014,122000.9
2015,114001.805
2016,160489.1
2017,99216.08
2018,97250.76
2019,76026.73
2020,50587.367
2021,37594.566
2022,64132.133
2023,43310.098
2024,30122.309
2025,36925.125
2026,32659.617
2027,37152.66
2028,37152.66
2029,35978.844
2030,27356.889
2031,26846.1
2032,26846.1
2033,47870.617
2034,120459.91
2035,140310.02
2036,219073.48
2037,218810.69
2038,218485.05
2039,218485.05
2040,183571.8
2041,260769.73
2042,424407.62
2043,504599.28
2044,507852.28
2045,829266.2
2046,909260.9
2047,837878.0
2048,531623.94
2049,422614.44
2050,374254.28
2051,354375.38
2052,367161.6
2053,377148.5
2054,376876.84
2055,313499.1
2056,332887.0
2057,561139.4
2058,126230.38
2059,75060.24
2060,76028.664
2061,58407.855
2062,46969.89
2063,43140.492
2064,44818.617
2065,80799.26
2066,139721.75
2067,130552.96
2068,129934.15
2069,129541.66
2070,129583.0
2071,127642.95
2072,190295.7
2073,209610.9
2074,221432.19
2075,137096.25
2076,82980.45
2077,120527.266
2078,141348.2
2079,142050.45
2080,197850.53
2081,282527.47
2082,244225.31
2083,281361.8
2084,287009.06
2085,199989.3
2086,155083.73
2087,155083.73
2088,505902.0
2089,631493.94
2090,611615.0
2091,362548.12
2092,273566.1
2093,273705.88
2094,243010.4
2095,227628.36
2096,227628.36
2097,217823.42
2098,30198.387
2099,28958.326
2100,21290.549
2101,21773.207
2102,22129.05
2103,23594.1
2104,38666.875
2105,52605.504
2106,96719.83
2107,141027.88
2108,124288.125
2109,118045.836
2110,120026.19
2111,119429.0
2112,119579.04
2113,115517.52
2114,99094.43
2115,99216.08
2116,99216.08
2117,89653.73
2118,96853.016
2119,98266.32
2120,63559.43
2121,125237.46
2122,57337.297
2123,39684.293
2124,35514.227
2125,36672.957
2126,34166.027
2127,37299.88
2128,37152.66
2129,33939.15
2130,26706.664
2131,26873.89
2132,47095.71
2133,107612.79
2134,141535.4
2135,147013.69
2136,231432.55
2137,219451.7
2138,218485.05
2139,218485.05
2140,196455.0
2141,337246.75
2142,356377.12
2143,380624.3
2144,786908.6
2145,1474639.0
2146,960852.06
2147,833245.8
2148,472848.16
2149,422653.53
2150,358004.12
2151,339072.66
2152,370485.16
2153,377629.47
2154,331631.0
2155,305799.94
2156,305753.9
2157,154108.84
2158,41854.523
2159,42669.234
2160,72368.8
2161,87205.016
2162,108171.56
2163,112103.08
2164,132580.14
2165,157982.92
2166,157981.83
2167,154127.05
2168,110145.18
2169,82458.03
2170,81044.57
2171,130762.7
2172,217319.77
2173,217319.77
2174,218835.17
2175,130657.484
2176,85903.23
2177,88309.17
2178,93671.92
2179,93608.27
2180,116899.6
2181,244415.77
2182,187017.95
2183,202019.17
2184,393740.88
2185,394014.22
2186,237519.58
2187,284951.3
2188,461435.97
2189,624371.1
2190,631493.94
2191,526750.75
2192,273718.88
2193,273718.88
2194,240758.14
2195,227105.89
2196,227385.75
2197,222974.2
2198,47027.445
2199,30063.574
2200,23101.701
2201,22005.48
2202,21552.945
2203,22864.14
2204,54657.812
2205,145924.16
2206,148464.44
2207,145069.81
2208,130448.5
2209,114974.0
2210,116363.266
2211,119222.23
2212,120026.19
2213,109137.445
2214,99216.08
2215,99216.08
2216,99216.08
2217,98755.24
2218,99237.99
2219,96473.35
2220,86316.56
2221,60536.77
2222,39160.934
2223,40507.582
2224,39771.906
2225,38208.664
2226,38208.664
2227,38191.44
2228,36487.074
2229,32491.645
2230,27594.773
2231,55359.69
2232,70235.35
2233,101886.83
2234,139504.72
2235,147059.61
2236,253388.62
2237,610388.9
2238,589987.94
2239,644531.3
2240,431267.2
2241,337068.56
2242,356377.12
2243,356377.12
2244,633665.4
2245,1541621.4
2246,1008644.75
2247,719608.5
2248,673931.0
2249,450495.38
2250,215183.78
2251,197282.23
2252,234930.02
2253,309649.88
2254,305869.16
2255,305924.88
2256,281070.72
2257,72941.266
2258,41889.31
2259,41889.31
2260,45412.26
2261,87224.37
2262,165663.56
2263,165975.02
2264,162533.16
2265,193339.81
2266,903841.9
2267,125679.53
2268,59705.72
2269,67380.41
2270,70351.45
2271,102604.5
2272,217319.77
2273,217319.77
2274,217319.77
2275,129882.05
2276,79226.38
2277,89034.13
2278,93763.11
2279,93666.42
2280,93791.26
2281,140989.7
2282,182229.88
2283,239048.9
2284,484454.34
2285,510542.88
2286,412672.72
2287,379312.88
2288,379312.88
2289,468249.2
2290,629679.0
2291,615252.8
2292,326792.66
2293,269971.22
2294,249992.14
2295,227628.36
2296,227575.58
2297,227628.36
2298,62482.72
2299,30198.387
2300,28615.889
2301,21948.13
2302,22029.21
2303,22129.05
2304,87317.34
2305,146690.78
2306,146996.14
2307,145044.28
2308,132577.2
2309,114706.7
2310,115434.055
2311,115048.14
2312,117369.0
2313,101669.984
2314,99216.08
2315,99216.08
2316,99216.08
2317,99216.08
2318,99216.08
2319,110097.83
2320,147780.94
2321,106830.75
2322,66852.37
2323,62771.098
2324,65037.33
2325,38208.664
2326,38208.664
2327,36142.742
2328,30582.826
2329,29913.121
2330,44737.48
2331,70235.35
2332,70235.35
2333,84621.63
2334,142307.88
2335,154308.62
2336,269814.38
2337,803440.4
2338,862176.5
2339,850994.6
2340,543148.9
2341,364130.4
2342,356377.12
2343,356377.12
2344,364228.38
2345,717923.2
2346,436863.5
2347,648164.3
2348,698860.0
2349,480965.4
2350,193132.11
2351,207395.16
2352,234660.34
2353,301786.56
2354,305924.88
2355,305924.88
2356,155764.31
2357,41889.31
2358,41889.31
2359,41889.31
2360,41918.727
2361,66072.99
2362,148916.73
2363,166164.7
2364,166164.7
2365,214206.03
2366,559706.8
2367,68235.62
2368,57669.77
2369,65071.36
2370,70351.45
2371,76602.83
2372,205398.42
2373,217319.77
2374,188581.45
2375,94807.62
2376,68550.234
2377,82666.77
2378,92434.56
2379,93791.26
2380,93890.164
2381,183780.4
2382,246702.72
2383,325859.28
2384,482369.53
2385,593944.4
2386,552424.1
2387,384038.2
2388,379312.88
2389,379936.88
2390,506748.1
2391,619062.25
2392,322098.4
2393,248036.88
2394,232782.81
2395,227628.36
2396,227628.36
2397,227628.36
2398,116107.875
2399,30198.387
2400,30198.387
2401,22129.05
2402,22129.05
2403,24603.062
2404,116409.3
2405,146624.36
2406,146535.3
2407,137820.06
2408,134139.61
2409,116849.664
2410,109651.03
2411,121267.79
2412,109951.555
2413,94017.6
2414,99673.586
2415,97580.8
2416,99216.08
2417,99104.54
2418,104011.66
2419,152473.61
2420,162900.86
2421,162700.45
2422,115027.75
2423,138401.92
2424,144569.81
2425,96894.02
2426,44853.6
2427,34462.453
2428,30364.31
2429,51811.734
2430,88859.15
2431,70235.35
2432,70235.35
2433,88137.86
2434,183726.9
2435,179056.36
2436,323118.9
2437,681392.25
2438,694621.5
2439,656697.9
2440,517063.44
2441,420582.3
2442,356377.12
2443,356376.72
2444,309827.94
2445,262627.75
2446,262627.75
2447,294584.97
2448,289166.22
2449,208324.42
2450,190938.12
2451,194525.5
2452,225365.58
2453,282854.7
2454,305924.88
2455,257025.72
2456,46174.836
2457,41889.31
2458,41889.31
2459,41889.31
2460,41889.31
2461,47804.984
2462,136096.97
2463,167812.48
2464,166842.25
2465,166164.7
2466,170237.12
2467,60442.613
2468,57669.77
2469,62509.06
2470,70351.45
2471,70351.45
2472,126806.76
2473,131191.61
2474,46431.457
2475,39294.695
2476,39844.21
2477,56124.66
2478,93850.266
2479,104295.89
2480,144463.31
2481,287774.75
2482,307461.38
2483,359169.6
2484,496487.7
2485,679554.3
2486,675328.3
2487,480152.0
2488,403788.62
2489,420586.75
2490,426967.62
2491,497116.3
2492,446979.34
2493,269818.7
2494,262024.34
2495,239598.8
2496,227628.36
2497,244848.27
2498,214124.56
2499,59253.68
2500,60365.79
2501,22129.05
2502,22129.05
2503,42515.293
2504,144453.8
2505,146603.86
2506,146624.36
2507,145276.84
2508,139669.42
2509,128182.875
2510,115463.88
2511,117942.48
2512,104446.64
2513,98234.24
2514,94923.914
2515,97901.05
2516,99202.38
2517,99086.82
2518,118739.97
2519,165543.86
2520,162900.86
2521,162900.86
2522,161045.56
2523,122735.3
2524,117287.945
2525,143575.06
2526,118052.23
2527,39094.1
2528,30348.98
2529,95786.88
2530,372096.3
2531,481693.9
2532,239790.19
2533,222793.02
2534,263051.34
2535,260586.25
2536,346075.12
2537,639621.25
2538,651371.9
2539,639263.6
2540,500018.44
2541,488727.56
2542,377873.53
2543,342224.03
2544,263713.44
2545,262627.75
2546,262627.75
2547,211169.44
2548,130263.6
2549,130263.6
2550,164835.36
2551,193078.52
2552,221746.06
2553,437410.56
2554,704359.25
2555,673142.25
2556,133388.48
2557,46249.26
2558,43361.957
2559,41889.31
2560,41889.31
2561,46702.02
2562,102831.13
2563,205923.42
2564,242894.94
2565,287532.28
2566,310504.6
2567,199419.22
2568,75248.47
2569,63788.562
2570,69969.266
2571,92876.44
2572,62872.633
2573,40027.336
2574,39294.695
2575,39294.695
2576,39597.605
2577,50966.0
2578,101969.21
2579,168559.52
2580,198302.7
2581,303720.62
2582,376081.38
2583,398361.22
2584,628646.56
2585,679098.06
2586,683435.3
2587,620292.06
2588,450757.12
2589,450821.94
2590,450821.94
2591,438270.38
2592,268219.12
2593,251827.89
2594,229101.12
2595,227628.36
2596,233384.19
2597,273278.94
2598,273718.88
2599,275340.38
2600,261304.88
2601,22129.05
2602,22129.05
2603,79940.71
2604,147458.02
2605,147395.5
2606,146624.36
2607,146624.36
2608,134925.61
2609,125716.15
2610,106530.84
2611,102136.34
2612,103101.555
2613,96570.8
2614,94075.88
2615,99336.25
2616,98335.664
2617,99946.42
2618,157205.03
2619,163663.16
2620,162900.86
2621,162900.86
2622,162900.86
2623,105809.46
2624,105275.88
2625,124389.73
2626,145574.47
2627,118516.55
2628,42925.543
2629,111806.41
2630,521887.3
2631,677329.0
2632,676401.75
2633,502248.28
2634,333823.84
2635,262585.97
2636,314488.5
2637,537820.44
2638,575161.75
2639,563775.94
2640,502840.53
2641,408891.06
2642,294185.12
2643,265086.9
2644,262627.75
2645,262627.75
2646,262627.75
2647,199784.58
2648,130263.6
2649,130263.6
2650,150901.75
2651,193078.52
2652,324751.0
2653,608193.94
2654,773335.94
2655,772551.25
2656,553278.6
2657,335506.3
2658,236155.77
2659,80169.1
2660,45986.055
2661,52966.195
2662,157909.98
2663,320121.22
2664,322159.12
2665,321481.6
2666,319836.12
2667,318925.97
2668,260389.4
2669,88968.25
2670,67238.09
2671,60540.363
2672,64238.05
2673,40406.18
2674,59022.656
2675,80588.914
2676,118848.45
2677,151833.66
2678,159290.08
2679,202021.62
2680,203030.9
2681,249366.2
2682,479580.88
2683,479716.16
2684,529656.4
2685,592164.9
2686,586527.8
2687,572554.56
2688,512217.4
2689,445528.5
2690,449767.97
2691,328970.66
2692,271473.44
2693,261406.89
2694,242372.06
2695,228338.47
2696,254474.56
2697,273860.0
2698,274102.53
2699,274159.03
2700,275722.1
2701,21201.547
2702,30476.12
2703,114760.28
2704,147339.05
2705,134213.89
2706,146624.36
2707,144039.84
2708,129954.65
2709,127644.3
2710,114180.45
2711,102069.24
2712,118111.82
2713,157366.33
2714,163323.8
2715,162583.56
2716,325933.0
2717,301991.5
2718,200706.33
2719,163044.77
2720,162900.86
2721,162900.86
2722,162900.86
2723,113045.25
2724,104231.97
2725,108513.484
2726,145215.62
2727,145916.11
2728,267883.88
2729,302565.28
2730,466435.1
2731,657088.5
2732,665459.5
2733,649413.5
2734,578582.25
2735,425878.25
2736,490985.06
2737,533741.8
2738,536688.8
2739,392438.62
2740,181186.86
2741,179147.67
2742,176881.12
2743,155710.61
2744,247682.31
2745,262627.75
2746,319158.4
2747,178789.62
2748,130747.69
2749,132739.84
2750,193149.98
2751,276692.16
2752,298443.8
2753,409973.03
2754,563199.25
2755,589637.4
2756,479286.06
2757,479182.4
2758,476605.0
2759,246973.88
2760,44872.137
2761,77084.086
2762,211483.7
2763,312140.6
2764,322272.22
2765,321833.6
2766,320367.03
2767,322272.22
2768,321679.94
2769,275482.44
2770,107714.38
2771,110748.44
2772,118727.414
2773,127563.65
2774,169895.7
2775,148553.4
2776,152905.55
2777,154045.17
2778,156867.48
2779,194853.55
2780,198776.39
2781,231915.62
2782,525536.9
2783,480790.2
2784,536372.94
2785,583191.06
2786,587499.4
2787,581348.25
2788,529913.06
2789,470121.03
2790,370274.06
2791,340545.78
2792,321391.72
2793,322422.0
2794,322415.6
2795,273477.3
2796,184914.28
2797,330156.28
2798,335120.78
2799,343222.25
2800,311602.25
2801,2704.1274
2802,33587.418
2803,72083.914
2804,141503.69
2805,153602.75
2806,139079.47
2807,130386.586
2808,128103.92
2809,113550.38
2810,104897.69
2811,119710.09
2812,170277.86
2813,187855.81
2814,187878.14
2815,185401.69
2816,369378.53
2817,293838.88
2818,242433.25
2819,169318.12
2820,162900.86
2821,162900.86
2822,166419.05
2823,142283.12
2824,101131.56
2825,104116.05
2826,139595.5
2827,181374.58
2828,309068.06
2829,311635.66
2830,386767.06
2831,438294.03
2832,579719.06
2833,634507.25
2834,619091.94
2835,640501.4
2836,511012.25
2837,496023.25
2838,434190.38
2839,179665.75
2840,179258.03
2841,179258.03
2842,178899.03
2843,165255.05
2844,155191.3
2845,182438.62
2846,141062.12
2847,134634.22
2848,134567.25
2849,160504.61
2850,256098.16
2851,301227.34
2852,360503.75
2853,364815.06
2854,365800.56
2855,380302.16
2856,467934.7
2857,479182.4
2858,471810.25
2859,244174.38
2860,71942.234
2861,108958.04
2862,209581.67
2863,222513.31
2864,253708.81
2865,300202.1
2866,321975.1
2867,321106.56
2868,316759.56
2869,284946.38
2870,169896.86
2871,167386.16
2872,184527.61
2873,171692.55
2874,155655.83
2875,151994.98
2876,151953.95
2877,149981.83
2878,156609.94
2879,202778.66
2880,202811.08
2881,441999.47
2882,608083.44
2883,591062.25
2884,595192.75
2885,581348.94
2886,586415.6
2887,586328.75
2888,564898.1
2889,524659.0
2890,372389.47
2891,260666.83
2892,267658.38
2893,322356.75
2894,322422.0
2895,329354.3
2896,408487.53
2897,430823.66
2898,430823.66
2899,412850.25
2900,342176.38
2901,11664.61
2902,21958.02
2903,19529.395
2904,96438.76
2905,138909.25
2906,122284.68
2907,125434.81
2908,88581.63
2909,99945.63
2910,91458.92
2911,89056.445
2912,121783.05
2913,166348.75
2914,187641.44
2915,187999.25
2916,289859.34
2917,295142.2
2918,332712.6
2919,470248.12
2920,306908.9
2921,233846.48
2922,227922.5
2923,222474.75
2924,158789.81
2925,106765.76
2926,126878.84
2927,230897.72
2928,319771.47
2929,320299.0
2930,380278.9
2931,399446.12
2932,412574.16
2933,681216.9
2934,771762.75
2935,792020.94
2936,869065.06
2937,596299.94
2938,420815.25
2939,179394.94
2940,179258.03
2941,179258.03
2942,179133.39
2943,170774.83
2944,118588.055
2945,134640.86
2946,134640.86
2947,134640.86
2948,134640.86
2949,151305.19
2950,259942.53
2951,351344.75
2952,365833.22
2953,365800.56
2954,365800.56
2955,372183.94
2956,440768.62
2957,453381.12
2958,430866.94
2959,169831.06
2960,99317.266
2961,110141.42
2962,183044.61
2963,211017.97
2964,211017.97
2965,211017.97
2966,233565.38
2967,250075.34
2968,227225.75
2969,206603.62
2970,187796.94
2971,186767.84
2972,185881.94
2973,185881.94
2974,175173.92
2975,157016.98
2976,155016.22
2977,154822.95
2978,213194.88
2979,260723.8
2980,263338.25
2981,608083.44
2982,608083.44
2983,608083.44
2984,623639.5
2985,612785.8
2986,584026.7
2987,571776.8
2988,416591.22
2989,396058.56
2990,339637.16
2991,323962.72
2992,263038.16
2993,322395.4
2994,322422.0
2995,326041.62
2996,368130.44
2997,430823.66
2998,430823.66
2999,401626.7
3000,322306.4
3001,18477.02
3002,18514.871
3003,18514.871
3004,18514.871
3005,58038.312
3006,95430.52
3007,93683.41
3008,106197.41
3009,88555.24
3010,88555.24
3011,88555.24
3012,88326.09
3013,87486.36
3014,156772.45
3015,265779.66
3016,289268.12
3017,547456.1
3018,725007.5
3019,475855.94
3020,522304.2
3021,564989.7
3022,569221.06
3023,283301.56
3024,214664.67
3025,96423.37
3026,72132.39
3027,237985.42
3028,266280.2
3029,293526.88
3030,318458.2
3031,378069.6
3032,411257.38
3033,494247.88
3034,704297.56
3035,710256.75
3036,933871.4
3037,860067.0
3038,511842.16
3039,400612.78
3040,212628.66
3041,179173.31
3042,142164.94
3043,91345.81
3044,70880.97
3045,124595.22
3046,134640.86
3047,134640.86
3048,134640.86
3049,193554.56
3050,258343.67
3051,325112.03
3052,364988.38
3053,366117.25
3054,371728.4
3055,427769.53
3056,449491.84
3057,449491.84
3058,437413.12
3059,235886.33
3060,103581.625
3061,105956.88
3062,154110.2
3063,211017.97
3064,211017.97
3065,211017.97
3066,211017.97
3067,211017.97
3068,221123.52
3069,245181.19
3070,202120.97
3071,186767.84
3072,185881.94
3073,185881.94
3074,185881.94
3075,184547.69
3076,175019.73
3077,189773.45
3078,235610.44
3079,239559.11
3080,236459.53
3081,580017.2
3082,665958.1
3083,701304.75
3084,725307.9
3085,706301.25
3086,454283.75
3087,362502.12
3088,364672.9
3089,364192.3
3090,323502.25
3091,322422.0
3092,322422.0
3093,322422.0
3094,324128.38
3095,392781.97
3096,418361.28
3097,430823.66
3098,430818.84
3099,421590.6
3100,328761.38
3101,18514.871
3102,18514.871
3103,18514.871
3104,24354.574
3105,36135.066
3106,76080.59
3107,88555.24
3108,88555.24
3109,88555.24
3110,88555.24
3111,88551.52
3112,88269.69
3113,87622.555
3114,110552.93
3115,233333.97
3116,360648.97
3117,771468.44
3118,1051902.6
3119,721253.94
3120,602010.4
3121,567192.06
3122,455664.97
3123,220342.0
3124,125524.22
3125,120163.92
3126,119632.98
3127,217636.02
3128,219673.02
3129,217578.39
3130,474229.62
3131,464968.12
3132,378243.22
3133,434348.2
3134,700669.9
3135,813504.4
3136,807846.9
3137,710346.06
3138,499092.28
3139,499092.28
3140,475201.28
3141,217753.39
3142,69346.586
3143,63981.43
3144,63981.43
3145,97277.32
3146,134640.94
3147,134640.86
3148,134640.86
3149,190517.14
3150,274913.9
3151,284346.7
3152,374377.06
3153,587335.0
3154,550571.8
3155,463549.7
3156,449491.84
3157,449491.84
3158,433194.0
3159,153038.95
3160,103575.39
3161,103575.39
3162,135614.22
3163,258451.5
3164,269419.5
3165,267141.75
3166,252402.03
3167,259906.06
3168,277931.2
3169,237445.88
3170,208374.73
3171,186039.03
3172,184767.36
3173,184256.95
3174,183812.89
3175,183724.61
3176,183665.25
3177,183796.52
3178,202981.0
3179,196181.22
3180,192439.86
3181,560292.9
3182,823777.2
3183,823758.1
3184,831623.7
3185,856333.7
3186,454947.06
3187,363990.6
3188,364481.2
3189,364781.0
3190,324662.34
3191,322422.0
3192,322422.0
3193,322422.0
3194,349442.72
3195,430444.72
3196,430823.66
3197,420703.0
3198,425788.44
3199,404800.25
3200,334587.72
3201,18515.062
3202,18514.871
3203,18514.871
3204,19887.643
3205,22710.2
3206,51732.03
3207,87064.13
3208,88555.24
3209,88555.24
3210,88555.24
3211,90828.53
3212,87514.84
3213,88028.11
3214,88295.11
3215,88862.37
3216,385831.06
3217,702957.25
3218,997584.0
3219,812056.3
3220,639055.56
3221,553945.2
3222,443480.47
3223,223856.67
3224,115445.67
3225,213411.28
3226,384032.34
3227,218458.86
3228,219841.23
3229,270812.84
3230,610827.25
3231,617100.7
3232,578922.44
3233,650590.3
3234,867321.2
3235,865687.6
3236,835608.0
3237,624390.7
3238,438188.9
3239,431470.25
3240,371611.3
3241,178746.55
3242,63981.43
3243,63981.43
3244,63981.43
3245,65445.734
3246,126172.086
3247,141786.89
3248,141786.89
3249,210922.03
3250,263652.88
3251,322319.3
3252,455408.53
3253,958935.5
3254,772931.75
3255,657142.75
3256,564639.94
3257,477635.16
3258,490513.97
3259,171985.44
3260,103575.39
3261,103575.39
3262,126264.84
3263,267428.3
3264,284243.34
3265,275317.78
3266,265760.97
3267,253320.4
3268,275864.6
3269,226289.47
3270,210861.89
3271,192804.1
3272,185402.94
3273,184625.66
3274,183627.77
3275,183665.25
3276,183665.25
3277,183665.25
3278,183529.0
3279,271395.3
3280,234934.3
3281,588137.25
3282,823777.2
3283,809672.94
3284,849173.3
3285,953696.75
3286,698171.0
3287,363758.5
3288,364776.8
3289,364874.28
3290,339875.4
3291,322422.0
3292,322422.0
3293,322960.6
3294,404431.75
3295,430823.66
3296,430823.66
3297,406760.47
3298,373335.78
3299,342185.84
3300,339898.88
3301,18601.305
3302,18527.215
3303,18514.871
3304,18514.871
3305,18514.871
3306,20736.078
3307,65738.875
3308,88555.24
3309,88560.27
3310,89452.13
3311,71576.33
3312,59483.367
3313,78533.14
3314,91665.46
3315,141625.84
3316,179307.73
3317,268360.56
3318,695821.0
3319,691243.1
3320,618505.2
3321,618062.7
3322,506446.25
3323,458889.34
3324,328695.47
3325,502000.94
3326,589336.8
3327,323769.56
3328,219869.84
3329,264223.53
3330,583611.9
3331,680028.8
3332,774289.5
3333,881960.3
3334,976507.9
3335,937392.0
3336,1032459.7
3337,938630.1
3338,351332.2
3339,351332.2
3340,347006.1
3341,170319.84
3342,63981.43
3343,63981.43
3344,63981.43
3345,73403.49
3346,316765.2
3347,358727.0
3348,358727.0
3349,335830.5
3350,484991.28
3351,455688.28
3352,861007.94
3353,1031438.6
3354,823270.5
3355,547960.25
3356,526848.06
3357,557944.44
3358,501595.47
3359,405008.84
3360,135339.31
3361,128129.84
3362,177495.81
3363,436425.38
3364,457369.1
3365,457369.1
3366,457369.1
3367,615534.5
3368,590688.9
3369,377479.1
3370,272405.03
3371,198060.94
3372,197622.55
3373,225119.8
3374,183636.34
3375,183665.25
3376,183665.25
3377,183665.25
3378,183665.25
3379,666518.7
3380,818891.56
3381,821979.06
3382,767014.2
3383,673507.94
3384,709008.7
3385,953703.6
3386,913432.1
3387,387244.78
3388,365766.4
3389,365766.4
3390,343951.0
3391,276694.12
3392,276694.12
3393,313744.3
3394,429974.78
3395,430823.66
3396,430823.66
3397,430727.06
3398,341961.3
3399,222437.56
3400,190140.42
3401,18563.484
3402,18621.121
3403,18550.959
3404,18518.535
3405,18514.871
3406,18514.871
3407,31236.62
3408,88289.35
3409,92114.914
3410,95094.95
3411,79361.05
3412,74745.41
3413,149404.42
3414,187119.97
3415,179906.44
3416,179923.36
3417,255539.6
3418,695821.0
3419,484154.38
3420,283840.22
3421,410482.4
3422,479803.0
3423,483161.16
3424,421189.97
3425,386837.78
3426,547367.7
3427,593725.6
3428,480899.84
3429,461998.3
3430,289259.72
3431,652992.06
3432,1339782.6
3433,1047381.7
3434,976507.9
3435,985465.0
3436,1401158.5
3437,1350400.5
3438,770062.2
3439,351179.38
3440,349347.06
3441,141392.1
3442,63981.43
3443,63981.43
3444,64630.18
3445,152894.75
3446,358729.88
3447,358727.0
3448,358770.44
3449,410499.75
3450,441040.2
3451,710699.75
3452,846759.1
3453,1108565.9
3454,901378.1
3455,619622.25
3456,474398.53
3457,439620.2
3458,645679.75
3459,441920.75
3460,215827.95
3461,198170.06
3462,462580.78
3463,828875.3
3464,616608.56
3465,494281.94
3466,569533.6
3467,752853.25
3468,408092.72
3469,458502.1
3470,525400.56
3471,476776.0
3472,482309.03
3473,200318.33
3474,183668.84
3475,183665.25
3476,183665.25
3477,183665.25
3478,183665.25
3479,666503.2
3480,818849.5
3481,818844.8
3482,735332.8
3483,676454.25
3484,633961.6
3485,627992.7
3486,650662.6
3487,364542.78
3488,378989.0
3489,383898.3
3490,251823.02
3491,209729.97
3492,209729.97
3493,211444.31
3494,366378.16
3495,431826.25
3496,443754.3
3497,385538.44
3498,243334.2
3499,210694.6
3500,173655.06
3501,18398.25
3502,18634.781
3503,18634.781
3504,28010.389
3505,18528.572
3506,18516.693
3507,19725.117
3508,53352.133
3509,70043.5
3510,66982.2
3511,69208.375
3512,87557.34
3513,140814.12
3514,185836.58
3515,181071.3
3516,180156.75
3517,187760.89
3518,352842.22
3519,149505.9
3520,107780.81
3521,108397.32
3522,375668.9
3523,449436.5
3524,382750.38
3525,402070.47
3526,455776.72
3527,465281.6
3528,541670.8
3529,526321.1
3530,309795.5
3531,305177.44
3532,1235242.4
3533,1323971.9
3534,1239908.2
3535,1201196.8
3536,1362170.2
3537,1273799.0
3538,814232.5
3539,462086.6
3540,280529.72
3541,78082.64
3542,86087.95
3543,175664.08
3544,266112.8
3545,325509.88
3546,338708.1
3547,583800.0
3548,763578.25
3549,827643.94
3550,795086.4
3551,848710.8
3552,737802.6
3553,1037987.75
3554,938469.25
3555,882049.2
3556,592677.7
3557,113503.0
3558,1946270.6
3559,1360952.6
3560,374103.66
3561,198107.62
3562,516768.6
3563,1070063.0
3564,1013592.5
3565,782848.4
3566,778740.8
3567,442845.72
3568,423514.3
3569,516188.62
3570,536926.7
3571,522649.47
3572,662997.9
3573,530449.5
3574,270219.16
3575,208980.19
3576,183665.25
3577,226872.67
3578,464922.06
3579,692396.3
3580,793736.7
3581,818553.75
3582,501622.9
3583,398302.56
3584,374453.38
3585,323195.66
3586,264610.3
3587,250423.58
3588,286886.47
3589,338078.72
3590,209729.97
3591,209700.61
3592,209554.16
3593,209729.97
3594,250282.75
3595,378935.12
3596,418791.88
3597,253667.67
3598,238945.4
3599,203276.8
3600,182068.3
3601,18634.781
3602,18634.781
3603,18634.781
3604,19395.096
3605,18634.781
3606,47985.754
3607,81686.17
3608,91482.57
3609,64030.824
3610,62363.004
3611,62351.844
3612,60334.6
3613,57315.117
3614,135304.81
3615,179953.28
3616,180172.25
3617,228030.02
3618,159417.9
3619,112286.57
3620,107780.81
3621,107833.016
3622,292087.4
3623,425516.62
3624,437315.66
3625,654351.4
3626,654907.7
3627,568940.06
3628,587269.94
3629,536300.1
3630,412905.2
3631,413341.3
3632,731255.7
3633,1437437.1
3634,1434226.4
3635,1256755.6
3636,1196889.6
3637,794168.56
3638,643863.2
3639,556399.6
3640,306415.5
3641,109370.25
3642,285375.53
3643,328895.06
3644,333846.22
3645,333846.22
3646,333846.22
3647,856022.8
3648,928756.56
3649,1134434.0
3650,1363317.2
3651,1248725.0
3652,1009309.06
3653,1018258.25
3654,1023048.75
3655,1309647.9
3656,1794843.0
3657,1011236.2
3658,2022753.4
3659,1838432.5
3660,994969.3
3661,584241.7
3662,723970.4
3663,925639.6
3664,923560.25
3665,855829.4
3666,595338.06
3667,521283.5
3668,743164.4
3669,556495.7
3670,546987.3
3671,790112.56
3672,909789.0
3673,1147965.6
3674,1126267.4
3675,892251.2
3676,625270.2
3677,636662.9
3678,674679.3
3679,674679.3
3680,681718.06
3681,605126.56
3682,363768.44
3683,228436.22
3684,236329.45
3685,435855.12
3686,302566.56
3687,258573.28
3688,257192.95
3689,285217.2
3690,209729.97
3691,209729.97
3692,209347.64
3693,209096.92
3694,287461.25
3695,387520.84
3696,412250.12
3697,260523.53
3698,238945.4
3699,217717.7
3700,168449.44
3701,18634.781
3702,18634.781
3703,18634.781
3704,18841.582
3705,56472.703
3706,94434.55
3707,98895.09
3708,98791.734
3709,74421.3
3710,66169.125
3711,72448.29
3712,115064.31
3713,61357.207
3714,69515.91
3715,138978.83
3716,179368.45
3717,183259.69
3718,142690.47
3719,107780.81
3720,107796.414
3721,115170.08
3722,132842.9
3723,262366.06
3724,474637.56
3725,578372.56
3726,641038.94
3727,665519.5
3728,683560.94
3729,738522.1
3730,561500.8
3731,460210.56
3732,632087.7
3733,990414.25
3734,940308.94
3735,1191255.2
3736,1197008.9
3737,868117.9
3738,475947.3
3739,268665.53
3740,192605.77
3741,200680.2
3742,275934.6
3743,364734.88
3744,336463.78
3745,333846.22
3746,448521.34
3747,1083326.0
3748,1496697.2
3749,1332253.8
3750,1406484.4
3751,1480139.0
3752,1179611.5
3753,1046974.2
3754,1284788.6
3755,1614511.2
3756,2571676.2
3757,2995983.0
3758,2043434.0
3759,1308541.9
3760,1262544.0
3761,987605.44
3762,908441.6
3763,1362714.1
3764,1771605.6
3765,1000239.9
3766,594087.2
3767,731196.2
3768,829082.94
3769,754234.7
3770,572167.4
3771,1230258.6
3772,1190346.9
3773,1110091.0
3774,1060874.9
3775,1107352.4
3776,896336.8
3777,690620.94
3778,674679.3
3779,674679.3
3780,674679.3
3781,632772.6
3782,239034.52
3783,176464.19
3784,201450.77
3785,288381.44
3786,293791.9
3787,260460.7
3788,256275.1
3789,273278.75
3790,209729.97
3791,209729.97
3792,196352.06
3793,193847.05
3794,316549.53
3795,339722.0
3796,332429.28
3797,219539.98
3798,205614.14
3799,190423.19
3800,171711.6
3801,18634.781
3802,18634.781
3803,18634.781
3804,33876.945
3805,93692.14
3806,98895.09
3807,98895.09
3808,98890.05
3809,93351.945
3810,61124.14
3811,45045.496
3812,57077.504
3813,54318.992
3814,65592.37
3815,62220.637
3816,138671.14
3817,184919.95
3818,138775.27
3819,107780.81
3820,112339.93
3821,121781.36
3822,136636.97
3823,422222.5
3824,442158.56
3825,445194.88
3826,446792.56
3827,725634.44
3828,764148.0
3829,700562.25
3830,533993.25
3831,528422.56
3832,546698.7
3833,600799.75
3834,559059.2
3835,682342.1
3836,615869.6
3837,467593.4
3838,225877.1
3839,222014.72
3840,230612.17
3841,248696.22
3842,226944.86
3843,410271.47
3844,650172.1
3845,1016254.2
3846,1472769.5
3847,1570726.9
3848,1713207.0
3849,1366455.9
3850,1451260.6
3851,1537560.2
3852,1639339.6
3853,1599875.5
3854,1923143.5
3855,2033820.6
3856,2973556.8
3857,2942321.2
3858,2171767.8
3859,1419948.6
3860,1360817.9
3861,1163401.1
3862,1943868.2
3863,1956266.1
3864,1663192.0
3865,1104424.5
3866,867165.2
3867,944890.4
3868,1592192.4
3869,2253192.0
3870,1129227.2
3871,1603594.8
3872,1602494.0
3873,907780.1
3874,1011067.94
3875,1052151.5
3876,985396.25
3877,745185.25
3878,654196.06
3879,650443.1
3880,645182.3
3881,609259.9
3882,342114.16
3883,270026.0
3884,321686.2
3885,314185.4
3886,289550.5
3887,260700.89
3888,253071.08
3889,256086.0
3890,211316.75
3891,203139.88
3892,180563.27
3893,148969.83
3894,174796.5
3895,169688.94
3896,181392.23
3897,183015.42
3898,182552.08
3899,186690.38
3900,195714.53
3901,18634.781
3902,18634.781
3903,18691.285
3904,71815.89
3905,98707.98
3906,98792.984
3907,98607.97
3908,98764.98
3909,97663.19
3910,69666.78
3911,61834.668
3912,59794.336
3913,56711.32
3914,61282.03
3915,61824.402
3916,69842.47
3917,251783.25
3918,156660.6
3919,102550.57
3920,121397.125
3921,135057.19
3922,202035.9
3923,321701.12
3924,356250.47
3925,399165.62
3926,411807.3
3927,755906.4
3928,808109.7
3929,921916.8
3930,767553.8
3931,569234.4
3932,589436.3
3933,551777.94
3934,389092.25
3935,310544.2
3936,209962.98
3937,321072.62
3938,261934.84
3939,246143.62
3940,259868.06
3941,270320.5
3942,255170.64
3943,416934.8
3944,664294.44
3945,698715.2
3946,1020796.7
3947,1299926.8
3948,1326661.2
3949,1400819.2
3950,1240819.1
3951,951338.44
3952,1492988.0
3953,2439842.8
3954,2288110.2
3955,2364787.2
3956,2814063.0
3957,2486396.8
3958,1817133.8
3959,2084720.5
3960,1988046.1
3961,1347502.1
3962,2440861.0
3963,2154561.5
3964,1409921.2
3965,1359280.1
3966,1139366.2
3967,1266945.4
3968,1515813.5
3969,2169362.5
3970,1405113.6
3971,1213417.8
3972,1211751.0
3973,799862.6
3974,776216.4
3975,752121.4
3976,454213.8
3977,322444.28
3978,348500.72
3979,338968.53
3980,339018.44
3981,386036.3
3982,412945.88
3983,361703.4
3984,373660.12
3985,344514.8
3986,338695.3
3987,232516.5
3988,178551.3
3989,194214.16
3990,207622.1
3991,147690.78
3992,174767.11
3993,133025.44
3994,167496.17
3995,164973.78
3996,184255.95
3997,184456.84
3998,184853.52
3999,184281.03
4000,186690.38
4001,18634.781
4002,18655.023
4003,43088.348
4004,92581.78
4005,99483.03
4006,97554.94
4007,98112.984
4008,98398.32
4009,96572.64
4010,75691.16
4011,61371.496
4012,60925.86
4013,61007.668
4014,61425.367
4015,61425.86
4016,72302.2
4017,107903.55
4018,99877.2
4019,138491.6
4020,163829.64
4021,165217.47
4022,180902.39
4023,251212.22
4024,295745.8
4025,295745.8
4026,295745.8
4027,966637.9
4028,893045.06
4029,973041.0
4030,887507.56
4031,636868.6
4032,661267.94
4033,655574.9
4034,197299.69
4035,218526.52
4036,256734.12
4037,345077.12
4038,627315.6
4039,276943.53
4040,329260.56
4041,350930.28
4042,449496.06
4043,466088.2
4044,730722.75
4045,612811.94
4046,612811.94
4047,922281.94
4048,1260056.2
4049,1342444.8
4050,1252903.2
4051,875450.0
4052,1299993.8
4053,2352989.2
4054,2135268.0
4055,2111889.5
4056,2113930.5
4057,1965980.2
4058,1983575.5
4059,2483056.5
4060,2569643.5
4061,1848617.6
4062,2000511.8
4063,1929364.6
4064,1397365.0
4065,642182.5
4066,402296.8
4067,778470.6
4068,2959737.0
4069,2825216.5
4070,771222.56
4071,609703.75
4072,707865.2
4073,693960.9
4074,593546.8
4075,425710.38
4076,301768.94
4077,310981.03
4078,341148.5
4079,338968.53
4080,345920.28
4081,430705.25
4082,438945.97
4083,348022.16
4084,357901.16
4085,344296.22
4086,227536.6
4087,148625.34
4088,152477.31
4089,177523.78
4090,185767.98
4091,187274.45
4092,198911.34
4093,162043.9
4094,167038.16
4095,168405.95
4096,183996.1
4097,184456.84
4098,184456.84
4099,183913.92
4100,187458.0
4101,18634.781
4102,22291.156
4103,84127.62
4104,99003.54
4105,101741.42
4106,100219.86
4107,98770.086
4108,98600.62
4109,98756.27
4110,97063.58
4111,68864.586
4112,61417.848
4113,61554.957
4114,61425.86
4115,70183.18
4116,109675.336
4117,112101.94
4118,130031.52
4119,198242.92
4120,163697.19
4121,157656.0
4122,157089.34
4123,204693.73
4124,294139.9
4125,295745.8
4126,364876.28
4127,979468.5
4128,1477912.9
4129,908123.1
4130,844722.3
4131,620589.2
4132,580655.94
4133,685156.8
4134,215609.39
4135,222344.9
4136,357320.16
4137,308557.88
4138,301550.7
4139,365577.6
4140,482143.7
4141,485618.78
4142,467380.88
4143,773716.56
4144,1222004.2
4145,1238642.5
4146,1294689.9
4147,1557886.8
4148,1537079.4
4149,1617943.4
4150,1483023.1
4151,1289075.9
4152,1394831.9
4153,2138684.8
4154,3089928.0
4155,3629728.5
4156,3751296.2
4157,3076614.5
4158,2315710.0
4159,2454134.5
4160,3393918.5
4161,3128468.2
4162,1457947.0
4163,1535999.5
4164,1053607.0
4165,648197.6
4166,481875.97
4167,507365.0
4168,2812597.5
4169,2331063.8
4170,455346.53
4171,392980.6
4172,415822.1
4173,335510.06
4174,348273.44
4175,355286.34
4176,304435.44
4177,411837.56
4178,376883.47
4179,339611.4
4180,455181.34
4181,456796.6
4182,449548.03
4183,395272.9
4184,352198.12
4185,231670.84
4186,129219.34
4187,132673.55
4188,130666.15
4189,172181.08
4190,186422.31
4191,169399.33
4192,167903.53
4193,174765.17
4194,166714.95
4195,166501.95
4196,170341.48
4197,180316.8
4198,184233.39
4199,184204.06
4200,178594.05
4201,16164.066
4202,53799.508
4203,97936.54
4204,101024.55
4205,103360.414
4206,101247.375
4207,95358.125
4208,97627.805
4209,98544.79
4210,99294.586
4211,110073.31
4212,95985.21
4213,75527.9
4214,73385.36
4215,107404.4
4216,112019.625
4217,112019.625
4218,233643.5
4219,323632.44
4220,189389.64
4221,161918.94
4222,160171.02
4223,157278.55
4224,234224.72
4225,522211.5
4226,1079350.0
4227,1092615.0
4228,1099491.0
4229,972169.0
4230,795386.9
4231,302205.78
4232,273555.06
4233,345043.03
4234,222941.39
4235,235362.86
4236,451939.84
4237,305182.53
4238,339372.84
4239,493677.47
4240,499829.6
4241,461159.16
4242,424558.44
4243,926318.5
4244,1247514.5
4245,1479946.5
4246,1500371.1
4247,1669624.6
4248,1825742.6
4249,1805180.5
4250,1581190.5
4251,1470469.4
4252,1417513.8
4253,1460337.1
4254,3180870.0
4255,3470412.8
4256,4613843.0
4257,4208612.0
4258,2458928.0
4259,2481282.5
4260,3170506.5
4261,3032027.0
4262,1408168.9
4263,1967193.9
4264,2162805.2
4265,864368.25
4266,979378.3
4267,1009833.3
4268,938868.94
4269,715316.6
4270,336710.47
4271,366732.56
4272,298234.6
4273,168306.69
4274,95236.39
4275,216291.2
4276,602072.94
4277,656386.1
4278,644770.3
4279,717453.75
4280,743996.44
4281,670519.44
4282,399357.5
4283,299318.34
4284,320909.3
4285,189744.84
4286,117518.33
4287,117518.33
4288,122002.44
4289,121376.52
4290,163086.48
4291,166195.7
4292,183183.58
4293,168184.39
4294,153239.02
4295,163015.94
4296,164936.8
4297,163770.19
4298,166181.19
4299,166129.77
4300,158006.19
4301,13472.4
4302,56995.2
4303,96171.39
4304,98895.09
4305,104390.53
4306,101373.555
4307,97554.01
4308,97616.52
4309,100566.86
4310,124003.945
4311,131803.08
4312,131894.52
4313,131894.52
4314,123539.88
4315,112019.625
4316,112019.625
4317,112019.625
4318,165961.31
4319,292942.06
4320,315086.72
4321,234138.97
4322,200327.7
4323,200308.16
4324,348020.06
4325,1186895.0
4326,1195525.9
4327,504261.44
4328,621599.06
4329,855882.56
4330,542500.7
4331,260058.48
4332,278257.84
4333,230118.12
4334,219957.56
4335,283692.9
4336,308556.0
4337,308403.22
4338,282977.94
4339,426358.2
4340,475149.25
4341,1284904.1
4342,1657051.8
4343,1754124.0
4344,1959711.8
4345,1828431.9
4346,1696228.6
4347,1563645.2
4348,1764214.0
4349,2712122.8
4350,2095180.2
4351,1564008.0
4352,1492390.1
4353,1634015.5
4354,2971356.8
4355,3680021.8
4356,3474745.2
4357,3010325.0
4358,3113745.8
4359,3910082.8
4360,2289157.0
4361,1763252.6
4362,4050156.5
4363,3686150.5
4364,3395532.2
4365,1216473.8
4366,2147999.5
4367,1473458.6
4368,839796.3
4369,846823.25
4370,626210.3
4371,286622.8
4372,295300.47
4373,87997.125
4374,73334.15
4375,97119.42
4376,574001.3
4377,656475.9
4378,752147.4
4379,983283.7
4380,848440.75
4381,579015.8
4382,375216.22
4383,256522.39
4384,234395.94
4385,159015.75
4386,120430.56
4387,119396.88
4388,120046.055
4389,121521.57
4390,145675.03
4391,165832.95
4392,166752.28
4393,162564.84
4394,171862.4
4395,161829.55
4396,163769.22
4397,163770.19
4398,163770.19
4399,163376.83
4400,108164.55
4401,13407.475
4402,22162.977
4403,84788.0
4404,98895.09
4405,98895.09
4406,97178.09
4407,101053.36
4408,98500.24
4409,120782.484
4410,130757.35
4411,131823.3
4412,131663.66
4413,131663.66
4414,125524.77
4415,112019.625
4416,112019.625
4417,112019.625
4418,149759.98
4419,252498.88
4420,343586.28
4421,348860.1
4422,239715.88
4423,304021.47
4424,325438.88
4425,672404.75
4426,483571.94
4427,262784.6
4428,399119.9
4429,486411.8
4430,313499.2
4431,265714.12
4432,295898.56
4433,180276.14
4434,195556.48
4435,238868.9
4436,310023.3
4437,258687.9
4438,225261.88
4439,241140.86
4440,436700.3
4441,560084.44
4442,2022409.6
4443,1810800.6
4444,2724191.0
4445,2742077.0
4446,2931153.8
4447,2660052.8
4448,1718510.1
4449,2273045.2
4450,2519794.2
4451,1853540.8
4452,2538102.2
4453,2630210.0
4454,2571494.0
4455,3802058.8
4456,5679993.0
4457,6320778.0
4458,4372018.0
4459,7750012.0
4460,5142688.5
4461,3925701.8
4462,5377248.0
4463,2463196.5
4464,1771619.2
4465,983991.5
4466,858426.1
4467,800361.25
4468,970756.1
4469,621397.56
4470,575568.7
4471,380512.47
4472,358364.16
4473,61221.297
4474,44616.633
4475,89577.94
4476,396480.47
4477,569490.1
4478,929543.44
4479,1013695.06
4480,828124.94
4481,500362.97
4482,414208.97
4483,264517.88
4484,146399.5
4485,122238.78
4486,116373.17
4487,119754.266
4488,121069.9
4489,122320.95
4490,136108.31
4491,164777.05
4492,152304.81
4493,141349.78
4494,137874.05
4495,184895.34
4496,179630.62
4497,163770.19
4498,164106.78
4499,139826.61
4500,84142.05
4501,13205.957
4502,13407.475
4503,57508.902
4504,98895.09
4505,98895.09
4506,96074.38
4507,80474.266
4508,103498.555
4509,124762.27
4510,129843.66
4511,131894.52
4512,131817.56
4513,131894.52
4514,119360.23
4515,112115.63
4516,112020.07
4517,112019.625
4518,112019.625
4519,174340.5
4520,294737.0
4521,387104.66
4522,318896.94
4523,314309.9
4524,314410.3
4525,321727.9
4526,417003.7
4527,304950.4
4528,358866.7
4529,448293.9
4530,356551.88
4531,265494.84
4532,264264.8
4533,231654.83
4534,232097.1
4535,264113.6
4536,282153.56
4537,259026.98
4538,225743.9
4539,261536.77
4540,436961.75
4541,446809.66
4542,1249519.5
4543,1484596.0
4544,2516422.2
4545,3156131.5
4546,3151239.2
4547,3423080.5
4548,4280533.0
4549,3054884.5
4550,2719909.2
4551,2633810.5
4552,2719708.5
4553,4209265.0
4554,4503130.0
4555,4364234.5
4556,4574671.5
4557,3665257.0
4558,4134730.5
4559,5264009.5
4560,4187363.5
4561,3868923.0
4562,2553784.8
4563,535279.1
4564,673724.56
4565,587932.3
4566,702028.44
4567,524324.2
4568,762843.44
4569,825752.1
4570,364233.38
4571,351335.1
4572,290235.06
4573,30942.059
4574,20235.72
4575,19998.86
4576,134936.62
4577,374049.12
4578,566768.94
4579,658791.44
4580,399598.22
4581,421959.44
4582,476092.0
4583,234934.94
4584,111459.8
4585,111459.8
4586,111459.8
4587,111459.8
4588,111999.016
4589,120057.016
4590,158333.67
4591,163932.89
4592,164060.45
4593,135844.14
4594,145743.97
4595,136695.44
4596,138813.34
4597,149008.81
4598,164930.38
4599,95514.164
4600,83156.18
4601,14927.959
4602,13407.475
4603,25124.607
4604,93372.555
4605,98861.09
4606,97774.766
4607,83869.54
4608,93918.72
4609,85650.94
4610,116819.625
4611,131714.4
4612,131894.52
4613,116080.445
4614,79224.016
4615,89524.37
4616,112031.59
4617,112019.625
4618,112019.625
4619,112019.625
4620,201603.81
4621,421580.1
4622,377691.25
4623,326970.34
4624,314503.9
4625,306681.47
4626,314435.47
4627,434977.47
4628,582102.5
4629,581299.0
4630,216081.72
4631,215396.6
4632,216655.02
4633,227996.31
4634,225660.11
4635,260001.03
4636,283492.75
4637,318501.2
4638,443365.06
4639,389869.25
4640,383068.7
4641,538138.1
4642,1327614.9
4643,1502741.9
4644,1696163.2
4645,2169127.5
4646,2063351.2
4647,3586628.5
4648,4857463.5
4649,2686778.0
4650,3316567.0
4651,3381474.5
4652,3680260.5
4653,5395329.0
4654,6069286.0
4655,5686285.5
4656,4620702.5
4657,2832872.5
4658,3436854.8
4659,4490324.0
4660,4554488.0
4661,3750146.8
4662,3450585.5
4663,513985.16
4664,1010867.5
4665,533935.7
4666,675441.0
4667,616838.06
4668,574930.25
4669,1079111.2
4670,493643.66
4671,286480.53
4672,185078.2
4673,83695.46
4674,42038.93
4675,19883.168
4676,43972.375
4677,396215.97
4678,868017.6
4679,1154028.8
4680,333201.4
4681,438147.72
4682,532825.7
4683,213391.36
4684,111459.8
4685,111459.8
4686,111459.8
4687,111459.8
4688,111990.125
4689,143039.02
4690,190254.03
4691,167713.61
4692,175438.4
4693,171013.77
4694,147739.4
4695,81815.91
4696,78732.86
4697,78732.86
4698,85848.74
4699,83107.46
4700,83133.195
4701,17839.53
4702,15119.2705
4703,21181.57
4704,67410.82
4705,82207.04
4706,101546.305
4707,131432.0
4708,127792.555
4709,108859.48
4710,130976.83
4711,131712.86
4712,114411.84
4713,86345.93
4714,77102.83
4715,75161.86
4716,89370.945
4717,111642.41
4718,112019.625
4719,112019.625
4720,254412.0
4721,429700.2
4722,429700.2
4723,413018.0
4724,313088.88
4725,407054.7
4726,807936.8
4727,774696.25
4728,665829.44
4729,532852.3
4730,248276.98
4731,184104.3
4732,219215.89
4733,271743.97
4734,255084.45
4735,272658.38
4736,286476.88
4737,319408.56
4738,486247.25
4739,407427.56
4740,401716.53
4741,650163.9
4742,963901.3
4743,1116630.9
4744,1128566.6
4745,1969695.6
4746,2346282.5
4747,2770221.5
4748,2426738.5
4749,2672260.8
4750,3327228.8
4751,3232241.5
4752,3016758.0
4753,4134388.5
4754,6101785.0
4755,7209967.0
4756,5202676.0
4757,4894187.5
4758,5304067.0
4759,5192894.5
4760,4963349.0
4761,6148952.5
4762,5405702.0
4763,978107.5
4764,795527.4
4765,1390582.9
4766,850704.6
4767,921217.7
4768,785081.3
4769,689270.5
4770,579563.1
4771,313108.22
4772,271031.03
4773,98069.09
4774,74175.586
4775,34299.414
4776,568365.75
4777,1383339.8
4778,1189186.6
4779,963787.0
4780,436168.3
4781,521006.4
4782,568838.44
4783,422843.56
4784,209810.34
4785,111459.8
4786,111459.8
4787,121036.51
4788,152373.69
4789,206497.02
4790,196598.84
4791,189923.05
4792,182637.77
4793,174586.58
4794,82598.05
4795,74597.43
4796,74597.43
4797,74587.71
4798,74542.47
4799,81882.45
4800,83155.07
4801,18242.291
4802,17930.148
4803,20322.65
4804,23096.412
4805,30244.602
4806,51448.72
4807,116901.484
4808,134152.23
4809,129770.664
4810,120129.04
4811,71935.99
4812,92690.63
4813,84852.44
4814,77102.83
4815,75161.86
4816,75161.86
4817,89016.31
4818,167950.88
4819,274626.97
4820,356879.1
4821,413226.47
4822,415561.25
4823,328412.1
4824,299749.66
4825,443527.0
4826,1968346.6
4827,1034009.0
4828,738014.5
4829,696970.3
4830,627384.6
4831,190754.1
4832,209355.3
4833,274971.28
4834,266738.4
4835,271080.25
4836,295677.66
4837,302011.5
4838,335042.53
4839,372722.47
4840,527331.9
4841,686859.7
4842,915697.0
4843,1118014.8
4844,1232336.2
4845,2026871.0
4846,2497400.8
4847,2821775.0
4848,2842380.2
4849,3483842.5
4850,3028685.5
4851,2888835.2
4852,2681277.5
4853,4470890.0
4854,5840633.5
4855,8491044.0
4856,8230212.0
4857,7239224.5
4858,4415739.5
4859,4159907.5
4860,4635312.5
4861,5602532.5
4862,3456944.2
4863,2041168.6
4864,1167716.6
4865,1861615.8
4866,1077999.2
4867,1170122.8
4868,1027119.6
4869,1295242.0
4870,1258665.4
4871,1016669.7
4872,512178.66
4873,630899.25
4874,3006274.2
4875,271518.12
4876,514436.03
4877,1408190.0
4878,889236.1
4879,672118.9
4880,702189.06
4881,603808.1
4882,602491.56
4883,602491.56
4884,575792.5
4885,260898.36
4886,138544.39
4887,156210.44
4888,280669.53
4889,964741.25
4890,1441812.4
4891,612064.2
4892,187313.28
4893,101007.01
4894,73524.375
4895,74597.43
4896,74597.43
4897,74594.72
4898,74592.23
4899,79622.12
4900,83130.555
4901,17930.148
4902,21333.654
4903,23095.617
4904,17378.504
4905,14959.111
4906,12759.607
4907,36106.89
4908,87820.78
4909,115291.97
4910,83086.086
4911,67779.98
4912,77496.2
4913,83328.79
4914,79863.97
4915,74861.45
4916,77050.34
4917,84139.734
4918,258712.1
4919,375507.66
4920,379177.34
4921,379188.9
4922,348196.84
4923,295190.44
4924,293640.06
4925,310438.4
4926,2035693.0
4927,1841288.4
4928,745726.4
4929,779984.25
4930,811872.06
4931,334504.0
4932,231782.62
4933,300858.47
4934,287694.34
4935,261763.5
4936,277571.56
4937,278004.6
4938,279691.25
4939,622078.25
4940,975803.0
4941,922608.3
4942,1131363.1
4943,1442580.0
4944,1167454.2
4945,1544946.9
4946,1882000.1
4947,2035310.6
4948,4956749.5
4949,3343201.2
4950,2097638.0
4951,2113814.0
4952,3116766.2
4953,4216706.5
4954,5030347.0
4955,6881968.0
4956,7857683.0
4957,5838197.5
4958,5226173.0
4959,5940149.0
4960,4808628.0
4961,6892406.0
4962,4983414.5
4963,3176379.5
4964,2747155.8
4965,2093016.2
4966,864489.4
4967,4069078.8
4968,5205263.5
4969,3354337.5
4970,1890761.9
4971,2610668.8
4972,3497240.8
4973,2523042.2
4974,407867.9
4975,112285.82
4976,149729.52
4977,1126998.5
4978,720237.25
4979,670653.6
4980,580447.4
4981,408465.3
4982,279576.22
4983,337231.75
4984,358797.2
4985,251325.42
4986,177157.89
4987,170442.9
4988,654420.3
4989,1240552.0
4990,1141897.5
4991,2025613.1
4992,495676.22
4993,64158.86
4994,69850.266
4995,74198.51
4996,74597.43
4997,74597.43
4998,74584.14
4999,166220.58
5000,147198.61
5001,30752.004
5002,42359.83
5003,26468.643
5004,18845.33
5005,17271.066
5006,15685.721
5007,13068.425
5008,16074.991
5009,40616.734
5010,51238.06
5011,51976.39
5012,73556.65
5013,82881.08
5014,85650.94
5015,64934.344
5016,83514.64
5017,105114.266
5018,271241.8
5019,282475.34
5020,343886.2
5021,314670.88
5022,287221.9
5023,295495.03
5024,293640.06
5025,412701.12
5026,1502191.5
5027,1744396.8
5028,465764.06
5029,444488.7
5030,788515.3
5031,604990.5
5032,309149.8
5033,311315.5
5034,307331.38
5035,271692.8
5036,246008.27
5037,246008.27
5038,351779.0
5039,904122.6
5040,983579.56
5041,1098351.0
5042,890758.56
5043,945696.7
5044,859722.44
5045,1179832.0
5046,3268267.5
5047,4050839.0
5048,3512336.5
5049,2541622.8
5050,1699192.0
5051,1917025.9
5052,2789492.5
5053,3986956.8
5054,3053416.0
5055,4571991.0
5056,5116064.0
5057,3317316.2
5058,3948743.8
5059,11170854.0
5060,4885013.0
5061,9584335.0
5062,5099398.5
5063,5000139.0
5064,3162848.2
5065,1669639.5
5066,735384.9
5067,2329901.8
5068,5186525.0
5069,3528091.2
5070,3275214.5
5071,2714824.0
5072,4282802.5
5073,3782989.5
5074,789077.06
5075,125151.56
5076,115954.01
5077,396412.9
5078,523064.34
5079,486760.22
5080,533093.2
5081,405151.5
5082,282017.47
5083,216666.2
5084,221619.98
5085,222992.1
5086,157334.19
5087,149501.9
5088,408447.97
5089,1505222.0
5090,1199561.0
5091,1001543.7
5092,64158.86
5093,64158.86
5094,65510.484
5095,71770.64
5096,74597.43
5097,76152.35
5098,138283.95
5099,378960.6
5100,384363.7
5101,92814.01
5102,67580.26
5103,30001.168
5104,19610.703
5105,18967.33
5106,17271.066
5107,16559.523
5108,14949.009
5109,15331.959
5110,22518.115
5111,82643.52
5112,79672.08
5113,82865.53
5114,80634.2
5115,76546.66
5116,120005.164
5117,246745.92
5118,274350.44
5119,271241.8
5120,268764.47
5121,271763.47
5122,288567.03
5123,302653.28
5124,394828.47
5125,501867.78
5126,572978.3
5127,582939.6
5128,514012.75
5129,328738.9
5130,524160.2
5131,415211.97
5132,311315.5
5133,311315.5
5134,306558.28
5135,274617.38
5136,246682.9
5137,246008.27
5138,177330.64
5139,299381.47
5140,756876.9
5141,1015354.3
5142,1135291.1
5143,2267824.0
5144,1657925.6
5145,2293043.2
5146,3490087.8
5147,4310280.0
5148,4489638.5
5149,3162096.5
5150,2763368.8
5151,4235582.5
5152,3548216.0
5153,2637257.2
5154,4730223.0
5155,5291926.0
5156,6353381.5
5157,5073034.0
5158,5783072.5
5159,8703873.0
5160,5322452.0
5161,12740061.0
5162,7451156.5
5163,6922887.5
5164,3484078.5
5165,1037540.3
5166,870234.56
5167,893239.7
5168,3494472.5
5169,3330268.8
5170,3486354.8
5171,2817114.0
5172,3097059.0
5173,2188130.2
5174,1174534.4
5175,568197.3
5176,126788.87
5177,295875.1
5178,405828.34
5179,508657.25
5180,617822.3
5181,569328.2
5182,222724.02
5183,193483.14
5184,181454.03
5185,114111.76
5186,89577.914
5187,116387.4
5188,174997.92
5189,274729.3
5190,276053.9
5191,230467.1
5192,64158.86
5193,64158.86
5194,70586.64
5195,101317.78
5196,117514.875
5197,166278.81
5198,301838.7
5199,383224.56
5200,380964.9
5201,87456.6
5202,74503.14
5203,24648.938
5204,17210.021
5205,19298.912
5206,16790.395
5207,17170.535
5208,16142.194
5209,13383.222
5210,12748.391
5211,82934.375
5212,59095.2
5213,112465.45
5214,164300.28
5215,214247.89
5216,342263.34
5217,354949.72
5218,347961.66
5219,388843.56
5220,366765.16
5221,285990.34
5222,277130.25
5223,325534.75
5224,416077.06
5225,516073.78
5226,556689.25
5227,393720.8
5228,446953.06
5229,483480.22
5230,490139.22
5231,356321.38
5232,307850.7
5233,307069.9
5234,373200.75
5235,394914.0
5236,259565.75
5237,186858.66
5238,3040.9248
5239,213.62653
5240,699648.0
5241,990634.0
5242,849417.4
5243,1322001.0
5244,2197730.2
5245,2523525.2
5246,2774133.0
5247,3025977.0
5248,4496910.5
5249,3547988.5
5250,2417419.2
5251,3838202.0
5252,4586897.0
5253,2413961.5
5254,4671103.0
5255,6508169.5
5256,7632094.0
5257,4701360.5
5258,8707440.0
5259,10485779.0
5260,4957699.0
5261,6537499.5
5262,8163357.0
5263,6940202.5
5264,3149655.0
5265,918537.94
5266,1508233.0
5267,4035400.0
5268,4044971.0
5269,4010898.0
5270,3523567.5
5271,2938660.8
5272,2156158.2
5273,2093760.1
5274,1095183.6
5275,890588.1
5276,491345.84
5277,1136661.2
5278,711558.4
5279,677884.94
5280,737303.8
5281,556450.44
5282,318611.62
5283,166162.47
5284,69628.2
5285,76945.38
5286,89568.805
5287,88099.11
5288,95830.64
5289,197089.83
5290,255373.16
5291,246191.92
5292,141909.31
5293,65356.277
5294,94826.17
5295,147457.28
5296,153508.34
5297,253554.28
5298,349707.78
5299,356313.34
5300,348277.88
5301,82473.88
5302,84097.25
5303,27153.555
5304,17271.066
5305,17271.066
5306,17007.18
5307,17271.066
5308,14833.211
5309,13695.658
5310,12720.363
5311,34893.78
5312,45966.4
5313,48426.492
5314,242469.4
5315,348823.47
5316,350058.7
5317,354946.97
5318,389489.34
5319,463021.22
5320,461247.7
5321,336407.38
5322,280794.0
5323,332837.94
5324,342813.9
5325,392582.5
5326,336019.8
5327,332878.66
5328,303788.4
5329,286548.2
5330,274439.78
5331,165694.27
5332,224824.17
5333,291154.3
5334,434969.1
5335,443371.0
5336,245698.89
5337,358378.94
5338,7233.5615
5339,691.2068
5340,262418.25
5341,890973.3
5342,1021061.9
5343,1153495.5
5344,2276850.5
5345,2191986.8
5346,2015794.1
5347,2269534.0
5348,3884167.5
5349,5049016.5
5350,2643230.0
5351,2860466.0
5352,3085632.5
5353,2698337.5
5354,2656863.2
5355,1847953.6
5356,2386536.0
5357,1210358.8
5358,4732396.0
5359,5389763.0
5360,5285635.5
5361,6033530.5
5362,2959150.2
5363,3258650.2
5364,1218179.6
5365,566214.4
5366,1622287.1
5367,5338228.5
5368,4093187.8
5369,2627534.8
5370,3011240.5
5371,2303023.5
5372,2787882.5
5373,942543.4
5374,840232.2
5375,1235740.0
5376,1122715.8
5377,857599.44
5378,1269682.1
5379,920313.0
5380,878707.5
5381,877198.8
5382,501814.88
5383,117188.73
5384,90319.914
5385,89415.22
5386,89431.69
5387,89568.805
5388,83987.98
5389,199308.92
5390,245592.44
5391,245592.44
5392,245592.44
5393,189822.52
5394,150630.44
5395,153453.23
5396,153388.88
5397,167800.06
5398,370729.34
5399,370729.75
5400,365653.8
5401,85364.88
5402,89985.32
5403,32151.615
5404,17271.066
5405,17271.066
5406,17271.066
5407,16425.979
5408,16344.287
5409,13975.444
5410,14893.095
5411,48813.99
5412,52502.16
5413,53471.547
5414,59255.598
5415,311856.66
5416,317333.4
5417,340468.22
5418,436830.12
5419,454154.8
5420,392891.47
5421,316352.22
5422,322741.25
5423,350354.3
5424,340608.94
5425,345064.44
5426,325365.16
5427,291640.72
5428,283990.62
5429,173631.47
5430,113038.61
5431,82720.69
5432,84358.99
5433,154369.36
5434,213815.31
5435,217274.3
5436,228328.42
5437,802800.4
5438,103162.17
5439,55226.484
5440,404898.9
5441,891656.25
5442,1126220.4
5443,538512.4
5444,1824027.1
5445,2236176.2
5446,1942499.4
5447,1806907.1
5448,2109077.8
5449,3320952.2
5450,3081038.5
5451,2558056.8
5452,3178970.0
5453,3389309.0
5454,1930035.0
5455,1588290.0
5456,1553539.5
5457,2187811.5
5458,5316080.0
5459,3236720.8
5460,4412804.0
5461,5064295.5
5462,3325332.5
5463,1887409.1
5464,1010867.25
5465,644927.0
5466,1944417.2
5467,5626397.0
5468,3879760.2
5469,2548963.0
5470,2267231.2
5471,1734445.6
5472,1413092.0
5473,451828.9
5474,505059.9
5475,1061024.1
5476,807435.6
5477,445497.06
5478,738348.5
5479,818098.0
5480,874643.75
5481,759673.44
5482,448393.56
5483,143521.81
5484,104217.11
5485,100389.93
5486,89879.85
5487,92832.32
5488,91626.195
5489,193328.61
5490,245592.44
5491,245592.44
5492,245398.14
5493,208975.61
5494,159786.56
5495,153453.23
5496,153453.23
5497,155937.22
5498,339416.4
5499,370729.75
5500,370675.75
5501,89985.32
5502,89985.32
5503,39030.945
5504,18491.291
5505,17271.066
5506,17271.066
5507,17271.066
5508,15552.79
5509,22938.748
5510,44363.22
5511,51820.633
5512,53412.8
5513,53390.938
5514,53471.54
5515,70504.4
5516,146770.81
5517,252069.9
5518,311500.3
5519,261637.55
5520,218387.55
5521,302205.6
5522,308345.25
5523,292830.22
5524,338762.62
5525,491823.22
5526,583884.1
5527,395644.94
5528,252719.92
5529,88080.87
5530,83003.09
5531,83003.09
5532,83003.09
5533,157714.75
5534,195164.44
5535,195161.75
5536,195026.1
5537,148909.77
5538,162143.56
5539,255379.3
5540,300439.4
5541,530881.06
5542,352300.97
5543,1524120.0
5544,2386219.8
5545,2275240.2
5546,2554250.5
5547,2418954.2
5548,1762914.5
5549,1379706.8
5550,1464346.1
5551,1990465.4
5552,2109875.2
5553,2210774.2
5554,2139323.0
5555,1996458.0
5556,1966133.6
5557,1973042.9
5558,2119359.8
5559,3743418.8
5560,3537429.0
5561,3424822.2
5562,4004319.8
5563,2025662.8
5564,1150495.8
5565,1210603.2
5566,4240015.0
5567,7110181.5
5568,4776080.5
5569,3023135.8
5570,3081278.2
5571,2315973.8
5572,1588197.2
5573,596891.9
5574,547251.7
5575,588780.1
5576,585284.6
5577,540669.7
5578,739844.5
5579,816430.3
5580,738517.8
5581,400802.44
5582,285433.2
5583,268275.2
5584,128793.86
5585,107698.48
5586,95483.1
5587,99631.81
5588,104826.414
5589,188829.94
5590,255524.38
5591,242206.3
5592,244452.64
5593,205853.44
5594,165039.55
5595,153579.83
5596,153453.23
5597,154324.64
5598,356032.75
5599,418764.16
5600,412681.25
5601,89985.32
5602,89985.32
5603,40786.387
5604,27731.451
5605,17274.979
5606,17273.713
5607,22352.207
5608,31553.975
5609,48960.44
5610,50202.25
5611,83768.125
5612,65601.3
5613,53058.28
5614,52850.797
5615,52922.426
5616,65436.22
5617,69258.22
5618,72800.17
5619,72659.97
5620,64657.266
5621,111144.69
5622,228538.66
5623,189305.31
5624,223038.62
5625,577641.25
5626,574503.0
5627,409414.66
5628,172752.86
5629,83003.08
5630,83003.09
5631,83003.09
5632,83003.09
5633,157716.08
5634,195164.44
5635,195160.55
5636,490706.06
5637,555331.7
5638,167371.62
5639,402472.0
5640,369679.53
5641,237319.72
5642,299971.6
5643,2371568.2
5644,2518284.2
5645,2167551.0
5646,3030284.2
5647,2541965.2
5648,775868.75
5649,630077.06
5650,1484513.5
5651,2124927.0
5652,2828802.8
5653,3006023.2
5654,2373961.2
5655,2254974.0
5656,2439170.2
5657,1854659.6
5658,4461190.5
5659,4274636.5
5660,2892097.2
5661,3375427.0
5662,3625210.2
5663,865111.25
5664,848117.0
5665,1354698.9
5666,1801011.2
5667,4140388.2
5668,3558439.8
5669,3417567.8
5670,3757900.2
5671,2546607.5
5672,1936197.2
5673,738592.3
5674,626685.06
5675,555911.2
5676,576791.25
5677,576187.1
5678,553028.94
5679,784536.7
5680,500879.03
5681,290451.62
5682,287390.6
5683,285427.06
5684,267300.53
5685,267982.44
5686,263998.72
5687,252294.36
5688,241732.88
5689,256693.08
5690,249956.19
5691,245592.44
5692,247595.78
5693,270833.72
5694,259171.28
5695,251440.64
5696,224328.66
5697,349264.25
5698,513043.56
5699,513093.53
5700,509415.75
5701,99809.95
5702,133834.7
5703,38475.688
5704,17276.229
5705,17937.586
5706,33902.035
5707,48074.695
5708,51173.234
5709,51173.047
5710,59147.734
5711,107005.34
5712,103865.05
5713,73160.02
5714,62018.297
5715,53568.043
5716,66511.31
5717,65408.785
5718,66456.375
5719,67827.28
5720,69472.12
5721,63251.5
5722,100906.74
5723,157082.58
5724,136219.11
5725,451393.12
5726,240607.58
5727,95290.32
5728,90908.16
5729,83002.72
5730,83002.81
5731,83003.09
5732,75370.234
5733,116932.31
5734,190205.62
5735,197183.0
5736,399700.47
5737,594334.94
5738,80291.83
5739,323369.84
5740,394152.0
5741,98497.61
5742,168372.05
5743,2180434.5
5744,2849783.2
5745,2793662.8
5746,2044614.2
5747,1069670.0
5748,710139.7
5749,714567.7
5750,2287898.8
5751,2891295.2
5752,4205534.0
5753,3818608.2
5754,3763342.2
5755,2417061.5
5756,2577317.0
5757,4318455.5
5758,7050784.5
5759,3479552.2
5760,3226612.5
5761,3413317.0
5762,3108933.8
5763,1183020.1
5764,1475718.5
5765,4649988.5
5766,4417478.5
5767,3815737.5
5768,2958625.8
5769,3836482.0
5770,3644868.5
5771,2564470.8
5772,3623618.5
5773,3231995.2
5774,1133423.4
5775,755566.06
5776,649258.5
5777,611059.2
5778,811311.7
5779,862370.56
5780,684636.5
5781,336262.34
5782,290451.62
5783,286197.6
5784,265684.16
5785,261880.52
5786,261812.08
5787,264085.88
5788,263337.4
5789,209388.33
5790,123830.97
5791,117380.52
5792,113292.52
5793,285217.34
5794,341446.7
5795,283278.1
5796,283278.1
5797,322785.3
5798,472001.1
5799,513213.56
5800,486550.06
5801,239234.78
5802,227170.28
5803,95686.836
5804,45255.61
5805,45729.504
5806,51684.746
5807,50879.703
5808,49861.28
5809,51670.99
5810,86999.33
5811,107393.56
5812,108804.64
5813,106807.21
5814,74023.17
5815,69563.484
5816,100778.74
5817,88361.016
5818,67202.74
5819,65245.906
5820,69639.14
5821,69088.664
5822,71735.055
5823,107367.14
5824,95821.445
5825,145478.17
5826,85923.69
5827,95960.91
5828,95924.555
5829,86256.234
5830,84284.2
5831,60237.246
5832,40408.445
5833,38832.402
5834,79396.32
5835,206119.52
5836,190804.14
5837,73287.414
5838,64064.9
5839,71600.13
5840,133019.56
5841,122944.79
5842,120759.65
5843,1114461.2
5844,2292615.0
5845,2383906.8
5846,1503485.5
5847,1191974.9
5848,671856.4
5849,834858.6
5850,2320184.2
5851,2798166.0
5852,2807349.0
5853,3557738.5
5854,5716918.0
5855,4374571.5
5856,5314696.5
5857,8145514.0
5858,4698705.5
5859,3915989.5
5860,3915196.5
5861,4526155.5
5862,4469237.5
5863,2157956.0
5864,1446701.1
5865,3015803.0
5866,4097398.2
5867,4124376.2
5868,4043504.8
5869,3196131.2
5870,3058566.0
5871,2665450.5
5872,3392750.0
5873,2950084.5
5874,966210.4
5875,908395.5
5876,1039277.7
5877,1249660.4
5878,1149870.2
5879,736487.06
5880,725742.75
5881,435530.94
5882,252999.16
5883,251867.25
5884,256071.98
5885,261459.1
5886,243828.62
5887,223236.28
5888,216704.52
5889,88917.125
5890,85807.734
5891,85720.16
5892,77433.57
5893,141165.33
5894,253525.03
5895,283278.1
5896,283278.1
5897,283278.1
5898,297703.25
5899,493509.2
5900,341977.56
5901,250608.42
5902,156607.98
5903,131851.81
5904,141190.78
5905,68377.125
5906,56618.676
5907,50402.664
5908,51173.605
5909,72618.65
5910,107444.57
5911,107444.57
5912,117225.19
5913,94107.73
5914,72723.39
5915,82655.7
5916,106774.734
5917,108217.83
5918,95174.42
5919,74047.14
5920,78127.74
5921,46726.46
5922,45977.785
5923,46424.254
5924,46424.254
5925,62217.402
5926,75463.234
5927,86820.6
5928,94727.56
5929,77746.46
5930,48252.223
5931,38832.402
5932,38832.402
5933,39501.484
5934,59516.25
5935,80290.62
5936,164135.77
5937,145209.7
5938,72391.336
5939,80017.0
5940,222443.92
5941,163463.67
5942,230321.77
5943,526291.6
5944,596398.2
5945,1734870.5
5946,1777764.0
5947,1517687.2
5948,1499925.6
5949,2149982.5
5950,2856118.2
5951,3839272.8
5952,3539050.0
5953,3640208.2
5954,5701441.5
5955,5455829.0
5956,4340693.5
5957,6885430.5
5958,4779052.0
5959,5919667.0
5960,3753241.8
5961,2604401.5
5962,3969587.0
5963,5234036.5
5964,5503390.5
5965,6187575.0
5966,4491045.5
5967,5985376.5
5968,5113582.5
5969,3711776.5
5970,3305879.5
5971,3050210.5
5972,1816613.4
5973,1096687.2
5974,994192.75
5975,1090069.0
5976,970532.5
5977,1318209.2
5978,1251113.5
5979,520430.06
5980,461585.6
5981,413194.94
5982,332480.22
5983,204142.73
5984,176343.14
5985,225311.44
5986,210302.2
5987,210366.33
5988,196009.11
5989,81676.46
5990,73182.336
5991,62532.918
5992,151153.17
5993,89535.7
5994,246194.28
5995,307677.47
5996,290404.7
5997,283674.38
5998,384899.25
5999,464098.06
6000,449838.47
6001,261436.78
6002,247115.69
6003,225515.98
6004,129553.54
6005,75882.95
6006,74121.26
6007,54774.625
6008,52936.195
6009,97517.164
6010,107452.76
6011,109996.336
6012,122312.38
6013,87447.11
6014,76848.09
6015,78509.76
6016,97399.57
6017,110571.3
6018,108151.8
6019,89794.56
6020,70179.38
6021,34382.85
6022,34460.555
6023,38340.29
6024,40691.605
6025,41381.023
6026,46005.305
6027,50547.188
6028,62484.15
6029,42103.332
6030,38827.492
6031,38832.24
6032,38832.402
6033,45503.3
6034,67084.55
6035,84388.28
6036,135084.89
6037,209227.55
6038,209731.34
6039,245005.88
6040,270686.4
6041,208672.61
6042,278471.88
6043,534897.56
6044,948323.44
6045,1441682.2
6046,1358720.0
6047,1487861.2
6048,1599766.5
6049,2892243.5
6050,3751121.8
6051,3610395.2
6052,2382837.0
6053,2751263.2
6054,1984458.6
6055,1533772.5
6056,2017391.8
6057,2552589.0
6058,7939203.0
6059,4986294.5
6060,3236606.8
6061,2160654.2
6062,2792664.5
6063,5229338.0
6064,8675343.0
6065,6708543.0
6066,5315234.5
6067,5649657.0
6068,5267147.0
6069,4486796.5
6070,3302976.0
6071,2155143.8
6072,3227704.5
6073,2826934.8
6074,1456842.4
6075,1186393.9
6076,1044837.0
6077,1825202.4
6078,1499516.6
6079,436187.34
6080,436071.03
6081,436055.2
6082,368822.8
6083,245590.53
6084,229585.62
6085,210508.48
6086,214859.17
6087,210386.77
6088,152545.83
6089,54851.64
6090,55785.367
6091,69339.6
6092,133102.2
6093,196505.9
6094,271687.88
6095,375716.9
6096,403097.6
6097,390677.88
6098,462954.22
6099,464098.06
6100,464098.06
6101,261434.03
6102,251372.67
6103,239267.22
6104,96161.21
6105,94478.195
6106,97366.71
6107,91403.055
6108,92134.945
6109,107711.36
6110,107109.3
6111,114295.57
6112,127950.484
6113,91984.695
6114,76220.83
6115,78187.63
6116,93621.68
6117,110256.39
6118,133079.7
6119,182433.47
6120,94967.97
6121,62656.324
6122,38977.234
6123,34383.516
6124,34383.516
6125,34383.516
6126,42885.02
6127,47348.652
6128,51284.92
6129,47254.645
6130,38842.902
6131,38829.547
6132,38830.1
6133,46111.027
6134,77826.36
6135,122736.12
6136,131211.06
6137,211600.98
6138,254259.81
6139,252568.16
6140,253534.84
6141,237507.69
6142,209870.95
6143,613810.9
6144,1393636.1
6145,1425641.9
6146,1526885.9
6147,1378169.9
6148,3281139.0
6149,3340672.0
6150,2507083.5
6151,3659828.2
6152,2041810.2
6153,1555354.9
6154,884898.06
6155,1103045.2
6156,1957538.2
6157,2488895.2
6158,4350596.0
6159,2778217.0
6160,2093412.8
6161,2100060.2
6162,3620441.5
6163,3136412.5
6164,5599228.0
6165,6384390.5
6166,4013173.8
6167,3291045.0
6168,3774418.0
6169,7029757.0
6170,2927418.8
6171,2116217.8
6172,905595.44
6173,946844.3
6174,1410271.0
6175,1629444.9
6176,1860893.0
6177,2075188.0
6178,1741535.9
6179,558819.9
6180,381867.44
6181,286199.12
6182,255609.67
6183,252487.31
6184,279827.66
6185,299686.2
6186,293489.44
6187,292748.3
6188,191956.38
6189,35854.984
6190,33804.06
6191,34143.375
6192,106143.836
6193,324874.56
6194,415537.7
6195,403095.94
6196,403262.8
6197,403262.8
6198,452914.47
6199,464098.06
6200,459111.53
6201,261111.08
6202,208474.14
6203,139388.38
6204,81869.92
6205,107833.734
6206,118101.984
6207,118101.984
6208,119911.234
6209,114091.89
6210,112030.12
6211,116003.586
6212,127844.57
6213,85532.51
6214,75141.24
6215,80062.914
6216,137169.06
6217,393513.34
6218,551914.4
6219,484286.3
6220,144067.06
6221,148934.72
6222,123187.01
6223,37377.71
6224,34383.516
6225,35481.473
6226,46402.297
6227,46852.984
6228,50151.777
6229,47924.273
6230,46948.184
6231,40112.645
6232,38829.44
6233,49664.188
6234,108257.85
6235,121764.88
6236,123373.3
6237,125133.51
6238,228866.52
6239,252568.16
6240,252568.16
6241,247422.33
6242,187703.16
6243,403635.22
6244,898557.25
6245,1921548.8
6246,2172890.2
6247,2173496.5
6248,2766123.8
6249,2662711.0
6250,2507884.8
6251,2975135.5
6252,2680579.8
6253,1647046.6
6254,845562.9
6255,796809.0
6256,909054.7
6257,1546964.2
6258,1988124.0
6259,2093700.8
6260,6336046.5
6261,3888047.2
6262,2571293.0
6263,2498123.8
6264,4581521.5
6265,3932943.5
6266,2619658.0
6267,2905298.5
6268,4944866.0
6269,4731485.0
6270,2971226.8
6271,2414836.5
6272,1935784.2
6273,1375785.0
6274,3333721.8
6275,2120542.2
6276,1990305.2
6277,2024540.0
6278,1752014.8
6279,1482641.4
6280,278441.3
6281,255070.19
6282,250524.47
6283,254839.83
6284,316260.25
6285,320354.44
6286,305268.7
6287,295106.0
6288,241906.12
6289,95196.24
6290,55727.945
6291,63542.49
6292,310790.28
6293,544460.5
6294,468621.25
6295,465870.75
6296,608780.1
6297,745713.44
6298,653511.9
6299,346491.88
6300,407164.72
6301,142909.64
6302,126773.375
6303,80787.77
6304,81137.3
6305,90501.78
6306,118029.52
6307,118101.984
6308,118101.984
6309,127367.81
6310,126038.66
6311,121972.45
6312,123168.37
6313,82235.54
6314,66363.96
6315,101349.65
6316,221885.67
6317,538106.3
6318,582312.94
6319,498106.44
6320,148934.72
6321,148934.72
6322,148934.72
6323,66575.36
6324,46869.71
6325,60152.105
6326,56270.13
6327,47232.895
6328,54983.66
6329,48201.125
6330,51083.21
6331,48801.43
6332,40811.03
6333,88127.914
6334,115864.3
6335,115456.89
6336,116062.3
6337,116062.3
6338,158555.47
6339,197704.78
6340,201089.22
6341,206649.75
6342,220601.14
6343,335459.28
6344,839493.94
6345,4058600.5
6346,2194332.0
6347,2187487.2
6348,1918389.0
6349,1747600.0
6350,2287679.0
6351,2741327.0
6352,3226954.0
6353,1942633.6
6354,988221.2
6355,922803.1
6356,759910.2
6357,898472.75
6358,3178756.2
6359,2571295.2
6360,3239896.2
6361,2587958.5
6362,1769536.0
6363,1652503.6
6364,2805829.5
6365,1601716.9
6366,1164659.0
6367,1697018.0
6368,3409764.8
6369,2814097.0
6370,3184889.0
6371,4065616.8
6372,3497686.2
6373,1433592.9
6374,3690301.5
6375,3585407.5
6376,1858706.5
6377,1551177.2
6378,1091135.8
6379,853715.25
6380,381522.06
6381,284964.5
6382,254760.19
6383,271776.84
6384,314781.2
6385,322764.56
6386,322764.56
6387,321392.56
6388,261747.39
6389,147611.4
6390,153450.72
6391,155168.31
6392,469514.6
6393,558104.25
6394,570740.3
6395,1038680.7
6396,1168249.6
6397,1157036.2
6398,677020.2
6399,233444.2
6400,254863.03
6401,28230.062
6402,74805.64
6403,80544.16
6404,81127.44
6405,80154.92
6406,108656.43
6407,117101.61
6408,118557.05
6409,124674.19
6410,117376.805
6411,114863.99
6412,107640.93
6413,80732.97
6414,89158.945
6415,167452.44
6416,214352.88
6417,359073.06
6418,512746.97
6419,332442.7
6420,165895.06
6421,149984.5
6422,142272.6
6423,109978.02
6424,108628.28
6425,112092.3
6426,102169.95
6427,70449.875
6428,59955.867
6429,67076.03
6430,52390.977
6431,57022.63
6432,72571.836
6433,276217.38
6434,164075.16
6435,119908.36
6436,116066.96
6437,129866.49
6438,171936.4
6439,175091.62
6440,175158.12
6441,204644.47
6442,219641.11
6443,217641.6
6444,1041777.56
6445,2540741.2
6446,2436613.5
6447,2278536.2
6448,2134619.2
6449,1612826.6
6450,1939865.8
6451,2518404.2
6452,2816902.0
6453,2158980.2
6454,886246.06
6455,661290.75
6456,1355263.0
6457,2240861.5
6458,2247027.8
6459,2341559.2
6460,3996118.5
6461,2615160.5
6462,1786070.0
6463,1402806.5
6464,1714266.6
6465,920577.75
6466,506021.2
6467,891551.1
6468,2069479.9
6469,2168149.8
6470,2014427.9
6471,2528050.2
6472,1674836.0
6473,1597947.8
6474,2253344.8
6475,1912231.4
6476,1487505.0
6477,678715.2
6478,700721.4
6479,642031.7
6480,334708.0
6481,285084.66
6482,263647.8
6483,346036.44
6484,349792.2
6485,371775.1
6486,330080.7
6487,322192.12
6488,222947.53
6489,128734.516
6490,154450.2
6491,155169.66
6492,472309.97
6493,558104.25
6494,558249.25
6495,1023411.06
6496,1167621.2
6497,1020408.8
6498,224238.55
6499,180438.77
6500,172665.22
6501,25614.2
6502,50001.5
6503,81127.44
6504,81127.44
6505,81127.44
6506,84793.82
6507,113439.65
6508,118101.984
6509,121947.18
6510,99659.55
6511,85095.52
6512,90381.516
6513,81775.48
6514,126971.766
6515,215810.95
6516,205717.69
6517,125166.3
6518,195292.88
6519,194148.34
6520,194148.34
6521,161997.08
6522,109771.56
6523,107345.39
6524,107592.664
6525,106726.5
6526,106435.82
6527,177274.42
6528,195037.58
6529,84582.82
6530,62220.78
6531,63898.066
6532,165653.38
6533,413428.47
6534,269663.8
6535,212364.64
6536,188209.0
6537,235750.66
6538,217546.19
6539,242843.23
6540,254298.36
6541,223823.36
6542,223063.31
6543,217360.67
6544,269821.97
6545,1370084.0
6546,2055110.4
6547,2373976.2
6548,1718456.2
6549,1340401.0
6550,1628896.5
6551,1453540.1
6552,1529438.6
6553,1344174.5
6554,542484.4
6555,462787.8
6556,1100505.1
6557,2369160.5
6558,1877323.1
6559,1344927.6
6560,3128508.8
6561,2129593.5
6562,1750767.4
6563,1348755.1
6564,2022259.9
6565,3187102.0
6566,1752706.1
6567,1589536.4
6568,1957770.5
6569,1909906.0
6570,1888602.8
6571,1892138.4
6572,1360660.8
6573,1677767.1
6574,2988345.8
6575,1762234.2
6576,1245694.9
6577,1154195.5
6578,1631575.0
6579,1205204.8
6580,326705.25
6581,212150.83
6582,213479.62
6583,337754.7
6584,367345.16
6585,521080.03
6586,524590.94
6587,367285.66
6588,173934.67
6589,148691.95
6590,145284.45
6591,193771.02
6592,504683.34
6593,557755.9
6594,558109.25
6595,706067.5
6596,633385.06
6597,443122.3
6598,269786.8
6599,178185.11
6600,162079.1
6601,25614.2
6602,31311.568
6603,79061.13
6604,81665.195
6605,81127.44
6606,81150.48
6607,94848.45
6608,118245.94
6609,104164.78
6610,74321.94
6611,52191.03
6612,77770.055
6613,74370.48
6614,119617.42
6615,166066.8
6616,73184.164
6617,52221.008
6618,194148.34
6619,194148.34
6620,194148.34
6621,154450.44
6622,109956.09
6623,106158.67
6624,106213.914
6625,106213.914
6626,106213.914
6627,199133.36
6628,227668.36
6629,123768.586
6630,61771.65
6631,66642.11
6632,153116.62
6633,226706.03
6634,432734.2
6635,329773.84
6636,216713.4
6637,258918.94
6638,288540.12
6639,288610.47
6640,273837.12
6641,223049.9
6642,223038.14
6643,217648.81
6644,247015.28
6645,1402985.8
6646,1758500.4
6647,2316404.5
6648,710645.3
6649,645572.94
6650,1074464.4
6651,989032.8
6652,1401420.2
6653,1318910.8
6654,708471.0
6655,495012.62
6656,1367539.5
6657,2038135.6
6658,1792737.8
6659,1356377.8
6660,849912.4
6661,870570.3
6662,2320335.5
6663,2049398.0
6664,2210127.5
6665,2496880.8
6666,1280604.6
6667,1712886.5
6668,1537297.8
6669,1180778.2
6670,1703043.9
6671,2824185.0
6672,2877609.8
6673,2819623.0
6674,4155987.0
6675,3069513.2
6676,971459.7
6677,823773.44
6678,823559.2
6679,1051313.8
6680,416007.6
6681,186391.62
6682,184824.61
6683,290227.62
6684,329296.4
6685,410285.56
6686,520495.2
6687,428978.97
6688,173927.64
6689,173889.78
6690,192464.19
6691,412155.9
6692,425556.8
6693,474633.16
6694,742767.2
6695,929740.2
6696,486110.84
6697,385552.3
6698,385981.94
6699,197281.69
6700,129940.57
6701,25614.2
6702,60172.234
6703,89496.35
6704,89551.914
6705,85015.35
6706,293309.0
6707,290139.28
6708,163226.72
6709,101477.914
6710,95619.91
6711,70082.52
6712,73732.67
6713,68085.766
6714,55579.902
6715,52822.81
6716,57895.51
6717,79547.38
6718,151400.73
6719,187958.3
6720,187265.12
6721,127530.5
6722,101790.086
6723,134939.81
6724,134450.28
6725,115636.15
6726,229755.25
6727,256993.22
6728,233482.31
6729,162984.14
6730,66223.2
6731,72551.52
6732,171682.6
6733,201986.56
6734,220746.06
6735,223946.83
6736,223661.84
6737,237819.14
6738,287864.75
6739,276624.9
6740,228498.66
6741,211635.02
6742,222469.78
6743,218855.39
6744,332200.2
6745,1177088.6
6746,1322424.6
6747,1931514.2
6748,690457.2
6749,913176.75
6750,1365788.8
6751,1581035.8
6752,1783428.9
6753,2131468.2
6754,1369092.1
6755,836871.75
6756,1645554.0
6757,2006347.8
6758,1845648.5
6759,1503400.8
6760,1160078.0
6761,1436263.8
6762,2822958.0
6763,2209768.5
6764,2091210.8
6765,953338.56
6766,639176.3
6767,679365.0
6768,1067635.1
6769,1044503.6
6770,1551215.2
6771,2383515.0
6772,3556803.0
6773,2454175.8
6774,2077083.8
6775,1564983.8
6776,827061.5
6777,823559.2
6778,823559.2
6779,873425.06
6780,649980.94
6781,261596.4
6782,189447.3
6783,258206.53
6784,318318.78
6785,412044.66
6786,431476.38
6787,481703.8
6788,212496.64
6789,169730.11
6790,261905.53
6791,425350.72
6792,425350.72
6793,425818.8
6794,1056189.6
6795,1142983.2
6796,799524.4
6797,231267.52
6798,231267.52
6799,231267.52
6800,153298.75
6801,41547.22
6802,88545.73
6803,89520.21
6804,89520.21
6805,135879.3
6806,343404.78
6807,424070.53
6808,162858.86
6809,97350.59
6810,76044.52
6811,74956.54
6812,75545.24
6813,62368.703
6814,67308.91
6815,87652.09
6816,98699.305
6817,99584.45
6818,99437.32
6819,98498.49
6820,89282.445
6821,82324.51
6822,100418.26
6823,184583.06
6824,186380.34
6825,200365.88
6826,321406.97
6827,319099.47
6828,267113.0
6829,113762.195
6830,83486.34
6831,80842.49
6832,179993.89
6833,186021.38
6834,186741.89
6835,219916.58
6836,231398.9
6837,212822.08
6838,219586.75
6839,202183.05
6840,201877.02
6841,201823.36
6842,202425.75
6843,196783.84
6844,268619.94
6845,994499.6
6846,967136.56
6847,941089.06
6848,968223.2
6849,1628204.9
6850,1694100.9
6851,2088284.5
6852,1755723.8
6853,2180049.2
6854,1176234.9
6855,1048908.5
6856,1469237.2
6857,1823713.8
6858,1884696.1
6859,1068777.9
6860,1025395.4
6861,1129275.4
6862,1434596.1
6863,1495500.8
6864,1410301.1
6865,883834.5
6866,954330.56
6867,1061108.2
6868,1120787.1
6869,1255288.6
6870,1648452.1
6871,2240878.5
6872,2334367.0
6873,2317216.0
6874,2095105.4
6875,1853348.1
6876,1388815.0
6877,966147.56
6878,937087.9
6879,738715.7
6880,647372.7
6881,338347.8
6882,228060.69
6883,257517.3
6884,320509.47
6885,752324.44
6886,360911.3
6887,366774.28
6888,275007.97
6889,105458.055
6890,230760.1
6891,425342.84
6892,425350.72
6893,468074.7
6894,1111589.8
6895,1142983.2
6896,869114.25
6897,240570.95
6898,231267.52
6899,231267.52
6900,148447.2
6901,80130.984
6902,89482.914
6903,89520.21
6904,152955.5
6905,401108.72
6906,462990.9
6907,416713.3
6908,186830.12
6909,126402.04
6910,124943.46
6911,118241.52
6912,103852.59
6913,158520.8
6914,109916.625
6915,99953.84
6916,99584.45
6917,99584.45
6918,99584.45
6919,97090.33
6920,83529.625
6921,77048.8
6922,75608.93
6923,144463.55
6924,194399.27
6925,244371.14
6926,514465.8
6927,421672.53
6928,337455.78
6929,154098.34
6930,84650.57
6931,83486.0
6932,182527.52
6933,184647.69
6934,187011.38
6935,212593.39
6936,232645.27
6937,240745.06
6938,223711.75
6939,297502.56
6940,239871.67
6941,207046.72
6942,222482.94
6943,187543.2
6944,880706.4
6945,1038170.94
6946,914533.9
6947,768983.3
6948,773209.56
6949,1116585.5
6950,1558172.1
6951,2015438.9
6952,1861772.4
6953,1546644.1
6954,1110246.0
6955,1156503.5
6956,1530379.8
6957,1209691.9
6958,1616342.9
6959,1222189.4
6960,1039207.5
6961,1457677.2
6962,1304162.4
6963,1320106.6
6964,916315.4
6965,855278.1
6966,1121747.1
6967,1198508.6
6968,1359310.8
6969,1510739.5
6970,1516773.5
6971,1646819.5
6972,1857797.9
6973,1529018.8
6974,951551.06
6975,1551950.6
6976,1747618.0
6977,1380156.2
6978,1096450.1
6979,653446.6
6980,691876.25
6981,678377.44
6982,257115.19
6983,257115.19
6984,292412.22
6985,458897.12
6986,438363.7
6987,287615.4
6988,143671.45
6989,119636.86
6990,196414.47
6991,304457.53
6992,343278.38
6993,355046.4
6994,657310.5
6995,644069.25
6996,347371.38
6997,308445.28
6998,281059.38
6999,216558.77
7000,125064.26
7001,89860.27
7002,96164.73
7003,221809.83
7004,442657.94
7005,463181.7
7006,460172.03
7007,364316.84
7008,152740.9
7009,143628.72
7010,136089.77
7011,139365.42
7012,138758.12
7013,176552.84
7014,188391.42
7015,143068.4
7016,116417.11
7017,96870.625
7018,98237.84
7019,88082.95
7020,74403.305
7021,76374.24
7022,75904.49
7023,262719.2
7024,412891.34
7025,662304.8
7026,771838.44
7027,720820.5
7028,429706.4
7029,432099.12
7030,352653.0
7031,159624.73
7032,206947.47
7033,229459.44
7034,224726.8
7035,237039.1
7036,243645.52
7037,259992.42
7038,505768.8
7039,761836.2
7040,812601.56
7041,873490.44
7042,722635.0
7043,735685.2
7044,845208.9
7045,1030600.2
7046,1050510.0
7047,765743.7
7048,483968.8
7049,493882.3
7050,999569.94
7051,1345520.6
7052,2103922.8
7053,1226545.6
7054,771382.5
7055,1188278.4
7056,1562678.5
7057,979470.5
7058,1309359.0
7059,1409745.9
7060,1195657.0
7061,1654246.5
7062,1689363.5
7063,2010576.4
7064,2543801.8
7065,1877902.2
7066,2318364.8
7067,1542623.8
7068,1180670.1
7069,1243441.2
7070,915440.6
7071,1320015.8
7072,1515080.4
7073,1231882.6
7074,868385.56
7075,995263.2
7076,1251415.8
7077,1330604.2
7078,1095815.1
7079,653446.6
7080,775833.2
7081,944093.75
7082,263281.53
7083,257115.19
7084,575604.4
7085,987148.8
7086,891409.94
7087,290428.88
7088,172037.86
7089,327182.78
7090,339029.9
7091,322690.22
7092,318402.94
7093,307758.6
7094,318950.9
7095,312734.22
7096,312734.22
7097,312734.22
7098,312734.22
7099,302883.7
7100,140031.08
7101,87401.375
7102,268777.7
7103,346863.3
7104,463181.7
7105,463181.7
7106,459358.62
7107,240197.56
7108,152254.64
7109,141989.8
7110,141989.8
7111,176315.12
7112,165061.84
7113,176365.78
7114,193326.58
7115,199264.08
7116,143066.4
7117,136775.2
7118,122923.234
7119,102425.75
7120,91816.46
7121,80579.016
7122,112901.055
7123,395929.47
7124,412987.6
7125,636404.94
7126,771838.44
7127,753956.44
7128,429706.4
7129,430019.22
7130,431354.12
7131,442947.25
7132,215361.36
7133,206122.66
7134,183857.81
7135,169326.75
7136,220193.61
7137,251687.97
7138,738695.2
7139,751522.44
7140,811973.8
7141,824013.1
7142,844203.7
7143,844144.9
7144,765151.1
7145,831909.8
7146,705368.0
7147,491494.28
7148,268205.0
7149,184605.23
7150,233359.31
7151,276951.3
7152,771493.6
7153,607812.56
7154,1014646.2
7155,1581394.2
7156,1093709.9
7157,897251.2
7158,900242.6
7159,1081201.0
7160,775730.06
7161,787855.75
7162,952234.1
7163,3126996.8
7164,3815219.0
7165,1903597.0
7166,2114471.5
7167,1183760.8
7168,624873.06
7169,605017.56
7170,556453.25
7171,754339.1
7172,1037062.94
7173,1322623.1
7174,779948.9
7175,850686.2
7176,1084596.6
7177,866804.7
7178,475084.7
7179,498656.78
7180,689711.75
7181,415274.06
7182,285674.72
7183,278933.97
7184,361560.72
7185,431497.53
7186,495334.25
7187,226384.16
7188,274308.97
7189,327355.38
7190,336711.66
7191,318534.66
7192,318402.94
7193,313590.56
7194,333535.56
7195,325342.25
7196,312734.22
7197,312734.22
7198,312734.22
7199,300966.4
7200,170724.3
7201,127538.875
7202,318473.06
7203,384812.88
7204,451061.7
7205,461766.94
7206,411778.03
7207,163936.16
7208,144700.47
7209,142217.84
7210,161711.88
7211,358882.44
7212,211756.02
7213,176450.97
7214,193720.95
7215,204407.56
7216,197119.48
7217,143476.73
7218,138965.42
7219,146845.64
7220,157367.66
7221,163258.19
7222,215417.52
7223,479346.2
7224,531197.0
7225,629932.94
7226,770510.8
7227,770244.6
7228,524604.25
7229,403555.75
7230,359086.84
7231,255985.89
7232,163694.45
7233,164174.05
7234,161585.27
7235,160140.95
7236,301822.66
7237,415900.66
7238,567639.9
7239,976908.5
7240,1438247.4
7241,1044570.25
7242,881332.6
7243,873629.25
7244,772260.4
7245,480554.3
7246,410540.72
7247,326135.8
7248,261141.7
7249,303541.72
7250,513789.03
7251,258943.88
7252,408774.72
7253,707170.8
7254,1445224.9
7255,1738976.1
7256,547387.6
7257,803748.8
7258,706989.9
7259,662579.2
7260,500138.78
7261,368283.62
7262,344731.25
7263,1435195.9
7264,1538147.8
7265,634705.75
7266,615231.06
7267,634802.9
7268,634395.0
7269,763455.25
7270,1168634.5
7271,2205970.0
7272,1752153.1
7273,705851.8
7274,439482.88
7275,434480.53
7276,362988.56
7277,305627.53
7278,359365.06
7279,477629.4
7280,406483.72
7281,220432.33
7282,289641.6
7283,322633.7
7284,1031948.7
7285,468595.8
7286,350076.12
7287,364156.9
7288,339545.25
7289,339545.25
7290,338080.3
7291,318402.94
7292,318402.94
7293,317190.25
7294,359491.3
7295,268641.22
7296,273330.47
7297,247570.52
7298,262279.62
7299,236124.77
7300,189870.39
7301,201413.81
7302,278076.47
7303,268938.9
7304,284000.62
7305,399469.78
7306,573530.75
7307,376427.16
7308,171409.81
7309,194876.98
7310,286950.75
7311,335893.22
7312,253862.48
7313,246390.9
7314,199253.12
7315,204407.56
7316,224510.77
7317,422385.44
7318,402732.47
7319,315579.47
7320,212639.92
7321,220909.8
7322,220909.8
7323,388475.16
7324,613674.8
7325,654191.6
7326,730717.1
7327,729140.75
7328,499696.84
7329,319135.7
7330,200323.66
7331,117376.23
7332,134147.77
7333,146509.38
7334,153469.89
7335,187161.0
7336,389726.3
7337,391493.16
7338,487506.25
7339,1076301.1
7340,1059580.8
7341,840130.8
7342,968280.06
7343,1133045.5
7344,969837.8
7345,437787.28
7346,412360.56
7347,283391.62
7348,263000.1
7349,417671.75
7350,481740.4
7351,239278.7
7352,177756.16
7353,772578.5
7354,1205947.2
7355,736422.7
7356,471656.66
7357,405476.1
7358,783228.3
7359,476731.44
7360,402091.9
7361,381792.7
7362,341121.75
7363,347217.72
7364,582085.5
7365,599397.4
7366,908123.25
7367,819461.4
7368,656954.9
7369,1213922.0
7370,1379188.5
7371,2019015.0
7372,2089391.0
7373,554483.75
7374,318504.72
7375,227337.84
7376,262901.12
7377,310875.38
7378,365829.9
7379,459113.62
7380,296973.44
7381,214600.94
7382,248026.64
7383,312522.47
7384,660244.9
7385,524527.44
7386,295879.94
7387,323246.16
7388,428531.12
7389,884105.94
7390,1153685.1
7391,958159.25
7392,677757.94
7393,757904.3
7394,535869.3
7395,236587.47
7396,237919.81
7397,178977.64
7398,211554.08
7399,199369.08
7400,203516.77
7401,199976.2
7402,268628.06
7403,276096.6
7404,279436.16
7405,300967.44
7406,500076.2
7407,451004.72
7408,224774.02
7409,222368.95
7410,224072.4
7411,386025.94
7412,381570.06
7413,411998.34
7414,275340.38
7415,226081.45
7416,404107.75
7417,465938.34
7418,430218.8
7419,270823.53
7420,211313.19
7421,249153.55
7422,222422.92
7423,369212.12
7424,861423.0
7425,712066.4
7426,639565.8
7427,344997.7
7428,177715.89
7429,107458.21
7430,106711.9
7431,106711.9
7432,120444.414
7433,138733.6
7434,144323.16
7435,269945.2
7436,392321.75
7437,397288.5
7438,397525.72
7439,745023.2
7440,835895.25
7441,828359.5
7442,1112558.8
7443,1283780.5
7444,1019521.06
7445,594087.8
7446,437082.5
7447,409149.2
7448,396779.84
7449,486470.44
7450,453343.03
7451,223765.56
7452,144071.52
7453,906084.94
7454,1542329.8
7455,723162.4
7456,317360.22
7457,365283.66
7458,367151.0
7459,372531.53
7460,675524.2
7461,571370.4
7462,349224.66
7463,320561.72
7464,350696.72
7465,816504.1
7466,1226555.4
7467,1289685.8
7468,1655608.2
7469,1398331.1
7470,1354654.9
7471,1867057.2
7472,1887716.9
7473,564014.06
7474,419989.4
7475,217242.7
7476,202108.77
7477,294094.34
7478,348146.38
7479,389248.84
7480,331274.62
7481,254581.81
7482,288764.34
7483,314931.75
7484,314907.8
7485,313008.5
7486,305104.72
7487,438341.06
7488,542989.44
7489,1148550.6
7490,1276975.9
7491,1276975.9
7492,1073966.0
7493,799876.1
7494,536403.75
7495,234137.11
7496,224218.97
7497,211899.02
7498,215726.7
7499,211412.45
7500,193746.06
7501,176062.78
7502,240684.86
7503,280875.94
7504,280875.94
7505,276597.66
7506,275611.25
7507,252669.72
7508,222368.95
7509,222368.95
7510,235503.75
7511,375040.06
7512,363284.66
7513,363350.66
7514,240402.08
7515,172561.97
7516,273681.3
7517,450842.7
7518,317158.28
7519,208505.81
7520,236929.16
7521,331410.22
7522,348274.28
7523,1404820.8
7524,1793038.0
7525,852427.1
7526,458648.22
7527,186892.06
7528,186892.48
7529,118343.27
7530,106711.9
7531,106713.43
7532,124375.234
7533,137138.14
7534,137843.28
7535,311946.3
7536,413068.88
7537,405275.22
7538,470381.28
7539,710036.25
7540,776758.5
7541,769642.9
7542,843714.5
7543,1085971.8
7544,936406.3
7545,720003.8
7546,570066.0
7547,449576.62
7548,447931.4
7549,474444.78
7550,453414.47
7551,846550.4
7552,849068.75
7553,1108091.8
7554,1390156.9
7555,1157182.2
7556,794914.0
7557,663425.06
7558,371954.88
7559,446655.0
7560,548801.75
7561,592860.4
7562,452485.66
7563,321260.78
7564,320045.1
7565,710033.0
7566,1114515.5
7567,1414511.0
7568,1880326.5
7569,1719404.1
7570,1386427.8
7571,1303275.9
7572,905215.56
7573,509736.56
7574,509525.84
7575,348566.44
7576,289735.88
7577,301533.7
7578,330693.03
7579,334153.0
7580,352241.88
7581,292401.9
7582,315041.72
7583,319333.4
7584,330766.4
7585,312448.0
7586,321015.75
7587,517783.53
7588,527149.06
7589,768303.9
7590,1233210.4
7591,1253066.6
7592,1020118.9
7593,908048.6
7594,465243.66
7595,214658.98
7596,211528.5
7597,208823.2
7598,214048.48
7599,215557.33
7600,269090.84
7601,170899.6
7602,258494.55
7603,246328.03
7604,245427.77
7605,284631.84
7606,382330.12
7607,399484.53
7608,320137.28
7609,244201.33
7610,277811.03
7611,334588.5
7612,363284.66
7613,363350.66
7614,241261.48
7615,172561.97
7616,172561.97
7617,311943.72
7618,253587.08
7619,209619.47
7620,241293.4
7621,323804.25
7622,567850.5
7623,889415.6
7624,900408.0
7625,809870.9
7626,577333.7
7627,178964.4
7628,185268.38
7629,152869.94
7630,186168.16
7631,187114.42
7632,199209.62
7633,176343.19
7634,291818.75
7635,491159.72
7636,499309.97
7637,490842.88
7638,658838.56
7639,789167.7
7640,770612.1
7641,758332.8
7642,647760.8
7643,839142.5
7644,1001962.5
7645,867491.9
7646,1038944.25
7647,1169157.5
7648,421476.28
7649,364061.22
7650,480433.66
7651,1186875.4
7652,1215941.8
7653,1154031.5
7654,1504163.5
7655,1237035.2
7656,1230374.0
7657,1209959.4
7658,352785.7
7659,264223.06
7660,326183.6
7661,543036.4
7662,551565.3
7663,437758.84
7664,360632.06
7665,614518.8
7666,835925.9
7667,1326059.0
7668,1836144.5
7669,1649599.4
7670,1479566.9
7671,1134647.5
7672,773279.4
7673,684221.6
7674,690965.75
7675,608340.94
7676,255279.03
7677,221533.98
7678,302691.84
7679,297568.34
7680,264135.62
7681,301455.62
7682,367517.3
7683,344091.94
7684,310219.7
7685,294043.88
7686,317316.94
7687,515506.44
7688,522930.62
7689,527035.44
7690,797838.06
7691,896894.5
7692,811431.94
7693,520883.0
7694,349834.97
7695,247380.48
7696,211226.72
7697,214612.17
7698,211232.58
7699,279413.0
7700,294859.78
7701,83602.54
7702,218284.81
7703,244597.88
7704,297223.88
7705,389507.38
7706,410067.84
7707,410067.84
7708,410546.0
7709,423326.22
7710,326302.88
7711,269198.75
7712,298852.44
7713,644182.7
7714,756752.06
7715,339771.5
7716,172504.08
7717,207680.97
7718,236176.83
7719,242020.97
7720,247690.6
7721,402619.03
7722,598351.94
7723,664869.94
7724,1055561.2
7725,1009323.8
7726,267727.34
7727,161340.14
7728,173491.19
7729,302403.8
7730,330565.3
7731,328447.25
7732,257357.67
7733,254069.69
7734,362811.38
7735,508270.8
7736,483258.62
7737,490053.12
7738,591574.9
7739,786919.6
7740,771037.6
7741,619967.3
7742,538421.0
7743,539448.75
7744,562771.7
7745,530292.6
7746,782712.25
7747,706720.1
7748,361444.94
7749,342708.1
7750,486737.66
7751,477879.1
7752,778853.1
7753,838534.0
7754,1246493.6
7755,1392943.6
7756,1316033.2
7757,932082.06
7758,210129.72
7759,273761.03
7760,267881.34
7761,420148.44
7762,503124.16
7763,471128.8
7764,432990.3
7765,595502.0
7766,812270.0
7767,1586799.5
7768,1712326.4
7769,1552466.2
7770,1440789.6
7771,908370.44
7772,758787.5
7773,812830.25
7774,816465.5
7775,583710.6
7776,149260.44
7777,145233.19
7778,157242.5
7779,219870.45
7780,251680.12
7781,337301.53
7782,578586.5
7783,583870.44
7784,627016.5
7785,640675.5
7786,681998.06
7787,675314.25
7788,526326.44
7789,591900.8
7790,841070.2
7791,851133.6
7792,847269.25
7793,485690.97
7794,335465.12
7795,307473.34
7796,273474.28
7797,217448.1
7798,230971.73
7799,292522.7
7800,316427.94
7801,211602.23
7802,242733.42
7803,228017.48
7804,468965.5
7805,392355.62
7806,410067.84
7807,410149.5
7808,423873.03
7809,432312.2
7810,401238.34
7811,281269.78
7812,437577.62
7813,672269.9
7814,706363.44
7815,762657.2
7816,428447.88
7817,324676.16
7818,290646.22
7819,251686.14
7820,233677.64
7821,137024.2
7822,203086.78
7823,188663.7
7824,230805.36
7825,161729.39
7826,123694.81
7827,158701.38
7828,176170.12
7829,316855.38
7830,330556.06
7831,461483.8
7832,503937.0
7833,273526.78
7834,494049.5
7835,571136.44
7836,528813.75
7837,484309.12
7838,550726.8
7839,787066.25
7840,777117.06
7841,631554.06
7842,534733.9
7843,514314.2
7844,295097.75
7845,284951.6
7846,558838.1
7847,635449.0
7848,321578.8
7849,351605.28
7850,492272.5
7851,506560.12
7852,1044630.4
7853,929788.44
7854,1066955.5
7855,1282798.9
7856,1423499.5
7857,728325.6
7858,339941.34
7859,279272.34
7860,241211.23
7861,227053.62
7862,232063.36
7863,244249.42
7864,437735.16
7865,531173.1
7866,618715.06
7867,854401.25
7868,1577073.8
7869,1539335.6
7870,1304219.8
7871,831582.06
7872,787310.94
7873,816465.5
7874,780982.3
7875,494852.7
7876,398684.06
7877,256476.23
7878,185365.44
7879,202231.14
7880,262614.44
7881,418018.88
7882,590576.6
7883,589877.3
7884,862988.75
7885,1204669.1
7886,906464.4
7887,835080.9
7888,785064.4
7889,1105199.5
7890,884365.0
7891,851358.7
7892,848695.2
7893,629811.1
7894,334096.47
7895,307705.25
7896,307654.78
7897,295404.72
7898,325647.7
7899,326422.16
7900,324426.7
7901,281360.5
7902,271476.72
7903,288681.16
7904,428717.22
7905,380983.66
7906,410067.84
7907,414288.8
7908,432332.72
7909,432332.72
7910,434346.9
7911,453308.66
7912,471884.53
7913,374937.97
7914,448792.5
7915,406638.12
7916,374584.75
7917,258185.9
7918,251188.47
7919,364464.03
7920,388607.4
7921,397615.78
7922,528874.06
7923,360043.97
7924,214655.22
7925,122385.7
7926,118972.14
7927,135331.75
7928,139685.62
7929,226282.62
7930,463895.28
7931,767868.5
7932,776123.44
7933,665038.56
7934,568169.56
7935,570086.94
7936,566855.6
7937,500820.22
7938,498516.38
7939,539073.06
7940,583895.75
7941,477646.3
7942,463753.28
7943,447123.72
7944,283806.72
7945,285118.62
7946,401769.38
7947,397539.7
7948,279526.94
7949,465609.5
7950,573742.4
7951,674096.94
7952,1347463.4
7953,1207623.0
7954,1017883.0
7955,950228.25
7956,730065.7
7957,423921.0
7958,323726.5
7959,258299.03
7960,226342.08
7961,226342.08
7962,196546.14
7963,160217.22
7964,267437.97
7965,468147.6
7966,518671.47
7967,475511.56
7968,815494.56
7969,1463864.1
7970,1030205.7
7971,844211.56
7972,999816.8
7973,1145628.5
7974,820055.8
7975,428933.1
7976,632935.56
7977,426344.84
7978,417323.38
7979,451008.2
7980,665465.7
7981,561499.4
7982,589877.3
7983,590050.94
7984,707222.5
7985,1286274.6
7986,1141891.6
7987,708509.25
7988,1054856.5
7989,1639011.1
7990,1567039.1
7991,1111103.5
7992,804668.25
7993,724467.94
7994,355318.12
7995,316830.06
7996,278767.56
7997,289249.53
7998,320928.38
7999,322168.56
8000,322948.53
8001,181549.61
8002,226830.4
8003,310618.56
8004,351185.9
8005,343154.78
8006,348921.4
8007,454284.22
8008,465694.53
8009,461130.38
8010,656118.6
8011,1043973.56
8012,926286.5
8013,498941.34
8014,454037.3
8015,328651.34
8016,352235.6
8017,279395.4
8018,237042.77
8019,349153.75
8020,354846.12
8021,381172.1
8022,488100.6
8023,567490.3
8024,243469.95
8025,115036.29
8026,126989.58
8027,136930.61
8028,136989.86
8029,171616.3
8030,631366.3
8031,672163.8
8032,672318.9
8033,651449.3
8034,566020.2
8035,568775.6
8036,566366.94
8037,498028.72
8038,482733.2
8039,469669.0
8040,462782.3
8041,481963.3
8042,501569.66
8043,579968.2
8044,629724.1
8045,519584.75
8046,380814.0
8047,245042.52
8048,263107.5
8049,562362.0
8050,652371.94
8051,771001.75
8052,1023583.0
8053,1375433.1
8054,1523469.1
8055,1101562.5
8056,413968.72
8057,413968.72
8058,402055.06
8059,269260.94
8060,273697.84
8061,368898.16
8062,379321.78
8063,240601.92
8064,258922.42
8065,342719.53
8066,438587.8
8067,418268.6
8068,419898.7
8069,532038.0
8070,743512.06
8071,1195194.4
8072,1215789.5
8073,1198584.6
8074,849302.94
8075,736680.56
8076,1092705.4
8077,423854.28
8078,424870.53
8079,710266.4
8080,913514.1
8081,656804.6
8082,646384.75
8083,715272.3
8084,1259372.5
8085,1137016.6
8086,902573.7
8087,632935.06
8088,1000007.56
8089,1370343.4
8090,1630159.8
8091,1248356.9
8092,762968.44
8093,761443.2
8094,722799.44
8095,402375.34
8096,298832.2
8097,311755.12
8098,321624.7
8099,328650.0
8100,286361.03
8101,188775.61
8102,160802.55
8103,198134.2
8104,356375.88
8105,330696.88
8106,309513.6
8107,393841.38
8108,494332.34
8109,494240.3
8110,499267.8
8111,671223.75
8112,704882.1
8113,656942.8
8114,451071.66
8115,327826.72
8116,333840.97
8117,387940.25
8118,245737.73
8119,253311.0
8120,316098.2
8121,345563.66
8122,345563.66
8123,355283.0
8124,326973.34
8125,111166.516
8126,137098.33
8127,137100.31
8128,137009.27
8129,209162.1
8130,338878.12
8131,367624.6
8132,541709.75
8133,570136.44
8134,530734.06
8135,399456.75
8136,452604.94
8137,482824.47
8138,465827.03
8139,460943.66
8140,469074.03
8141,487275.25
8142,633408.75
8143,677857.4
8144,677926.06
8145,647294.6
8146,450982.47
8147,298140.12
8148,305408.78
8149,360980.22
8150,419828.38
8151,686315.94
8152,713062.3
8153,959782.4
8154,1382456.5
8155,655804.56
8156,404111.25
8157,414842.34
8158,425173.1
8159,390347.4
8160,504075.34
8161,535414.2
8162,522128.47
8163,503716.6
8164,342377.9
8165,312832.8
8166,339332.7
8167,424466.34
8168,399222.88
8169,2632087.8
8170,631057.4
8171,1291223.1
8172,1253761.8
8173,1191520.2
8174,1107784.8
8175,1218445.5
8176,1195110.8
8177,796524.8
8178,663138.6
8179,820116.4
8180,888784.0
8181,760252.1
8182,648462.3
8183,658537.9
8184,788142.06
8185,940441.25
8186,1021714.9
8187,775846.3
8188,933996.6
8189,1231158.8
8190,1369253.2
8191,1234163.9
8192,763344.6
8193,763552.25
8194,717030.25
8195,555196.9
8196,345768.3
8197,331956.1
8198,375216.06
8199,324804.66
8200,287697.62
8201,144759.69
8202,169429.81
8203,247082.86
8204,332671.94
8205,328133.88
8206,328136.34
8207,323947.2
8208,406802.9
8209,492422.38
8210,510481.53
8211,589221.25
8212,589787.0
8213,465727.78
8214,441230.0
8215,389085.94
8216,445528.75
8217,491055.8
8218,352916.06
8219,272367.78
8220,293631.9
8221,345563.66
8222,345563.66
8223,345563.66
8224,312312.4
8225,188360.6
8226,135268.86
8227,135141.25
8228,138718.75
8229,291472.97
8230,432246.34
8231,389901.56
8232,405827.16
8233,417833.03
8234,254178.86
8235,232570.56
8236,290842.88
8237,475934.78
8238,452513.56
8239,475772.84
8240,481907.75
8241,488220.88
8242,745990.44
8243,739149.3
8244,683391.1
8245,604129.4
8246,413865.7
8247,386188.28
8248,375259.62
8249,349161.8
8250,359058.56
8251,583856.2
8252,683281.56
8253,644739.5
8254,225365.25
8255,163477.95
8256,210491.97
8257,423797.66
8258,412107.97
8259,391270.16
8260,421480.94
8261,525264.5
8262,506677.0
8263,389091.56
8264,282062.16
8265,282953.66
8266,303910.75
8267,314562.47
8268,439367.12
8269,1100579.9
8270,1162925.0
8271,2303902.0
8272,2172552.5
8273,1283023.1
8274,1131041.9
8275,1155467.8
8276,1282032.0
8277,1257111.0
8278,1122178.1
8279,759431.3
8280,738872.06
8281,720085.5
8282,662978.6
8283,663757.1
8284,487297.8
8285,407103.75
8286,502007.12
8287,841299.7
8288,897655.94
8289,1036079.2
8290,1049951.0
8291,1036965.4
8292,716351.5
8293,587996.0
8294,410635.16
8295,365982.72
8296,304549.8
8297,294161.97
8298,281456.7
8299,313051.88
8300,283449.56
8301,140551.2
8302,154910.67
8303,277578.3
8304,328113.6
8305,319417.1
8306,328136.34
8307,328136.34
8308,323776.34
8309,503118.06
8310,571013.56
8311,591940.94
8312,499521.6
8313,448973.38
8314,604800.06
8315,583952.8
8316,513396.28
8317,470740.16
8318,433715.1
8319,292734.7
8320,358279.53
8321,381644.16
8322,345563.66
8323,345563.66
8324,296948.9
8325,240506.39
8326,164654.52
8327,130859.91
8328,187500.31
8329,212203.81
8330,349370.66
8331,387155.22
8332,387014.56
8333,299185.62
8334,228491.86
8335,246240.4
8336,345180.8
8337,522318.88
8338,518799.88
8339,515368.56
8340,517586.66
8341,627142.8
8342,750280.1
8343,728562.9
8344,545382.5
8345,436298.84
8346,387866.8
8347,386672.44
8348,378928.9
8349,371008.56
8350,369516.3
8351,562096.1
8352,652436.25
8353,621922.5
8354,215914.44
8355,163477.95
8356,178090.23
8357,402550.72
8358,477273.78
8359,446223.0
8360,407364.56
8361,431492.7
8362,420200.7
8363,328615.94
8364,368059.88
8365,378297.62
8366,307972.6
8367,307972.6
8368,309093.75
8369,857072.1
8370,2178040.8
8371,2334839.2
8372,1978547.0
8373,1379379.8
8374,1468057.5
8375,1150090.2
8376,1234105.4
8377,1213866.9
8378,1142030.6
8379,737106.0
8380,736123.0
8381,675501.25
8382,577753.56
8383,659582.0
8384,473822.47
8385,447618.84
8386,505035.84
8387,828878.06
8388,1002400.25
8389,1061756.0
8390,1014047.0
8391,994642.75
8392,888736.56
8393,374668.44
8394,368340.4
8395,358582.78
8396,311973.22
8397,244647.0
8398,236212.56
8399,222396.36
8400,106468.18
8401,95826.95
8402,214914.45
8403,327882.5
8404,328131.66
8405,328112.62
8406,328097.78
8407,328136.34
8408,328136.34
8409,578623.06
8410,663423.56
8411,570899.06
8412,400323.97
8413,463434.88
8414,664908.6
8415,573484.25
8416,535259.6
8417,525773.0
8418,479587.78
8419,640148.3
8420,582380.9
8421,322123.1
8422,317249.3
8423,342742.2
8424,281973.25
8425,193500.44
8426,107030.44
8427,176226.42
8428,197656.16
8429,196221.38
8430,215797.8
8431,345873.47
8432,336317.47
8433,271155.84
8434,235699.44
8435,268203.3
8436,294047.28
8437,521538.03
8438,520758.75
8439,538358.06
8440,600890.75
8441,757958.8
8442,750527.2
8443,607172.75
8444,396559.72
8445,373377.47
8446,368900.7
8447,290220.12
8448,314049.03
8449,375075.53
8450,434236.9
8451,490080.12
8452,813249.0
8453,679647.8
8454,496888.34
8455,256956.92
8456,465208.94
8457,602536.25
8458,666360.44
8459,755716.8
8460,766462.1
8461,514721.56
8462,495947.2
8463,427994.8
8464,424590.75
8465,392500.44
8466,307972.6
8467,308001.84
8468,654797.0
8469,877996.25
8470,1295691.9
8471,2039618.2
8472,1902927.6
8473,1730558.0
8474,1821616.2
8475,1902665.2
8476,1857233.1
8477,1156823.2
8478,1041982.3
8479,420615.2
8480,420015.16
8481,278890.22
8482,343665.06
8483,394675.38
8484,285878.0
8485,398143.47
8486,514307.62
8487,717611.7
8488,883014.6
8489,986562.25
8490,994764.75
8491,988294.8
8492,674486.8
8493,385592.66
8494,364325.2
8495,334037.62
8496,293063.06
8497,236212.56
8498,236212.56
8499,205765.05
8500,95815.82
8501,155192.61
8502,554361.6
8503,348554.22
8504,315877.53
8505,325834.38
8506,328136.34
8507,328136.34
8508,328136.34
8509,578623.06
8510,663404.4
8511,655430.94
8512,580925.6
8513,589251.2
8514,640083.6
8515,619899.8
8516,522352.25
8517,483771.4
8518,513919.6
8519,937022.06
8520,743128.8
8521,662617.1
8522,370938.03
8523,319630.47
8524,256484.7
8525,194155.67
8526,150017.81
8527,194891.44
8528,195563.17
8529,194994.83
8530,196735.48
8531,252139.9
8532,263905.78
8533,264162.72
8534,283465.75
8535,330548.44
8536,456312.66
8537,525133.75
8538,528278.9
8539,562905.56
8540,578321.8
8541,591371.75
8542,536564.3
8543,454134.5
8544,412332.88
8545,372740.4
8546,287301.62
8547,187030.42
8548,187030.42
8549,287535.94
8550,454568.5
8551,518946.8
8552,835381.25
8553,705240.8
8554,571599.9
8555,613905.25
8556,667861.2
8557,717907.25
8558,759788.5
8559,848807.3
8560,825437.1
8561,884233.2
8562,1308107.8
8563,652759.2
8564,351414.28
8565,194948.28
8566,224988.47
8567,423617.16
8568,804070.44
8569,863076.8
8570,968770.9
8571,1440060.2
8572,1743188.2
8573,1668650.6
8574,1821640.6
8575,2148445.0
8576,2026364.9
8577,1286294.1
8578,923851.5
8579,142830.03
8580,139090.61
8581,150070.81
8582,187111.19
8583,252570.53
8584,219400.38
8585,570980.94
8586,384091.75
8587,388714.5
8588,534590.2
8589,672988.56
8590,770954.06
8591,615817.44
8592,479956.94
8593,385384.6
8594,374280.72
8595,354119.03
8596,269929.75
8597,236212.56
8598,236212.56
8599,219844.92
8600,95805.875
8601,369040.8
8602,524939.9
8603,268024.94
8604,295014.56
8605,300942.88
8606,328136.34
8607,323352.25
8608,282098.7
8609,337802.88
8610,572967.8
8611,663506.5
8612,589346.75
8613,572281.1
8614,530720.25
8615,376730.94
8616,350135.1
8617,422390.56
8618,677940.6
8619,965150.8
8620,901583.4
8621,937105.1
8622,657554.8
8623,295565.8
8624,247864.17
8625,289379.72
8626,290129.84
8627,201964.73
8628,195507.5
8629,194139.94
8630,216616.75
8631,306448.8
8632,264399.7
8633,267777.3
8634,377141.03
8635,841848.3
8636,889260.25
8637,590689.6
8638,823826.94
8639,802233.5
8640,719162.8
8641,486630.97
8642,403930.66
8643,385109.62
8644,382198.56
8645,343265.75
8646,193729.47
8647,186909.78
8648,187030.42
8649,271585.12
8650,462415.44
8651,686406.94
8652,847859.44
8653,615275.1
8654,598109.44
8655,658959.0
8656,1024713.94
8657,725887.4
8658,765443.8
8659,874530.8
8660,881250.7
8661,1086020.5
8662,1842758.6
8663,901393.8
8664,145408.73
8665,148987.52
8666,149218.58
8667,469494.22
8668,767763.2
8669,835862.2
8670,1261394.0
8671,1378834.5
8672,1547298.1
8673,1131220.0
8674,1642978.9
8675,2424390.2
8676,2041401.1
8677,1386927.8
8678,556820.75
8679,135087.08
8680,142945.58
8681,179872.47
8682,219342.05
8683,264781.2
8684,395644.25
8685,599191.2
8686,542917.3
8687,442783.94
8688,486017.47
8689,614555.0
8690,573924.5
8691,492183.2
8692,577423.4
8693,390124.6
8694,390194.8
8695,428700.22
8696,311254.06
8697,236212.56
8698,236212.56
8699,261528.75
8700,122981.9
8701,378485.8
8702,199110.78
8703,166692.39
8704,183998.17
8705,266624.7
8706,296413.34
8707,250229.39
8708,243743.7
8709,243743.7
8710,245916.4
8711,369848.0
8712,450172.1
8713,302662.9
8714,260365.3
8715,290265.25
8716,288374.22
8717,288277.62
8718,765354.5
8719,937105.1
8720,937105.1
8721,936922.4
8722,534553.25
8723,282642.34
8724,278475.47
8725,318766.88
8726,328678.38
8727,296648.34
8728,204518.83
8729,231896.23
8730,430658.47
8731,474984.75
8732,354286.9
8733,331715.44
8734,1351567.9
8735,781970.25
8736,481207.03
8737,430228.7
8738,778117.1
8739,834819.5
8740,788456.9
8741,387977.2
8742,378284.34
8743,358323.5
8744,265773.47
8745,221946.5
8746,198819.78
8747,186794.83
8748,211548.47
8749,258338.28
8750,469486.56
8751,907377.7
8752,901242.8
8753,625381.0
8754,587533.7
8755,800602.3
8756,1436358.2
8757,1102014.0
8758,897091.9
8759,861323.06
8760,570144.5
8761,923807.2
8762,2528553.5
8763,197090.72
8764,91182.414
8765,163655.55
8766,167608.14
8767,216486.98
8768,307602.5
8769,551023.0
8770,941266.25
8771,1351477.5
8772,1328524.4
8773,1103127.0
8774,2141145.0
8775,2187138.8
8776,853890.44
8777,611651.6
8778,136875.2
8779,123635.836
8780,190091.69
8781,239244.12
8782,244099.47
8783,291407.53
8784,299406.16
8785,640914.44
8786,634043.56
8787,495342.7
8788,503880.53
8789,608637.1
8790,592307.3
8791,675362.4
8792,771945.44
8793,598909.06
8794,542894.25
8795,525387.1
8796,425920.66
8797,294299.8
8798,425985.7
8799,567127.25
8800,509084.6
8801,264133.84
8802,175206.66
8803,169518.39
8804,154383.03
8805,172828.38
8806,241626.28
8807,243743.7
8808,243743.7
8809,243743.7
8810,242204.94
8811,224725.62
8812,212974.48
8813,187830.38
8814,223689.92
8815,294861.6
8816,323976.97
8817,314480.0
8818,829952.9
8819,937105.1
8820,915351.0
8821,859489.0
8822,318244.72
8823,296414.2
8824,292322.25
8825,308841.88
8826,328672.8
8827,325083.2
8828,269764.88
8829,390609.1
8830,487008.75
8831,490423.3
8832,458553.1
8833,525223.7
8834,1471430.1
8835,1063038.8
8836,692744.2
8837,433433.44
8838,384352.78
8839,531986.4
8840,528284.94
8841,344780.56
8842,345424.6
8843,233065.88
8844,222013.69
8845,222013.69
8846,220289.11
8847,215541.94
8848,255874.62
8849,330960.25
8850,374502.62
8851,922154.0
8852,1008616.1
8853,718186.5
8854,775644.94
8855,1324845.2
8856,1153941.9
8857,1750386.5
8858,1064212.2
8859,840900.94
8860,457715.62
8861,458690.16
8862,2209235.8
8863,722167.0
8864,131927.72
8865,195394.2
8866,286911.88
8867,299765.34
8868,328426.47
8869,565742.4
8870,600426.1
8871,830321.5
8872,1010723.8
8873,1074980.5
8874,2187765.0
8875,1572004.9
8876,734666.8
8877,698578.1
8878,288930.7
8879,111528.11
8880,215398.62
8881,237146.62
8882,240726.66
8883,231945.73
8884,549984.8
8885,715991.3
8886,719300.4
8887,564360.25
8888,528094.9
8889,520327.1
8890,574099.44
8891,680431.94
8892,731457.4
8893,553998.6
8894,543932.1
8895,537907.1
8896,527558.3
8897,596660.4
8898,570981.2
8899,569785.7
8900,569785.7
8901,283863.1
8902,181336.06
8903,160210.11
8904,156594.08
8905,207032.33
8906,252080.73
8907,223394.23
8908,243743.7
8909,243743.7
8910,231470.19
8911,185302.6
8912,185270.12
8913,183078.14
8914,256941.39
8915,294257.22
8916,294257.22
8917,294257.22
8918,784386.2
8919,940314.0
8920,927153.9
8921,526071.9
8922,296896.88
8923,296156.3
8924,296156.3
8925,309847.66
8926,328632.88
8927,285952.06
8928,245869.95
8929,312985.38
8930,461350.5
8931,492018.7
8932,524188.44
8933,532841.9
8934,536589.25
8935,763853.7
8936,558630.44
8937,448999.34
8938,399133.34
8939,343735.25
8940,343222.47
8941,344780.56
8942,344780.56
8943,230277.73
8944,222013.69
8945,222013.69
8946,222013.69
8947,226897.86
8948,371259.97
8949,453230.06
8950,511294.47
8951,717581.75
8952,976059.1
8953,773843.0
8954,608268.6
8955,623141.1
8956,824396.9
8957,1359026.1
8958,997210.56
8959,1148816.6
8960,929856.3
8961,322191.44
8962,318531.6
8963,312609.38
8964,243978.88
8965,284552.8
8966,660108.9
8967,621502.7
8968,520267.72
8969,327111.47
8970,656965.94
8971,741471.2
8972,755826.3
8973,906582.4
8974,1204215.1
8975,1154006.0
8976,1019050.8
8977,835706.0
8978,583905.25
8979,262586.97
8980,394211.8
8981,508157.06
8982,401809.88
8983,251279.16
8984,282213.06
8985,603975.44
8986,618467.3
8987,460969.3
8988,508241.2
8989,540431.4
8990,576448.44
8991,650325.5
8992,590913.5
8993,493387.03
8994,543932.1
8995,565146.25
8996,659932.1
8997,690057.7
8998,564546.44
8999,531480.44
9000,540320.3
9001,325540.25
9002,239595.67
9003,210046.86
9004,199243.31
9005,255899.03
9006,284957.2
9007,243733.2
9008,243743.7
9009,241084.9
9010,206854.42
9011,187845.42
9012,186051.81
9013,200825.64
9014,223330.97
9015,279263.94
9016,294068.22
9017,302848.25
9018,582005.25
9019,839516.3
9020,505435.34
9021,478061.62
9022,383322.88
9023,297568.66
9024,296156.3
9025,315743.38
9026,327789.3
9027,267797.06
9028,246642.52
9029,275584.53
9030,385994.94
9031,356381.47
9032,329813.7
9033,368166.28
9034,457374.25
9035,469731.97
9036,466936.84
9037,466576.22
9038,433720.28
9039,352045.5
9040,334705.5
9041,353816.12
9042,341683.56
9043,225909.0
9044,222013.69
9045,222013.69
9046,222013.69
9047,235527.45
9048,427465.25
9049,454444.12
9050,461389.22
9051,546264.7
9052,739808.0
9053,492159.78
9054,592728.7
9055,579322.7
9056,666566.1
9057,975935.4
9058,1016062.56
9059,1273814.9
9060,1012749.0
9061,340565.22
9062,332005.78
9063,315343.5
9064,250818.47
9065,363258.28
9066,768602.9
9067,759602.06
9068,762593.2
9069,503477.56
9070,747954.3
9071,746172.4
9072,836420.25
9073,928680.8
9074,1143575.4
9075,1108199.0
9076,806590.06
9077,409083.56
9078,362182.72
9079,425501.75
9080,702372.06
9081,684947.75
9082,674282.75
9083,405514.72
9084,281408.12
9085,520259.88
9086,557018.94
9087,475319.72
9088,491086.7
9089,575843.4
9090,594423.75
9091,607109.8
9092,417676.44
9093,410474.94
9094,738648.06
9095,781770.4
9096,696532.8
9097,695155.4
9098,544346.4
9099,523286.28
9100,524642.25
9101,295526.12
9102,233729.22
9103,223699.23
9104,239802.44
9105,239957.61
9106,256202.42
9107,232308.31
9108,243743.7
9109,226136.45
9110,190563.72
9111,190544.1
9112,198982.62
9113,216527.6
9114,216521.42
9115,226372.48
9116,260338.8
9117,327127.62
9118,420225.97
9119,518520.44
9120,478060.6
9121,478060.6
9122,478014.56
9123,376719.0
9124,353050.56
9125,347172.9
9126,310806.56
9127,266726.84
9128,246286.47
9129,281267.56
9130,319125.25
9131,251007.62
9132,250027.9
9133,250027.9
9134,265610.56
9135,305969.38
9136,346325.25
9137,429378.72
9138,422205.22
9139,362743.4
9140,258050.94
9141,258511.23
9142,225662.44
9143,202797.75
9144,204689.42
9145,211390.66
9146,221209.73
9147,230253.75
9148,369680.2
9149,747167.9
9150,1036117.25
9151,1006060.6
9152,856077.44
9153,489522.1
9154,587998.5
9155,694472.25
9156,703197.8
9157,877125.94
9158,1037076.2
9159,1243767.5
9160,693629.8
9161,340520.9
9162,353327.6
9163,374456.94
9164,391478.78
9165,468595.4
9166,689692.6
9167,1024573.4
9168,1061910.2
9169,824313.6
9170,845354.8
9171,837733.94
9172,896220.0
9173,908719.5
9174,1037816.8
9175,994728.9
9176,435129.38
9177,422005.28
9178,383922.25
9179,517812.84
9180,745153.9
9181,706969.75
9182,665469.4
9183,419171.0
9184,326007.78
9185,507884.38
9186,563788.94
9187,428798.5
9188,414820.38
9189,580016.44
9190,614897.9
9191,491427.44
9192,423081.84
9193,469451.7
9194,976624.2
9195,973977.44
9196,751214.44
9197,686862.44
9198,563783.06
9199,543286.1
9200,569808.25
9201,276355.1
9202,276355.1
9203,264488.25
9204,273970.94
9205,241990.64
9206,239652.28
9207,241339.95
9208,236684.12
9209,194578.25
9210,190537.14
9211,186920.38
9212,196402.47
9213,215578.0
9214,219923.94
9215,222368.67
9216,216412.62
9217,292977.56
9218,453144.78
9219,477183.88
9220,478060.6
9221,478060.6
9222,455837.88
9223,354724.72
9224,351786.12
9225,351786.12
9226,324851.7
9227,311904.03
9228,250907.25
9229,324842.56
9230,285815.38
9231,250027.9
9232,250027.9
9233,246954.36
9234,224283.2
9235,296497.75
9236,298989.25
9237,300048.12
9238,337220.44
9239,299212.44
9240,253420.58
9241,243732.89
9242,243878.95
9243,200646.6
9244,191506.38
9245,250999.55
9246,284225.88
9247,289316.7
9248,279732.4
9249,523067.0
9250,1015190.0
9251,1020661.75
9252,755158.6
9253,459714.25
9254,467191.94
9255,619749.6
9256,713012.0
9257,730693.2
9258,826693.25
9259,553757.7
9260,386983.72
9261,472180.25
9262,452276.78
9263,417161.62
9264,416445.84
9265,475571.3
9266,681208.94
9267,1522208.6
9268,2049375.0
9269,1659606.1
9270,1141893.6
9271,850897.06
9272,693919.8
9273,704057.9
9274,690238.4
9275,762458.56
9276,649634.5
9277,545903.56
9278,470585.66
9279,566777.8
9280,748909.8
9281,729117.44
9282,522738.4
9283,331280.6
9284,331280.6
9285,472871.38
9286,510690.53
9287,394419.1
9288,394406.84
9289,489181.88
9290,558289.7
9291,414241.78
9292,416048.47
9293,423500.34
9294,900217.25
9295,968622.7
9296,831354.4
9297,774576.75
9298,689973.25
9299,590156.5
9300,649407.75
9301,276355.1
9302,276355.1
9303,274253.7
9304,238263.64
9305,102029.0
9306,148412.66
9307,144160.56
9308,108555.22
9309,143043.89
9310,183867.23
9311,190593.14
9312,199872.95
9313,199848.25
9314,214266.31
9315,221043.33
9316,225241.2
9317,264535.12
9318,338012.5
9319,476782.44
9320,477934.75
9321,474030.62
9322,422953.16
9323,351786.12
9324,353144.72
9325,348626.16
9326,276017.4
9327,290760.06
9328,303140.9
9329,336370.1
9330,272128.78
9331,183041.55
9332,150709.22
9333,120815.69
9334,114578.31
9335,202738.44
9336,298759.2
9337,298889.25
9338,298657.7
9339,293147.44
9340,290669.94
9341,224937.38
9342,187729.28
9343,147499.75
9344,211472.17
9345,322146.2
9346,270788.62
9347,238832.72
9348,291074.12
9349,291074.03
9350,607507.9
9351,738501.8
9352,738571.7
9353,364907.0
9354,341848.6
9355,403563.78
9356,591887.44
9357,679795.06
9358,673304.4
9359,688645.5
9360,887536.4
9361,876748.0
9362,590519.06
9363,450593.75
9364,466372.53
9365,588485.75
9366,896320.2
9367,1747239.1
9368,2526799.2
9369,1809587.4
9370,1484433.4
9371,846885.7
9372,608372.9
9373,426545.94
9374,367182.8
9375,631411.0
9376,766989.94
9377,870572.56
9378,491669.4
9379,457595.16
9380,709128.4
9381,722732.3
9382,544802.25
9383,333287.7
9384,331684.94
9385,611492.1
9386,653449.3
9387,556106.25
9388,394754.3
9389,423980.5
9390,414237.03
9391,392419.88
9392,399059.97
9393,375144.34
9394,456762.75
9395,895794.5
9396,908131.6
9397,878018.5
9398,785488.5
9399,575919.7
9400,536080.6
9401,275953.44
9402,265691.3
9403,264996.25
9404,94738.38
9405,45461.89
9406,40518.492
9407,55862.062
9408,51230.324
9409,52157.5
9410,64359.8
9411,102730.484
9412,169182.12
9413,205454.28
9414,209336.95
9415,215081.56
9416,212900.44
9417,212836.2
9418,225487.72
9419,415080.8
9420,463159.3
9421,339138.53
9422,250402.66
9423,275376.4
9424,296710.66
9425,259423.27
9426,254181.45
9427,255459.56
9428,292853.0
9429,150539.28
9430,122246.984
9431,115976.09
9432,114611.625
9433,114567.836
9434,114564.78
9435,114937.71
9436,176990.8
9437,286126.84
9438,293942.72
9439,231947.5
9440,279111.44
9441,254248.53
9442,147103.69
9443,210427.06
9444,309654.3
9445,304600.88
9446,272347.62
9447,291279.2
9448,292665.62
9449,292570.03
9450,613417.25
9451,739653.7
9452,738690.7
9453,528049.56
9454,342014.34
9455,433118.0
9456,603224.2
9457,673289.25
9458,673304.4
9459,729940.8
9460,917348.25
9461,916080.8
9462,857582.5
9463,549204.8
9464,458630.56
9465,476024.1
9466,966106.3
9467,1508844.5
9468,1552459.4
9469,1217570.5
9470,755132.9
9471,571642.2
9472,586537.44
9473,550503.4
9474,750005.25
9475,768780.2
9476,888969.4
9477,974567.6
9478,598602.44
9479,171076.89
9480,281516.97
9481,642475.56
9482,701836.4
9483,1185703.1
9484,1309913.4
9485,861769.5
9486,656649.06
9487,537280.7
9488,444483.8
9489,370525.56
9490,384651.06
9491,397811.25
9492,403558.38
9493,398055.34
9494,389603.97
9495,601488.5
9496,775032.56
9497,856356.9
9498,643413.4
9499,366528.03
9500,354601.06
9501,203195.89
9502,171633.89
9503,123416.734
9504,57376.96
9505,42134.848
9506,30848.96
9507,21348.596
9508,22448.1
9509,25234.46
9510,38198.582
9511,21557.064
9512,25085.846
9513,147925.17
9514,152694.75
9515,213130.56
9516,201894.31
9517,175707.58
9518,207357.1
9519,191145.66
9520,267007.88
9521,200726.8
9522,232260.12
9523,260203.06
9524,260220.11
9525,260220.11
9526,260220.11
9527,260220.11
9528,246886.12
9529,121551.83
9530,114581.71
9531,114580.48
9532,114584.54
9533,114581.71
9534,114538.03
9535,111617.6
9536,106313.16
9537,98694.18
9538,109965.01
9539,133259.53
9540,239543.06
9541,204680.78
9542,270701.9
9543,324707.62
9544,315593.12
9545,315674.94
9546,304971.4
9547,276888.75
9548,292304.0
9549,292690.47
9550,615164.9
9551,745616.25
9552,741681.4
9553,661187.6
9554,355723.84
9555,383699.56
9556,582353.1
9557,673275.25
9558,673304.4
9559,752552.0
9560,917348.25
9561,917348.25
9562,917348.25
9563,444451.7
9564,276740.53
9565,278277.5
9566,292686.88
9567,770470.25
9568,1084356.8
9569,1176749.1
9570,599721.3
9571,467104.28
9572,436151.28
9573,585780.3
9574,579058.2
9575,492383.28
9576,661506.4
9577,883626.3
9578,286424.34
9579,181511.7
9580,181511.7
9581,590385.1
9582,759729.44
9583,1182103.4
9584,980138.94
9585,782062.9
9586,401455.75
9587,383934.5
9588,422447.94
9589,381772.44
9590,463651.94
9591,452139.06
9592,395581.3
9593,398119.7
9594,439372.84
9595,664521.9
9596,664521.9
9597,631001.4
9598,551289.1
9599,437136.7
9600,366783.3
9601,81003.7
9602,59746.58
9603,54696.67
9604,55359.68
9605,48458.26
9606,21896.188
9607,21674.193
9608,35309.242
9609,23407.498
9610,21875.318
9611,20913.602
9612,20892.598
9613,20543.473
9614,122071.19
9615,198944.5
9616,195545.8
9617,195483.28
9618,210166.4
9619,210166.4
9620,210197.45
9621,210141.86
9622,218941.56
9623,259973.58
9624,260173.97
9625,260202.75
9626,260220.11
9627,260220.11
9628,247183.66
9629,129337.53
9630,114581.71
9631,114578.31
9632,114581.71
9633,114581.71
9634,114564.875
9635,114555.375
9636,121121.484
9637,105002.4
9638,80974.49
9639,200009.05
9640,331185.7
9641,355813.97
9642,375917.44
9643,330254.38
9644,325322.16
9645,329702.53
9646,325501.72
9647,369180.75
9648,332232.88
9649,325369.28
9650,658327.9
9651,739577.25
9652,739412.56
9653,714582.6
9654,403080.84
9655,485321.8
9656,627245.1
9657,656154.4
9658,660456.5
9659,677051.4
9660,858440.6
9661,917153.9
9662,909419.5
9663,315128.53
9664,276740.53
9665,276740.53
9666,276740.53
9667,397334.16
9668,738029.56
9669,769515.2
9670,658794.44
9671,570827.06
9672,431729.44
9673,434780.62
9674,376935.38
9675,449466.75
9676,514602.34
9677,729911.44
9678,597969.56
9679,267445.12
9680,181511.7
9681,495165.56
9682,649924.56
9683,449920.75
9684,445208.47
9685,458236.88
9686,373990.25
9687,382562.38
9688,441393.97
9689,573521.3
9690,701758.5
9691,530195.2
9692,247904.78
9693,241825.36
9694,460979.72
9695,664521.9
9696,664398.0
9697,580508.94
9698,551227.5
9699,534514.3
9700,412311.06
9701,49926.047
9702,56508.234
9703,53972.82
9704,55028.547
9705,57858.297
9706,23799.562
9707,21031.953
9708,21264.438
9709,21116.062
9710,20895.463
9711,20892.598
9712,27626.799
9713,27804.93
9714,24930.957
9715,54933.09
9716,53368.01
9717,139352.6
9718,206649.52
9719,245070.19
9720,285796.03
9721,210116.38
9722,209930.67
9723,241923.66
9724,260066.42
9725,260134.2
9726,260220.11
9727,260219.11
9728,209246.36
9729,124130.64
9730,119709.81
9731,114581.71
9732,114581.71
9733,114581.71
9734,114581.71
9735,114550.56
9736,123461.17
9737,88920.39
9738,87375.516
9739,172654.7
9740,353192.5
9741,350529.75
9742,355810.47
9743,354722.66
9744,368778.7
9745,399044.9
9746,529363.5
9747,543161.6
9748,558789.7
9749,600674.4
9750,781969.3
9751,766652.9
9752,679445.9
9753,557753.4
9754,553171.0
9755,577488.5
9756,610665.25
9757,594379.25
9758,615779.6
9759,615784.9
9760,617170.2
9761,678897.7
9762,652301.2
9763,322547.56
9764,276740.53
9765,276510.34
9766,286339.25
9767,381588.47
9768,739535.8
9769,743969.2
9770,819953.06
9771,799329.44
9772,495555.9
9773,449936.25
9774,441411.2
9775,581548.2
9776,667316.25
9777,796105.5
9778,805650.8
9779,513023.7
9780,222610.3
9781,431171.22
9782,482170.94
9783,518750.62
9784,1121697.2
9785,750602.7
9786,660496.3
9787,473204.44
9788,547787.0
9789,749963.3
9790,726663.0
9791,457795.5
9792,236817.25
9793,259260.2
9794,289414.8
9795,561374.1
9796,437595.97
9797,301199.53
9798,347516.44
9799,413293.47
9800,188499.55
9801,52934.43
9802,56502.324
9803,56508.234
9804,56525.953
9805,56702.43
9806,28517.164
9807,20917.686
9808,28505.295
9809,29610.518
9810,20892.598
9811,25523.264
9812,105344.94
9813,141150.33
9814,74121.95
9815,37569.785
9816,39819.39
9817,75657.24
9818,189626.8
9819,251813.25
9820,300273.06
9821,210022.2
9822,210008.75
9823,224556.64
9824,258835.2
9825,260212.78
9826,260168.03
9827,221433.12
9828,122796.19
9829,126219.22
9830,134220.06
9831,128611.95
9832,117345.24
9833,114581.71
9834,114581.71
9835,104184.76
9836,82558.86
9837,86905.31
9838,87375.516
9839,90061.15
9840,203170.72
9841,228310.31
9842,355810.47
9843,351835.3
9844,365867.4
9845,462287.4
9846,544564.7
9847,590922.2
9848,649814.3
9849,724034.8
9850,811421.2
9851,814427.3
9852,667202.94
9853,577488.5
9854,577488.5
9855,577330.44
9856,573606.5
9857,610333.1
9858,615784.9
9859,615784.9
9860,615784.9
9861,615784.9
9862,487699.94
9863,275190.25
9864,280673.1
9865,297579.72
9866,316121.7
9867,346562.62
9868,472198.22
9869,727318.1
9870,730612.75
9871,628518.75
9872,360162.5
9873,382201.97
9874,415956.2
9875,641411.25
9876,830073.8
9877,1415231.0
9878,1291511.0
9879,754125.1
9880,432866.8
9881,359907.47
9882,426332.53
9883,412523.25
9884,1541911.9
9885,1480626.1
9886,855787.44
9887,986828.6
9888,753087.9
9889,676064.1
9890,668507.44
9891,487520.5
9892,249244.95
9893,281132.12
9894,262529.03
9895,266912.22
9896,299285.47
9897,300192.62
9898,300192.62
9899,239794.94
9900,179692.11
9901,55478.04
9902,56349.863
9903,56506.797
9904,56651.234
9905,57102.24
9906,32124.215
9907,20892.598
9908,35005.516
9909,37083.047
9910,61458.38
9911,128707.64
9912,153071.08
9913,89267.46
9914,85761.17
9915,119741.36
9916,43958.42
9917,62867.72
9918,218462.36
9919,347948.94
9920,493325.4
9921,349988.44
9922,210742.3
9923,230477.42
9924,428789.8
9925,434593.56
9926,223624.58
9927,138313.69
9928,131289.22
9929,131289.22
9930,131333.8
9931,132319.06
9932,133082.97
9933,132037.62
9934,128265.18
9935,96904.65
9936,22985.852
9937,75464.69
9938,118206.24
9939,87375.516
9940,87375.516
9941,136387.97
9942,293404.03
9943,330637.2
9944,406810.25
9945,555542.9
9946,617315.6
9947,652029.8
9948,753862.0
9949,814524.6
9950,814570.06
9951,814594.0
9952,679925.94
9953,577488.5
9954,577488.5
9955,577488.5
9956,529250.75
9957,511157.44
9958,534477.0
9959,600235.25
9960,615664.1
9961,615784.9
9962,590836.7
9963,333380.6
9964,308991.7
9965,309547.12
9966,321304.25
9967,344212.97
9968,408964.47
9969,601304.06
9970,644031.2
9971,379095.44
9972,318880.75
9973,320441.78
9974,351976.9
9975,547489.5
9976,1457003.4
9977,1568504.5
9978,1542177.8
9979,911065.44
9980,665076.6
9981,502165.8
9982,460531.62
9983,458460.62
9984,1104718.8
9985,1320050.5
9986,1161434.8
9987,1107479.1
9988,354029.78
9989,550386.6
9990,577094.06
9991,430087.34
9992,353381.94
9993,235609.02
9994,213953.34
9995,272296.34
9996,334591.97
9997,369655.1
9998,363121.94
9999,224660.7
10000,177456.7
