time,actual,Persistence,Seasonal naive (1 week),SARIMAX,LSTM,TCN
2013-12-16 00:00:00,169.23631,164.81505,228.45866,165.68252363203942,173.8284354085498,172.6137691541
2013-12-16 00:10:00,157.90063,169.23631,172.92818,165.7870793366039,171.82859475551874,170.24134908768096
2013-12-16 00:20:00,163.46056,157.90063,168.35889,157.9328971397576,162.68848662668168,163.42243977263294
2013-12-16 00:30:00,172.33447,163.46056,167.74164,161.48710628230057,168.73309557974116,171.10091158144388
2013-12-16 00:40:00,162.25119,172.33447,148.71933,164.21045524147542,165.40176700372717,172.9350817792154
2013-12-16 00:50:00,149.83728,162.25119,151.97041,162.17841990297734,160.3290317380714,166.53805199843782
2013-12-16 01:00:00,162.58124,149.83728,167.43008,155.7547210275966,159.3068631903057,158.1178413106977
2013-12-16 01:10:00,144.52287,162.58124,151.0575,157.59164026352113,158.1094357851201,164.31130482212654
2013-12-16 01:20:00,139.19617,144.52287,152.10123,147.27746419221202,146.39248950591707,149.7647671421868
2013-12-16 01:30:00,137.31131,139.19617,145.21786,144.0927376435114,149.3279251814501,146.96898117277988
2013-12-16 01:40:00,131.5605,137.31131,134.50964,137.60683286928082,139.19744203501946,143.05374116140553
2013-12-16 01:50:00,133.63434,131.5605,137.7114,132.79289309399724,132.22227623877558,137.13677801349266
2013-12-16 02:00:00,136.5976,133.63434,157.73897,132.27217493826498,135.99327903982018,135.76252672297923
2013-12-16 02:10:00,127.56579,136.5976,135.37846,132.71060949911285,133.18235272306828,134.08799812391493
2013-12-16 02:20:00,122.13777,127.56579,155.56189,129.02768312390828,128.81677867519312,130.26108069956953
2013-12-16 02:30:00,113.385826,122.13777,149.45184,125.07312171000797,128.6767234523666,126.0113047138017
2013-12-16 02:40:00,123.78045,113.385826,124.59713,117.02119198077104,119.61692045928507,117.83236450069829
2013-12-16 02:50:00,118.56643,123.78045,135.20837,119.44017348860886,118.50218863875781,123.54664485906899
2013-12-16 03:00:00,121.06502,118.56643,140.47728,116.4787114857427,115.40269799155067,116.76190473565052
2013-12-16 03:10:00,117.1563,121.06502,126.53264,119.55770607429932,121.784973392109,119.15168298821254
2013-12-16 03:20:00,131.05278,117.1563,126.05359,116.6887048098907,116.9312844321533,116.06940102943423
2013-12-16 03:30:00,117.09964,131.05278,131.35977,123.84721088754797,121.46401448347812,122.52443931330949
2013-12-16 03:40:00,114.15965,117.09964,131.09967,118.34643509293451,117.36988419733889,115.70436533902166
2013-12-16 03:50:00,115.476105,114.15965,116.388626,117.77066944956754,118.88194394561276,116.61273712297216
2013-12-16 04:00:00,112.3731,115.476105,120.17831,114.62683721518871,112.7096073308662,113.80784210208263
2013-12-16 04:10:00,106.041855,112.3731,111.2881,112.71385473420271,111.0402705759933,111.83706255657397
2013-12-16 04:20:00,115.541565,106.041855,114.20819,109.30604728989665,112.08680128043454,107.2967391087722
2013-12-16 04:30:00,110.4883,115.541565,115.24548,112.64504840037519,112.09916123860451,111.66689742896288
2013-12-16 04:40:00,102.53632,110.4883,118.7044,110.57010513695576,106.86246706150601,108.44587810414357
2013-12-16 04:50:00,108.52956,102.53632,111.71054,108.17215711471925,111.11965094943572,107.85777727815001
2013-12-16 05:00:00,106.07815,108.52956,112.05691,109.05500188872594,110.18052090955996,109.33278689980384
2013-12-16 05:10:00,106.64624,106.07815,114.73913,107.36037273069032,102.81634214163643,106.80302307131633
2013-12-16 05:20:00,111.90518,106.64624,115.629295,109.4009254784007,110.03594339292158,108.78299896026908
2013-12-16 05:30:00,109.28908,111.90518,114.86652,112.34516007782182,112.68319179148331,111.79105449302457
2013-12-16 05:40:00,102.79887,109.28908,108.89379,112.86350128727699,109.46263614531392,112.3717942484911
2013-12-16 05:50:00,109.062035,102.79887,112.70472,110.84303107341678,111.85875042036018,110.51974039393451
2013-12-16 06:00:00,111.58812,109.062035,111.949776,113.0641703103472,113.98151447175418,114.88523933029559
2013-12-16 06:10:00,112.2708,111.58812,108.097626,114.73234919507084,110.54173275265586,115.28970607495846
2013-12-16 06:20:00,119.20172,112.2708,117.02203,118.27641580397015,117.39692749754104,118.9602024505213
2013-12-16 06:30:00,128.94843,119.20172,126.430305,123.86084455939033,124.82646593419244,124.44370110887156
2013-12-16 06:40:00,122.78061,128.94843,145.60294,131.81186972112394,129.12656852105067,130.64250292815458
2013-12-16 06:50:00,117.537254,122.78061,149.9876,133.38957850424643,133.9997081406246,134.44292276407717
2013-12-16 07:00:00,128.12115,117.537254,164.643,132.5948188677355,138.95736284783786,132.13939695765384
2013-12-16 07:10:00,143.2544,128.12115,170.3151,136.64393599792487,141.73027938548086,140.31107839896933
2013-12-16 07:20:00,163.56183,143.2544,178.23668,146.60691074629074,148.9129681457445,155.28586033621363
2013-12-16 07:30:00,171.41664,163.56183,225.966,165.3595684719015,172.79083824356775,172.20815201379986
2013-12-16 07:40:00,172.86057,171.41664,236.82999,180.00896973116969,190.67085360284727,184.03599735293466
2013-12-16 07:50:00,241.03952,172.86057,251.53343,189.63850115524664,203.2636481687936,196.59265236849956
2013-12-16 08:00:00,235.65543,241.03952,272.83557,230.1991617306211,247.7568899122059,248.61351867396556
2013-12-16 08:10:00,241.79187,235.65543,287.33383,243.9030262300831,259.7462210451916,253.14556225764153
2013-12-16 08:20:00,265.95123,241.79187,317.42737,269.0018505532726,295.1924390360579,275.9688853941747
2013-12-16 08:30:00,258.6573,265.95123,335.0779,282.7126789000361,300.5018917417154,292.39393711120135
2013-12-16 08:40:00,304.71182,258.6573,343.15945,285.508272725503,304.5576917203002,293.75537457538496
2013-12-16 08:50:00,335.60083,304.71182,393.3311,317.16591062665094,347.66593534919633,342.24571368030973
2013-12-16 09:00:00,353.2018,335.60083,416.3442,341.5128661093591,356.41439838220106,359.5208377840827
2013-12-16 09:10:00,355.40698,353.2018,424.62085,372.31076849056956,382.94469407964954,380.03728643791624
2013-12-16 09:20:00,375.33377,355.40698,430.83765,385.50698647399213,390.7020436508273,392.38201563170304
2013-12-16 09:30:00,425.37283,375.33377,503.7059,400.84135051735274,396.3893563506815,406.30701284677696
2013-12-16 09:40:00,392.72067,425.37283,478.20135,431.5578761735903,429.6148460446757,436.0431758964006
2013-12-16 09:50:00,414.7714,392.72067,474.34836,427.6411942423764,428.46617790318874,425.7031278133594
2013-12-16 10:00:00,399.48862,414.7714,573.97125,445.1839262676088,438.012333657738,442.61399911744013
2013-12-16 10:10:00,403.77292,399.48862,572.23706,429.1061004430225,428.90723264578844,427.34454224374264
2013-12-16 10:20:00,403.11914,403.77292,609.97064,431.7359206533617,445.5847526175403,441.56491528827326
2013-12-16 10:30:00,411.3457,403.11914,673.136,425.17629689373257,441.74024718811074,430.41071674207666
2013-12-16 10:40:00,417.21484,411.3457,745.2519,428.0529557780314,448.2327425849654,436.8022982747368
2013-12-16 10:50:00,420.13934,417.21484,573.7853,430.10738832912426,456.6709396426839,443.02082617041054
2013-12-16 11:00:00,415.922,420.13934,589.067,432.61484784794504,458.10963425792227,446.48229471046005
2013-12-16 11:10:00,440.51114,415.922,605.4434,430.04107514760153,455.09329554956963,440.99339841750606
2013-12-16 11:20:00,408.77878,440.51114,585.3259,441.0073867809187,467.54579245205167,462.3800774817995
2013-12-16 11:30:00,434.6205,408.77878,593.70935,425.43858751013124,452.1718178302823,435.2962037718869
2013-12-16 11:40:00,447.58282,434.6205,565.7194,437.85673765526633,463.8794931699036,456.10497774559536
2013-12-16 11:50:00,423.64008,447.58282,700.7231,439.76235060102897,464.4440613829218,468.6058029310812
2013-12-16 12:00:00,457.07898,423.64008,660.31537,435.2309599175497,461.6708111781301,453.7654337560766
2013-12-16 12:10:00,468.60165,457.07898,644.5099,450.66286264193866,471.8861521323422,479.5722378561727
2013-12-16 12:20:00,482.48016,468.60165,602.5284,456.04163039300687,472.6243644279123,491.8235677478702
2013-12-16 12:30:00,473.58566,482.48016,625.2246,474.3005793747242,490.946255685953,500.18100025188755
2013-12-16 12:40:00,440.06125,473.58566,610.3764,475.05736736456424,483.1615556298317,502.6807204256672
2013-12-16 12:50:00,450.20682,440.06125,620.6819,458.46832913686865,465.7320336001264,473.86160520897886
2013-12-16 13:00:00,513.2104,450.20682,550.9894,455.0945071462929,470.77585865456416,478.2243678250861
2013-12-16 13:10:00,501.51096,513.2104,622.0358,480.96497581955333,499.16649863543137,520.7048032725857
2013-12-16 13:20:00,501.47073,501.51096,616.409,490.8849788358764,503.2438584679937,522.7596448154741
2013-12-16 13:30:00,519.56,501.47073,657.0706,506.29401270296864,507.3550449265202,523.9234288184955
2013-12-16 13:40:00,480.0793,519.56,653.68304,513.2873526880395,508.48580196607304,533.7655449815804
2013-12-16 13:50:00,459.54953,480.0793,670.706,496.0607796559718,496.9798207369209,507.2867694491513
2013-12-16 14:00:00,472.35767,459.54953,698.9782,482.0377737869122,490.0144867536858,488.6225082590995
2013-12-16 14:10:00,470.87845,472.35767,723.99365,475.2819931830661,488.47145820926886,495.58558471479216
2013-12-16 14:20:00,443.7785,470.87845,690.84033,471.9291927866288,489.2253327918377,495.7282365798399
2013-12-16 14:30:00,459.01398,443.7785,632.32855,460.5258253962152,480.77334202995746,470.6004353143026
2013-12-16 14:40:00,475.49268,459.01398,679.7666,463.11848025425735,479.2906840478357,479.7741987419042
2013-12-16 14:50:00,423.40982,475.49268,644.261,467.65608331425466,480.2795256798851,494.7662997196721
2013-12-16 15:00:00,463.91898,423.40982,578.18134,446.491847182951,462.31812368564107,451.6877086760607
2013-12-16 15:10:00,443.40176,463.91898,619.3338,462.05888673299836,473.00949227309115,485.1187654897828
2013-12-16 15:20:00,453.04456,443.40176,584.24414,444.9231425355979,453.2266194059089,465.7776811605766
2013-12-16 15:30:00,440.78976,453.04456,575.91766,456.30985137614863,466.9049594743354,472.0264028796788
2013-12-16 15:40:00,420.26236,440.78976,629.9819,445.44762237905843,455.49479499988536,459.94795774097526
2013-12-16 15:50:00,460.16428,420.26236,620.10297,433.4754504034987,442.30032018838335,445.20703654940337
2013-12-16 16:00:00,447.2438,460.16428,713.2089,446.3679022444099,457.6672465502013,472.551796567242
2013-12-16 16:10:00,420.61392,447.2438,704.73535,440.8958924382662,451.6198750503651,462.02991065828866
2013-12-16 16:20:00,441.9532,420.61392,618.52057,433.42368527110716,444.2852404096117,442.78027821014473
2013-12-16 16:30:00,460.93723,441.9532,596.1744,435.06594925691235,446.3291557167914,455.989091765996
2013-12-16 16:40:00,408.20618,460.93723,567.51825,440.7946797930102,449.9555692156936,467.0652071554403
2013-12-16 16:50:00,444.1624,408.20618,606.8138,420.8638359761854,436.05936376290373,428.3578626551388
2013-12-16 17:00:00,437.6063,444.1624,618.3774,433.2892715275926,446.30458427138836,453.59258858584803
2013-12-16 17:10:00,410.1081,437.6063,540.2957,422.09478681596835,433.03384327693317,442.9039569770005
2013-12-16 17:20:00,398.11987,410.1081,563.01685,414.6072531336484,428.8571962448727,424.4585879039521
2013-12-16 17:30:00,393.39072,398.11987,551.33923,400.2652043301143,419.22808130781664,414.9506802009521
2013-12-16 17:40:00,420.64954,393.39072,524.5081,387.7388105779155,404.62564852816445,407.23793887149327
2013-12-16 17:50:00,420.94763,420.64954,573.12134,396.9314276654748,410.8560450403179,427.1716905164835
2013-12-16 18:00:00,408.4403,420.94763,545.51587,400.4146337921129,409.7031401916378,422.811618911721
2013-12-16 18:10:00,403.1662,408.4403,467.90756,400.52958000563785,401.239550851904,412.06784800592004
2013-12-16 18:20:00,375.30722,403.1662,433.94437,394.967247754883,392.9844257265012,407.03517630468616
2013-12-16 18:30:00,387.69104,375.30722,430.5485,375.80432618453864,379.26143982286777,385.1012853457974
2013-12-16 18:40:00,317.02573,387.69104,454.10056,375.4093015571498,382.38207005192464,391.55028091035024
2013-12-16 18:50:00,313.99634,317.02573,427.4783,332.86363292336057,350.54656563159335,335.6216700701465
2013-12-16 19:00:00,308.89267,313.99634,482.74792,320.8583388611924,341.92887308084494,331.1752048717488
2013-12-16 19:10:00,315.10934,308.89267,432.1767,300.9717305515147,324.84614594867566,320.7759381845194
2013-12-16 19:20:00,294.73712,315.10934,421.62415,302.49114261045594,324.2109142112126,325.7347217519273
2013-12-16 19:30:00,305.56464,294.73712,399.09518,291.88848431097193,314.38422145547366,306.45558675502775
2013-12-16 19:40:00,288.98038,305.56464,412.21527,295.322336662941,310.7272241276439,314.96013891796855
2013-12-16 19:50:00,296.96274,288.98038,396.1969,283.8057884990975,297.405336294838,299.2452759573503
2013-12-16 20:00:00,278.65973,296.96274,472.89874,287.68280061547915,302.80940641138034,304.93418219608225
2013-12-16 20:10:00,277.9689,278.65973,725.0135,275.64560782267256,291.5449435641275,288.8586063522158
2013-12-16 20:20:00,308.86118,277.9689,427.22977,273.9361099047216,288.14006440134705,288.16015154783435
2013-12-16 20:30:00,276.30023,308.86118,469.20175,284.9278970824363,294.89101013583735,302.7266027468688
2013-12-16 20:40:00,276.2105,276.30023,391.75143,274.1021281600693,284.33176356170094,283.9153003454641
2013-12-16 20:50:00,229.19164,276.2105,351.93802,275.72019640696055,285.3774155206465,285.5444653537917
2013-12-16 21:00:00,232.1699,229.19164,343.87045,242.35650286070447,259.0523416760301,245.5764998736891
2013-12-16 21:10:00,235.38577,232.1699,335.11694,235.1246796618547,255.22350413160464,247.47820370579268
2013-12-16 21:20:00,230.05829,235.38577,313.08954,225.9800960976421,244.03273490187522,246.52873846022212
2013-12-16 21:30:00,206.91139,230.05829,323.8061,224.5670866358432,241.85969821732715,239.7848058356505
2013-12-16 21:40:00,206.59273,206.91139,355.0163,211.95174852089872,231.0915777449927,221.70517716371415
2013-12-16 21:50:00,223.82169,206.59273,325.50958,206.00765031202351,221.41459386560356,221.13598167134873
2013-12-16 22:00:00,201.09526,223.82169,335.5815,208.8635105158236,219.1506966938324,228.8284635947923
2013-12-16 22:10:00,212.58429,201.09526,338.54166,200.22953890223621,215.64321414312067,212.57533160379916
2013-12-16 22:20:00,212.10052,212.58429,296.956,206.09968013828438,219.7277268820865,220.1283494954921
2013-12-16 22:30:00,210.73923,212.10052,267.311,202.16713472315044,207.91056903039973,214.908553842465
2013-12-16 22:40:00,244.16907,210.73923,286.12018,204.22154342637617,214.10150899017458,215.41775534674787
2013-12-16 22:50:00,243.39943,244.16907,242.99411,220.33807926268943,226.42577018230884,225.98565024864692
2013-12-16 23:00:00,246.40631,243.39943,298.32285,225.96175447879523,222.07092867005827,224.29630279404327
2013-12-16 23:10:00,237.02393,246.40631,312.30997,236.194529793572,229.94160174892716,235.66489079761865
2013-12-16 23:20:00,220.99301,237.02393,305.3551,231.583637342796,227.04295087235724,228.78910646400482
2013-12-16 23:30:00,216.98189,220.99301,387.35873,221.97538402691026,221.28044244624152,220.66766476494962
2013-12-16 23:40:00,236.98285,216.98189,243.9893,214.4522925396342,218.7445433524199,215.59746915756233
2013-12-16 23:50:00,226.60034,236.98285,229.50848,219.75549117687368,222.02952935065704,221.6046661030153
2013-12-17 00:00:00,239.58147,226.60034,213.05301,217.23258707703593,217.25174813817048,214.66813838133214
2013-12-17 00:10:00,228.4571,239.58147,216.86491,226.98599133209356,221.71556186586756,216.82490641111627
2013-12-17 00:20:00,168.88826,228.4571,245.40593,221.07966942601593,217.39943051281955,215.74409525074373
2013-12-17 00:30:00,190.67134,168.88826,304.3909,189.15258632537967,196.13415761687244,179.80499959278194
2013-12-17 00:40:00,219.23782,190.67134,252.46214,187.61669242068317,194.4131378100096,188.86448806283715
2013-12-17 00:50:00,156.49174,219.23782,191.42519,191.10830432277314,185.665218009525,180.93508940491947
2013-12-17 01:00:00,155.9597,156.49174,200.48521,169.49782458807906,183.1488727331348,163.69420223655214
2013-12-17 01:10:00,133.73154,155.9597,158.87279,164.16706482440452,170.35835463936357,163.98565856256278
2013-12-17 01:20:00,137.64418,133.73154,181.48134,138.19123834269018,137.86773687005223,140.86161094360747
2013-12-17 01:30:00,137.20998,137.64418,161.22525,135.96797726751126,150.41597875741653,146.22461788915996
2013-12-17 01:40:00,123.49018,137.20998,169.1347,131.0493661652195,143.0655721889197,138.81958983437812
2013-12-17 01:50:00,131.68423,123.49018,174.25684,124.74306091154826,129.76265009967224,127.37072275094943
2013-12-17 02:00:00,138.14441,131.68423,151.46146,126.2905907639107,135.53795960540853,133.11060544542508
2013-12-17 02:10:00,123.52815,138.14441,147.1149,127.59375608058777,133.0226177820698,133.10333276808842
2013-12-17 02:20:00,130.28345,123.52815,148.81429,123.42293010640599,130.32843209442547,125.71395684531207
2013-12-17 02:30:00,119.14604,130.28345,130.2309,125.76066464469496,132.9025801529109,130.8174081245734
2013-12-17 02:40:00,114.42013,119.14604,134.06197,117.6379347365026,120.9779224297212,119.2255162075067
2013-12-17 02:50:00,116.866035,114.42013,125.30736,114.71265712440615,123.08350084260263,117.8747523279977
2013-12-17 03:00:00,118.64425,116.866035,135.6264,112.4111695758074,118.44438737051848,116.53847712487311
2013-12-17 03:10:00,109.441,118.64425,148.89435,112.62743422374076,114.34467567470017,115.00971208117099
2013-12-17 03:20:00,118.72982,109.441,138.1892,108.87754042782113,117.02533265245638,111.04360718084638
2013-12-17 03:30:00,120.04741,118.72982,152.34435,112.44910648746524,118.41949533115478,119.14565154158817
2013-12-17 03:40:00,104.31598,120.04741,148.27492,112.66000398995382,112.19668339283362,114.04811474316881
2013-12-17 03:50:00,114.99262,104.31598,150.57608,107.20774641686636,115.4979863022357,107.15062102328572
2013-12-17 04:00:00,112.13494,114.99262,134.67537,110.35001214801048,115.77150153479252,114.42142166072465
2013-12-17 04:10:00,103.61794,112.13494,135.48656,107.20369250771986,103.98369769116094,107.482219088222
2013-12-17 04:20:00,113.72734,103.61794,128.59584,105.23944151520566,113.57946389614779,106.43024888073369
2013-12-17 04:30:00,114.4346,113.72734,124.9324,108.50768550851178,113.89711974528679,112.01793878564469
2013-12-17 04:40:00,94.69604,114.4346,135.46475,109.01863330221403,104.76614870640663,109.92436763747631
2013-12-17 04:50:00,115.9539,94.69604,128.11555,101.57183220786676,110.27974246257551,101.09122495251168
2013-12-17 05:00:00,116.544174,115.9539,132.3495,109.68235534444635,114.00630305716282,116.20339549067573
2013-12-17 05:10:00,108.12323,116.544174,138.50386,109.47607190105506,99.53195812911272,109.14096959682651
2013-12-17 05:20:00,115.06267,108.12323,125.004974,111.73376668529784,118.8870601131656,115.1167278147531
2013-12-17 05:30:00,123.88898,115.06267,126.95943,114.65148601928749,117.44041129069242,119.90326439435577
2013-12-17 05:40:00,96.060135,123.88898,130.84413,119.14791702561749,110.34449997336328,120.10560649164827
2013-12-17 05:50:00,120.41797,96.060135,127.87521,108.0665337746376,114.96976444969037,107.2737727676009
2013-12-17 06:00:00,119.85828,120.41797,126.65306,119.02464765535454,122.95586374275891,126.03558503905366
2013-12-17 06:10:00,104.71881,119.85828,213.36858,116.93404795542223,104.9892256699588,117.77047388309444
2013-12-17 06:20:00,127.760216,104.71881,160.11101,116.26195061239103,124.02555584457998,117.53054840023863
2013-12-17 06:30:00,139.63739,127.760216,154.8869,126.6067061058319,130.4547581649701,131.88869765730797
2013-12-17 06:40:00,119.38127,139.63739,158.42677,134.21434475840772,121.26761877935807,133.54188087320057
2013-12-17 06:50:00,144.73672,119.38127,165.46722,133.36931930848704,141.88379589137844,134.72517673135258
2013-12-17 07:00:00,141.27316,144.73672,176.47174,147.64367870214417,152.7330418720845,155.0082994956623
2013-12-17 07:10:00,130.69727,141.27316,193.06224,146.17946086220454,140.34884713081414,148.08961003199764
2013-12-17 07:20:00,148.95131,130.69727,198.94858,147.70340602462068,166.72333560432259,152.9185402552124
2013-12-17 07:30:00,171.60497,148.95131,203.1015,155.72300181357608,173.26680523965598,166.02202721481154
2013-12-17 07:40:00,164.05412,171.60497,221.7253,169.58524992498116,174.28200861784015,176.09891410359882
2013-12-17 07:50:00,198.37105,164.05412,291.68237,176.9297802210973,200.12705205384316,189.4882946553085
2013-12-17 08:00:00,221.76863,198.37105,273.42276,202.03349278554072,224.28412298511844,219.78486084307713
2013-12-17 08:10:00,206.4759,221.76863,283.49362,220.4664781371972,227.3664234724905,227.35188236387776
2013-12-17 08:20:00,228.61266,206.4759,334.43195,228.43155908445652,256.2902263386294,245.8110007430743
2013-12-17 08:30:00,261.49335,228.61266,361.32974,244.96678617058336,265.484936284818,261.8568135509951
2013-12-17 08:40:00,285.2048,261.49335,399.883,263.35120735734415,272.8208590638383,276.7546879094
2013-12-17 08:50:00,308.25397,285.2048,390.26965,290.6152014845293,320.05900254494355,319.44069354665584
2013-12-17 09:00:00,325.068,308.25397,421.11206,318.6230906672801,338.963695110392,339.0999970949868
2013-12-17 09:10:00,325.6025,325.068,422.48038,339.5828996490231,345.9872566952212,350.9151216544939
2013-12-17 09:20:00,355.31122,325.6025,443.24484,349.31487678858383,369.61557380048055,369.2280506968219
2013-12-17 09:30:00,386.1937,355.31122,464.26202,369.6436369314052,387.8960845547275,391.63645601194753
2013-12-17 09:40:00,407.8947,386.1937,473.2578,391.4464368074605,405.362197399897,405.9805135936156
2013-12-17 09:50:00,428.8521,407.8947,491.99133,417.1008832777996,438.39898791003566,438.3385679040722
2013-12-17 10:00:00,421.71506,428.8521,588.71204,440.21862048872663,452.44531626349067,454.94771491177875
2013-12-17 10:10:00,392.97574,421.71506,532.80853,444.42962134505154,452.09349538619796,441.8364118309608
2013-12-17 10:20:00,429.51532,392.97574,794.29736,429.65004803462256,445.89074479523293,433.7458440547288
2013-12-17 10:30:00,415.3208,429.51532,628.60126,439.55436770349684,460.3157662761692,458.43995245258424
2013-12-17 10:40:00,438.95126,415.3208,577.31555,428.69695408950525,458.40001040775365,437.32631557105975
2013-12-17 10:50:00,418.4734,438.95126,592.86743,446.421528564606,482.2510921836582,464.4504670992989
2013-12-17 11:00:00,433.93454,418.4734,619.58417,433.6624915045526,464.2558828974255,447.740357904389
2013-12-17 11:10:00,396.80814,433.93454,624.06647,442.09429863280116,476.1213641387902,449.01827570171014
2013-12-17 11:20:00,429.26703,396.80814,578.15027,417.1868177149038,455.58172894253664,427.59187988710295
2013-12-17 11:30:00,416.04532,429.26703,568.2831,429.6412095751219,469.17664596538475,460.67084037503616
2013-12-17 11:40:00,422.714,416.04532,625.0358,417.53934200641413,459.28686638316395,429.9271604989197
2013-12-17 11:50:00,432.34488,422.714,703.7803,425.9101141117837,470.2297909948068,445.6792805571924
2013-12-17 12:00:00,433.13824,432.34488,697.5408,427.7108812607242,465.34562483408286,454.07726728257154
2013-12-17 12:10:00,427.58282,433.13824,705.87445,430.97053041100816,467.27438179818085,447.06933700395354
2013-12-17 12:20:00,454.12723,427.58282,618.36255,430.0845374091943,466.50304491899954,449.49374340734744
2013-12-17 12:30:00,456.66562,454.12723,724.4446,442.77919876458395,473.28572328592986,469.02766374587105
2013-12-17 12:40:00,489.98682,456.66562,609.69196,447.7165393126162,476.62052769396746,463.36186129253815
2013-12-17 12:50:00,480.5308,489.98682,637.64984,472.87216213539284,498.144073079637,498.0560810554583
2013-12-17 13:00:00,513.75653,480.5308,651.35474,475.48947126219196,491.37147097551525,491.78525309883986
2013-12-17 13:10:00,462.39468,513.75653,616.7305,500.48150686973906,510.2802267358301,512.9756170303666
2013-12-17 13:20:00,466.7787,462.39468,601.6645,477.4962403082285,488.4413077835061,481.34335944192225
2013-12-17 13:30:00,448.93964,466.7787,600.41516,478.94711975158936,489.6558010544493,487.58203690457526
2013-12-17 13:40:00,454.90283,448.93964,638.6345,457.6508102111095,476.73226703051813,460.5007677740542
2013-12-17 13:50:00,490.79303,454.90283,549.2291,459.1077967376083,484.6046814746182,473.919856915898
2013-12-17 14:00:00,474.01227,490.79303,656.58344,475.0634481850615,500.17803170820787,496.745807354243
2013-12-17 14:10:00,439.1712,474.01227,632.0447,475.68197991407925,495.3368286931115,487.69666936902985
2013-12-17 14:20:00,423.7723,439.1712,638.6216,463.276047118861,479.42304683084063,461.7421198247204
2013-12-17 14:30:00,448.14185,423.7723,589.59686,443.96060687793664,460.1499844952254,445.4057696568228
2013-12-17 14:40:00,404.76093,448.14185,571.7532,445.32931465607567,466.96127870993325,457.5915017373539
2013-12-17 14:50:00,441.88425,404.76093,542.0784,422.6106265901554,450.53613331525605,424.94716239641457
2013-12-17 15:00:00,452.8303,441.88425,607.10956,440.440704098659,462.5026016690384,456.5651703378955
2013-12-17 15:10:00,437.8116,452.8303,555.22437,441.81676603548317,457.08719417813006,460.6849175565512
2013-12-17 15:20:00,445.70288,437.8116,576.7374,445.97856996972234,462.75014090564514,455.83842425962206
2013-12-17 15:30:00,475.47665,445.70288,582.6476,449.64800929720144,459.4749720813849,461.4022805168891
2013-12-17 15:40:00,494.75946,475.47665,600.38354,462.2600289983506,465.3529235260078,477.86417533668816
2013-12-17 15:50:00,483.5625,494.75946,614.41736,479.70844211671266,483.1274879025203,495.6591604919725
2013-12-17 16:00:00,485.9706,483.5625,726.8443,484.919942757746,483.5240395373106,487.92675488725223
2013-12-17 16:10:00,480.83713,485.9706,623.30475,488.0164292751493,481.17831641428427,489.56519449472887
2013-12-17 16:20:00,465.7165,480.83713,587.29474,481.61548257468667,480.3886024619164,485.8228599513735
2013-12-17 16:30:00,458.52884,465.7165,581.2714,471.8727774348483,479.15301243727885,476.61698437553
2013-12-17 16:40:00,438.66022,458.52884,539.2695,462.4591438314506,474.9101187281738,465.9952091157642
2013-12-17 16:50:00,462.77255,438.66022,584.37805,445.25612967173527,462.68625127291165,445.8713243168793
2013-12-17 17:00:00,477.7027,462.77255,554.9865,451.04540018612306,470.66730981827277,466.3387692963499
2013-12-17 17:10:00,389.14786,477.7027,560.0204,457.0508614247651,475.11441014325385,473.52339864721523
2013-12-17 17:20:00,437.53378,389.14786,531.44934,417.1458311742871,439.51089989988543,406.0806947430616
2013-12-17 17:30:00,432.2405,437.53378,574.1686,428.909179361093,445.5491294977663,445.00334638344106
2013-12-17 17:40:00,435.55865,432.2405,599.7715,412.2304365841013,427.0549635910557,428.8203064006007
2013-12-17 17:50:00,420.52112,435.55865,543.11694,425.1360038294662,442.2682724959952,438.7819262449594
2013-12-17 18:00:00,409.90198,420.52112,572.6576,415.8465070733068,427.02610146323946,422.55281349667814
2013-12-17 18:10:00,360.38022,409.90198,514.15564,407.61896158257866,410.4569913237232,411.44199209863626
2013-12-17 18:20:00,352.48706,360.38022,457.9328,374.7065665768745,388.3322539004226,374.19007087882596
2013-12-17 18:30:00,317.18256,352.48706,455.84152,358.2030809943996,377.06487150221244,365.9011172039439
2013-12-17 18:40:00,306.57928,317.18256,455.8209,325.60713421308554,347.8083922414966,330.3823320236814
2013-12-17 18:50:00,322.4235,306.57928,463.06876,311.1789312359189,335.72565497995146,321.88069447566073
2013-12-17 19:00:00,280.19443,322.4235,438.2397,308.7135901564072,330.87685716198274,330.9720552800302
2013-12-17 19:10:00,294.9771,280.19443,395.0819,286.76122593519943,308.8502757085479,293.75635921000617
2013-12-17 19:20:00,301.37402,294.9771,441.5278,290.55289408879764,310.5003808236223,308.11031094840155
2013-12-17 19:30:00,287.97885,301.37402,449.03015,286.18990043846406,298.9062206059183,304.5296817346674
2013-12-17 19:40:00,270.97928,287.97885,411.38663,284.522025246334,300.8604466325171,296.8445082368765
2013-12-17 19:50:00,279.32605,270.97928,453.92358,274.6690643863105,292.552845640433,283.5583276639533
2013-12-17 20:00:00,260.42334,279.32605,449.8722,272.64879842601914,285.4743376508458,285.1130773490877
2013-12-17 20:10:00,264.5837,260.42334,389.6934,260.15875947984705,277.12821506322956,269.56234186023215
2013-12-17 20:20:00,269.45193,264.5837,368.29666,260.9658257134022,281.7046560341271,273.74147121127913
2013-12-17 20:30:00,280.7402,269.45193,403.5902,259.60502591724367,273.73979056886793,272.5998967218184
2013-12-17 20:40:00,261.14084,280.7402,343.94238,267.53760982778374,277.48314544540307,276.73473282247454
2013-12-17 20:50:00,241.71455,261.14084,340.82062,260.84064415745803,274.68189700798024,268.6057404628092
2013-12-17 21:00:00,250.11562,241.71455,342.09738,249.4569420458806,263.4050528650293,252.5364394580601
2013-12-17 21:10:00,236.56322,250.11562,333.5143,245.4104833071937,257.81129149616874,255.1686192439144
2013-12-17 21:20:00,234.75609,236.56322,393.0611,234.94891358255046,250.42491753560589,244.0811921686446
2013-12-17 21:30:00,267.14096,234.75609,332.4084,233.44962742978774,251.7110801445633,242.03093110377785
2013-12-17 21:40:00,229.441,267.14096,331.13913,245.96911370187775,253.0484575237912,249.8289423028286
2013-12-17 21:50:00,244.10657,229.441,348.05603,232.1048793595577,240.8941953991844,234.97531001164148
2013-12-17 22:00:00,264.8032,244.10657,444.74457,240.71092334810902,251.01678839583218,246.35583126293182
2013-12-17 22:10:00,245.85448,264.8032,349.2563,244.27328663169777,246.35961143542,243.16583740308513
2013-12-17 22:20:00,221.58432,245.85448,351.5605,242.3785832559235,246.96532199590158,242.68178271876099
2013-12-17 22:30:00,256.73074,221.58432,309.83954,230.67936582225772,240.81116893706715,227.928860510984
2013-12-17 22:40:00,233.24666,256.73074,296.52615,239.44998758941836,241.97560564108906,238.60030888824167
2013-12-17 22:50:00,235.11357,233.24666,308.19022,227.70233255654256,230.86178470306837,227.04547909198175
2013-12-17 23:00:00,228.99998,235.11357,259.6222,233.08183163926992,241.9374610137605,234.40745935591676
2013-12-17 23:10:00,206.64314,228.99998,267.46136,224.2290691518862,228.90930134133998,221.45022980141349
2013-12-17 23:20:00,207.96106,206.64314,271.42334,211.4462047594786,217.78415654579072,212.49407149846928
2013-12-17 23:30:00,216.914,207.96106,363.72168,206.27697393332545,217.7036600696165,211.96320149042862
2013-12-17 23:40:00,213.35614,216.914,327.34995,205.42558229043584,211.4689621585633,205.42206346331741
2013-12-17 23:50:00,296.56644,213.35614,255.8604,205.5623237970381,209.6213363826909,204.7276086420405
2013-12-18 00:00:00,255.416,296.56644,230.65399,246.86980596493987,236.77841396603893,231.1634013353034
2013-12-18 00:10:00,244.91052,255.416,226.42462,242.2150858133076,224.96917972282,211.08427463686732
2013-12-18 00:20:00,210.92163,244.91052,222.9916,250.7835421523225,222.40292347533435,228.62254733682724
2013-12-18 00:30:00,174.07977,210.92163,189.17584,220.64674877375117,209.6301991248337,202.70649452603996
2013-12-18 00:40:00,147.37122,174.07977,193.43237,191.13604998336498,192.4881155360245,174.1173537910718
2013-12-18 00:50:00,163.0528,147.37122,208.59404,161.74369390356088,173.28248225795073,154.41820407115503
2013-12-18 01:00:00,151.51225,163.0528,174.79424,156.89394047330433,165.25756307942913,161.31952227951126
2013-12-18 01:10:00,157.9495,151.51225,187.25842,147.23945645069134,154.23961559376224,148.2147001921132
2013-12-18 01:20:00,164.73448,157.9495,159.40587,152.3465772808691,166.90806718247202,162.10142805246488
2013-12-18 01:30:00,128.66087,164.73448,167.21788,154.02168184100415,156.98197906348125,159.91478975018052
2013-12-18 01:40:00,139.55177,128.66087,170.31654,137.59482636006393,146.36898193395353,135.92422180268807
2013-12-18 01:50:00,140.89879,139.55177,173.94563,138.27635732197504,147.84291011042626,142.36452243330174
2013-12-18 02:00:00,119.64159,140.89879,168.58107,132.23903059786664,129.82041732898668,134.07605544033342
2013-12-18 02:10:00,121.44958,119.64159,163.1242,124.01933537953013,135.6953656340378,120.84944739502197
2013-12-18 02:20:00,129.21811,121.44958,154.575,121.27536556308424,130.32107782460676,123.30501492455889
2013-12-18 02:30:00,120.26048,129.21811,154.07895,120.35177203722492,116.7813896549269,123.40430932627925
2013-12-18 02:40:00,133.38364,120.26048,141.21886,117.6985739563364,127.82758391858398,121.2439006434394
2013-12-18 02:50:00,124.71863,133.38364,152.02554,124.63207593372589,132.21122400209518,131.24258340939645
2013-12-18 03:00:00,114.667,124.71863,138.42694,120.4270658560353,118.10742957491472,121.3383193665825
2013-12-18 03:10:00,116.15415,114.667,167.92001,116.7985703968871,127.31619449577113,116.43823104260508
2013-12-18 03:20:00,130.46722,116.15415,139.41396,113.65132931708938,120.19850560327492,117.39033229869814
2013-12-18 03:30:00,116.77063,130.46722,144.47395,118.6356472102979,114.49405759739956,120.83460115103546
2013-12-18 03:40:00,128.0105,116.77063,144.24509,114.93199321147362,122.88902993567193,115.21458908974881
2013-12-18 03:50:00,127.17906,128.0105,142.08119,121.92464870394339,127.09093507568365,126.21009637424496
2013-12-18 04:00:00,125.3396,127.17906,124.78373,120.35955769778586,116.5783561159125,119.57400891658322
2013-12-18 04:10:00,123.32427,125.3396,120.37642,122.4724772850393,129.49230404938382,124.00500275349343
2013-12-18 04:20:00,122.2453,123.32427,129.82358,121.16862652862861,125.85300187394552,122.78175193988591
2013-12-18 04:30:00,125.040085,122.2453,124.13078,120.11682892731108,118.85476586982195,119.29207352483859
2013-12-18 04:40:00,129.11404,125.040085,118.499466,121.2725142455442,125.83608398613013,122.92263896105469
2013-12-18 04:50:00,121.68601,129.11404,121.048706,124.13685866581402,128.470995492488,126.11580074093969
2013-12-18 05:00:00,129.6081,121.68601,123.6498,122.32932635213703,124.12917308130369,121.74970324232392
2013-12-18 05:10:00,124.357346,129.6081,120.14342,126.73956016680889,129.70401209185206,129.84421151447728
2013-12-18 05:20:00,125.74806,124.357346,131.28777,124.26671790520999,126.9110204216829,128.2861445028402
2013-12-18 05:30:00,138.97485,125.74806,120.65451,126.82311493117606,130.4990277114396,129.89659516211674
2013-12-18 05:40:00,122.60864,138.97485,117.1964,133.44787285376268,134.22875978204536,135.7416608811971
2013-12-18 05:50:00,123.93644,122.60864,115.79891,128.55279501375566,131.92409321788645,126.67190389625914
2013-12-18 06:00:00,133.1699,123.93644,120.11092,130.38995488832876,136.10154853711225,129.34024298162188
2013-12-18 06:10:00,123.553085,133.1699,116.36725,132.26410152187853,132.40859956133875,135.0606395221212
2013-12-18 06:20:00,123.87955,123.553085,138.96892,130.19851908551135,135.39772374006202,130.42854201002476
2013-12-18 06:30:00,131.8597,123.87955,139.8584,131.85080477654589,141.52620508150162,132.42862173960322
2013-12-18 06:40:00,132.6094,131.8597,162.0305,134.63550076856595,137.3774832764281,138.21951662494237
2013-12-18 06:50:00,145.48972,132.6094,153.729,137.7495060383797,143.31844009106283,141.67374056045682
2013-12-18 07:00:00,140.86284,145.48972,158.91656,148.25711103102262,159.8141204666529,153.3848548072816
2013-12-18 07:10:00,157.57309,140.86284,176.35704,149.5513153055935,156.94536704076071,151.51411292679583
2013-12-18 07:20:00,159.35533,157.57309,199.34848,162.55782914942915,172.7910439517814,169.0558357922953
2013-12-18 07:30:00,188.90623,159.35533,245.31488,166.60893615022897,180.2559127668218,171.71930413666936
2013-12-18 07:40:00,211.21736,188.90623,233.92747,189.14651131954352,205.32087092788657,196.65613733221747
2013-12-18 07:50:00,217.77982,211.21736,243.53023,209.00313237415114,225.7047012931585,214.15524770784663
2013-12-18 08:00:00,219.91827,217.77982,289.76422,227.82928388696442,251.75866594979757,236.79842228712252
2013-12-18 08:10:00,245.46777,219.91827,318.57455,237.77258290055937,261.4546479511806,243.94664668280177
2013-12-18 08:20:00,264.30716,245.46777,327.87558,254.9248595306183,279.0429247022493,268.01429223728314
2013-12-18 08:30:00,285.29703,264.30716,352.9084,271.77405289679905,303.34963486992,283.5953622211045
2013-12-18 08:40:00,306.20645,285.29703,540.65546,295.5391379684629,328.65069758048094,306.3867648906406
2013-12-18 08:50:00,320.85147,306.20645,440.37256,317.25860563147944,342.03330486790276,329.1242977732684
2013-12-18 09:00:00,343.3272,320.85147,446.15335,335.80838032581306,358.9429477563855,345.93441391671564
2013-12-18 09:10:00,366.6509,343.3272,526.1428,356.92138321778367,379.0423244854083,371.50156688534975
2013-12-18 09:20:00,368.5966,366.6509,603.60144,377.870218778869,394.3763001690527,389.20588519834763
2013-12-18 09:30:00,405.16156,368.5966,569.9827,389.1241175146751,404.8220708810899,389.4105440241151
2013-12-18 09:40:00,397.11957,405.16156,510.4587,414.7987513851494,428.078348049146,416.61079613251275
2013-12-18 09:50:00,364.34787,397.11957,563.49896,416.4849724190801,428.79660967004304,416.85677015320607
2013-12-18 10:00:00,453.0065,364.34787,553.70795,403.90920300371675,418.72089834466163,395.82782460456474
2013-12-18 10:10:00,440.78848,453.0065,634.26373,440.9269908476442,457.4624654300976,456.7602209571997
2013-12-18 10:20:00,400.68402,440.78848,616.4752,440.8173300574561,463.59128602983117,451.11284986601817
2013-12-18 10:30:00,395.1529,400.68402,618.3671,438.7174316072416,461.00555297036914,428.9696314067621
2013-12-18 10:40:00,390.37625,395.1529,519.5865,421.62756356936353,433.74055118616513,420.9965272856099
2013-12-18 10:50:00,403.72412,390.37625,549.1142,404.9138207444937,434.16113126933146,410.58726947693043
2013-12-18 11:00:00,436.17606,403.72412,591.38776,407.4326984010002,454.53808973775983,424.1804921114019
2013-12-18 11:10:00,396.53345,436.17606,520.1284,423.8241486846407,465.6982565792257,448.0486405112884
2013-12-18 11:20:00,451.5255,396.53345,550.4478,410.73630321020676,449.51994406366543,415.5228281277717
2013-12-18 11:30:00,438.36414,451.5255,602.43774,438.9702024001592,478.568634539411,466.0910463372724
2013-12-18 11:40:00,447.4501,438.36414,551.09235,430.7092512310537,466.44864849915047,451.51996542248645
2013-12-18 11:50:00,449.22833,447.4501,631.02527,446.6132202984614,483.8089893372177,456.8754588333429
2013-12-18 12:00:00,452.0265,449.22833,631.8765,444.70653148032505,475.11679337441916,460.1234332507053
2013-12-18 12:10:00,466.42606,452.0265,651.4568,448.0542391559657,477.76475945663776,462.1919195922451
2013-12-18 12:20:00,423.4583,466.42606,643.1494,455.9905003637974,489.2020692338882,475.0109462667286
2013-12-18 12:30:00,492.1612,423.4583,652.9878,436.1136236246939,465.07756223118207,441.2920228306401
2013-12-18 12:40:00,515.108,492.1612,607.7227,467.227221121598,496.1561635044884,491.67443189225764
2013-12-18 12:50:00,487.59076,515.108,631.9516,480.8305007235385,509.7607602630651,508.1995554790883
2013-12-18 13:00:00,499.7159,487.59076,623.4381,490.6115502162016,512.6800698208596,498.80700844892
2013-12-18 13:10:00,443.83502,499.7159,602.5544,498.08429410331036,505.85796287980963,510.9960221949066
2013-12-18 13:20:00,432.8919,443.83502,611.55304,463.57907664460475,476.527714273705,459.45935879450104
2013-12-18 13:30:00,419.65445,432.8919,599.718,450.29952089101084,472.6581721175165,449.8639610508196
2013-12-18 13:40:00,443.54874,419.65445,553.06134,427.6896199313716,456.25856588871534,437.1050643192317
2013-12-18 13:50:00,462.73468,443.54874,619.54016,435.56677668248113,469.33136842128886,454.0075073030266
2013-12-18 14:00:00,418.5488,462.73468,589.70984,447.42275267433325,481.3402444148141,468.55476516113595
2013-12-18 14:10:00,409.08893,418.5488,588.4216,434.61291052000985,459.5638793900446,440.1234634084961
2013-12-18 14:20:00,414.0399,409.08893,579.7736,426.12982771839734,443.88516081198867,429.6092347718516
2013-12-18 14:30:00,479.83707,414.0399,560.2589,416.13568167500586,436.7194325412541,432.80752766229756
2013-12-18 14:40:00,491.05045,479.83707,539.5792,448.88501105876776,471.6323634538976,476.16690138902504
2013-12-18 14:50:00,508.74268,491.05045,616.14496,469.6833212549599,481.4077643197324,485.8915933193829
2013-12-18 15:00:00,483.4487,508.74268,594.179,500.0642763770023,491.48236639139117,508.46539080712506
2013-12-18 15:10:00,424.30804,483.4487,581.8574,492.9761544533039,476.926273380592,487.9363807710189
2013-12-18 15:20:00,416.8191,424.30804,587.2235,459.21079759988345,450.6197950675216,441.21511246509124
2013-12-18 15:30:00,430.67764,416.8191,517.9611,436.8513758905097,440.4599989117089,433.69318380244647
2013-12-18 15:40:00,403.4078,430.67764,600.63336,427.364377735698,442.5496832307041,438.9350881772403
2013-12-18 15:50:00,437.58994,403.4078,618.76636,412.79841975314633,436.077458723495,414.0971016598078
2013-12-18 16:00:00,436.36707,437.58994,698.4279,428.44431866281144,448.4924140323681,441.8875375577514
2013-12-18 16:10:00,425.0375,436.36707,630.93726,426.4244608101811,442.10151188354916,437.9241041176913
2013-12-18 16:20:00,412.0742,425.0375,578.1594,428.4380313209371,444.2006748543954,434.15239074094427
2013-12-18 16:30:00,434.4275,412.0742,622.97174,417.90476941803075,431.8229873506379,424.2081710915479
2013-12-18 16:40:00,389.53516,434.4275,590.6574,423.1902072955989,434.54717725417925,436.49474706997125
2013-12-18 16:50:00,398.36325,389.53516,572.55347,399.18779136510153,417.7272119924198,401.4011357223011
2013-12-18 17:00:00,399.61963,398.36325,558.2289,399.8990173525663,417.26110879884527,408.0897407044452
2013-12-18 17:10:00,398.1594,399.61963,511.9561,389.95517509004566,406.4885676059881,404.2280200691382
2013-12-18 17:20:00,372.0125,398.1594,533.19763,390.8681511572263,408.45806777823674,409.2066350833992
2013-12-18 17:30:00,399.04724,372.0125,528.408,376.20449051088565,394.3371424322809,385.36031647291617
2013-12-18 17:40:00,412.7759,399.04724,579.29,384.2011555373791,394.5297567385519,403.77709501361824
2013-12-18 17:50:00,400.04248,412.7759,548.57214,388.9655882736203,395.26132676495365,405.09033933656985
2013-12-18 18:00:00,388.85596,400.04248,502.01352,391.7736830994081,395.49810968263745,402.505129582173
2013-12-18 18:10:00,345.4894,388.85596,484.76865,386.50343856033174,384.1969361806256,391.34286715354835
2013-12-18 18:20:00,358.2827,345.4894,546.8793,357.5381661178331,360.03973845941084,353.85137954067403
2013-12-18 18:30:00,338.05554,358.2827,530.8555,353.18559266194836,360.2465482862017,363.64454563741407
2013-12-18 18:40:00,303.06726,338.05554,512.1074,334.1348427457806,348.22606740929376,341.5993477710756
2013-12-18 18:50:00,323.8831,303.06726,503.07596,314.58724867761975,332.0508003230992,311.4235475244193
2013-12-18 19:00:00,335.7768,323.8831,468.03992,314.09500828446863,328.73272375726253,325.5530178735944
2013-12-18 19:10:00,289.76953,335.7768,446.83096,315.30308910953266,326.1799355162317,331.83163750806233
2013-12-18 19:20:00,316.3364,289.76953,480.68253,298.9341546763409,317.08746385289214,298.60200218041314
2013-12-18 19:30:00,320.68015,316.3364,482.3798,307.3254298265783,315.4890192911817,313.8027027073083
2013-12-18 19:40:00,272.3468,320.68015,472.858,303.1755717306834,306.5886861663916,308.65746757187526
2013-12-18 19:50:00,274.22037,272.3468,428.14883,285.41281207960077,301.6728888009919,280.2913505377768
2013-12-18 20:00:00,288.55472,274.22037,392.23608,278.5306587170913,290.5745103333667,281.59365654747296
2013-12-18 20:10:00,249.67783,288.55472,399.19913,274.6697939365739,281.29807531173395,284.46181249818295
2013-12-18 20:20:00,267.04333,249.67783,353.9647,257.51951755683655,277.99549324327,261.3519890336357
2013-12-18 20:30:00,282.11926,267.04333,328.41345,263.05798797397284,278.87533754580727,273.1621039584279
2013-12-18 20:40:00,249.44452,282.11926,328.35748,264.35244067186454,268.13082407105827,270.7942824552904
2013-12-18 20:50:00,267.8275,249.44452,268.77863,254.89369778729775,269.9515799242548,257.54412568480063
2013-12-18 21:00:00,253.83536,267.8275,294.6503,262.22313301238006,271.4005184514782,267.98645328615476
2013-12-18 21:10:00,233.38791,253.83536,254.75072,250.20737017481198,254.43464978894977,252.23259558265258
2013-12-18 21:20:00,212.91241,233.38791,255.71507,241.22532469404692,255.54115709621854,242.9519247492068
2013-12-18 21:30:00,232.85887,212.91241,288.41434,222.68056080324365,239.13018197065608,224.41680848600518
2013-12-18 21:40:00,250.4268,232.85887,264.80496,224.24931027262522,232.724408567557,233.39062210817818
2013-12-18 21:50:00,219.11517,250.4268,283.6759,231.53029503318484,239.04884471260078,240.43520570806524
2013-12-18 22:00:00,255.69724,219.11517,265.6421,223.904805147754,239.11497636994818,225.040101487465
2013-12-18 22:10:00,217.3196,255.69724,256.35294,241.23425976334929,240.22078244229442,242.8006731059947
2013-12-18 22:20:00,204.45326,217.3196,265.58893,220.01981676871932,222.138476174092,221.67957546277168
2013-12-18 22:30:00,228.96458,204.45326,246.75865,214.66831463125857,228.0734013550729,214.0534095528988
2013-12-18 22:40:00,190.17178,228.96458,259.9883,215.62661610656156,220.8462222488709,218.15725226744465
2013-12-18 22:50:00,191.55013,190.17178,258.6998,196.40474986163633,203.82831380467096,197.14954893490895
2013-12-18 23:00:00,197.34534,191.55013,272.7989,195.6715980249532,210.95656107383573,197.84537505789245
2013-12-18 23:10:00,195.7871,197.34534,267.14404,189.40601910947098,194.84337050599925,197.90327048933176
2013-12-18 23:20:00,180.00418,195.7871,238.3936,189.97613393482166,196.05786312252516,197.54398118454432
2013-12-18 23:30:00,196.43991,180.00418,215.7389,182.69671189552963,196.52902821690373,187.16601174838257
2013-12-18 23:40:00,190.74933,196.43991,215.72339,187.75062265859506,191.00223218846332,192.28960600015728
2013-12-18 23:50:00,194.92308,190.74933,228.8516,183.84458385822631,185.34381196211746,185.36475672042602
2013-12-19 00:00:00,201.87186,194.92308,202.0345,189.15576551365643,197.72613573633822,193.30527928125125
2013-12-19 00:10:00,211.59512,201.87186,202.96306,191.9905165563412,189.3244027181545,183.6657241087638
2013-12-19 00:20:00,183.01277,211.59512,184.56311,199.33257281526957,191.31723869368486,192.42806372528082
2013-12-19 00:30:00,178.59364,183.01277,197.75697,187.91003601883037,188.61743241149009,182.61747506600943
2013-12-19 00:40:00,165.27507,178.59364,231.79652,182.41941923525127,179.27214734939955,174.68907692419995
2013-12-19 00:50:00,163.18436,165.27507,185.18423,167.57179041398157,166.57053044075053,164.66768763348728
2013-12-19 01:00:00,181.81667,163.18436,181.0297,162.79935280220664,169.26310246477385,164.85432537007216
2013-12-19 01:10:00,165.33997,181.81667,199.43657,168.49721872498137,170.03047367687137,167.99730027256743
2013-12-19 01:20:00,145.30888,165.33997,195.79666,163.06484970953457,164.60855098761948,159.29332465990578
2013-12-19 01:30:00,157.39503,145.30888,204.4917,153.6663458059639,159.60883225817352,152.97176876529312
2013-12-19 01:40:00,136.58754,157.39503,260.4158,152.35689654112846,151.69958524376804,156.63346596703934
2013-12-19 01:50:00,141.35976,136.58754,180.99162,138.646419608234,141.91020682980093,139.2429375693845
2013-12-19 02:00:00,150.88872,141.35976,180.31885,140.17483542068206,149.34751344739905,145.3281745508058
2013-12-19 02:10:00,129.73221,150.88872,175.58759,140.6947789757935,139.57005361887437,139.62643689664426
2013-12-19 02:20:00,131.15851,129.73221,154.10345,132.65461148191554,137.820348715619,131.50361224079796
2013-12-19 02:30:00,134.51103,131.15851,166.77151,131.6983924254134,138.52759336532813,136.6863873983539
2013-12-19 02:40:00,115.093346,134.51103,153.5652,128.48848697867822,126.3167322568124,130.67940765693706
2013-12-19 02:50:00,111.27065,115.093346,151.87334,119.15632738436592,126.5777162334386,117.98039244336418
2013-12-19 03:00:00,124.08969,111.27065,183.9369,114.21188808280426,122.37038989118561,117.35310306902406
2013-12-19 03:10:00,112.5405,124.08969,141.11235,115.38737722815985,112.40272454828856,117.65767995804718
2013-12-19 03:20:00,115.29367,112.5405,152.02563,110.96982260930858,116.39225649266899,112.30643155758942
2013-12-19 03:30:00,126.48834,115.29367,150.97562,113.5487414745056,122.4648953563724,118.93787044437015
2013-12-19 03:40:00,110.687126,126.48834,157.77939,116.92107037947639,113.59653779718474,114.9231991668605
2013-12-19 03:50:00,120.50854,110.687126,157.49457,111.76535437355729,116.28898477062876,110.25041382214654
2013-12-19 04:00:00,131.90503,120.50854,146.73488,116.91173308171784,123.11709500288444,120.33817276261627
2013-12-19 04:10:00,120.52263,131.90503,143.42175,120.69281193884541,115.0090292892785,113.99735293649172
2013-12-19 04:20:00,120.45009,120.52263,146.6129,120.07603214041382,123.57913161366925,116.05304492139447
2013-12-19 04:30:00,126.49913,120.45009,147.94176,121.12307276439368,124.61328140774403,122.69688870357307
2013-12-19 04:40:00,111.13631,126.49913,135.97615,121.80176207547565,116.97739325278349,120.69390223676378
2013-12-19 04:50:00,121.03852,111.13631,144.35721,115.2281880800857,119.21370643774445,113.05808764303013
2013-12-19 05:00:00,126.21571,121.03852,138.40045,119.6016350925973,123.8208913251093,123.42098277806174
2013-12-19 05:10:00,116.65266,126.21571,129.49991,120.80087093906954,116.7669221539743,117.27944780432084
2013-12-19 05:20:00,116.268234,116.65266,136.5827,120.11986445281678,124.99167576613536,117.86425775067909
2013-12-19 05:30:00,134.36256,116.268234,141.00449,120.06097124820282,123.75159908947393,121.96783253208439
2013-12-19 05:40:00,116.41182,134.36256,131.42285,127.71847828691412,122.91596040271409,127.61505785441224
2013-12-19 05:50:00,124.47835,116.41182,130.33029,122.45439892000877,125.83278601728944,120.69295338817084
2013-12-19 06:00:00,139.99629,124.47835,129.43916,129.02657005194328,132.93538080386853,130.0824824716709
2013-12-19 06:10:00,126.18686,139.99629,137.37833,134.94944639478265,129.51126280326858,129.09039558485932
2013-12-19 06:20:00,127.668724,126.18686,135.99957,133.96485989347198,137.60273649035526,132.71296785624102
2013-12-19 06:30:00,141.92062,127.668724,142.80502,137.16846685354102,142.48065909057377,137.7304148410095
2013-12-19 06:40:00,135.36845,141.92062,155.52708,142.48700555878082,140.7704179739646,141.76550229187964
2013-12-19 06:50:00,137.3237,135.36845,209.32231,143.2736580055144,149.61405257549842,145.37524291270236
2013-12-19 07:00:00,154.48257,137.3237,175.33267,148.0120577493891,160.43663173162204,152.32273774886235
2013-12-19 07:10:00,177.32286,154.48257,179.25957,156.99943311597582,164.19289466211777,155.3084637219204
2013-12-19 07:20:00,161.1314,177.32286,211.5204,174.56854612571888,185.58723939445912,175.90340996739442
2013-12-19 07:30:00,199.71272,161.1314,239.18073,176.71992334566121,198.85034960868592,181.0872681838152
2013-12-19 07:40:00,188.35149,199.71272,220.61765,202.46546471808563,220.55051184025794,203.3586599671747
2013-12-19 07:50:00,199.95493,188.35149,234.10007,200.32649619067035,216.80909483033312,202.18176411594942
2013-12-19 08:00:00,222.78133,199.95493,276.24442,216.9221543703165,248.77769334593555,224.72296369231663
2013-12-19 08:10:00,271.2017,222.78133,303.94394,229.3430104162135,254.89142699254134,229.55448463249053
2013-12-19 08:20:00,255.22154,271.2017,329.61252,264.60821038788157,289.34136868893444,270.65410868198813
2013-12-19 08:30:00,271.5018,255.22154,336.25095,274.1069237893225,305.9781952087082,280.8294735053919
2013-12-19 08:40:00,291.83566,271.5018,355.4247,294.5868089286956,311.40711128695034,296.46790056433855
2013-12-19 08:50:00,320.8125,291.83566,432.21732,304.44664072173185,316.5074183220127,310.22735110522416
2013-12-19 09:00:00,344.3421,320.8125,442.5091,329.3492838445647,353.09091743093296,342.9271814272961
2013-12-19 09:10:00,332.4126,344.3421,530.02954,354.0554945654965,371.39701286232065,353.8760654999488
2013-12-19 09:20:00,366.2785,332.4126,512.3771,359.86509089005585,366.4952541396565,352.70445135048186
2013-12-19 09:30:00,391.6177,366.2785,528.2581,381.653186747953,390.3974672824509,389.9639266240547
2013-12-19 09:40:00,436.46368,391.6177,520.39374,397.3837329494542,407.7625433562779,402.3602201121101
2013-12-19 09:50:00,385.0047,436.46368,480.65897,435.3124236148533,444.00255715806264,438.2191519578981
2013-12-19 10:00:00,398.88727,385.0047,538.71796,420.91035137240067,423.8645610742229,409.09790835076046
2013-12-19 10:10:00,420.68768,398.88727,555.54095,427.87639546184386,426.81517067513033,410.0093282470763
2013-12-19 10:20:00,392.21588,420.68768,531.4975,426.07821361765895,437.40644272233675,428.0423170056745
2013-12-19 10:30:00,403.93063,392.21588,608.1205,416.05243041678824,437.87668525094756,415.7052407331691
2013-12-19 10:40:00,458.5356,403.93063,643.06354,420.041087336921,438.9836063209493,415.227006884757
2013-12-19 10:50:00,422.3772,458.5356,483.95825,441.0400933046258,465.8181158548288,456.7346110587359
2013-12-19 11:00:00,455.90335,422.3772,506.4416,433.75851236016683,464.69036393959203,443.3752793263006
2013-12-19 11:10:00,469.61014,455.90335,537.8562,457.1478922593272,478.7849358366399,460.94720831457994
2013-12-19 11:20:00,477.4652,469.61014,523.9224,459.05576674783794,479.87348101327495,464.1483868816923
2013-12-19 11:30:00,437.1664,477.4652,540.4471,473.2362229887672,500.32339707094593,490.6428918862617
2013-12-19 11:40:00,396.51617,437.1664,506.95477,454.72203423981034,475.38053635465167,450.4497799350151
2013-12-19 11:50:00,414.63382,396.51617,589.154,424.5505058855124,443.6880753332152,415.4706626853552
2013-12-19 12:00:00,430.2351,414.63382,563.0592,415.3843985049868,448.80633450460147,432.04649657075066
2013-12-19 12:10:00,461.0702,430.2351,613.07495,415.5725715837415,460.6556555261236,440.80282331452764
2013-12-19 12:20:00,459.16763,461.0702,704.9147,438.82157271852884,483.85745131300246,462.99670558455034
2013-12-19 12:30:00,467.874,459.16763,625.85657,447.7901154842989,481.1315012383521,474.5275198866643
2013-12-19 12:40:00,460.6528,467.874,656.3963,460.01966399348765,484.2110123098737,479.3476238603542
2013-12-19 12:50:00,452.32297,460.6528,618.97516,457.3663341645125,477.4942322344264,468.00699702098115
2013-12-19 13:00:00,529.2573,452.32297,663.8212,453.92121872578576,471.52782828715436,466.394583167837
2013-12-19 13:10:00,497.7546,529.2573,615.71,490.09971803980943,505.84771466019305,514.7019427474113
2013-12-19 13:20:00,451.2596,497.7546,586.69226,487.457417494474,496.89543734808973,494.7909055065872
2013-12-19 13:30:00,479.42114,451.2596,593.4686,476.96685948161985,476.6639999499741,469.2781577931332
2013-12-19 13:40:00,471.35376,479.42114,636.3239,475.9003852270788,475.9871390227778,488.1757812960591
2013-12-19 13:50:00,432.20593,471.35376,610.2121,465.6825993216212,474.48715679593306,474.9648314495165
2013-12-19 14:00:00,441.9019,432.20593,622.8649,450.8807450349997,464.0395549115319,448.1247378788115
2013-12-19 14:10:00,426.81714,441.9019,591.58276,446.9614995230153,456.9181160545161,452.90734044834136
2013-12-19 14:20:00,413.50095,426.81714,674.53064,431.12612895921984,444.8557811389634,436.9560744086102
2013-12-19 14:30:00,468.51175,413.50095,562.6452,423.80776584620367,442.03499585841655,430.6514892092923
2013-12-19 14:40:00,400.7992,468.51175,563.14075,446.28236048770185,460.0574906713186,465.7138002548791
2013-12-19 14:50:00,452.9089,400.7992,537.4413,417.5418485230966,427.8170395154065,413.0704520153812
2013-12-19 15:00:00,406.18985,452.9089,512.5088,446.5591900760618,450.2521646974021,461.9545893472615
2013-12-19 15:10:00,405.886,406.18985,554.738,414.0638027155472,418.14882917473636,419.8434686752777
2013-12-19 15:20:00,426.61884,405.886,568.1894,418.05186347850014,421.29794839281703,417.0798410671005
2013-12-19 15:30:00,423.71335,426.61884,605.6518,416.5763202713703,421.320929464505,432.5595605529415
2013-12-19 15:40:00,437.0807,423.71335,607.0782,418.51474563983896,421.1211663351704,430.3394864366424
2013-12-19 15:50:00,448.18387,437.0807,613.7167,429.8356708253152,430.059698144357,440.51196450102066
2013-12-19 16:00:00,415.2896,448.18387,624.0794,436.66289959240623,432.1702524287101,449.26202008417175
2013-12-19 16:10:00,421.09488,415.2896,626.5968,423.9031613904611,420.51498816344116,422.2767213111336
2013-12-19 16:20:00,430.80652,421.09488,566.00903,422.4185799881235,421.2947503339863,423.4638693175107
2013-12-19 16:30:00,400.89923,430.80652,549.01715,419.13226014618556,422.3953416146184,431.43858650347556
2013-12-19 16:40:00,403.47195,400.89923,540.82263,405.62091356498877,413.81773030551466,406.9488535412176
2013-12-19 16:50:00,413.04276,403.47195,545.4855,402.5971964969646,412.0002594517054,408.79383379449433
2013-12-19 17:00:00,412.03055,413.04276,552.08594,399.43389932570966,409.67313650072117,412.8280567461172
2013-12-19 17:10:00,373.65326,412.03055,500.83133,400.4503929904697,411.49729997607164,409.67096700900777
2013-12-19 17:20:00,371.508,373.65326,531.3405,381.37478966662707,394.8125616907079,383.30920486592464
2013-12-19 17:30:00,403.45676,371.508,550.1466,371.81648897308975,383.1197252490015,378.2979692087078
2013-12-19 17:40:00,367.27127,403.45676,472.82828,377.4166005589288,386.57440899384244,402.1790480950449
2013-12-19 17:50:00,379.86523,367.27127,507.87244,363.70722075196716,375.83367965448025,372.94876650329456
2013-12-19 18:00:00,353.2432,379.86523,467.7272,370.9308906354197,375.2238017542264,380.8941564133535
2013-12-19 18:10:00,344.99582,353.2432,455.2553,349.9633248678747,353.9738923257932,357.29732892710996
2013-12-19 18:20:00,362.7181,344.99582,471.37735,343.3570391340949,348.0291323203487,352.5297171967526
2013-12-19 18:30:00,375.13086,362.7181,464.2753,344.08012554291764,348.8867202482368,365.24451993401647
2013-12-19 18:40:00,343.16666,375.13086,409.81674,351.478461017557,351.6965355566233,368.9324907318172
2013-12-19 18:50:00,309.43698,343.16666,418.1117,341.88853310647926,341.9437620974629,342.58118925037803
2013-12-19 19:00:00,337.24,309.43698,442.29016,320.7310556131269,322.9759989368422,317.4794406020928
2013-12-19 19:10:00,321.13602,337.24,505.4088,321.3763740793423,324.51161636550245,336.16920124803175
2013-12-19 19:20:00,271.3871,321.13602,409.38046,310.0348783283163,319.8716882130499,322.67107738089425
2013-12-19 19:30:00,312.0386,271.3871,393.94446,287.3218918178192,303.55806993006985,284.35565698827986
2013-12-19 19:40:00,305.63815,312.0386,383.36816,295.6943756217481,303.95753535377014,308.41113979559356
2013-12-19 19:50:00,303.1521,305.63815,416.96515,287.7845362678974,295.94120168356517,302.48468106772094
2013-12-19 20:00:00,306.46738,303.1521,355.56393,296.3545897129519,310.06989054429306,303.77731496387383
2013-12-19 20:10:00,272.17056,306.46738,411.76587,296.20670032055835,300.7237735134725,297.49167503159015
2013-12-19 20:20:00,259.97293,272.17056,369.06238,278.2510528350953,284.6032778390167,278.52999229846205
2013-12-19 20:30:00,255.39899,259.97293,319.9396,266.1462017651808,278.05277401633,268.3826551203951
2013-12-19 20:40:00,276.05728,255.39899,338.3396,253.30645613206752,267.75810158608266,261.9367655555462
2013-12-19 20:50:00,247.84692,276.05728,300.26712,260.0616335605737,272.31658078536674,270.78300157644094
2013-12-19 21:00:00,206.87009,247.84692,287.21515,248.28162499290298,264.75953495186354,253.91299325955413
2013-12-19 21:10:00,231.74825,206.87009,302.0584,225.33782395044844,242.2625748937979,221.13554909456374
2013-12-19 21:20:00,233.31473,231.74825,309.1609,224.46824020934446,233.68028336127054,239.388566875733
2013-12-19 21:30:00,205.93713,233.31473,302.63293,219.63909000057131,229.59137274220168,238.05259828075816
2013-12-19 21:40:00,216.59816,205.93713,296.22983,212.02270726845384,234.99933035864024,216.92940380878093
2013-12-19 21:50:00,221.61896,216.59816,282.28033,212.78854250335235,220.42485100458714,221.31184392189434
2013-12-19 22:00:00,321.69818,221.61896,285.91882,210.41931546662764,211.97097729610536,220.61348599257616
2013-12-19 22:10:00,235.24788,321.69818,279.93143,261.24818013652094,262.0713940491388,263.3048187287367
2013-12-19 22:20:00,240.86682,235.24788,287.50705,239.4074745354394,239.01879894784253,231.13951095567666
2013-12-19 22:30:00,234.24455,240.86682,307.263,251.31772211867732,230.32276178764076,238.98372751633707
2013-12-19 22:40:00,212.98723,234.24455,298.8806,228.821797042337,223.75780063906043,227.29607401252366
2013-12-19 22:50:00,192.55061,212.98723,263.99268,217.5250064464813,225.9644201337232,220.78215822043487
2013-12-19 23:00:00,223.51692,192.55061,253.88295,200.6589274240561,211.75141961444015,199.63700245843845
2013-12-19 23:10:00,210.10477,223.51692,288.684,207.5392484151929,211.70917898121274,214.75922223421182
2013-12-19 23:20:00,215.93355,210.10477,266.7114,201.28706545700163,209.49894641238717,206.36833444674343
2013-12-19 23:30:00,236.02872,215.93355,287.88513,209.78979743056465,218.6704995589811,220.5766714697134
2013-12-19 23:40:00,203.47826,236.02872,265.15155,217.50881869112817,213.41921552521256,218.08223062334707
2013-12-19 23:50:00,199.8494,203.47826,248.61296,205.96543317119125,208.5225992119588,203.72354447037296
2013-12-20 00:00:00,226.54163,199.8494,249.45345,202.73868893532415,204.83057239752472,204.27118873675457
2013-12-20 00:10:00,187.05673,226.54163,218.39838,207.61280404430343,202.6363328530086,197.1136106650824
2013-12-20 00:20:00,205.37225,187.05673,215.69487,191.23935156149332,193.83437642891462,177.24208348016168
2013-12-20 00:30:00,197.6619,205.37225,235.90233,200.0135100126631,196.8536759434106,203.25699982153705
2013-12-20 00:40:00,196.68939,197.6619,202.23422,189.74735312512053,183.292126916656,191.9217095319782
2013-12-20 00:50:00,203.68866,196.68939,189.08083,192.5111533045631,191.14319521731792,198.87429834498099
2013-12-20 01:00:00,184.5251,203.68866,225.33614,193.95551706194055,187.9426738806563,200.9697930972869
2013-12-20 01:10:00,173.98016,184.5251,211.77757,185.0275452861297,180.7073619637905,183.84920962805595
2013-12-20 01:20:00,171.43692,173.98016,218.9009,177.44287876317,176.08183259248185,177.24788374457626
2013-12-20 01:30:00,163.29672,171.43692,216.682,169.48671115159934,168.57394772715128,178.96119986713956
2013-12-20 01:40:00,146.07663,163.29672,264.77713,162.09110327550772,164.84516517701502,166.5755005404728
2013-12-20 01:50:00,149.73862,146.07663,201.60822,150.65232387334373,157.13393797923715,154.40168746824648
2013-12-20 02:00:00,148.85658,149.73862,176.77014,147.36703888119928,151.08513724566177,155.69417536247153
2013-12-20 02:10:00,142.46878,148.85658,209.0842,143.30332351481735,146.2471185207889,148.94461985902686
2013-12-20 02:20:00,140.63976,142.46878,153.3008,140.72041649234373,148.5287962565082,147.953030403734
2013-12-20 02:30:00,147.13998,140.63976,160.1465,138.3017867949676,142.42193944970958,143.32967646285138
2013-12-20 02:40:00,138.73961,147.13998,148.48076,139.6659925644797,139.91141993460766,145.00408841934467
2013-12-20 02:50:00,129.70705,138.73961,161.49146,136.10844075458652,140.80325147529007,139.43630033103733
2013-12-20 03:00:00,130.47299,129.70705,168.03311,131.36082737006862,135.80819089681657,132.91661188164503
2013-12-20 03:10:00,112.333305,130.47299,141.44786,128.04617280835302,128.57976123369255,129.52551848760427
2013-12-20 03:20:00,120.65233,112.333305,146.72635,116.3217085509488,121.67017533467447,117.19762034062369
2013-12-20 03:30:00,122.07977,120.65233,156.44933,117.56631372271704,123.62004532823272,125.31338189189901
2013-12-20 03:40:00,120.67787,122.07977,137.93399,115.45263944749931,115.21414553495251,119.72610521432
2013-12-20 03:50:00,110.47641,120.67787,149.83661,117.37643391317538,122.82924155595855,121.0291643558432
2013-12-20 04:00:00,110.68954,110.47641,152.8848,112.26749828462196,118.12285069382457,114.41484728155304
2013-12-20 04:10:00,110.58662,110.68954,130.47429,110.3315336425675,111.32362931489232,112.62214958083783
2013-12-20 04:20:00,110.99482,110.58662,151.92163,108.05335399489775,110.33336640961483,111.19628891355053
2013-12-20 04:30:00,109.52567,110.99482,139.95198,108.64312495115728,113.93488064709409,112.11966217015463
2013-12-20 04:40:00,109.801,109.52567,131.17389,108.32007123717806,111.05436656470249,108.4904148604638
2013-12-20 04:50:00,106.38982,109.801,135.60329,108.73336826454965,110.45238144696609,111.04073754288648
2013-12-20 05:00:00,110.83235,106.38982,140.226,107.08973947189234,110.66172711405902,109.09496182835845
2013-12-20 05:10:00,113.31079,110.83235,128.1374,109.3980424444232,111.56188105132742,111.24631747990296
2013-12-20 05:20:00,115.652275,113.31079,136.95189,111.28905753156604,111.3304257783066,112.68006878318165
2013-12-20 05:30:00,119.07109,115.652275,135.58778,114.9227249627794,116.57249513403332,117.01372282668824
2013-12-20 05:40:00,123.66393,119.07109,138.6853,118.63684095223569,118.98177741791707,119.2237372836251
2013-12-20 05:50:00,117.47154,123.66393,136.181,123.23662503170976,121.24219025233603,123.58821194488968
2013-12-20 06:00:00,123.72082,117.47154,134.40816,122.5867588351761,122.3504100375216,120.55804245793249
2013-12-20 06:10:00,129.58826,123.72082,135.37653,126.8855772130645,126.47307461226599,126.03527223948512
2013-12-20 06:20:00,133.05788,129.58826,161.16301,130.5514024182333,128.24785691342584,131.14903168406795
2013-12-20 06:30:00,130.71696,133.05788,151.24312,136.4342127833854,136.71418994108427,136.95110288231388
2013-12-20 06:40:00,124.373474,130.71696,150.52802,138.49234491325882,140.21383456923178,136.06377871991918
2013-12-20 06:50:00,137.94267,124.373474,162.62239,136.2435683106488,139.21977908383545,133.1608455292844
2013-12-20 07:00:00,145.2947,137.94267,166.06584,142.7954874201368,148.46224023207907,147.51577058658773
2013-12-20 07:10:00,141.15848,145.2947,168.67294,148.77614661962076,156.92767847820824,153.70922060607398
2013-12-20 07:20:00,176.91716,141.15848,183.27531,152.96302717854564,167.53856094788046,153.50614854926624
2013-12-20 07:30:00,186.33917,176.91716,199.32608,174.76320841113912,190.95962618065585,180.5762031990239
2013-12-20 07:40:00,208.56851,186.33917,202.85698,187.2546788188568,202.96512153533428,190.85470363666084
2013-12-20 07:50:00,220.1937,208.56851,255.73505,214.015195038184,241.88263528378235,219.03466570722156
2013-12-20 08:00:00,236.61429,220.1937,288.31314,228.99300487440348,254.14231244706187,230.8361245607746
2013-12-20 08:10:00,248.43965,236.61429,285.32227,248.24294496819667,272.7941492940339,249.23499217705324
2013-12-20 08:20:00,236.1525,248.43965,313.7582,262.4181086060421,291.9849953202602,264.32691568766046
2013-12-20 08:30:00,270.63953,236.1525,343.49094,262.85813238247835,289.4418184644864,259.9004041260195
2013-12-20 08:40:00,294.07272,270.63953,348.24283,283.223263186457,308.9308460088958,284.42702646072286
2013-12-20 08:50:00,309.89822,294.07272,370.34457,299.59512402336594,326.55963451719003,311.46800897076713
2013-12-20 09:00:00,289.10022,309.89822,375.33917,323.89834562595803,352.33026928185444,332.57443402820036
2013-12-20 09:10:00,320.02072,289.10022,406.73926,321.32530576545486,337.61865991255854,315.12616219258194
2013-12-20 09:20:00,303.3536,320.02072,406.32806,337.8685168648248,349.89741979531993,340.18287602412676
2013-12-20 09:30:00,327.6208,303.3536,397.28876,327.41769011044926,343.8059221280615,323.90056700590617
2013-12-20 09:40:00,358.9717,327.6208,418.0881,344.9269792087545,363.7478810754134,347.62727734002
2013-12-20 09:50:00,346.27194,358.9717,423.34592,360.5115636390584,374.86798462303494,369.0605417526118
2013-12-20 10:00:00,350.80508,346.27194,446.12338,365.34749781115045,378.8859033274481,365.4044766791862
2013-12-20 10:10:00,358.63403,350.80508,509.39197,371.87859050085467,382.34057636995135,370.50936860092816
2013-12-20 10:20:00,347.36084,358.63403,473.27737,371.28605655109203,379.5650628840753,375.6568755885139
2013-12-20 10:30:00,380.91196,347.36084,480.4471,365.52806328704247,380.1408197732515,367.86404587389666
2013-12-20 10:40:00,365.66446,380.91196,432.12875,381.3319370226444,399.05048170021774,396.39432630803844
2013-12-20 10:50:00,361.81265,365.66446,472.0005,374.4968186051908,389.9474752547405,379.94345404021203
2013-12-20 11:00:00,371.92752,361.81265,456.55173,376.2852661677922,393.30275850160314,378.36764444663777
2013-12-20 11:10:00,357.8076,371.92752,471.9702,374.8680114739927,392.91102144506567,384.8826839034371
2013-12-20 11:20:00,360.27295,357.8076,447.60773,366.31361995603834,386.4991798433946,373.3804918827638
2013-12-20 11:30:00,408.6015,360.27295,456.19965,365.8168005640763,389.0795813229605,373.12041750872015
2013-12-20 11:40:00,399.9059,408.6015,432.50113,386.17800276282014,410.47734203184996,410.8849728779636
2013-12-20 11:50:00,359.953,399.9059,487.59943,390.7855591077043,411.0370614549069,403.3984740618341
2013-12-20 12:00:00,392.1811,359.953,476.44186,379.2367265982112,393.577096945807,374.80780210136294
2013-12-20 12:10:00,379.50375,392.1811,443.1812,385.6403291326372,399.3143733011004,399.9825669302378
2013-12-20 12:20:00,376.40958,379.50375,443.45114,374.1879108972708,390.9839726553953,389.6915397470073
2013-12-20 12:30:00,411.91486,376.40958,707.235,378.1774723221359,397.4573801227315,391.43757523738174
2013-12-20 12:40:00,386.7974,411.91486,437.80478,392.4489724922749,408.178381949709,416.2597405678784
2013-12-20 12:50:00,365.74777,386.7974,477.62875,385.43412393626755,396.3162255748817,397.8534234057317
2013-12-20 13:00:00,395.74792,365.74777,513.61115,378.44663383671787,388.9678988523354,383.60716926411686
2013-12-20 13:10:00,394.49823,395.74792,450.56064,384.0743843930391,395.7773993376442,406.0823001130352
2013-12-20 13:20:00,404.02127,394.49823,504.039,384.05857626112294,395.1195888986132,404.8445891955584
2013-12-20 13:30:00,403.62936,404.02127,447.63358,397.336068110088,406.39434221159064,412.944468425781
2013-12-20 13:40:00,349.444,403.62936,436.98254,399.13076786819084,403.12428381396586,411.47506207920895
2013-12-20 13:50:00,389.8939,349.444,460.2431,372.2962920862603,376.23840263885444,364.73689026156575
2013-12-20 14:00:00,418.99683,389.8939,439.82602,383.87386172464306,391.635955284174,401.1655096101611
2013-12-20 14:10:00,385.54453,418.99683,439.44122,392.813647751789,400.36682575702633,420.1144432126346
2013-12-20 14:20:00,336.67703,385.54453,447.17468,392.7515876746444,396.46219940548815,397.27306747162777
2013-12-20 14:30:00,374.8539,336.67703,420.51794,366.5285580166156,368.34124853230287,354.3837236996282
2013-12-20 14:40:00,350.28653,374.8539,447.7209,369.7166903488313,375.25976602258396,384.56791021929797
2013-12-20 14:50:00,347.0375,350.28653,495.8298,351.4642207408012,360.66186500519717,366.3071125749355
2013-12-20 15:00:00,397.3746,347.0375,442.67368,354.9178110378221,365.0773444164588,362.7157412988857
2013-12-20 15:10:00,377.01508,397.3746,415.33884,373.8058089813447,379.07207701766487,397.4774318941241
2013-12-20 15:20:00,387.24405,377.01508,462.21695,372.1214365276784,370.88591151965613,385.6187060368914
2013-12-20 15:30:00,365.91037,387.24405,440.87634,386.70467105749174,381.8187134660933,393.6599308204551
2013-12-20 15:40:00,366.65256,365.91037,444.2006,371.3733268303541,368.86157924680344,372.5205896401634
2013-12-20 15:50:00,361.98227,366.65256,522.7494,369.5181171810647,369.2135936863796,377.0398938539423
2013-12-20 16:00:00,400.1405,361.98227,472.62515,360.88524183651185,366.61108951854146,372.99891989674677
2013-12-20 16:10:00,339.33746,400.1405,447.4578,379.02556301242294,383.549081443557,398.287439029025
2013-12-20 16:20:00,376.03207,339.33746,440.54807,351.99963808111875,360.17674919831785,351.9733102943588
2013-12-20 16:30:00,375.3451,376.03207,408.72162,368.50653033919406,373.47218858841734,381.1980485457999
2013-12-20 16:40:00,343.79706,375.3451,428.15924,358.67459691569553,366.31001710872926,379.15933080813227
2013-12-20 16:50:00,334.7428,343.79706,434.84653,350.58847484654956,360.1568687043006,358.0835622250894
2013-12-20 17:00:00,376.43478,334.7428,436.93167,338.5355393792804,350.4124688822287,347.1412473603783
2013-12-20 17:10:00,353.9143,376.43478,388.9247,349.3079852425343,357.834015460903,376.65571066432824
2013-12-20 17:20:00,330.53958,353.9143,401.2747,342.66027795368933,350.9354975913651,360.2722432673509
2013-12-20 17:30:00,329.3039,330.53958,362.3249,335.87030349027543,343.1096914183317,341.9604365934338
2013-12-20 17:40:00,306.85446,329.3039,369.1791,324.59325306961745,332.5226979759021,336.484842706506
2013-12-20 17:50:00,320.23453,306.85446,367.08136,306.1521684496513,316.74786819535706,320.8685337590785
2013-12-20 18:00:00,344.30502,320.23453,371.9769,308.0031579772353,319.12127438143585,329.67122203146346
2013-12-20 18:10:00,322.92935,344.30502,389.51508,316.4385954775543,323.13143209895446,343.9830092808531
2013-12-20 18:20:00,291.34262,322.92935,381.58218,313.41523530479856,317.1210772376838,327.31618691602927
2013-12-20 18:30:00,308.2243,291.34262,341.53687,298.3371080866273,303.0474966922389,301.65452191922503
2013-12-20 18:40:00,281.61545,308.2243,352.8957,295.9559321559152,302.7256923084219,312.84261034458586
2013-12-20 18:50:00,283.5449,281.61545,364.24332,277.44759281590206,290.55498284669846,292.4320651212805
2013-12-20 19:00:00,268.4673,283.5449,336.46814,277.59229677746515,292.3841206765829,291.0386834913366
2013-12-20 19:10:00,240.45013,268.4673,354.15106,263.62756951051455,280.2521431664926,276.0801084988329
2013-12-20 19:20:00,259.49792,240.45013,314.56677,246.4042487265693,265.85051829269776,256.4132294144273
2013-12-20 19:30:00,253.69565,259.49792,308.89902,247.56100210533526,265.2687352327144,269.03440340362823
2013-12-20 19:40:00,251.26164,253.69565,299.8125,241.30921602099818,258.3956650085928,261.75432778739145
2013-12-20 19:50:00,273.0319,251.26164,281.24203,244.02168822454914,262.4053216046321,260.46720963569874
2013-12-20 20:00:00,251.41023,273.0319,257.38443,253.23546910322457,264.0126140432426,274.1992329805565
2013-12-20 20:10:00,253.25638,251.41023,252.79015,245.8982000082892,257.0297082707266,257.8006674449184
2013-12-20 20:20:00,242.06165,253.25638,271.85388,248.3994491876863,259.05348927230995,259.9231870701484
2013-12-20 20:30:00,241.38182,242.06165,250.62744,237.7063627230196,249.5401971095947,250.7939577968775
2013-12-20 20:40:00,229.14763,241.38182,268.19205,235.7872948146681,249.03554876736936,248.18958352396953
2013-12-20 20:50:00,213.60077,229.14763,231.86336,226.55256872529506,242.28832143095988,241.38947191334236
2013-12-20 21:00:00,231.06714,213.60077,243.96704,215.85858189754745,233.17388926145102,227.60456987345339
2013-12-20 21:10:00,225.89972,231.06714,232.0757,218.9572542258267,232.7465353009875,236.08436494390102
2013-12-20 21:20:00,238.02132,225.89972,233.63037,215.67693328638856,229.58655970955215,233.2137563488149
2013-12-20 21:30:00,220.2637,238.02132,244.4099,225.3910548071829,238.11452209292563,240.34040021403712
2013-12-20 21:40:00,184.10243,220.2637,247.141,217.14842070937817,227.1817124668168,226.08010010559678
2013-12-20 21:50:00,190.42174,184.10243,267.29562,196.95079441373983,211.58857450896267,200.20326410529574
2013-12-20 22:00:00,230.08096,190.42174,299.3282,189.4631798418895,203.40530064145776,202.07610534660893
2013-12-20 22:10:00,206.30241,230.08096,301.45325,201.08663039611704,207.63395589640152,223.02565184590023
2013-12-20 22:20:00,215.00984,206.30241,295.03787,198.63534754969228,213.63654310806652,208.44798216796295
2013-12-20 22:30:00,223.54947,215.00984,260.05252,208.7835072378661,213.67035978368284,217.67417584830235
2013-12-20 22:40:00,201.63763,223.54947,206.97473,208.65551773492777,206.917587321345,219.11903798164556
2013-12-20 22:50:00,202.92584,201.63763,212.43074,201.07213757488208,210.22704752360627,209.56385700830063
2013-12-20 23:00:00,227.14658,202.92584,206.55545,199.57484178126478,206.56773761139567,208.84771490233393
2013-12-20 23:10:00,180.17586,227.14658,195.61922,206.3625731504178,206.95732986744704,214.91125950988885
2013-12-20 23:20:00,205.51768,180.17586,202.56125,186.71569012634865,198.08991487853012,188.819034480966
2013-12-20 23:30:00,198.92279,205.51768,235.11627,196.97451447857486,201.45376094886947,207.024303670955
2013-12-20 23:40:00,187.88202,198.92279,191.78928,186.78790166007641,187.82395849556207,194.66953974631645
2013-12-20 23:50:00,199.51549,187.88202,197.12112,186.33140941049282,197.78963291483893,193.65298810274103
2013-12-21 00:00:00,182.43814,199.51549,235.29312,196.19845300042772,192.35839971966587,196.8048013404908
2013-12-21 00:10:00,219.55376,182.43814,201.1776,182.48970002491112,184.8281820385268,190.37465826459334
2013-12-21 00:20:00,202.25441,219.55376,188.59222,199.43991444811468,208.95014401767324,209.45338819284154
2013-12-21 00:30:00,182.85146,202.25441,190.25627,191.3575301831931,195.23123702234972,188.7726798622006
2013-12-21 00:40:00,167.86642,182.85146,207.46385,187.35622017911192,191.42431514766676,184.437258684047
2013-12-21 00:50:00,183.85889,167.86642,176.00168,171.65501555732746,179.9230371610991,176.58075107944856
2013-12-21 01:00:00,166.21535,183.85889,187.7564,172.46825412515278,178.31405159600055,185.48372330873025
2013-12-21 01:10:00,151.49698,166.21535,178.86024,162.67656771309055,170.403720853198,170.64581693982586
2013-12-21 01:20:00,159.34564,151.49698,201.77048,155.4454929447002,165.07555835664562,163.7190481232082
2013-12-21 01:30:00,150.08536,159.34564,173.04395,152.61935275287163,156.5817356959732,159.86534419211335
2013-12-21 01:40:00,151.33401,150.08536,149.77144,145.67318878175135,151.08908102109157,156.02365611254754
2013-12-21 01:50:00,150.81717,151.33401,157.1584,146.518193993885,154.41458623023297,158.2945965254782
2013-12-21 02:00:00,150.41809,150.81717,149.98207,144.16619000844193,146.42396675828596,149.67521018238105
2013-12-21 02:10:00,140.84453,150.41809,143.8868,144.1623250285517,146.89633787946553,151.0016155709343
2013-12-21 02:20:00,131.63774,140.84453,155.80327,138.97641873072018,144.29436564185994,146.20905638815003
2013-12-21 02:30:00,133.34111,131.63774,153.34636,132.20734531198204,136.4543894734241,138.40330993472452
2013-12-21 02:40:00,127.53789,133.34111,136.57558,129.06543586354837,132.219756461107,137.06528966014884
2013-12-21 02:50:00,125.2789,127.53789,151.924,124.12547531810209,128.57905641790725,133.59942872113479
2013-12-21 03:00:00,129.84613,125.2789,155.74345,122.30706728785121,127.08065152068133,131.20650424391712
2013-12-21 03:10:00,117.31764,129.84613,129.65735,122.81565574818426,124.36781806358555,128.8679944478984
2013-12-21 03:20:00,124.63312,117.31764,138.48502,116.69378658634973,120.62116503162501,124.60212158819702
2013-12-21 03:30:00,120.69326,124.63312,138.79703,119.34483869403896,122.99974201684923,127.55539423694199
2013-12-21 03:40:00,122.201775,120.69326,131.3701,115.72303458631474,115.71477061785737,121.73439529916064
2013-12-21 03:50:00,125.36942,122.201775,128.50554,117.80417404239887,120.53650048875429,125.40331970914337
2013-12-21 04:00:00,125.113884,125.36942,137.7257,118.93504505802335,119.72352351660832,122.38211626176991
2013-12-21 04:10:00,117.906,125.113884,116.85684,120.09091403332783,118.97333599335306,123.18048533979074
2013-12-21 04:20:00,114.62,117.906,132.37477,117.42579256150593,119.13729213181892,120.98169283163915
2013-12-21 04:30:00,131.93936,114.62,128.08105,114.62882799729488,115.72990564972348,119.6377130166343
2013-12-21 04:40:00,118.24544,131.93936,111.58638,121.42019381506938,118.22202041908834,120.69745461358238
2013-12-21 04:50:00,125.18788,118.24544,121.12989,117.40400425019827,116.34811086550883,120.83160052591828
2013-12-21 05:00:00,122.69039,125.18788,125.38662,123.51840333254562,122.64876602414735,126.17048973055687
2013-12-21 05:10:00,109.16753,122.69039,114.861694,120.69288651189657,116.54861464710449,119.21680044980803
2013-12-21 05:20:00,118.4336,109.16753,127.91849,115.3365464339291,116.70412446453369,119.49081012283423
2013-12-21 05:30:00,122.52358,118.4336,128.35045,117.79198471669623,117.74407851597637,120.93411640764599
2013-12-21 05:40:00,106.35411,122.52358,114.4119,118.96700004645591,112.46456475161251,119.38361505955048
2013-12-21 05:50:00,117.52057,106.35411,114.91692,114.2718392578815,115.01021621580634,114.53104764946919
2013-12-21 06:00:00,118.75848,117.52057,120.82894,119.07758272006572,117.6633296377673,121.22535336378168
2013-12-21 06:10:00,104.01083,118.75848,113.72185,118.50705739690946,110.78612110151126,116.33298686719557
2013-12-21 06:20:00,111.61757,104.01083,121.41936,114.45031200248447,115.45274785379235,114.34925438535227
2013-12-21 06:30:00,108.565285,111.61757,122.52565,116.91902871886738,115.28755865703648,117.18394905221567
2013-12-21 06:40:00,106.19185,108.565285,116.7947,113.61029600031884,105.5497199810095,109.3036748208886
2013-12-21 06:50:00,106.50049,106.19185,126.19568,114.56429016917455,113.82671543455415,115.22276564463716
2013-12-21 07:00:00,117.65572,106.50049,141.68796,114.15731651179794,112.41606906543564,113.24026128490418
2013-12-21 07:10:00,108.20366,117.65572,130.99985,120.49782645373287,112.62650133768113,116.14675987263632
2013-12-21 07:20:00,126.85126,108.20366,152.50491,118.30383385122134,114.38096810526892,117.2232843664681
2013-12-21 07:30:00,134.5214,126.85126,174.01802,130.69523100927705,126.22836392482584,129.34247731957882
2013-12-21 07:40:00,133.02585,134.5214,138.84032,136.73310629348535,125.98553219031663,126.61964702040444
2013-12-21 07:50:00,199.15228,133.02585,159.57384,143.9562379854267,138.36967004041352,138.05199337147837
2013-12-21 08:00:00,138.77042,199.15228,167.47348,181.44734342277025,169.73519387729627,169.6926032324042
2013-12-21 08:10:00,118.52369,138.77042,155.83737,162.00501980445804,152.1771487141089,144.4495906532375
2013-12-21 08:20:00,132.03731,118.52369,163.11981,154.45197930997992,153.40999741200733,133.73364654135156
2013-12-21 08:30:00,132.37862,132.03731,201.09811,144.102096632412,145.82994901436265,143.49248793256342
2013-12-21 08:40:00,140.64569,132.37862,171.86938,141.31534589494518,137.5653362705331,143.37408403920193
2013-12-21 08:50:00,159.44238,140.64569,158.61649,150.04742917721288,151.67999779490276,153.05416450379764
2013-12-21 09:00:00,151.22517,159.44238,191.44786,162.11506827151482,158.34074792034846,159.21575216060603
2013-12-21 09:10:00,170.33246,151.22517,198.51695,163.69982283880913,156.02849147356653,158.41164027971098
2013-12-21 09:20:00,178.69403,170.33246,203.2494,177.76159616275731,172.2825444099885,181.50038085726226
2013-12-21 09:30:00,185.44736,178.69403,226.55489,183.32687866229267,173.91222524372256,178.0953877558835
2013-12-21 09:40:00,201.68225,185.44736,220.24905,193.86891732752423,183.7791156339419,186.68447337471014
2013-12-21 09:50:00,192.42221,201.68225,233.999,205.74776725727182,195.23956830048982,201.25962266335628
2013-12-21 10:00:00,182.36609,192.42221,230.66858,204.87350275098936,195.19533714281428,200.08090698443507
2013-12-21 10:10:00,194.14255,182.36609,211.50908,200.47950173200073,195.51298648372554,194.406824822081
2013-12-21 10:20:00,216.97105,194.14255,270.90298,201.31363015920238,199.92451407830873,206.75437898639217
2013-12-21 10:30:00,190.7908,216.97105,257.67294,211.93502182958585,210.718427252108,216.2569382585041
2013-12-21 10:40:00,243.40971,190.7908,242.69167,204.45789399578996,203.41898001420606,205.72878148397757
2013-12-21 10:50:00,190.12512,243.40971,255.36986,232.36892151878783,227.2506792351491,230.3839423299325
2013-12-21 11:00:00,185.51224,190.12512,251.05098,205.47936913861935,201.36817107012126,200.90863862106823
2013-12-21 11:10:00,198.76375,185.51224,242.51578,204.88445203469175,203.34662841184334,197.69289786186314
2013-12-21 11:20:00,186.65831,198.76375,270.21667,197.16645658389234,200.65033665627604,202.26080422069782
2013-12-21 11:30:00,194.07503,186.65831,255.72424,191.2226378422581,196.33116312147817,196.02414082734293
2013-12-21 11:40:00,174.01619,194.07503,253.76334,195.63248383149437,201.19999310240172,198.5126024814387
2013-12-21 11:50:00,215.90868,174.01619,271.17703,182.351335565426,185.91708369512403,183.8199160714667
2013-12-21 12:00:00,226.22017,215.90868,266.79614,201.74723262365438,205.87825600262875,208.77896475836158
2013-12-21 12:10:00,212.2599,226.22017,263.81842,209.3223815069446,209.09067739356666,215.94077497521957
2013-12-21 12:20:00,205.27014,212.2599,275.44083,215.9126411388998,209.90953093441797,216.05253897616367
2013-12-21 12:30:00,202.56546,205.27014,253.25859,211.83385952845433,204.17432450789838,209.2239571453458
2013-12-21 12:40:00,177.00522,202.56546,294.06158,205.36388772799,203.32034829636922,207.69243169483045
2013-12-21 12:50:00,179.55933,177.00522,274.72156,188.93437058145696,193.2727408696158,188.49460574931476
2013-12-21 13:00:00,183.23112,179.55933,261.18582,184.78008831543255,190.7576303340951,190.31775342637715
2013-12-21 13:10:00,176.44737,183.23112,249.283,180.88733398658445,187.70874717079792,190.6188055116469
2013-12-21 13:20:00,181.52118,176.44737,268.03256,178.87180077858477,186.40235660522265,190.29393933592817
2013-12-21 13:30:00,180.92867,181.52118,264.35123,181.4430713145649,186.63599010102504,191.66399617316435
2013-12-21 13:40:00,188.75398,180.92867,267.56128,180.5926678708733,183.4991401997777,184.0564454991789
2013-12-21 13:50:00,149.59572,188.75398,340.48584,186.25994415385813,188.9678072454057,192.37491923714694
2013-12-21 14:00:00,176.43616,149.59572,252.5809,166.02185017991567,168.89860601075432,162.50642673944768
2013-12-21 14:10:00,198.15216,176.43616,253.51881,175.28438759425646,177.81934481285825,184.0791281885821
2013-12-21 14:20:00,206.72466,198.15216,278.78564,181.39667418339909,182.41388562190787,195.50621893621351
2013-12-21 14:30:00,233.14551,206.72466,255.07936,198.54236348744595,196.71232513288572,203.242104024372
2013-12-21 14:40:00,259.7655,233.14551,245.88004,220.30198421459576,203.66628435575268,220.63933567950562
2013-12-21 14:50:00,202.98341,259.7655,272.4425,241.81346041408113,213.05842968329412,236.52271562827622
2013-12-21 15:00:00,208.60226,202.98341,269.73056,223.62810257578386,197.0115157493277,212.04603597597614
2013-12-21 15:10:00,191.18358,208.60226,245.88792,222.2451049033118,198.86818899076,218.92331092449453
2013-12-21 15:20:00,189.78036,191.18358,280.53452,199.6530789684897,194.02459751098516,197.91032766897683
2013-12-21 15:30:00,205.43434,189.78036,263.75217,196.65926781455414,197.14796685394504,197.6025848260679
2013-12-21 15:40:00,201.48085,205.43434,257.8568,199.88905790608715,203.19883842474496,210.6044385026143
2013-12-21 15:50:00,172.71072,201.48085,258.08078,200.23472004035227,201.94736034188418,209.97617834953968
2013-12-21 16:00:00,178.94531,172.71072,265.51135,187.25314653090786,189.85458030972532,186.69727031609705
2013-12-21 16:10:00,180.73866,178.94531,314.74817,183.70407470058103,187.22211468955825,196.2648642502114
2013-12-21 16:20:00,187.56293,180.73866,355.5696,178.11306594527312,184.30772137539864,188.6127151583753
2013-12-21 16:30:00,176.59628,187.56293,426.0836,183.27809650740662,190.84859860391626,193.30770055334324
2013-12-21 16:40:00,165.07281,176.59628,332.54248,178.79237499093418,183.86882869804134,186.21066406319844
2013-12-21 16:50:00,169.1848,165.07281,349.54666,171.63705180761332,176.8812953234762,179.4174712325717
2013-12-21 17:00:00,167.91913,169.1848,340.54807,168.41534920347013,176.69111597813787,183.77143243935586
2013-12-21 17:10:00,176.32155,167.91913,362.77026,165.1467061980362,175.562863710671,181.07352395653064
2013-12-21 17:20:00,158.40942,176.32155,349.37775,169.9384646129984,179.72198229331968,191.6321612914948
2013-12-21 17:30:00,175.97954,158.40942,302.8819,161.3698292235034,171.01828466590345,179.18120958180776
2013-12-21 17:40:00,152.85696,175.97954,255.68988,168.90415394942661,177.556277720252,189.64062427717778
2013-12-21 17:50:00,179.7263,152.85696,281.2753,155.2170457045766,166.63453176301732,171.59931266965827
2013-12-21 18:00:00,167.42908,179.7263,250.79123,168.92401717677748,180.03005033725665,192.85826648392506
2013-12-21 18:10:00,159.60512,167.42908,249.0833,161.60306009556712,171.15936391771302,179.865314071047
2013-12-21 18:20:00,153.86523,159.60512,255.61609,161.9599591506695,173.71624552260113,177.09508076745936
2013-12-21 18:30:00,187.02913,153.86523,254.3681,154.26505290624462,166.02023115790215,172.53518986966145
2013-12-21 18:40:00,149.56786,187.02913,262.41568,167.72062860462054,177.46266869050916,190.2548953569923
2013-12-21 18:50:00,150.73662,149.56786,219.14944,153.2191720756183,168.12966199856518,165.77117350725274
2013-12-21 19:00:00,170.44525,150.73662,217.62099,154.96862472487143,166.30547008445478,172.87444021557738
2013-12-21 19:10:00,164.497,170.44525,204.34953,156.2055116557571,164.10653322166618,182.13429240150316
2013-12-21 19:20:00,163.06174,164.497,225.81068,157.4351784419865,172.50144777590307,178.02689239012457
2013-12-21 19:30:00,164.95013,163.06174,204.18164,160.81602614683112,173.59415030433948,178.34017905142164
2013-12-21 19:40:00,156.92894,164.95013,198.01268,160.0926040880258,166.70539786377827,179.87660840184608
2013-12-21 19:50:00,164.33722,156.92894,230.3526,155.9747175641413,168.43928329724466,175.8393397015921
2013-12-21 20:00:00,177.27745,164.33722,196.08327,158.86076246601982,172.76759443474452,183.01125246872675
2013-12-21 20:10:00,172.05244,177.27745,199.25888,164.84624371387665,172.64979439877376,187.80208880947941
2013-12-21 20:20:00,162.90594,172.05244,217.81102,166.81556135546853,175.75553985585074,183.69527753628802
2013-12-21 20:30:00,156.93756,162.90594,221.54793,164.4072066086981,173.35352153460013,179.60573066270968
2013-12-21 20:40:00,175.70866,156.93756,229.52127,158.22056939575225,166.9156079384347,175.70404960774945
2013-12-21 20:50:00,167.45755,175.70866,247.94225,164.44896640848862,173.87083561378586,187.7443365479292
2013-12-21 21:00:00,164.30373,167.45755,222.79865,162.3300754398964,173.33645200391604,181.15806860211197
2013-12-21 21:10:00,163.96216,164.30373,242.07922,163.99560982434934,172.73069548330565,179.2610989754542
2013-12-21 21:20:00,188.6726,163.96216,237.63724,161.0990240567463,167.81220167650716,178.86174842551858
2013-12-21 21:30:00,143.49615,188.6726,217.09709,172.63152964585666,178.73647355442677,192.59741563180555
2013-12-21 21:40:00,156.20804,143.49615,216.6141,153.25270362025566,165.53891187814318,162.4673065697203
2013-12-21 21:50:00,181.33429,156.20804,217.43333,157.52073918284992,165.14882038312763,174.52105919500917
2013-12-21 22:00:00,149.80502,181.33429,248.11179,161.22246074596916,162.5074170271765,182.07951613737865
2013-12-21 22:10:00,146.9103,149.80502,206.9537,153.28263608884794,167.52377656026005,165.0952651622867
2013-12-21 22:20:00,158.93486,146.9103,226.9922,151.80408928979475,159.30558634313837,163.32889950121103
2013-12-21 22:30:00,146.80031,158.93486,256.26508,149.77591621413512,151.5870247614438,168.3760666909
2013-12-21 22:40:00,207.00111,146.80031,220.90999,144.9434314918084,159.35226577865643,160.24506788647136
2013-12-21 22:50:00,194.73099,207.00111,232.85945,174.84589918114474,178.82912680257238,190.78505404124311
2013-12-21 23:00:00,219.75253,194.73099,244.4352,177.27847184878425,168.9230570666562,181.01604237237922
2013-12-21 23:10:00,212.66878,219.75253,224.91273,204.4379922368824,190.98662914857928,202.70949056357838
2013-12-21 23:20:00,192.55832,212.66878,242.54297,202.31314690859082,186.5953622435175,199.46685008794967
2013-12-21 23:30:00,154.48996,192.55832,212.11632,196.68189502320158,184.62513669542633,197.93790618952235
2013-12-21 23:40:00,145.22711,154.48996,198.84387,169.85643142309553,172.75802932537144,168.55286361350534
2013-12-21 23:50:00,156.58481,145.22711,202.10149,153.10732007247262,164.6944574275972,159.96877063810302
2013-12-22 00:00:00,165.41101,156.58481,194.6307,148.4117666155268,157.36313205238847,166.43846990934645
2013-12-22 00:10:00,152.6291,165.41101,191.40173,152.52533456119062,162.02312202695222,174.55539614866
2013-12-22 00:20:00,164.75125,152.6291,185.56836,150.63039030820667,165.37361048780033,161.3062404385161
2013-12-22 00:30:00,154.35237,164.75125,186.40565,156.60476607531623,163.9481427241187,168.78208600476543
2013-12-22 00:40:00,161.13478,154.35237,193.9068,150.27015249422067,157.9278653556696,164.34363436176062
2013-12-22 00:50:00,171.04141,161.13478,189.81296,154.82629698144942,166.82102414522598,166.40777727555064
2013-12-22 01:00:00,161.6614,171.04141,216.65218,158.38932929471935,161.78093542751662,164.14598224467625
2013-12-22 01:10:00,154.53482,161.6614,164.73593,157.25566917226112,159.40803254580212,162.98145707416245
2013-12-22 01:20:00,167.98799,154.53482,199.87169,154.16828824140842,160.13407969267934,159.48499340295518
2013-12-22 01:30:00,182.8851,167.98799,201.60854,157.31691421453903,159.12936905846948,164.4824664829773
2013-12-22 01:40:00,150.25659,182.8851,174.78937,165.314912705233,162.7915426386492,169.9460383489652
2013-12-22 01:50:00,157.15146,150.25659,179.29465,154.71857001870953,157.5284856780719,159.07460353471288
2013-12-22 02:00:00,148.39832,157.15146,189.14142,155.79120325078918,155.3682290506587,159.71615364993286
2013-12-22 02:10:00,130.67526,148.39832,171.96127,144.64569944808588,144.9682819797836,152.96197967156814
2013-12-22 02:20:00,149.1655,130.67526,178.66505,135.16467304030033,143.98090520780855,142.5131248850107
2013-12-22 02:30:00,145.57996,149.1655,172.52032,139.2377863679305,142.64044534429053,147.2548268537614
2013-12-22 02:40:00,132.01509,145.57996,178.79913,136.38332226796155,132.5539503215382,142.83888447497367
2013-12-22 02:50:00,139.09514,132.01509,172.0408,133.39114093543895,139.62534854459446,139.51737545950422
2013-12-22 03:00:00,131.95244,139.09514,159.32065,133.63697682868772,135.25055453371985,137.9449799546566
2013-12-22 03:10:00,122.29982,131.95244,138.37468,127.93466074848536,126.59771827172598,131.27301177807834
2013-12-22 03:20:00,129.41908,122.29982,153.53029,123.30238594985309,130.4657703617577,129.31230456968962
2013-12-22 03:30:00,117.509926,129.41908,144.97327,123.50411438425486,125.807108964912,128.79815842661466
2013-12-22 03:40:00,122.54684,117.509926,146.23555,116.36608569066718,115.51050049873095,119.8514015733333
2013-12-22 03:50:00,116.48724,122.54684,145.92921,118.64585398454932,123.98894460188099,126.43730708881849
2013-12-22 04:00:00,108.66286,116.48724,138.54172,113.68647428792879,115.76688534740369,118.07914957510123
2013-12-22 04:10:00,107.04401,108.66286,154.7152,109.88478373387726,112.15165768601155,115.59153001893716
2013-12-22 04:20:00,125.335365,107.04401,137.53348,106.33984961846416,110.58464914400128,113.43125987803589
2013-12-22 04:30:00,120.24188,125.335365,131.6525,113.56838011012603,111.71246215795426,119.09168526877178
2013-12-22 04:40:00,110.82409,120.24188,128.67528,114.56824582396027,111.70514825295513,116.99246011154513
2013-12-22 04:50:00,111.04855,110.82409,135.93387,113.88973369760565,115.30388983758485,115.6387363676085
2013-12-22 05:00:00,105.34055,111.04855,122.81312,111.45112911939957,110.2980758801461,111.85875244451589
2013-12-22 05:10:00,105.36648,105.34055,120.50137,106.6137447373463,105.37573848715583,109.55698119859193
2013-12-22 05:20:00,101.662476,105.36648,123.3767,106.14937190427696,107.72861833682502,110.09303969391178
2013-12-22 05:30:00,96.36962,101.662476,113.43962,103.30720478838784,101.78293218071661,102.58149887663315
2013-12-22 05:40:00,95.22995,96.36962,116.013,100.32398086856855,99.11960294642265,99.09359424971264
2013-12-22 05:50:00,99.73728,95.22995,117.52313,98.34828516658489,99.27138861396524,100.76709893450776
2013-12-22 06:00:00,101.267494,99.73728,114.64096,99.8295841534371,97.4915455322509,100.12645402464572
2013-12-22 06:10:00,100.025536,101.267494,111.671555,101.96369026164936,97.77063408648871,100.64406778179081
2013-12-22 06:20:00,100.17873,100.025536,114.385544,103.58317579358463,101.16366130030741,102.41665000032187
2013-12-22 06:30:00,105.798004,100.17873,110.26791,104.56509684260537,100.80931243549236,101.8446075637598
2013-12-22 06:40:00,98.08234,105.798004,106.330154,108.07974070218737,102.37251262545199,104.916601409674
2013-12-22 06:50:00,102.490616,98.08234,111.8162,105.68430581610659,101.48193038833834,103.12780951065623
2013-12-22 07:00:00,106.04291,102.490616,110.137985,108.8189898238871,104.41999730400813,106.51187863552917
2013-12-22 07:10:00,103.27335,106.04291,112.544365,110.22313491146112,102.59013702780577,106.23156597017041
2013-12-22 07:20:00,103.68401,103.27335,122.62633,111.30607518711936,106.00770389125324,108.57513834134734
2013-12-22 07:30:00,111.96742,103.68401,116.041435,112.50976694716265,108.57516213255002,108.74345645014438
2013-12-22 07:40:00,109.82198,111.96742,112.80945,116.9799730928469,109.89945356227523,112.6643208447855
2013-12-22 07:50:00,103.96184,109.82198,123.29863,118.09468473318779,112.0945948238816,114.57923389976952
2013-12-22 08:00:00,123.0216,103.96184,131.39992,116.91515953290404,114.27752585326624,111.96143719983554
2013-12-22 08:10:00,104.10747,123.0216,129.40424,126.09221760241957,120.44321872004848,120.93021418265637
2013-12-22 08:20:00,106.030624,104.10747,133.79843,117.67794048628721,112.31086430979724,112.35361259822072
2013-12-22 08:30:00,113.28871,106.030624,162.88213,120.2082058185209,120.8011674933147,117.02875162877295
2013-12-22 08:40:00,116.19642,113.28871,149.7405,119.48244142444815,115.8886337239619,116.07137456192258
2013-12-22 08:50:00,120.93363,116.19642,142.80386,123.11123240911931,118.65173470738878,122.33607663433625
2013-12-22 09:00:00,115.59712,120.93363,141.29875,128.3232003478201,127.74446565165819,125.75005337253734
2013-12-22 09:10:00,106.62702,115.59712,136.9485,126.71947640012009,122.61519100059398,122.91092914282898
2013-12-22 09:20:00,131.60364,106.62702,145.90518,121.10628404740653,120.11636602065778,119.2714431923784
2013-12-22 09:30:00,123.774666,131.60364,137.37036,131.15433501421464,132.85754531587793,133.4686589339968
2013-12-22 09:40:00,123.53912,123.774666,152.41559,128.90695442582415,126.4553016941189,129.19261451643305
2013-12-22 09:50:00,126.77734,123.53912,153.02074,133.77460110476775,134.65674955960966,135.71233166296324
2013-12-22 10:00:00,159.44818,126.77734,152.52428,132.6243137320152,131.74766132098617,133.42999752874144
2013-12-22 10:10:00,137.70558,159.44818,154.9862,149.67279449520427,148.2747653197875,151.36158781005994
2013-12-22 10:20:00,131.3628,137.70558,165.32574,144.97424705207132,146.00196954789484,147.20761756559435
2013-12-22 10:30:00,140.7562,131.3628,159.89824,145.0180794247304,143.8377788184083,142.56416687158145
2013-12-22 10:40:00,133.77452,140.7562,162.03384,142.50425275243904,144.2096001590731,145.5815264089807
2013-12-22 10:50:00,141.1436,133.77452,151.06822,138.0482707525165,146.8985919734113,145.79398966739794
2013-12-22 11:00:00,153.49124,141.1436,148.99928,142.4226178740588,152.6176840712564,148.03420219460654
2013-12-22 11:10:00,135.69165,153.49124,151.46335,147.74742498007672,153.3009362138341,151.03237252502385
2013-12-22 11:20:00,133.5232,135.69165,159.34346,142.00640907506283,149.97107460902518,146.1309863267524
2013-12-22 11:30:00,150.86903,133.5232,148.77258,139.8702466503077,148.75854674954837,145.09350919120337
2013-12-22 11:40:00,116.066216,150.86903,166.57054,143.48866843271463,151.1231380309578,152.87708155198712
2013-12-22 11:50:00,133.42207,116.066216,182.74908,126.88339495746611,137.7374432573922,127.32034713819527
2013-12-22 12:00:00,140.82286,133.42207,202.37787,133.65279770181942,146.17427942503332,142.18021386531242
2013-12-22 12:10:00,138.1099,140.82286,177.42142,131.66922206259449,138.58188526527456,144.30096483242127
2013-12-22 12:20:00,119.35771,138.1099,186.19843,136.4852656359582,149.8446034919322,147.4343933866409
2013-12-22 12:30:00,135.49794,119.35771,146.81882,127.49015449616122,137.43389510487557,129.06207299885057
2013-12-22 12:40:00,135.49767,135.49794,166.77557,131.79286352227342,139.22059117855858,141.445242772222
2013-12-22 12:50:00,152.04086,135.49767,174.92116,130.05988065327685,141.93908849752748,144.97722514315117
2013-12-22 13:00:00,148.79337,152.04086,149.49792,143.12350745429777,157.48319350621742,155.2069942733179
2013-12-22 13:10:00,188.99248,148.79337,149.41551,144.90757120999464,150.46202336357567,149.57009558248657
2013-12-22 13:20:00,213.78033,188.99248,190.86765,169.22383957098316,173.83976245643208,175.53227490000765
2013-12-22 13:30:00,182.8624,213.78033,210.18532,188.73264328727555,187.96214410043137,190.59838071356347
2013-12-22 13:40:00,161.03226,182.8624,185.08517,189.89513759746768,180.6114602626802,182.69935107561184
2013-12-22 13:50:00,154.21242,161.03226,187.70738,178.02793797351993,170.7089289669072,169.32724683207718
2013-12-22 14:00:00,154.07074,154.21242,175.39893,163.00347733486987,168.3213203897201,164.15781921804725
2013-12-22 14:10:00,140.06178,154.07074,192.10541,156.41443394571198,170.36262140786997,162.73279461094302
2013-12-22 14:20:00,140.91891,140.06178,182.05173,147.1432727066855,162.1865721607595,152.25819504310957
2013-12-22 14:30:00,131.71124,140.91891,193.97641,144.98553095633034,158.82495477506652,151.12701425062392
2013-12-22 14:40:00,138.7861,131.71124,205.42613,136.6542959650499,149.08195469822004,144.15681856069017
2013-12-22 14:50:00,149.30727,138.7861,188.3846,138.95642570522241,153.31106992169063,152.7597274807958
2013-12-22 15:00:00,141.23288,149.30727,181.14984,143.44349609504437,154.96781003751354,156.31639042928714
2013-12-22 15:10:00,129.83612,141.23288,213.8124,143.2567066839052,153.70352669720475,148.89962323764647
2013-12-22 15:20:00,154.62274,129.83612,201.71013,138.05940860386443,149.78206770224088,143.65313811042563
2013-12-22 15:30:00,146.01459,154.62274,177.02591,146.7412076395636,156.67773515747461,161.86173827349646
2013-12-22 15:40:00,137.37175,146.01459,180.84451,143.95530974716277,153.66225499003318,153.76172818895404
2013-12-22 15:50:00,149.58946,137.37175,194.58806,144.099135185631,159.28874950381459,151.5728573206328
2013-12-22 16:00:00,169.82927,149.58946,180.93616,146.49440044294298,156.34019249822248,161.52652126866403
2013-12-22 16:10:00,138.83698,169.82927,200.34767,156.58785031948872,164.19565297144254,175.34493255838737
2013-12-22 16:20:00,144.26129,138.83698,179.03146,147.2176660365568,164.0566927752354,154.76058727609757
2013-12-22 16:30:00,131.6449,144.26129,203.6093,148.96822076567537,160.24039195164514,160.59801723438792
2013-12-22 16:40:00,135.6851,131.6449,225.9252,135.21281784094802,144.41721650155588,148.5955948901742
2013-12-22 16:50:00,151.78918,135.6851,212.2758,135.99892413701707,158.55194738473537,152.80219702218034
2013-12-22 17:00:00,152.49605,151.78918,189.00766,141.45667296372437,160.45740177216555,160.72028603521926
2013-12-22 17:10:00,140.72813,152.49605,181.43723,145.85716009697768,157.0586892169821,159.72334775716993
2013-12-22 17:20:00,146.03307,140.72813,183.82446,143.7964984952424,164.24903036072996,154.92442535657258
2013-12-22 17:30:00,154.5794,146.03307,168.48398,144.2462200844687,161.49401137503392,161.29498864948536
2013-12-22 17:40:00,129.27795,154.5794,195.61502,146.39056144886058,159.338209209398,165.10094765634742
2013-12-22 17:50:00,160.79193,129.27795,220.7838,135.72545229596324,159.0438244066063,147.43652032737558
2013-12-22 18:00:00,157.23021,160.79193,224.35524,149.21260058759972,169.6016042370744,169.40213854403018
2013-12-22 18:10:00,146.34409,157.23021,252.3041,146.72377098296798,155.14299790248904,165.519057320701
2013-12-22 18:20:00,139.71913,146.34409,220.73909,148.862132200945,174.5460274161462,165.418985308273
2013-12-22 18:30:00,139.39687,139.71913,187.4269,142.2745427011089,161.96123007376977,157.49860535622057
2013-12-22 18:40:00,140.68225,139.39687,173.85643,138.13274439880956,150.79075352987374,158.23677291902254
2013-12-22 18:50:00,135.50885,140.68225,177.80988,137.07915933245783,162.49289867871096,159.89942266618522
2013-12-22 19:00:00,147.31262,135.50885,197.99399,134.58612036238333,159.40708613292412,153.24775696491008
2013-12-22 19:10:00,173.20909,147.31262,205.11859,140.10172093551205,155.3803994545593,158.98079747162578
2013-12-22 19:20:00,162.85712,173.20909,185.24106,153.8965161528746,170.2598162236301,171.72602274926842
2013-12-22 19:30:00,163.11284,162.85712,178.89122,157.38085925799453,179.35896017960684,170.24075400482866
2013-12-22 19:40:00,144.97899,163.11284,191.96487,162.58422056660152,177.1317683131704,173.77066865086618
2013-12-22 19:50:00,161.82983,144.97899,183.33394,150.41353248535634,165.2234730881604,163.14504255323342
2013-12-22 20:00:00,182.44049,161.82983,188.4204,156.0414391822857,177.84452103143067,172.69651536028428
2013-12-22 20:10:00,159.57094,182.44049,211.75752,164.98088603595082,179.62520048102843,179.08340255670447
2013-12-22 20:20:00,140.98988,159.57094,197.62364,162.13199651376735,177.04197674861186,173.91812132685183
2013-12-22 20:30:00,145.1749,140.98988,197.9077,152.7046014275545,170.90282070208775,160.76204672239516
2013-12-22 20:40:00,147.47968,145.1749,199.49452,146.17721101138613,161.65664614697212,163.99100467473525
2013-12-22 20:50:00,167.29193,147.47968,199.44199,143.59241334527943,159.3579508012621,164.64783052812618
2013-12-22 21:00:00,190.33617,167.29193,189.04448,155.36208583903488,175.1836454320445,172.16879886865937
2013-12-22 21:10:00,149.99019,190.33617,219.4294,171.46366323709537,180.15291540866392,178.83157828089395
2013-12-22 21:20:00,141.4014,149.99019,205.25665,160.2469231419198,172.11845361482165,165.22410254042288
2013-12-22 21:30:00,127.77752,141.4014,193.40646,153.28514009394323,169.78685706764824,162.09267023672913
2013-12-22 21:40:00,127.63937,127.77752,178.3205,134.74718902698226,149.99760476548852,145.1882790188909
2013-12-22 21:50:00,137.36821,127.63937,174.19395,129.92616108699582,146.35127973668696,144.420257051175
2013-12-22 22:00:00,134.58417,137.36821,191.3369,131.48749798965002,147.66467226105135,149.96282901883154
2013-12-22 22:10:00,116.294464,134.58417,177.784,131.90182933446377,146.10385780627504,147.20196188961074
2013-12-22 22:20:00,126.26028,116.294464,185.82774,123.86928527577227,142.96935517383486,135.53730471331698
2013-12-22 22:30:00,136.05292,126.26028,177.4905,124.98621614753773,141.40013173555673,142.4519630077674
2013-12-22 22:40:00,136.7688,136.05292,172.61545,127.1395759729164,135.07686045057997,142.9589326376768
2013-12-22 22:50:00,130.01639,136.7688,175.6287,132.19931088329344,148.692755963658,145.43717905630754
2013-12-22 23:00:00,124.96102,130.01639,180.65773,131.3322083427101,146.7138622562388,140.44327439830053
2013-12-22 23:10:00,139.72836,124.96102,158.93448,127.4216833378208,137.1814845043515,135.70330683018787
2013-12-22 23:20:00,128.91573,139.72836,188.06058,132.34703399557694,145.12436351451538,144.90559991894185
2013-12-22 23:30:00,138.74734,128.91573,192.26349,128.23457239448663,141.7341687339486,137.6143918591627
2013-12-22 23:40:00,123.025444,138.74734,180.91072,135.15268230059402,144.619586141062,142.47332132447042
2013-12-22 23:50:00,122.25279,123.025444,164.81505,125.87940404284288,134.4517772670849,131.90418506136413
