time,actual,Persistence,Seasonal naive (1 week),SARIMAX,LSTM,TCN
2013-12-16 00:00:00,462.1733,457.67136,473.66913,448.6488739842526,474.5482300944699,465.3555091722668
2013-12-16 00:10:00,461.91534,462.1733,433.6728,438.4493421221854,425.0784775868308,423.43230120366803
2013-12-16 00:20:00,435.48914,461.91534,462.3672,429.30717272469656,439.07789545333327,409.96461015467384
2013-12-16 00:30:00,406.789,435.48914,446.00443,418.32256386364435,434.22754284211766,418.7527587954456
2013-12-16 00:40:00,426.66187,406.789,422.2219,397.5320625065626,396.6038024268668,399.0533844124732
2013-12-16 00:50:00,370.37708,426.66187,407.10315,394.4631426754633,393.87798686050047,392.6256768202224
2013-12-16 01:00:00,363.63068,370.37708,367.50275,362.1542903865166,384.071145361404,364.8372452761691
2013-12-16 01:10:00,333.02536,363.63068,302.21637,352.18654666405723,370.5760009662626,363.3284534603548
2013-12-16 01:20:00,327.30222,333.02536,319.843,321.8102041430338,329.08339712087246,329.57375401481596
2013-12-16 01:30:00,361.39984,327.30222,295.13437,311.1183961581073,324.22756565418484,333.69263679829027
2013-12-16 01:40:00,353.88583,361.39984,273.55515,318.3716326414279,333.9033215977467,327.0406730609563
2013-12-16 01:50:00,303.07767,353.88583,305.88654,319.4262804823955,323.38789912067193,319.3318134589246
2013-12-16 02:00:00,300.97443,303.07767,290.37372,300.9963767063912,308.54193880668987,305.2446950864246
2013-12-16 02:10:00,265.04523,300.97443,264.82004,288.8043795063199,305.8844814565474,302.6114369606462
2013-12-16 02:20:00,262.79398,265.04523,263.54962,258.7271071502,280.20654647180976,277.0983932432396
2013-12-16 02:30:00,268.63535,262.79398,236.80992,250.62434294278566,267.8481584705108,273.5267956526804
2013-12-16 02:40:00,247.12105,268.63535,237.1307,244.74595540148434,250.2348947402127,250.60456542683895
2013-12-16 02:50:00,254.47166,247.12105,242.77325,235.12192002406462,240.69728883679065,248.82139840965215
2013-12-16 03:00:00,252.281,254.47166,230.6102,236.5996773786632,249.0797302847758,253.96132968522963
2013-12-16 03:10:00,236.70103,252.281,251.00185,232.2324936623365,245.90318947665392,237.4873246434911
2013-12-16 03:20:00,235.01651,236.70103,231.80223,226.702587721387,243.1881061944501,244.47115740457642
2013-12-16 03:30:00,245.38077,235.01651,233.17941,223.24355054824215,237.08777953204262,241.82868533934317
2013-12-16 03:40:00,260.2948,245.38077,233.8745,225.07333636877703,228.08981317307433,231.99296144878846
2013-12-16 03:50:00,246.55821,260.2948,229.84688,234.87205712537155,236.51730562886345,238.30292003185744
2013-12-16 04:00:00,250.36841,246.55821,222.51544,235.0413969747753,242.5340658796484,241.61861098783214
2013-12-16 04:10:00,230.44722,250.36841,218.95363,239.52597003466173,243.37779474209515,246.06364756052668
2013-12-16 04:20:00,236.89462,230.44722,197.15953,228.17686835520325,235.23270229941147,236.6341289292623
2013-12-16 04:30:00,242.24167,236.89462,206.99855,230.1422441413603,241.4616681585669,245.2176283024601
2013-12-16 04:40:00,228.12883,242.24167,212.28235,230.62673506741325,234.10717835070534,228.11184232969006
2013-12-16 04:50:00,234.43016,228.12883,221.23427,227.90636708126783,229.81803323244662,226.68140056873912
2013-12-16 05:00:00,219.74261,234.43016,213.78712,231.5488142772993,236.87474842242082,235.6745532171221
2013-12-16 05:10:00,223.93347,219.74261,234.64471,223.2139949798657,227.73102862584207,223.23583080144752
2013-12-16 05:20:00,213.89618,223.93347,218.02274,225.92017884805375,229.70218845209126,234.066362042658
2013-12-16 05:30:00,192.43541,213.89618,211.02225,219.2957902658113,221.68329220062537,221.1358517239585
2013-12-16 05:40:00,213.95059,192.43541,250.63597,208.22586685854276,212.26956427754962,207.0205820988389
2013-12-16 05:50:00,211.98273,213.95059,240.0471,214.36484590009633,215.76493575781026,216.28311379913947
2013-12-16 06:00:00,215.5303,211.98273,268.81317,213.36205202399407,212.00838334288778,213.58175305541752
2013-12-16 06:10:00,228.09401,215.5303,283.5047,222.56549479515547,225.708745780952,224.47818509200854
2013-12-16 06:20:00,227.569,228.09401,275.4617,230.8999945875973,227.00151151300147,229.93300223537847
2013-12-16 06:30:00,220.438,227.569,272.3511,235.67000764893496,232.65784866872752,237.9314930246544
2013-12-16 06:40:00,227.32527,220.438,287.80762,236.41606677527045,246.09498583629923,244.66118504065017
2013-12-16 06:50:00,242.54851,227.32527,300.12015,239.5668315880991,246.09435882953258,250.6938176407564
2013-12-16 07:00:00,240.65643,242.54851,319.81165,248.11465799442877,252.39110315619766,261.863813753584
2013-12-16 07:10:00,258.29178,240.65643,316.0593,253.15457112737664,270.57752975121406,271.6754201925356
2013-12-16 07:20:00,259.96454,258.29178,321.44144,267.4265400221908,285.67803246587897,293.9959171275453
2013-12-16 07:30:00,276.56317,259.96454,465.26648,271.9404828265698,291.1490107576294,298.8913928012394
2013-12-16 07:40:00,283.30432,276.56317,363.05945,286.7827060581633,318.81839165018937,318.48855563626637
2013-12-16 07:50:00,326.0922,283.30432,383.4347,294.4825476781359,329.3456119811754,328.19007656288903
2013-12-16 08:00:00,358.24588,326.0922,401.7854,323.5446860406209,356.94378845244245,363.7483643130304
2013-12-16 08:10:00,350.28232,358.24588,691.4672,351.39419517488204,387.16109492127646,388.28823944179703
2013-12-16 08:20:00,407.73456,350.28232,579.0231,366.84864477911486,402.8552596226679,408.6097968684814
2013-12-16 08:30:00,435.03372,407.73456,479.31888,404.41303672799376,429.89937852794054,455.6969512313225
2013-12-16 08:40:00,385.27994,435.03372,482.6143,427.4800378264535,453.2332448983878,458.5896670269089
2013-12-16 08:50:00,460.1861,385.27994,475.08902,422.00041218058755,449.6339842997948,441.47230958713845
2013-12-16 09:00:00,458.02914,460.1861,524.36914,458.05175225419146,465.3913258890859,489.6858562493083
2013-12-16 09:10:00,434.1239,458.02914,454.32736,456.629844424368,467.604975386773,475.25129550599456
2013-12-16 09:20:00,495.01062,434.1239,428.5906,463.5663296469309,466.64014955176543,472.39527285049536
2013-12-16 09:30:00,480.85532,495.01062,543.42645,488.6053893014302,475.32806205566385,502.8809459737728
2013-12-16 09:40:00,438.1201,480.85532,467.71188,485.32609307318984,474.66903927146274,486.69245200554695
2013-12-16 09:50:00,413.76572,438.1201,526.2452,474.4598300375928,462.15345257136886,460.70303519611144
2013-12-16 10:00:00,431.31693,413.76572,450.10474,446.83627469176275,452.29079433940893,444.99654376228773
2013-12-16 10:10:00,401.272,431.31693,448.1814,438.8747923660018,453.1631735478993,448.4770204588638
2013-12-16 10:20:00,419.29932,401.272,453.85046,418.5972712212094,441.5008211745205,428.0096130283408
2013-12-16 10:30:00,397.14807,419.29932,450.98248,425.9823870535956,442.65258354339943,440.5903785611517
2013-12-16 10:40:00,355.00552,397.14807,472.41257,409.0250894917424,431.74584098129463,422.5024217203524
2013-12-16 10:50:00,408.7484,355.00552,400.43533,385.57307911403433,412.3146622186362,399.0312577066276
2013-12-16 11:00:00,411.15665,408.7484,437.52545,399.517733094765,423.92363171623595,421.7640789732844
2013-12-16 11:10:00,401.47775,411.15665,407.5877,399.95702029474086,433.883122770416,420.68585772340367
2013-12-16 11:20:00,429.59592,401.47775,574.20856,410.87138274299497,432.12322827127036,422.2270821481743
2013-12-16 11:30:00,419.53,429.59592,468.88947,424.46560820455227,433.0390689203892,423.7021438505844
2013-12-16 11:40:00,395.6921,419.53,483.56415,422.58712282232545,443.7510823549695,436.07504258341476
2013-12-16 11:50:00,449.90564,395.6921,439.88275,415.7599900921335,440.2317254831782,433.208050470986
2013-12-16 12:00:00,491.08423,449.90564,445.34534,437.01937620194536,453.21760716362917,446.9237818270548
2013-12-16 12:10:00,456.56418,491.08423,531.6045,462.75087782540174,473.874267524735,453.10840465012154
2013-12-16 12:20:00,444.73206,456.56418,582.93085,469.95836952973286,473.8795563768982,471.78635140715363
2013-12-16 12:30:00,434.56494,444.73206,565.2787,468.1142413382528,465.453313005507,465.8119033486641
2013-12-16 12:40:00,425.23462,434.56494,572.569,451.3920076730343,468.78861181811897,470.61152405851226
2013-12-16 12:50:00,433.60635,425.23462,590.9306,441.31521758987253,468.95974779146417,472.33755101341654
2013-12-16 13:00:00,417.89023,433.60635,552.6055,441.2587958449202,470.65979877406903,474.74757373849457
2013-12-16 13:10:00,456.40823,417.89023,601.5699,432.00904395484156,459.2639046473915,466.8108084510216
2013-12-16 13:20:00,461.07318,456.40823,546.91235,451.2763733162481,468.7834256275465,489.1440662981158
2013-12-16 13:30:00,424.76343,461.07318,507.779,457.022861297653,479.1370934711621,484.51511101334154
2013-12-16 13:40:00,484.80322,424.76343,530.84344,448.87147084222806,470.38168081317417,476.91031469705547
2013-12-16 13:50:00,453.86603,484.80322,639.9216,473.74079710611824,483.9644474560613,502.09061788871304
2013-12-16 14:00:00,490.61932,453.86603,621.41254,459.0641377995445,483.67021633503094,491.31178848357877
2013-12-16 14:10:00,503.7356,490.61932,572.71436,488.01113127276665,494.38444586002345,518.7573448041933
2013-12-16 14:20:00,464.39493,503.7356,562.549,492.7155715445926,497.30403530109675,500.9801184597771
2013-12-16 14:30:00,458.28607,464.39493,592.7434,483.6567821617876,486.127905935253,501.6827462325432
2013-12-16 14:40:00,455.399,458.28607,548.8649,474.58821017461554,481.4955541263372,493.10588400916015
2013-12-16 14:50:00,486.54523,455.399,558.761,460.2540734292702,479.57295982651,496.23810319955396
2013-12-16 15:00:00,489.70163,486.54523,568.9599,472.9030468420655,486.8355038178741,500.3046308975704
2013-12-16 15:10:00,532.7478,489.70163,537.70795,478.8847878802418,488.46884529263275,500.37382245125804
2013-12-16 15:20:00,552.62286,532.7478,513.3258,508.95892881242304,502.87598952849,516.2907652164416
2013-12-16 15:30:00,505.5834,552.62286,524.7206,527.5546965039554,515.0071314425577,513.0403784398917
2013-12-16 15:40:00,508.7231,505.5834,531.66394,518.031683254434,506.176572634707,512.4544892917844
2013-12-16 15:50:00,463.77798,508.7231,607.5903,514.6732845067659,511.093694098649,513.3308348285917
2013-12-16 16:00:00,407.81775,463.77798,533.0172,478.74272431712,497.8166154706012,490.25935102888803
2013-12-16 16:10:00,460.29062,407.81775,516.76245,439.67319118160225,467.1251900535545,457.80401897321815
2013-12-16 16:20:00,450.79742,460.29062,576.6652,444.9739177583656,474.25278177165546,480.3888169949312
2013-12-16 16:30:00,501.7245,450.79742,620.83044,435.8613860340838,468.64912710855833,475.4683958007387
2013-12-16 16:40:00,480.75894,501.7245,600.6828,474.752259164416,496.2243961856653,501.2269876028591
2013-12-16 16:50:00,475.32144,480.75894,580.1003,472.5059403262344,490.5882870896343,479.83785173063575
2013-12-16 17:00:00,442.72757,475.32144,676.5181,480.2661103705057,495.39867595012646,503.8855165354949
2013-12-16 17:10:00,458.0231,442.72757,550.5066,457.4817625584081,487.71740526604293,480.66811523745207
2013-12-16 17:20:00,515.6283,458.0231,545.08386,458.9203088264949,490.61123816344093,489.6527475921808
2013-12-16 17:30:00,472.41846,515.6283,554.05914,483.9055096701313,511.31258733947084,503.07721701920997
2013-12-16 17:40:00,499.99786,472.41846,600.63293,479.6282937174627,504.6136351948815,505.928695186627
2013-12-16 17:50:00,511.67972,499.99786,590.9737,503.1239795134942,515.408448109813,522.7715339635525
2013-12-16 18:00:00,520.344,511.67972,688.63293,505.1457197975275,524.0478591677178,531.19415685322
2013-12-16 18:10:00,521.48615,520.344,607.8321,522.0893146470845,539.9071351715342,550.4718707722491
2013-12-16 18:20:00,570.7011,521.48615,599.9826,529.957420570091,546.3830196867988,551.4062466087638
2013-12-16 18:30:00,571.6878,570.7011,596.7986,560.6239249248139,569.0698767171335,578.3206675614412
2013-12-16 18:40:00,558.2686,571.6878,774.4224,574.0869589240383,579.5214516267525,573.9980511023253
2013-12-16 18:50:00,521.9968,558.2686,801.78015,583.3031523411951,585.0581859430122,583.979884027603
2013-12-16 19:00:00,522.4751,521.9968,700.66516,562.519258229055,572.5865943217873,565.3850803854186
2013-12-16 19:10:00,597.31586,522.4751,689.3025,553.1505020254017,568.3350674238924,571.9920161772357
2013-12-16 19:20:00,563.3136,597.31586,723.8401,584.0980731729564,594.6159357894378,607.1572174041419
2013-12-16 19:30:00,593.2625,563.3136,703.33124,583.3020464436163,590.7970925078864,589.7062355998601
2013-12-16 19:40:00,541.2987,593.2625,783.74005,614.8301344438347,607.8195574479931,617.6476630680984
2013-12-16 19:50:00,567.298,541.2987,708.9614,583.2741942416236,588.7279256520203,585.9151616414217
2013-12-16 20:00:00,563.3828,567.298,777.01886,594.9907341406495,603.7757404387308,618.6222656061954
2013-12-16 20:10:00,523.1998,563.3828,716.6904,583.4720329365164,599.851730140967,610.999522250302
2013-12-16 20:20:00,582.3668,523.1998,738.0862,566.9333152610419,580.479662851843,587.2660971993279
2013-12-16 20:30:00,569.6862,582.3668,781.2168,588.4286428158966,593.3737056070332,610.3109685219932
2013-12-16 20:40:00,608.3081,569.6862,992.8817,581.2581453427349,585.446655090239,595.2162593539242
2013-12-16 20:50:00,597.36523,608.3081,717.80975,614.5940956008183,613.5668576364984,635.3489736347183
2013-12-16 21:00:00,570.0763,597.36523,745.5239,611.097394424787,615.4630080568932,622.3952460292378
2013-12-16 21:10:00,593.5654,570.0763,791.5224,602.3080523636107,611.4003298198393,630.2401449663902
2013-12-16 21:20:00,610.3119,593.5654,777.2084,603.6518353216438,619.8509755329903,635.5221881571839
2013-12-16 21:30:00,609.5723,610.3119,750.5841,606.8679705635979,620.7891501931707,629.8139894173321
2013-12-16 21:40:00,557.41486,609.5723,797.89655,613.4929164121966,621.1289348652506,640.8704899791028
2013-12-16 21:50:00,610.18555,557.41486,873.38086,586.5770828351773,597.2826679846263,602.6207684191028
2013-12-16 22:00:00,598.42993,610.18555,846.0113,600.4243915903879,609.0707187991152,626.0315653235266
2013-12-16 22:10:00,584.561,598.42993,842.1669,587.6251184540064,599.8642528743877,608.6656607267334
2013-12-16 22:20:00,584.96606,584.561,738.5761,589.175009375921,603.7572999596098,611.0277936029706
2013-12-16 22:30:00,585.66797,584.96606,715.2051,580.2437091332175,592.9879602107973,588.6918207729834
2013-12-16 22:40:00,561.8521,585.66797,717.53467,573.831488560788,581.9670531417835,596.2627370843355
2013-12-16 22:50:00,548.7749,561.8521,622.5188,558.6940561237777,574.5597601675053,587.6400064002926
2013-12-16 23:00:00,534.24396,548.7749,658.50006,544.4902630944755,564.1710943334215,562.1031661319622
2013-12-16 23:10:00,543.878,534.24396,632.5576,525.6532704332077,539.0678958828038,544.2244323141252
2013-12-16 23:20:00,568.48425,543.878,642.0523,521.7697878276113,528.3906835587627,535.2525279904653
2013-12-16 23:30:00,523.1793,568.48425,630.03955,529.5608297557136,533.1036271032948,523.3230082274415
2013-12-16 23:40:00,522.9106,523.1793,615.64197,511.7898884769339,516.7240102993711,508.9798676822901
2013-12-16 23:50:00,486.06656,522.9106,588.7361,506.96251737328487,508.52573138306263,510.8879827926406
2013-12-17 00:00:00,522.3952,486.06656,538.22314,475.1149864026224,485.6402201113619,490.4340479067127
2013-12-17 00:10:00,472.94388,522.3952,517.7972,484.18944056632523,491.18786549172006,507.91281215098974
2013-12-17 00:20:00,433.27838,472.94388,537.0956,455.6593483720385,470.3734915571793,466.5642596783234
2013-12-17 00:30:00,414.8725,433.27838,453.34586,433.4680061568364,439.40853839891844,439.6601736032006
2013-12-17 00:40:00,717.7689,414.8725,496.88156,403.92837093618886,412.5521660921391,414.76913201904364
2013-12-17 00:50:00,348.8606,717.7689,467.62628,519.5380905309187,506.1161894429091,483.0467312922964
2013-12-17 01:00:00,389.36475,348.8606,401.02386,392.48444515368686,391.54615734670307,365.72519020701117
2013-12-17 01:10:00,387.90558,389.36475,405.6915,415.35576351520666,374.5444671560398,390.1804728866498
2013-12-17 01:20:00,328.99664,387.90558,376.34012,347.95700873978024,333.14854310649446,345.4458794189295
2013-12-17 01:30:00,378.03738,328.99664,358.76575,328.007222060244,358.26435650349134,343.30458411083305
2013-12-17 01:40:00,383.9395,378.03738,471.05722,340.2772179621565,359.74394512709904,336.1249228260977
2013-12-17 01:50:00,302.4299,383.9395,394.76096,337.12517027793973,319.5075067228357,314.8805984889361
2013-12-17 02:00:00,326.24924,302.4299,354.1127,309.6693252559172,325.8845134087363,311.69945030792076
2013-12-17 02:10:00,306.42953,326.24924,389.05408,308.0917877553781,327.91210159550417,326.3831131227916
2013-12-17 02:20:00,282.3688,306.42953,383.98013,283.8477482967201,286.4477714921569,283.81520884173045
2013-12-17 02:30:00,300.8596,282.3688,342.92368,274.202865346415,294.14147500252096,287.8995141554343
2013-12-17 02:40:00,277.71948,300.8596,364.83054,274.3560889723025,294.9496124805017,282.1673143574111
2013-12-17 02:50:00,254.7438,277.71948,383.3822,261.0683922799859,266.344374082676,263.04027258156646
2013-12-17 03:00:00,255.46208,254.7438,279.75922,250.25071333719583,271.3584152105818,266.1674869388575
2013-12-17 03:10:00,253.6663,255.46208,369.65015,241.59371060865223,262.627128986531,254.43383552721582
2013-12-17 03:20:00,255.35654,253.6663,266.4408,236.02031504770574,240.41106707565189,245.1453838038789
2013-12-17 03:30:00,244.61713,255.35654,273.66046,237.5721584676262,245.76134321441347,246.92366034528223
2013-12-17 03:40:00,237.75041,244.61713,291.585,233.16585101346257,245.18789024735395,236.86212656507817
2013-12-17 03:50:00,244.94366,237.75041,228.56035,229.24666296291753,235.14264904179495,235.46237428424155
2013-12-17 04:00:00,231.99747,244.94366,222.94476,230.08376222430226,238.41266141368234,235.69155628333564
2013-12-17 04:10:00,261.14258,231.99747,238.67172,224.61108992081205,237.584969022862,229.29254673325056
2013-12-17 04:20:00,235.80942,261.14258,217.39952,239.8075220252257,241.00227575225355,234.96425667209317
2013-12-17 04:30:00,219.08238,235.80942,229.14578,231.0722599217475,226.0136387007614,225.80547712806512
2013-12-17 04:40:00,231.4994,219.08238,220.42677,226.504208112946,236.692730032218,232.24891432138295
2013-12-17 04:50:00,219.53046,231.4994,206.3866,225.11559548870386,232.15118194389177,225.67451914126417
2013-12-17 05:00:00,199.80606,219.53046,236.3872,218.75694332535932,217.71731967868558,220.2913156968539
2013-12-17 05:10:00,216.82399,199.80606,257.5506,210.76891996230987,221.26303495895706,216.5258696768813
2013-12-17 05:20:00,212.64561,216.82399,235.89308,214.43912726923267,217.60379145545258,216.12951942268452
2013-12-17 05:30:00,212.40846,212.64561,265.65256,212.08185859619695,208.86344709502455,210.7758033607291
2013-12-17 05:40:00,221.01245,212.40846,253.14479,217.53691649263678,229.1994059180227,221.48741607850044
2013-12-17 05:50:00,203.81436,221.01245,237.44904,222.56894401116705,223.17406386714387,217.90008478092253
2013-12-17 06:00:00,228.87701,203.81436,255.81166,216.55584386451642,210.76107055192543,218.70173409572166
2013-12-17 06:10:00,232.6564,228.87701,284.85587,230.35140883988535,238.51369580945283,232.9594600209091
2013-12-17 06:20:00,231.07903,232.6564,232.80904,234.19370421765706,236.21989388164863,227.94935338295983
2013-12-17 06:30:00,226.9926,231.07903,264.43262,242.97944397235105,241.24886443167006,246.2460630991594
2013-12-17 06:40:00,259.89105,226.9926,287.60577,242.66822474918598,249.41464395946534,252.7245675239774
2013-12-17 06:50:00,246.77614,259.89105,275.98837,260.17623869105654,266.1175920433576,269.0926312751681
2013-12-17 07:00:00,220.68587,246.77614,283.28635,259.95439632834854,268.11241328334415,270.26687404917124
2013-12-17 07:10:00,256.28168,220.68587,316.23013,252.35605839805922,273.7601076562876,275.4708289321539
2013-12-17 07:20:00,280.22635,256.28168,362.14917,263.55632539016864,282.2245891597631,287.34894367490244
2013-12-17 07:30:00,302.3714,280.22635,408.45782,276.54157830221556,294.6972131194376,302.32609525062793
2013-12-17 07:40:00,342.56287,302.3714,569.25214,305.2547135654156,342.97847980059805,342.14171974413955
2013-12-17 07:50:00,338.2693,342.56287,471.92767,338.9018030993009,361.60798560752227,366.18594089368185
2013-12-17 08:00:00,356.95328,338.2693,506.0241,352.1174916352708,384.43183150288013,396.5308932884413
2013-12-17 08:10:00,390.7684,356.95328,561.14484,372.98165371264355,431.2996274396413,432.742347105617
2013-12-17 08:20:00,385.623,390.7684,533.67084,393.1087350069322,433.71238593436544,441.0594805020736
2013-12-17 08:30:00,380.66586,385.623,556.0574,402.32733197636554,438.37545763296913,452.6475602001349
2013-12-17 08:40:00,441.48685,380.66586,540.84375,407.0833669356488,452.96418799076156,463.3893057550214
2013-12-17 08:50:00,388.91736,441.48685,470.53607,435.63550866914335,462.89245746215187,484.0542121555776
2013-12-17 09:00:00,409.063,388.91736,609.9388,417.0929731804611,449.437168939335,462.010745710999
2013-12-17 09:10:00,459.9171,409.063,579.3581,432.7287061702031,459.57182726740723,484.62394817177403
2013-12-17 09:20:00,405.03427,459.9171,551.3308,447.4055879813174,458.71430882592205,479.86101622085175
2013-12-17 09:30:00,426.21097,405.03427,600.49927,432.9285889296898,455.2870281701861,456.1583027580358
2013-12-17 09:40:00,450.70822,426.21097,529.15436,445.56415507073973,451.7705053475602,479.20708391934926
2013-12-17 09:50:00,398.68167,450.70822,515.29425,446.332374704511,449.699370908419,460.3240566089564
2013-12-17 10:00:00,391.38388,398.68167,475.7977,427.86372750656597,446.45029735542585,442.0535632281676
2013-12-17 10:10:00,435.1797,391.38388,506.8647,418.3892411747997,432.40384665029364,448.6057464883454
2013-12-17 10:20:00,381.94232,435.1797,619.6073,425.1766745927182,438.43683897051136,444.9380577463158
2013-12-17 10:30:00,383.42688,381.94232,524.6154,402.92279355501614,429.84237191719154,411.84201038414415
2013-12-17 10:40:00,429.32523,383.42688,485.35757,403.9562247284744,424.5473637337245,428.84273394663217
2013-12-17 10:50:00,409.285,429.32523,548.3516,413.5623191826716,432.6164117749433,427.6271260275541
2013-12-17 11:00:00,418.80835,409.285,555.452,412.86757007736816,439.93040696650394,431.9877644819696
2013-12-17 11:10:00,449.41232,418.80835,610.0299,426.5429080012735,441.36280944471025,451.2125121396477
2013-12-17 11:20:00,463.37384,449.41232,611.089,438.9697587928364,450.5177714410813,435.8678143099071
2013-12-17 11:30:00,521.86646,463.37384,526.0665,455.50429668054915,468.15053737827253,464.8493866101134
2013-12-17 11:40:00,449.18625,521.86646,623.7806,497.5009911396959,489.8708847010303,488.56985971874764
2013-12-17 11:50:00,440.60837,449.18625,551.452,475.5192598130901,472.2524564671441,463.16073131260504
2013-12-17 12:00:00,485.67664,440.60837,532.243,471.9710229409264,473.8691396075734,471.14507850103934
2013-12-17 12:10:00,455.74393,485.67664,552.5687,475.5192550820907,491.9159747474879,489.45318123723666
2013-12-17 12:20:00,430.71262,455.74393,519.2152,467.1902672097786,486.2194076604851,483.8291037039985
2013-12-17 12:30:00,468.66202,430.71262,553.1875,460.128727216867,476.9962830915821,477.3101079574275
2013-12-17 12:40:00,464.1962,468.66202,530.08026,467.6773624665181,484.3415565367521,494.3791088399416
2013-12-17 12:50:00,449.53705,464.1962,537.5163,466.4987162944884,493.52490493986664,495.17181381853754
2013-12-17 13:00:00,515.05743,449.53705,606.56744,468.5692146152453,492.7173182978031,498.5469630050724
2013-12-17 13:10:00,525.5153,515.05743,600.24554,498.6040755067299,507.40211471142095,508.7437778682197
2013-12-17 13:20:00,505.71536,525.5153,580.03455,513.396839415815,523.2942232280502,511.0561630266699
2013-12-17 13:30:00,455.9456,505.71536,583.51965,523.8455560418271,528.8059579244546,533.9761686847767
2013-12-17 13:40:00,481.3141,455.9456,660.0765,494.5077013747451,506.7711589911343,506.83511853650845
2013-12-17 13:50:00,494.04004,481.3141,603.62036,492.276342468802,511.2817661936992,528.9493838274287
2013-12-17 14:00:00,494.52426,494.04004,606.2191,489.7923925706863,512.9875260277918,526.5813553734451
2013-12-17 14:10:00,540.74316,494.52426,606.6711,498.92482876070966,512.1635819332581,535.5154858920305
2013-12-17 14:20:00,496.9748,540.74316,587.0617,525.4362328474336,519.424667650797,538.164445411831
2013-12-17 14:30:00,558.8017,496.9748,538.4751,510.8249144603752,510.22186548222965,530.9817154063396
2013-12-17 14:40:00,502.43127,558.8017,597.93286,545.5476298111383,538.5575457379924,570.403842909007
2013-12-17 14:50:00,525.1643,502.43127,579.29016,515.1497723492704,517.8817862655822,537.3078034482468
2013-12-17 15:00:00,486.81454,525.1643,598.60693,531.1305683060783,522.3759141221198,558.649551653317
2013-12-17 15:10:00,474.47894,486.81454,586.57074,499.15264223311885,503.6384685618654,510.9678160270092
2013-12-17 15:20:00,503.03394,474.47894,493.97885,489.5730187035227,498.9660846871366,517.5655765346014
2013-12-17 15:30:00,563.81305,503.03394,479.33456,490.8425424089587,502.69193898979665,520.6813495843784
2013-12-17 15:40:00,651.6602,563.81305,570.3464,522.6145083170803,523.3164879030502,539.0780187142819
2013-12-17 15:50:00,613.946,651.6602,618.4324,585.2926789799552,560.4780944769276,584.6242340072467
2013-12-17 16:00:00,630.86,613.946,763.8527,601.8920584691463,555.1636234082262,588.3349684002641
2013-12-17 16:10:00,574.4088,630.86,624.5682,626.8105161611904,570.5276704310187,592.2271312859189
2013-12-17 16:20:00,584.81525,574.4088,477.29544,590.3713593702713,561.8023811205155,573.6848782161916
2013-12-17 16:30:00,577.21936,584.81525,488.502,589.1784765940558,571.9882434704425,585.0629399646124
2013-12-17 16:40:00,601.499,577.21936,572.42126,573.0741509246545,569.3448261691876,569.7312977954689
2013-12-17 16:50:00,575.2767,601.499,509.11047,587.6712083950316,581.6006153204723,585.8078095524265
2013-12-17 17:00:00,614.25165,575.2767,514.64325,578.0063324183689,579.0510942869785,571.7735240419869
2013-12-17 17:10:00,614.5733,614.25165,530.67474,600.8643530542384,601.2952768464833,600.4115235592724
2013-12-17 17:20:00,529.8783,614.5733,479.5834,603.5106316804867,606.3252868468937,607.8003151552095
2013-12-17 17:30:00,542.17346,529.8783,586.4905,570.3291657559292,581.6502674148064,572.3629920868595
2013-12-17 17:40:00,514.0098,542.17346,614.49567,562.1215551071977,583.3200614800063,574.4085462701775
2013-12-17 17:50:00,506.91223,514.0098,680.8164,529.6050926392946,562.4181208911652,556.54943747279
2013-12-17 18:00:00,579.6078,506.91223,643.99023,525.4095956369697,561.7105329315834,552.5549901555056
2013-12-17 18:10:00,540.1199,579.6078,676.58417,556.2052990563596,589.1340229922217,587.6808639963776
2013-12-17 18:20:00,569.33344,540.1199,642.5348,551.0299079684172,581.203397087671,580.5245887957325
2013-12-17 18:30:00,519.82886,569.33344,576.99634,581.2841717398901,604.127115557268,601.4091065198934
2013-12-17 18:40:00,542.22327,519.82886,599.339,551.7187318313239,580.2711687398076,564.663563152055
2013-12-17 18:50:00,597.5595,542.22327,663.76215,563.6174603381004,593.8293476344911,598.4566837573832
2013-12-17 19:00:00,648.3134,597.5595,672.41345,585.4593427544346,611.1475329110025,616.9002770490125
2013-12-17 19:10:00,607.6534,648.3134,703.69336,632.0933559255747,642.8237224318941,653.7536041849568
2013-12-17 19:20:00,657.331,607.6534,696.266,639.2529937227724,642.0557592837198,635.9716682242827
2013-12-17 19:30:00,672.6922,657.331,648.7048,673.2017557313598,667.7693368810945,677.7853234728792
2013-12-17 19:40:00,682.4805,672.6922,772.3368,681.1342577711105,684.0352537146358,682.6397048181813
2013-12-17 19:50:00,621.9196,682.4805,653.30255,704.7382582032108,707.9278625054252,712.504089700877
2013-12-17 20:00:00,694.68915,621.9196,672.4893,677.4071089009893,684.6397971934788,674.9621562125672
2013-12-17 20:10:00,706.7257,694.68915,724.7806,706.5825244888879,706.6925333885127,715.0946541209267
2013-12-17 20:20:00,778.58997,706.7257,707.35406,710.118158692093,712.6957628392212,722.2053375899777
2013-12-17 20:30:00,856.9404,778.58997,766.453,770.9071357736781,763.8596375459643,779.3090733693778
2013-12-17 20:40:00,726.24756,856.9404,753.1645,828.4304856032464,797.523534756197,799.5524009396656
2013-12-17 20:50:00,784.61395,726.24756,752.6022,792.723198037995,769.1915714433727,769.4660547714624
2013-12-17 21:00:00,757.8935,784.61395,841.5679,816.0815165078876,803.5422417292293,806.4432098609238
2013-12-17 21:10:00,802.35834,757.8935,723.3267,775.2470056280347,788.8649647091738,781.2615854352679
2013-12-17 21:20:00,796.12354,802.35834,701.3604,806.2101365429397,813.1176596917481,808.5921101138988
2013-12-17 21:30:00,773.6261,796.12354,752.14734,800.7879688140721,804.1020425744422,806.8463343672764
2013-12-17 21:40:00,734.6227,773.6261,791.3029,795.7242873212552,802.8276073174867,810.2171448461502
2013-12-17 21:50:00,709.88214,734.6227,782.96313,764.1951340679445,789.3862202827845,782.4193849487772
2013-12-17 22:00:00,746.9248,709.88214,771.12775,732.9225577239932,768.1053718878663,769.5191323205534
2013-12-17 22:10:00,771.5536,746.9248,808.1703,732.9241290095404,762.3418054989163,793.6923802289792
2013-12-17 22:20:00,672.3411,771.5536,684.4886,742.0589131793258,761.4096749248196,773.9024746927006
2013-12-17 22:30:00,697.9675,672.3411,720.134,700.6961999938618,728.1585971297734,716.6322616299235
2013-12-17 22:40:00,741.79156,697.9675,729.1987,697.0102586681915,719.3014643453716,725.6320296878026
2013-12-17 22:50:00,735.29376,741.79156,727.87427,694.7421256162394,708.3278707461051,728.5951664048871
2013-12-17 23:00:00,698.66235,735.29376,807.975,703.5220714717656,719.414522092097,736.8945713643142
2013-12-17 23:10:00,733.19806,698.66235,791.08905,691.4860557528925,701.1657854804854,707.0179515457313
2013-12-17 23:20:00,753.3095,733.19806,688.26166,696.6716623681266,687.3752281820301,706.1186532633571
2013-12-17 23:30:00,675.33093,753.3095,689.1415,700.424400245251,691.6786882427235,699.8686700209098
2013-12-17 23:40:00,601.7657,675.33093,678.36115,670.8054111579277,678.1976636111731,677.9310681133452
2013-12-17 23:50:00,615.0544,601.7657,592.0704,619.4484239357848,624.3236939690471,612.8639128591998
2013-12-18 00:00:00,611.1582,615.0544,683.58307,591.7521867309111,593.2665099626148,620.1833636610444
2013-12-18 00:10:00,562.43494,611.1582,569.6194,571.9911346420339,599.7590822451757,591.4703449983101
2013-12-18 00:20:00,475.73096,562.43494,584.5679,548.1886934761179,567.5209816978117,549.0334468180579
2013-12-18 00:30:00,521.03174,475.73096,545.6702,491.24356395621584,497.97055597432353,482.65825581484086
2013-12-18 00:40:00,478.24054,521.03174,510.77725,485.32802509918156,487.42473036021687,501.3698967587668
2013-12-18 00:50:00,456.80215,478.24054,469.85272,450.45485822609913,457.7557166859038,467.08353074196526
2013-12-18 01:00:00,403.4241,456.80215,427.52615,441.76116761947264,448.6404399866791,448.77912494831725
2013-12-18 01:10:00,413.68646,403.4241,418.05487,399.72583167493036,398.3092539353484,396.13646704055094
2013-12-18 01:20:00,354.89767,413.68646,400.81256,389.19863319730655,392.81767925681476,400.05710697017815
2013-12-18 01:30:00,342.27673,354.89767,369.04263,348.44564244022956,370.190900878511,356.6253042540602
2013-12-18 01:40:00,330.21017,342.27673,400.82446,333.1485716262638,350.1259448529734,345.63592561005106
2013-12-18 01:50:00,307.2729,330.21017,494.85214,310.98130757474775,314.0599583239378,319.1778330375702
2013-12-18 02:00:00,301.65018,307.2729,444.75632,294.15341902687123,303.32393342210383,311.7919789928393
2013-12-18 02:10:00,292.63828,301.65018,342.45816,284.18318640239175,303.6631460376042,299.38700572009435
2013-12-18 02:20:00,280.157,292.63828,321.27475,273.2738718625608,285.91592683706745,286.6600366653498
2013-12-18 02:30:00,267.4665,280.157,288.331,264.25634061454724,275.2225557516018,279.3739430254641
2013-12-18 02:40:00,260.8553,267.4665,288.67886,253.7849715102479,269.99188410100044,270.15550287486803
2013-12-18 02:50:00,240.2893,260.8553,275.95453,245.5705012250926,258.02834848697097,261.8794276260303
2013-12-18 03:00:00,260.98376,240.2893,265.60916,231.57888649224202,241.49728767450048,245.61176198401301
2013-12-18 03:10:00,241.954,260.98376,257.0351,236.80416755086574,248.76520420535704,249.95892206761323
2013-12-18 03:20:00,239.97505,241.954,263.70334,227.08241453894342,236.96011198999327,230.71491293099075
2013-12-18 03:30:00,237.31496,239.97505,260.922,228.53304787067628,238.68116172373144,241.38235069799444
2013-12-18 03:40:00,247.64273,237.31496,248.72176,223.18020179678803,232.41411886587676,232.27395536983974
2013-12-18 03:50:00,219.39919,247.64273,234.65086,228.30543035452786,236.12699016243602,231.39407375313095
2013-12-18 04:00:00,258.74133,219.39919,266.1392,216.6719771137732,227.07775428154358,222.65676893070756
2013-12-18 04:10:00,217.83739,258.74133,274.88034,234.53491771250432,239.69495867298951,234.81617645326742
2013-12-18 04:20:00,233.26752,217.83739,261.0726,215.8922934113178,216.40439643480698,208.646043523915
2013-12-18 04:30:00,234.93834,233.26752,293.32574,227.49409135190587,237.15807259617287,234.23701866381137
2013-12-18 04:40:00,206.07233,234.93834,290.08807,222.62710194160388,227.81814615406074,212.68257356136482
2013-12-18 04:50:00,215.07286,206.07233,315.1141,213.6712386505742,217.90697234429194,213.59069008617092
2013-12-18 05:00:00,204.97272,215.07286,282.36035,214.83563874068074,224.7919151254325,219.78070836857464
2013-12-18 05:10:00,213.79724,204.97272,289.76562,205.58763898249518,209.06717745401673,201.36134661274824
2013-12-18 05:20:00,201.24495,213.79724,267.46893,212.24319271252656,216.71768381835446,209.3453755842811
2013-12-18 05:30:00,217.4764,201.24495,281.50198,206.35363225842627,213.2648348051636,204.60033156278143
2013-12-18 05:40:00,206.12398,217.4764,255.41919,216.39608505800848,219.02970110526724,212.4187296318258
2013-12-18 05:50:00,201.40819,206.12398,237.52554,211.88495577153105,213.41735163183165,207.05781149393445
2013-12-18 06:00:00,226.19368,201.40819,304.6422,212.98970528228824,220.29423816382888,223.75835747136222
2013-12-18 06:10:00,231.6018,226.19368,254.11006,223.53826544253695,225.94859392266736,216.78449109100657
2013-12-18 06:20:00,203.22812,231.6018,267.30283,231.73787357800458,228.49421578818584,220.3882675926151
2013-12-18 06:30:00,251.87993,203.22812,263.78082,225.67761916097908,234.37059356594352,237.7166430833632
2013-12-18 06:40:00,216.60115,251.87993,280.67795,248.70381986929638,253.9510016317887,253.48025609524325
2013-12-18 06:50:00,223.5457,216.60115,310.51944,232.73909086412127,235.28223064658096,232.05164927861665
2013-12-18 07:00:00,266.7047,223.5457,312.75266,244.03955311924733,266.51564458868404,267.1160764038643
2013-12-18 07:10:00,240.15982,266.7047,334.98352,259.3251556094291,273.3587581577392,263.13187018936753
2013-12-18 07:20:00,260.11023,240.15982,399.9871,257.14203104552735,270.91035855795934,269.05754230122363
2013-12-18 07:30:00,351.57886,260.11023,468.8654,275.60329018389115,315.76270346475496,313.49641689158625
2013-12-18 07:40:00,359.32568,351.57886,444.33292,318.93004930378584,347.23776093942996,343.66520790988153
2013-12-18 07:50:00,390.95447,359.32568,667.23376,350.3454288710851,373.8909240997193,371.63082738123774
2013-12-18 08:00:00,344.85855,390.95447,470.07037,398.59163852407556,443.0988096578858,436.96132106540045
2013-12-18 08:10:00,385.59512,344.85855,461.7268,381.30401004663196,425.7681783314752,413.30917926170446
2013-12-18 08:20:00,406.36508,385.59512,541.74304,402.2216272966506,463.07190956197303,459.81652845130526
2013-12-18 08:30:00,429.38452,406.36508,574.337,407.6587326193463,459.82289844427,470.4047923477111
2013-12-18 08:40:00,422.72934,429.38452,506.02975,435.6939509139938,474.343098795298,479.25367504540606
2013-12-18 08:50:00,437.61343,422.72934,505.6817,441.70079892521164,476.76335428798825,492.63583894945805
2013-12-18 09:00:00,447.97495,437.61343,577.64026,453.3713543536881,488.5786366426061,513.6239880796273
2013-12-18 09:10:00,375.1729,447.97495,509.65225,458.4685852594224,492.27956214542183,499.55756074298915
2013-12-18 09:20:00,416.18372,375.1729,516.0986,422.1129843615263,458.5209676757652,443.30688227871235
2013-12-18 09:30:00,449.79,416.18372,502.34637,430.92915727543067,453.6501005694624,487.47146979928783
2013-12-18 09:40:00,450.28943,449.79,490.25952,435.29525146437567,456.6320645826798,467.73418861373597
2013-12-18 09:50:00,451.9896,450.28943,479.01648,453.5125762105766,472.7146582819692,486.0695635628726
2013-12-18 10:00:00,415.06323,451.9896,497.59647,462.69474103469474,458.52297688763826,494.7479765236527
2013-12-18 10:10:00,471.61313,415.06323,466.9914,441.73141782804623,454.22416399193764,456.0615129461262
2013-12-18 10:20:00,475.04697,471.61313,420.129,463.50359467400426,477.30418552141134,482.6767224551406
2013-12-18 10:30:00,438.11908,475.04697,441.5475,465.71068155810644,470.3783950219531,489.6817420865637
2013-12-18 10:40:00,452.35614,438.11908,479.27502,462.0614219284694,460.0656549220759,457.4736776877984
2013-12-18 10:50:00,447.59967,452.35614,523.22107,462.57959924386626,465.00687573196296,469.0895377419875
2013-12-18 11:00:00,432.17352,447.59967,459.6689,452.6968183399735,473.7990244236441,481.79986005173544
2013-12-18 11:10:00,473.3686,432.17352,526.7893,447.24305049304166,468.772775436238,469.5449540325813
2013-12-18 11:20:00,480.77713,473.3686,543.01654,464.4588777555065,475.29167363876064,468.55048195928896
2013-12-18 11:30:00,429.6059,480.77713,516.60114,472.7107515019358,485.9281536127072,474.4902780442143
2013-12-18 11:40:00,490.2913,429.6059,546.81793,458.55137291369005,480.05797514663067,478.7248762945512
2013-12-18 11:50:00,475.74796,490.2913,549.7356,482.71675029762804,494.83388799546793,482.95827802324953
2013-12-18 12:00:00,512.29175,475.74796,574.97687,473.97131561424686,495.0594853524342,494.66032888665086
2013-12-18 12:10:00,480.2431,512.29175,582.3506,508.067079650128,518.5349443428255,514.0434590900581
2013-12-18 12:20:00,453.38184,480.2431,543.8552,495.11837317001385,507.14477389232445,481.92180584577903
2013-12-18 12:30:00,417.35492,453.38184,481.64062,484.2218541781555,503.35502381838904,502.4486845413815
2013-12-18 12:40:00,485.62238,417.35492,493.04376,450.7202332013032,487.2073937318994,477.854052438279
2013-12-18 12:50:00,447.50092,485.62238,571.9685,472.65430426508743,502.62727534875893,512.3244360817579
2013-12-18 13:00:00,509.58923,447.50092,561.9313,456.8685162810863,490.42583680358285,489.23124490578044
2013-12-18 13:10:00,497.13226,509.58923,514.3386,501.1261102854341,516.5359983000312,528.8462740093003
2013-12-18 13:20:00,496.73465,497.13226,594.84735,496.7016620414667,513.2515986493368,504.7242276899447
2013-12-18 13:30:00,495.92697,496.73465,570.16034,511.37299147879423,532.772184539053,536.5911719544982
2013-12-18 13:40:00,526.5099,495.92697,613.51276,506.9598403510261,525.1897711916541,520.5574180455459
2013-12-18 13:50:00,486.76266,526.5099,574.9689,522.1249232883224,528.1759265315383,540.7816483082032
2013-12-18 14:00:00,516.83844,486.76266,578.4802,506.1944393043822,512.8245408237311,526.0912757865461
2013-12-18 14:10:00,494.90015,516.83844,595.58057,521.431685454832,520.3748241657245,546.746950539122
2013-12-18 14:20:00,510.1653,494.90015,688.995,504.02872064106697,508.17144403778616,521.7963285159153
2013-12-18 14:30:00,531.8372,510.1653,551.4378,514.6688327340561,515.056193037666,543.9748936372521
2013-12-18 14:40:00,503.3103,531.8372,568.0768,521.7549236703989,516.8376423338717,538.2226026995756
2013-12-18 14:50:00,459.23642,503.3103,564.3787,514.0907580509593,507.01227787528956,530.3040961514049
2013-12-18 15:00:00,497.2767,459.23642,545.025,488.73703210562644,490.28443499141025,503.8481745017318
2013-12-18 15:10:00,542.54193,497.2767,584.453,491.43867886054943,498.66372694822314,524.6509378471513
2013-12-18 15:20:00,434.00305,542.54193,591.21875,508.74146160231913,510.9598784711395,526.3573485635405
2013-12-18 15:30:00,491.40442,434.00305,542.5653,469.7380161828035,476.3643946578958,483.68493858677357
2013-12-18 15:40:00,532.70483,491.40442,602.93866,489.5228491168234,495.0498862919936,506.8379434812202
2013-12-18 15:50:00,473.79333,532.70483,543.33014,492.2693123079298,503.6326954982311,517.2489087718762
2013-12-18 16:00:00,482.9633,473.79333,546.9412,486.19120521610563,496.7707378470693,518.5716229132779
2013-12-18 16:10:00,465.23322,482.9633,590.63837,489.7814909882813,499.95767784615856,493.4430123345329
2013-12-18 16:20:00,458.56827,465.23322,574.6246,467.0343556973804,487.5872157430182,489.98956240872343
2013-12-18 16:30:00,521.3161,458.56827,587.41656,462.5666308891956,490.56311362233333,507.1163411658217
2013-12-18 16:40:00,495.14966,521.3161,501.16928,488.7158077429612,515.5856915858566,509.9291692633017
2013-12-18 16:50:00,604.399,495.14966,547.27606,487.10075342628346,507.49240827807876,504.0124125903809
2013-12-18 17:00:00,524.9424,604.399,605.1998,555.039486371813,563.0024991356894,570.4634974660806
2013-12-18 17:10:00,590.0273,524.9424,582.041,530.7829682198899,538.1580034174118,524.1892867832579
2013-12-18 17:20:00,544.04456,590.0273,532.6583,580.3844581865472,583.8944693433258,584.3623625600261
2013-12-18 17:30:00,558.84247,544.04456,705.6695,550.1223605743983,564.6902361087145,548.5750364982463
2013-12-18 17:40:00,577.99567,558.84247,635.235,568.444988785851,580.6439910339153,576.7652687849987
2013-12-18 17:50:00,635.3293,577.99567,639.5091,571.2943794634303,587.1952431183901,580.0193581664884
2013-12-18 18:00:00,690.9079,635.3293,584.0427,611.2907077807747,619.3346521945849,643.3000181283885
2013-12-18 18:10:00,592.6084,690.9079,616.0241,659.8226492328107,653.4822761709751,643.7251973188779
2013-12-18 18:20:00,578.6259,592.6084,632.0942,638.0437028379354,631.6032466321102,628.2176555755988
2013-12-18 18:30:00,624.7505,578.6259,623.4601,627.2622539428269,632.7949866868022,634.4940135984366
2013-12-18 18:40:00,612.87427,624.7505,650.60364,625.7432542226907,643.5217423541801,640.954042778276
2013-12-18 18:50:00,629.817,612.87427,587.2646,627.4162106601449,643.8993938426364,643.5559293074048
2013-12-18 19:00:00,615.9169,629.817,633.2817,649.3347120602476,662.3997265572017,652.0858805724888
2013-12-18 19:10:00,625.19196,615.9169,750.84863,643.8168049690183,656.9616315537114,636.7355871259384
2013-12-18 19:20:00,685.12,625.19196,669.0361,652.2177326561408,670.4250453475892,662.6515382011609
2013-12-18 19:30:00,711.75854,685.12,705.26434,683.3893997481164,700.6007772065846,699.1826554311837
2013-12-18 19:40:00,670.03546,711.75854,674.5494,714.0096246738402,720.7326061876361,729.5619585631403
2013-12-18 19:50:00,662.9191,670.03546,721.6271,715.0638687469509,719.116361404707,698.0610957943127
2013-12-18 20:00:00,689.2529,662.9191,706.6125,709.6170718934942,718.6316835431104,709.2259960780657
2013-12-18 20:10:00,650.30414,689.2529,706.7569,710.4291845230252,725.5299871133012,718.8754110193754
2013-12-18 20:20:00,724.94037,650.30414,793.4161,691.6606462017313,712.8229504807653,708.0058645063444
2013-12-18 20:30:00,740.3118,724.94037,793.6747,729.7356619287218,742.6476754852067,751.4292561870601
2013-12-18 20:40:00,864.3065,740.3118,831.01654,740.5999434920574,744.5470770952767,759.7543074731275
2013-12-18 20:50:00,889.67664,864.3065,837.3783,828.0400033700696,814.3758842845931,852.4387308880493
2013-12-18 21:00:00,865.9718,889.67664,810.82104,869.3570059547994,841.4474253401593,851.3909948582175
2013-12-18 21:10:00,832.2454,865.9718,841.8306,895.4124272119941,860.1789202990071,858.1134300479562
2013-12-18 21:20:00,826.25275,832.2454,835.9291,875.0456812338231,855.3415884886402,844.4453571867626
2013-12-18 21:30:00,908.8113,826.25275,935.6366,854.2316663513787,851.018778571415,857.3063436181633
2013-12-18 21:40:00,907.10657,908.8113,827.5972,882.4163643220733,875.8768572775563,892.4018361078012
2013-12-18 21:50:00,926.0199,907.10657,791.6246,892.231321824905,879.2001048100444,883.6393166301115
2013-12-18 22:00:00,952.9997,926.0199,826.5704,919.9982484873026,898.2959365489543,905.4332891225752
2013-12-18 22:10:00,865.1981,952.9997,848.9059,932.1121140926534,909.4938490618719,927.0537513603583
2013-12-18 22:20:00,819.5645,865.1981,857.4414,891.2244116299017,891.8126372673187,882.8762912111841
2013-12-18 22:30:00,836.2578,819.5645,919.8936,851.1958773259798,871.3974771537743,854.1428816865706
2013-12-18 22:40:00,828.0269,836.2578,1009.5975,824.1756564544728,846.8091591600124,851.4249772829625
2013-12-18 22:50:00,826.96515,828.0269,920.18744,806.8454361138208,829.6423914466143,833.1500313903265
2013-12-18 23:00:00,795.3643,826.96515,876.9841,804.7483918414221,828.6568142906063,822.4404509389827
2013-12-18 23:10:00,769.98236,795.3643,910.7172,782.1018005314506,799.2700601956353,795.9114148631652
2013-12-18 23:20:00,825.0038,769.98236,811.9818,758.7749869832279,775.2889979920993,772.3821642819618
2013-12-18 23:30:00,779.45746,825.0038,817.25775,769.6080460659405,778.9009408043966,805.601317353463
2013-12-18 23:40:00,757.75775,779.45746,822.95264,747.5775008452496,749.3573596205615,762.3452074357011
2013-12-18 23:50:00,644.84717,757.75775,660.48596,738.6422328885536,729.0312117091204,751.127569794668
2013-12-19 00:00:00,652.77167,644.84717,761.1617,661.8834310905338,660.9252147652426,661.8123768792613
2013-12-19 00:10:00,605.036,652.77167,643.72534,637.20199445843,679.3589994610102,653.0548066327096
2013-12-19 00:20:00,589.05695,605.036,533.5719,585.5084748227492,598.310083179133,591.5628865887276
2013-12-19 00:30:00,588.61505,589.05695,540.82996,568.4383604630473,567.6561928572629,579.7926757008642
2013-12-19 00:40:00,471.3931,588.61505,570.9014,551.8722745723976,540.8192261177068,549.3870617596035
2013-12-19 00:50:00,505.78888,471.3931,472.466,486.2469316041271,472.30692800076326,474.0950145172787
2013-12-19 01:00:00,453.76035,505.78888,492.17078,480.8089144310399,471.2666532011963,486.92500736911484
2013-12-19 01:10:00,475.909,453.76035,437.0263,432.86598573650684,436.64993457960554,438.1375336302682
2013-12-19 01:20:00,378.76324,475.909,436.56134,441.5046626081375,437.0646437815028,447.52122110093006
2013-12-19 01:30:00,384.67493,378.76324,418.10825,383.4088729442114,379.2094551954981,385.8916688162532
2013-12-19 01:40:00,332.8645,384.67493,433.5791,373.17633044651416,373.38691780014096,384.79577787505843
2013-12-19 01:50:00,338.1401,332.8645,413.06628,325.84118228573624,342.0030928765536,337.1177826252511
2013-12-19 02:00:00,318.74048,338.1401,384.97498,320.0586407712215,336.1429631633733,340.2605836403235
2013-12-19 02:10:00,308.44058,318.74048,355.17072,299.20281802145604,307.03432706221884,310.2470455434039
2013-12-19 02:20:00,300.55597,308.44058,321.86673,291.8059778793838,296.9911231384955,306.5807683662712
2013-12-19 02:30:00,270.9313,300.55597,350.51956,281.52951025976006,293.76765702145445,296.4985786890563
2013-12-19 02:40:00,275.24823,270.9313,307.7945,263.1207704042208,279.97033923532297,275.44358588308984
2013-12-19 02:50:00,274.1754,275.24823,299.5255,258.3033462371029,273.5655848407377,274.4282172792443
2013-12-19 03:00:00,276.37576,274.1754,362.19666,251.9291407185667,259.8145131182731,263.630833719578
2013-12-19 03:10:00,264.55176,276.37576,340.32114,254.50434983014222,258.14642538442786,263.40337896784615
2013-12-19 03:20:00,261.54825,264.55176,342.84756,249.65208624712716,253.78639439205503,256.938114483306
2013-12-19 03:30:00,240.89755,261.54825,326.84195,247.40069007076,254.7667066420569,255.15292728008714
2013-12-19 03:40:00,268.1119,240.89755,358.46414,234.63383752799672,248.22677616506058,243.39534897520514
2013-12-19 03:50:00,257.81543,268.1119,321.93762,244.46167878244262,254.81021832587706,252.47881509146637
2013-12-19 04:00:00,332.97696,257.81543,342.36035,240.6812368523707,240.21925563743415,240.66538483620482
2013-12-19 04:10:00,326.5221,332.97696,328.28232,282.69632582137086,270.0201615936077,280.70975807898895
2013-12-19 04:20:00,238.47893,326.5221,325.72525,293.54446753404835,268.67700831870945,274.7430158138031
2013-12-19 04:30:00,223.33775,238.47893,331.2539,267.6383402228576,250.82383079166058,242.8612029451406
2013-12-19 04:40:00,229.53265,223.33775,322.65662,243.03624952100242,244.1695581826656,233.49460606144342
2013-12-19 04:50:00,229.25528,229.53265,299.43204,225.1110419280933,226.865249877922,230.3731002834058
2013-12-19 05:00:00,231.11295,229.25528,280.11923,223.97464223527123,223.62142470853374,226.20231989109317
2013-12-19 05:10:00,247.02548,231.11295,275.32922,228.3354845458296,235.09684115328153,222.20972858849623
2013-12-19 05:20:00,249.4221,247.02548,260.65103,238.6364931815159,242.45606424338547,225.24783020705223
2013-12-19 05:30:00,216.96262,249.4221,310.87067,245.58373402036793,248.18755892335957,237.63368142856174
2013-12-19 05:40:00,238.05887,216.96262,304.0821,234.7206461418278,241.8100214090636,234.61297224349812
2013-12-19 05:50:00,216.98206,238.05887,318.56885,241.94185340739972,241.9465480878227,241.5412742224077
2013-12-19 06:00:00,230.17105,216.98206,324.56445,227.80656921071483,224.3005478866324,222.60481998007452
2013-12-19 06:10:00,260.16977,230.17105,304.29846,238.02042757917965,245.10908108647837,238.99526757723336
2013-12-19 06:20:00,269.32407,260.16977,319.55676,252.05312611404244,255.18631579000288,241.57395282396914
2013-12-19 06:30:00,283.68015,269.32407,346.97693,268.88147240130183,262.7948230035933,259.3942300026024
2013-12-19 06:40:00,264.86063,283.68015,350.7997,289.04964242135264,284.837020910172,286.4107694021616
2013-12-19 06:50:00,240.797,264.86063,295.8481,285.6690912128779,285.2911356709167,285.48580247773464
2013-12-19 07:00:00,305.1569,240.797,370.17383,272.74500429834933,285.3130622891796,276.59502256055805
2013-12-19 07:10:00,315.90958,305.1569,349.92413,298.0445488382935,314.55901942974015,314.4448952487657
2013-12-19 07:20:00,324.02414,315.90958,351.26846,310.97471239772494,322.794106454114,314.1990348308623
2013-12-19 07:30:00,379.56686,324.02414,572.97644,338.72767067882285,362.17946762358116,363.85767874796653
2013-12-19 07:40:00,384.2071,379.56686,453.92456,373.4753621878761,402.6131813578742,409.3302896520095
2013-12-19 07:50:00,430.36383,384.2071,479.46082,390.65761970864594,436.6749745263002,421.870516996826
2013-12-19 08:00:00,429.9596,430.36383,505.80112,433.2619942554918,484.7096902608458,473.60884472787484
2013-12-19 08:10:00,451.92218,429.9596,471.4244,443.8243647033228,485.61023039386794,469.9025123366889
2013-12-19 08:20:00,479.65353,451.92218,514.69965,468.54425699323554,510.5024591757382,485.310325054818
2013-12-19 08:30:00,497.95383,479.65353,521.5441,486.7808766723426,529.5088123651151,519.316899370561
2013-12-19 08:40:00,500.0895,497.95383,562.90985,507.6196566157202,538.6883222206587,541.9520971523579
2013-12-19 08:50:00,525.4955,500.0895,575.81415,519.1053036721289,538.6665790476567,544.0103712191284
2013-12-19 09:00:00,498.7365,525.4955,510.18634,536.5864646729643,545.279582806436,555.6547088952448
2013-12-19 09:10:00,501.35797,498.7365,585.0843,525.930726164805,535.1801257982481,544.5016238863911
2013-12-19 09:20:00,521.4436,501.35797,498.4359,526.7415522389346,526.6757478710592,522.6426708927285
2013-12-19 09:30:00,509.71112,521.4436,487.74625,528.6303728817758,521.7242965764551,528.7545202100799
2013-12-19 09:40:00,458.53326,509.71112,467.35745,525.3374227434939,516.8553513548586,529.6965032906902
2013-12-19 09:50:00,530.77936,458.53326,492.31747,498.2617528241247,497.05857360577073,497.21458709055355
2013-12-19 10:00:00,518.164,530.77936,589.55865,521.542433366602,511.1176552539308,519.121706052364
2013-12-19 10:10:00,501.4351,518.164,513.28156,514.1352152111508,507.8146569227267,494.61767050165275
2013-12-19 10:20:00,478.97632,501.4351,520.47534,521.9314286519699,505.3444730985383,495.6645125825118
2013-12-19 10:30:00,512.3674,478.97632,523.4353,501.8552281657443,496.8956107700993,493.4825338206114
2013-12-19 10:40:00,562.85956,512.3674,553.3093,509.6786737572116,509.67839114219555,515.2208917857645
2013-12-19 10:50:00,514.1199,562.85956,528.16516,535.4786981843979,528.9806092598942,518.4067361583677
2013-12-19 11:00:00,495.3875,514.1199,507.53888,529.7504093325248,518.6668121973587,509.72686127279013
2013-12-19 11:10:00,530.44214,495.3875,511.79767,523.043157852332,514.3385533764286,497.7287168257679
2013-12-19 11:20:00,566.3543,530.44214,530.4528,525.0257385159598,530.8740430040376,522.7800125427669
2013-12-19 11:30:00,532.3128,566.3543,590.09717,545.6695034044182,547.763563368324,540.1576825076668
2013-12-19 11:40:00,546.52527,532.3128,501.32324,545.6966294339196,543.5802814960397,544.8204758207122
2013-12-19 11:50:00,560.9379,546.52527,540.9494,556.5885587268449,549.1278451167781,545.9366416102769
2013-12-19 12:00:00,565.3531,560.9379,557.73975,558.3787771415277,561.3012598428419,565.6989173919203
2013-12-19 12:10:00,562.96564,565.3531,541.6206,568.2914801851288,570.8607302641807,584.3151547787201
2013-12-19 12:20:00,588.66077,562.96564,573.05475,572.5567097938645,574.4737324003437,566.7155456054994
2013-12-19 12:30:00,624.6105,588.66077,590.07733,587.402453293997,584.4565593697072,579.3023331643093
2013-12-19 12:40:00,624.32336,624.6105,576.6221,611.2561369762457,605.1555710968606,597.5850949984442
2013-12-19 12:50:00,543.05634,624.32336,524.8958,626.4374886242491,615.8939463207962,603.4707678170113
2013-12-19 13:00:00,579.992,543.05634,619.44543,591.9137646166015,593.9024302789759,584.0118958223193
2013-12-19 13:10:00,627.69037,579.992,603.32434,595.4687948349454,604.2428088067552,604.4653879122948
2013-12-19 13:20:00,642.1159,627.69037,644.5289,605.5374584387165,621.5102160632848,613.1407507862592
2013-12-19 13:30:00,580.09186,642.1159,643.4222,633.5268029882781,631.5774774027234,633.5611650034188
2013-12-19 13:40:00,592.5678,580.09186,652.3832,615.9531605507511,612.8755476854841,593.97884890618
2013-12-19 13:50:00,632.7699,592.5678,651.3994,613.0541684929402,621.3778688895022,607.0069419527349
2013-12-19 14:00:00,652.0191,632.7699,673.10223,618.9383368883099,638.5537075971862,630.4264502989863
2013-12-19 14:10:00,709.7509,652.0191,696.42584,639.6179869145334,640.0079258915099,638.3049935232441
2013-12-19 14:20:00,638.8497,709.7509,686.04535,683.3112408816435,652.3417227799188,643.666688078588
2013-12-19 14:30:00,581.73267,638.8497,698.6878,661.709785235064,632.2444887130076,618.9642674765867
2013-12-19 14:40:00,579.0537,581.73267,614.015,629.4031789559317,619.2600775906766,608.4562008747358
2013-12-19 14:50:00,531.80927,579.0537,655.8718,597.1440954929194,607.2157109177822,608.1483638390733
2013-12-19 15:00:00,510.3121,531.80927,621.83276,554.8374787812779,564.7566076892207,567.0203650290069
2013-12-19 15:10:00,537.1909,510.3121,548.1755,531.6210573362157,541.1924760377472,545.0420093070001
2013-12-19 15:20:00,488.22876,537.1909,564.55695,527.924112766424,540.1791337796053,550.6004297198164
2013-12-19 15:30:00,507.116,488.22876,580.1197,500.7064958988883,517.8224599681427,525.5507607482181
2013-12-19 15:40:00,568.2799,507.116,533.556,506.96146332868176,521.2490447264704,531.0853796041488
2013-12-19 15:50:00,557.6498,568.2799,542.53485,527.6289199097076,540.9031569539678,533.3919231888601
2013-12-19 16:00:00,490.93958,557.6498,521.1288,539.6193443350741,542.5589524604013,546.734884563052
2013-12-19 16:10:00,493.11267,490.93958,549.81305,518.2711701263336,520.5934931495236,522.8020548763092
2013-12-19 16:20:00,479.84375,493.11267,591.45215,503.51393254291366,518.842165606967,515.7698996676214
2013-12-19 16:30:00,535.04706,479.84375,573.8147,480.1640869491736,508.2992304436992,512.8865218308246
2013-12-19 16:40:00,506.74237,535.04706,525.70233,506.59307044882365,531.0570563178599,533.0211650351066
2013-12-19 16:50:00,498.59137,506.74237,572.4302,500.4493064257985,521.0401118004407,511.3414594880717
2013-12-19 17:00:00,469.3657,498.59137,613.39557,506.4378568162345,523.8422337735018,536.0535427071205
2013-12-19 17:10:00,529.80115,469.3657,579.7253,483.10356331512577,512.801577895568,517.0605232671754
2013-12-19 17:20:00,517.66516,529.80115,530.6643,507.68787326985534,541.2497767042311,539.0678007026721
2013-12-19 17:30:00,527.80176,517.66516,615.938,507.4297204302054,537.1047718978546,523.250685576799
2013-12-19 17:40:00,547.3711,527.80176,509.1889,529.1157533573529,550.4964672554979,532.1143380328681
2013-12-19 17:50:00,538.05786,547.3711,579.9124,540.1419834821188,562.7663178861709,541.1146464748164
2013-12-19 18:00:00,511.29507,538.05786,650.92,544.3382607971315,568.2812940713504,561.7240997617699
2013-12-19 18:10:00,551.7419,511.29507,581.2464,535.5895901697279,563.0007846134112,546.1685916242519
2013-12-19 18:20:00,513.51825,551.7419,629.3509,551.3311861973488,578.6842654137292,570.920107914532
2013-12-19 18:30:00,534.7625,513.51825,596.1757,534.0546143957309,560.3271347478071,558.0927494328744
2013-12-19 18:40:00,633.9007,534.7625,618.1257,550.9130530262522,576.2966147127789,578.6354139524483
2013-12-19 18:50:00,573.50476,633.9007,693.34033,597.6742174333202,621.3687337288399,618.0463758000129
2013-12-19 19:00:00,568.2207,573.50476,657.6868,595.5506252744252,610.8338167871697,594.0568140344931
2013-12-19 19:10:00,569.0922,568.2207,686.45337,609.7912480300864,625.2053137693608,598.7414193751365
2013-12-19 19:20:00,579.7165,569.0922,681.47504,594.2396603638224,620.4619921062617,608.95876942949
2013-12-19 19:30:00,602.38196,579.7165,643.14716,599.791968438273,622.9549068152688,622.9596543925745
2013-12-19 19:40:00,595.51843,602.38196,729.0414,615.2743689487776,635.4184605824968,636.0613134765898
2013-12-19 19:50:00,595.7494,595.51843,723.5846,619.86059176959,638.5532157404829,620.0236939828088
2013-12-19 20:00:00,589.6145,595.7494,849.4494,624.9782192220072,646.3248113067096,636.1194100505455
2013-12-19 20:10:00,609.277,589.6145,815.3053,619.3085137443269,646.9881261655853,635.972756147129
2013-12-19 20:20:00,639.2316,609.277,881.69745,627.9508725086495,655.7738150718178,646.9677915876658
2013-12-19 20:30:00,610.7987,639.2316,785.99774,645.1808023087301,668.3017010809874,671.9375037955247
2013-12-19 20:40:00,670.4388,610.7987,762.6552,640.231266666805,663.3163779073045,660.2013074331834
2013-12-19 20:50:00,664.6454,670.4388,780.3491,672.6549573607291,695.1005209647799,690.6627870005452
2013-12-19 21:00:00,741.4945,664.6454,919.51074,671.6487011131421,695.7892832821194,692.9255880564374
2013-12-19 21:10:00,710.9492,741.4945,929.61304,725.157769287721,742.4326379416834,749.8755770345585
2013-12-19 21:20:00,683.62665,710.9492,846.94604,720.405735075459,739.7841668870071,722.2237275004425
2013-12-19 21:30:00,686.1755,683.62665,828.9467,717.3147614345497,739.5038644360692,727.8703237344082
2013-12-19 21:40:00,733.0298,686.1755,787.03864,701.3310622532085,730.2443987335769,722.3601722256803
2013-12-19 21:50:00,754.2599,733.0298,812.7847,715.067592182234,737.4796776637489,747.8762006050124
2013-12-19 22:00:00,729.4789,754.2599,795.2338,732.3747997670847,748.6092420112608,756.2366790986556
2013-12-19 22:10:00,714.3482,729.4789,799.3694,732.8253507234939,749.4530035087448,744.5009929161739
2013-12-19 22:20:00,786.96185,714.3482,720.20764,721.4273393197199,744.2850024784368,737.8794133817964
2013-12-19 22:30:00,752.46594,786.96185,770.1784,744.7082394677851,765.9280952878976,772.0456346339379
2013-12-19 22:40:00,799.00146,752.46594,759.4946,733.6377346601981,753.3268758525683,753.3281304363684
2013-12-19 22:50:00,792.9954,799.00146,789.63116,765.90557995915,771.1732232185707,780.8921739657844
2013-12-19 23:00:00,771.88727,792.9954,813.3524,758.9121253831851,754.7655686799005,763.3680758929007
2013-12-19 23:10:00,738.589,771.88727,856.2824,755.4578114978059,754.6963837450111,764.9960890157704
2013-12-19 23:20:00,702.43976,738.589,780.6443,729.0532617925455,740.0672433572989,733.3640751968633
2013-12-19 23:30:00,689.77466,702.43976,844.5882,695.3702012180335,705.5832336582516,708.368881654379
2013-12-19 23:40:00,613.1352,689.77466,823.02454,670.6421374983433,676.4760280583704,688.690139650521
2013-12-19 23:50:00,621.96454,613.1352,736.0421,617.0716719597972,631.9048006249807,620.5140655837043
2013-12-20 00:00:00,598.4747,621.96454,704.99756,601.5401777907311,615.0822133660538,614.2110751353422
2013-12-20 00:10:00,500.762,598.4747,607.9873,570.5133685994658,597.9827816403275,571.4490139278778
2013-12-20 00:20:00,486.46848,500.762,614.66943,515.7653482987861,532.0277931262241,511.2136838692953
2013-12-20 00:30:00,498.44846,486.46848,626.39026,483.1882817033412,501.0145413342231,503.73898608739995
2013-12-20 00:40:00,470.8431,498.44846,594.88855,462.1418619804668,473.82025472589015,484.8584432328206
2013-12-20 00:50:00,485.2161,470.8431,559.965,445.985651070313,447.8599029466845,454.19854289002694
2013-12-20 01:00:00,452.23605,485.2161,517.9587,449.6161462166942,443.116873931977,446.25135926236163
2013-12-20 01:10:00,415.05057,452.23605,515.90717,428.32258974277875,425.0327307746982,431.9870828217458
2013-12-20 01:20:00,369.30106,415.05057,447.1706,406.1261123316487,413.733095354306,409.7240943602215
2013-12-20 01:30:00,425.9166,369.30106,453.01157,367.6659235958902,386.79145772963284,379.0581046175647
2013-12-20 01:40:00,347.8889,425.9166,403.88913,377.41423905806437,386.96500948360176,405.0653177312151
2013-12-20 01:50:00,325.6602,347.8889,357.30344,338.2047247044705,344.8154947153607,343.52003280507245
2013-12-20 02:00:00,345.0484,325.6602,357.3883,325.60100466461506,335.9663528964973,327.29922212262335
2013-12-20 02:10:00,313.8602,345.0484,318.08905,313.3384739617391,328.9910982635162,326.6620039509262
2013-12-20 02:20:00,293.0316,313.8602,339.43008,296.36121779760083,310.296348430799,306.08909616623873
2013-12-20 02:30:00,302.2474,293.0316,321.02463,284.98506068784764,303.11830071306156,288.74086776708833
2013-12-20 02:40:00,316.83246,302.2474,284.22427,278.64661804204155,292.7151903511497,288.5187499146259
2013-12-20 02:50:00,286.87125,316.83246,279.03778,282.5318858968486,288.92670647512455,299.7439528000821
2013-12-20 03:00:00,282.21875,286.87125,293.92264,273.6205085408191,284.26535446780156,277.7567408973503
2013-12-20 03:10:00,310.20245,282.21875,223.09964,269.9543317745711,280.97843480794825,271.05936429188006
2013-12-20 03:20:00,277.6964,310.20245,233.07124,276.07162257060827,282.4508750305356,284.92781080322504
2013-12-20 03:30:00,263.80005,277.6964,245.84743,265.398816108005,272.31110917437127,268.05081442815515
2013-12-20 03:40:00,257.21124,263.80005,202.31207,260.2643117209839,269.66436836946133,261.8189810908774
2013-12-20 03:50:00,232.73586,257.21124,204.11102,247.86645436956275,255.9430137838421,250.77506256215065
2013-12-20 04:00:00,240.00197,232.73586,223.90239,232.04027685777905,241.1310912242095,235.31246050505626
2013-12-20 04:10:00,245.83525,240.00197,204.7709,230.8454851913285,243.27694630016975,236.89201449211956
2013-12-20 04:20:00,208.02034,245.83525,237.86104,230.43314848426792,237.86156627984235,235.62349808184817
2013-12-20 04:30:00,221.95059,208.02034,243.96053,215.42492532054663,221.5569191922161,215.52128163051754
2013-12-20 04:40:00,224.57704,221.95059,208.20126,218.39161465241278,226.74424126597015,222.42038206911212
2013-12-20 04:50:00,202.53268,224.57704,215.83258,214.43341725824274,220.75000629085895,215.0125680700783
2013-12-20 05:00:00,216.11395,202.53268,229.89133,208.855781011239,214.93771298863547,209.39769804509046
2013-12-20 05:10:00,221.9682,216.11395,205.67934,213.94087256377304,218.6826959887822,214.84659844937852
2013-12-20 05:20:00,197.6801,221.9682,227.80702,215.49279999736527,215.45071861264805,211.47207628031495
2013-12-20 05:30:00,233.85101,197.6801,247.08356,209.18212292002286,212.80103041500638,211.06580696456348
2013-12-20 05:40:00,234.0265,233.85101,253.1943,226.4661607452172,230.77395624731523,227.78472190509416
2013-12-20 05:50:00,239.3612,234.0265,255.38345,228.9223201592249,226.63811587198913,220.40485202555058
2013-12-20 06:00:00,232.77911,239.3612,247.45227,244.2014074004314,240.5695188685663,241.43781110615328
2013-12-20 06:10:00,233.67615,232.77911,244.2602,243.4589608966166,243.14734831224288,236.4782925203687
2013-12-20 06:20:00,232.82942,233.67615,223.55183,245.57988041626672,248.65339644631067,238.38681367316516
2013-12-20 06:30:00,247.81062,232.82942,323.21017,244.83875399835117,253.89063281744626,242.91395077897047
2013-12-20 06:40:00,250.65594,247.81062,277.7343,254.30118408078167,263.87412697531283,255.6320969298672
2013-12-20 06:50:00,249.6261,250.65594,302.01422,259.94345038849406,269.88507382461916,256.5127293580902
2013-12-20 07:00:00,248.4229,249.6261,344.43063,265.3361792597849,281.31254442586163,269.3895799753119
2013-12-20 07:10:00,279.7077,248.4229,331.4164,265.9794309322003,290.2076680584791,272.4610540660494
2013-12-20 07:20:00,264.86902,279.7077,359.02713,282.9597112337369,310.99288936911967,293.7899860764739
2013-12-20 07:30:00,345.61652,264.86902,360.43152,281.6609143394955,316.5622169502338,297.5312269459815
2013-12-20 07:40:00,368.86542,345.61652,406.25827,330.73152456901425,366.6497079043232,353.09724591404984
2013-12-20 07:50:00,343.50653,368.86542,439.4152,355.80117682789063,397.683908505661,372.22477332815964
2013-12-20 08:00:00,423.9424,343.50653,438.6001,372.847642812079,422.6129282046673,402.2762386394768
2013-12-20 08:10:00,392.73087,423.9424,470.97992,416.8045978042443,467.1234103144408,454.4573712733823
2013-12-20 08:20:00,451.90894,392.73087,483.09018,409.02016664337583,472.6280267292348,437.88150851978867
2013-12-20 08:30:00,445.94226,451.90894,485.63605,457.4726002300672,494.9559373740749,505.2521917522354
2013-12-20 08:40:00,450.4209,445.94226,465.9486,456.39123301900287,489.78968755117273,483.22925419895745
2013-12-20 08:50:00,431.8521,450.4209,502.54813,473.545058948771,492.23835646689884,494.806889301667
2013-12-20 09:00:00,455.83774,431.8521,536.3782,460.731559406458,481.4687470575078,483.7584039683789
2013-12-20 09:10:00,446.13498,455.83774,453.27948,469.32225994819623,485.4997584841879,495.4542616545222
2013-12-20 09:20:00,445.12997,446.13498,486.44876,462.0433468912356,477.87028905330044,479.37674734858206
2013-12-20 09:30:00,504.818,445.12997,595.7596,464.42994683113466,467.9641772315505,479.72614789239464
2013-12-20 09:40:00,433.4578,504.818,523.9087,491.0969774750116,481.41346870343017,491.8702671838189
2013-12-20 09:50:00,475.46234,433.4578,559.58514,463.28251620177525,464.81866456720246,460.25398652575177
2013-12-20 10:00:00,419.28348,475.46234,564.0048,486.1618688844012,470.70044279863754,487.9545295088689
2013-12-20 10:10:00,457.8842,419.28348,512.98755,443.81900285273963,461.25782884282296,450.8997161727552
2013-12-20 10:20:00,382.40356,457.8842,469.60104,463.3410504883737,465.6918307057346,469.29294466892867
2013-12-20 10:30:00,399.44513,382.40356,441.43213,414.0569317250377,445.2260106287948,430.10622660710806
2013-12-20 10:40:00,451.72076,399.44513,453.77982,417.5333459141558,436.401794004957,434.946639348254
2013-12-20 10:50:00,467.13516,451.72076,496.23813,427.39278161930827,459.28090293058676,440.49111284250773
2013-12-20 11:00:00,463.44604,467.13516,522.99603,450.96042849976897,475.749401377916,473.36047553276296
2013-12-20 11:10:00,487.61783,463.44604,547.9118,467.3218020893909,474.5444407103735,459.5464918884552
2013-12-20 11:20:00,447.83026,487.61783,588.51074,483.54581283620195,489.56051343833747,475.8583516247426
2013-12-20 11:30:00,521.8112,447.83026,608.15344,466.45414762273396,492.06073535740046,473.53949637620485
2013-12-20 11:40:00,477.83844,521.8112,547.02704,503.84296185336336,514.9464615428434,503.95225877595914
2013-12-20 11:50:00,482.324,477.83844,565.9996,485.4662489829772,506.04547473895815,488.353601077041
2013-12-20 12:00:00,473.19693,482.324,566.26447,499.9079630131093,499.29406542115964,500.4555903348748
2013-12-20 12:10:00,509.3249,473.19693,594.0233,484.69892429452835,507.6101153495405,501.01291576570816
2013-12-20 12:20:00,485.3473,509.3249,601.2523,503.56221090071307,523.1773619401276,530.6371350991881
2013-12-20 12:30:00,527.3755,485.3473,595.0345,496.3180699095269,521.722651038929,508.872238624322
2013-12-20 12:40:00,524.2473,527.3755,613.7409,524.0490850680243,531.1164995078533,531.5036126042166
2013-12-20 12:50:00,573.3176,524.2473,608.38995,524.7505009844185,544.4092113929494,521.1947575308262
2013-12-20 13:00:00,531.71747,573.3176,655.1536,561.9239507030851,564.5574808931104,566.4508712836847
2013-12-20 13:10:00,510.33716,531.71747,645.9599,549.2621232562361,560.5568662067482,546.4581450774926
2013-12-20 13:20:00,551.6787,510.33716,661.10364,542.2201451193996,550.0907870840264,542.4948317203605
2013-12-20 13:30:00,583.71985,551.6787,709.6771,548.4280236207127,571.4451834421828,571.0254695172353
2013-12-20 13:40:00,564.1134,583.71985,708.8107,567.0029855984718,584.7203479743181,582.2187971038643
2013-12-20 13:50:00,546.2262,564.1134,684.8637,574.6156757320359,577.5393132331901,578.600053205903
2013-12-20 14:00:00,549.2161,546.2262,726.2091,568.7660531426568,567.2547374560974,572.2924170957187
2013-12-20 14:10:00,540.64087,549.2161,758.0504,560.3322666649357,575.9123175438161,571.677789288313
2013-12-20 14:20:00,575.3439,540.64087,733.2737,550.2852475658957,575.0955546401016,574.5627013779807
2013-12-20 14:30:00,540.9245,575.3439,670.3525,566.134080863533,577.0675855155387,576.0192189643248
2013-12-20 14:40:00,537.326,540.9245,660.77026,551.3404487596601,559.9479940838573,560.7184439325277
2013-12-20 14:50:00,515.51965,537.326,632.6403,550.3015090575705,553.2065464275832,555.1611549677174
2013-12-20 15:00:00,525.7843,515.51965,688.31335,527.447340173718,546.8191809955531,540.7361108211842
2013-12-20 15:10:00,513.3677,525.7843,623.0656,526.1206040977976,543.8657894819919,540.7157747899521
2013-12-20 15:20:00,549.39276,513.3677,682.78644,514.5919557358352,534.5591226173349,533.8248918615234
2013-12-20 15:30:00,473.4434,549.39276,645.13446,532.260177994417,543.0738497774621,543.691190273944
2013-12-20 15:40:00,433.7923,473.4434,624.2759,495.05159845270305,516.1982850053973,516.6609132468069
2013-12-20 15:50:00,461.2684,433.7923,605.5573,466.552963733735,489.67285200566965,488.3603655274639
2013-12-20 16:00:00,513.62463,461.2684,616.9827,454.0864072517081,492.9060586517923,481.45627842848785
2013-12-20 16:10:00,451.77246,513.62463,566.1847,474.7258796822707,512.3030396778018,511.8805946692192
2013-12-20 16:20:00,508.83362,451.77246,554.0501,461.23282200500245,493.73879662811123,483.5893732573122
2013-12-20 16:30:00,480.79776,508.83362,555.5991,492.5023790734499,511.49359505962383,505.69756911508637
2013-12-20 16:40:00,501.9654,480.79776,537.0603,473.5279321452758,509.004488828301,490.1706230103218
2013-12-20 16:50:00,435.664,501.9654,563.8905,495.14356499156867,523.8575927260549,512.104376560128
2013-12-20 17:00:00,447.6308,435.664,496.60715,457.63251933377234,495.73269672806146,472.4258432410767
2013-12-20 17:10:00,515.02185,447.6308,547.94403,457.373884090367,491.00038869932854,494.99653419639634
2013-12-20 17:20:00,492.59552,515.02185,563.3798,477.7008932189652,519.3680566587145,506.85579087713984
2013-12-20 17:30:00,501.45157,492.59552,607.07416,485.3378420962588,520.5754803649747,512.1055282263284
2013-12-20 17:40:00,532.5606,501.45157,543.539,506.06697217738093,530.1239236712089,513.7114092793396
2013-12-20 17:50:00,506.72015,532.5606,563.95776,519.8907995218852,550.6089235487385,529.3019651652774
2013-12-20 18:00:00,589.6405,506.72015,566.9867,517.3360753089406,549.8871653464706,536.5330124798606
2013-12-20 18:10:00,545.7431,589.6405,538.43024,565.8456940852384,590.9736313635917,588.9017783482274
2013-12-20 18:20:00,579.62976,545.7431,503.09363,555.2059130082553,580.4461900291002,559.8748080459311
2013-12-20 18:30:00,599.24,579.62976,607.17664,590.0267489768745,601.7535509104044,591.1091633624484
2013-12-20 18:40:00,575.96906,599.24,569.2385,597.5052747876251,617.8194364230196,595.0597718024046
2013-12-20 18:50:00,605.75446,575.96906,547.53284,601.0567520320733,619.2692855312271,614.1397730743713
2013-12-20 19:00:00,544.21875,605.75446,644.07886,619.7155238677515,637.2750242204792,623.6816522016073
2013-12-20 19:10:00,547.813,544.21875,605.92993,587.305818277795,612.6114177034517,595.4492420381374
2013-12-20 19:20:00,623.6047,547.813,679.8385,585.9038646471753,609.7093417719291,602.5863868563431
2013-12-20 19:30:00,602.60175,623.6047,673.92316,611.0227484670994,639.1798326768759,646.2366416800945
2013-12-20 19:40:00,585.96014,602.60175,708.22186,618.0548208871074,642.7685302400762,630.2722277821113
2013-12-20 19:50:00,601.77625,585.96014,730.6682,626.7860657569943,649.5722544137218,633.9224265111387
2013-12-20 20:00:00,616.2131,601.77625,795.7668,626.1132091115268,658.0976069706661,656.9537592395645
2013-12-20 20:10:00,656.15564,616.2131,757.0885,632.1348305580789,665.9369856300361,670.6379842940319
2013-12-20 20:20:00,585.6777,656.15564,847.18726,660.3016185771504,689.8441313067767,703.024990751443
2013-12-20 20:30:00,668.042,585.6777,870.71716,633.0019541475918,669.0662235423963,663.885629422785
2013-12-20 20:40:00,645.9066,668.042,823.2821,672.2806591075614,702.1386116053544,713.2057618606444
2013-12-20 20:50:00,612.0093,645.9066,839.6399,655.8787086634625,694.3004930716216,701.139770849723
2013-12-20 21:00:00,611.97363,612.0093,947.088,653.8577167409973,693.9794901409069,683.6085727933911
2013-12-20 21:10:00,666.24445,611.97363,926.1477,638.2181892671163,685.1771488088198,682.352116741191
2013-12-20 21:20:00,603.05743,666.24445,962.28253,654.6327480293278,696.7736136914842,721.7831881084866
2013-12-20 21:30:00,636.55725,603.05743,976.7657,629.1466563365163,677.4220910677265,670.580122461924
2013-12-20 21:40:00,671.08813,636.55725,991.0223,645.6505999231458,694.1636104346505,695.9636086103409
2013-12-20 21:50:00,666.58923,671.08813,1005.6083,649.772516011687,700.9319841291206,686.0960275411228
2013-12-20 22:00:00,709.8804,666.58923,971.3979,660.5044444137329,709.8235522651462,704.6944051491643
2013-12-20 22:10:00,715.47534,709.8804,945.601,687.6596223655908,737.4253840216517,734.2391277779503
2013-12-20 22:20:00,739.18665,715.47534,901.10754,694.2134644962357,744.6643369506523,729.0860457023358
2013-12-20 22:30:00,670.7891,739.18665,923.9621,715.4245898382276,760.0457884752037,751.0826394532379
2013-12-20 22:40:00,755.85425,670.7891,888.7486,682.1618959207319,735.9926871187945,718.2164591914513
2013-12-20 22:50:00,779.43646,755.85425,903.02936,714.363016231473,754.8119084393086,761.7445106484005
2013-12-20 23:00:00,685.16364,779.43646,933.6308,720.6949204774448,754.111562780228,756.9809061731457
2013-12-20 23:10:00,699.35254,685.16364,828.5344,696.5711192171598,734.9485291343075,713.4718099324078
2013-12-20 23:20:00,679.3059,699.35254,834.6654,688.1640929413122,723.6698544212231,713.8811705423838
2013-12-20 23:30:00,685.3204,679.3059,847.96674,654.1599701618431,691.9414715833342,693.9789746026457
2013-12-20 23:40:00,708.27203,685.3204,824.6603,653.9884082919909,686.2959718505177,683.5421961910097
2013-12-20 23:50:00,670.51587,708.27203,829.428,658.5155148693448,683.6209728444901,672.0511721871133
2013-12-21 00:00:00,655.51587,670.51587,807.1174,656.9638326846925,659.4527272862094,668.2787710092226
2013-12-21 00:10:00,583.17377,655.51587,805.23517,638.1746850198579,651.640174236426,667.6465969731802
2013-12-21 00:20:00,565.41986,583.17377,757.7677,584.0924945980513,590.6156748233316,609.1491556348366
2013-12-21 00:30:00,531.11316,565.41986,850.29724,552.7199790414588,564.4085255030936,586.7761714103547
2013-12-21 00:40:00,621.7986,531.11316,774.43195,513.3937000213048,540.6850832968613,539.3485701419391
2013-12-21 00:50:00,533.731,621.7986,689.7861,544.3732328671053,558.6638902383768,586.3751470702061
2013-12-21 01:00:00,539.0513,533.731,628.76025,508.89822766184454,525.634858160274,528.2496255630639
2013-12-21 01:10:00,560.4336,539.0513,619.4716,516.2994339597402,515.3728548767704,528.4176256039719
2013-12-21 01:20:00,483.8452,560.4336,571.671,505.5651216810025,508.7905009440837,518.5795679757689
2013-12-21 01:30:00,450.96313,483.8452,551.9051,472.2848386850967,489.91654808456485,478.1312954735568
2013-12-21 01:40:00,476.75726,450.96313,475.78177,445.80399765418605,461.52386139943525,451.1889666025662
2013-12-21 01:50:00,380.79132,476.75726,507.04697,434.3097495368495,434.9767398319337,447.2797737025935
2013-12-21 02:00:00,398.96738,380.79132,483.16025,382.82987876179675,399.80991102364294,385.46538964308814
2013-12-21 02:10:00,396.5205,398.96738,425.01376,380.28022679571365,398.3620735211255,389.26312667241353
2013-12-21 02:20:00,355.01077,396.5205,404.35977,360.09768396229174,365.40361234260064,365.1649835970624
2013-12-21 02:30:00,395.70007,355.01077,425.76306,343.89783464389006,354.1486544666684,350.69717124891514
2013-12-21 02:40:00,314.64346,395.70007,363.58707,355.6539790576947,365.6071810667881,364.07364609749794
2013-12-21 02:50:00,334.30435,314.64346,337.71188,313.43694852286274,327.6075597637851,305.6325656200608
2013-12-21 03:00:00,316.88684,334.30435,342.18347,318.6393661093466,327.09071639865743,324.0334663400611
2013-12-21 03:10:00,330.4271,316.88684,309.67126,295.5735982102145,303.338039029621,299.4678036570944
2013-12-21 03:20:00,310.07773,330.4271,323.45624,304.7573915166795,308.6645849011507,310.1207968312142
2013-12-21 03:30:00,286.27527,310.07773,327.68414,294.1323918885946,298.8413706622614,293.4409783087034
2013-12-21 03:40:00,274.77798,286.27527,286.7772,282.85648225581116,287.94393909005356,280.2569244082672
2013-12-21 03:50:00,235.90215,274.77798,264.73898,269.0562866070706,279.6191483344593,270.2499461591709
2013-12-21 04:00:00,259.10748,235.90215,298.54013,242.39327863293425,253.7185211397604,247.28885104717017
2013-12-21 04:10:00,255.00041,259.10748,301.40973,245.55665791203066,243.69242003447272,253.9740010459079
2013-12-21 04:20:00,241.2363,255.00041,259.5166,239.7210579507758,236.06198350189686,239.862505968537
2013-12-21 04:30:00,237.46098,241.2363,288.20395,239.72879249311492,248.11598933909195,239.43182183102743
2013-12-21 04:40:00,235.60945,237.46098,239.23131,235.7895176893269,240.55791833113497,231.79087665606278
2013-12-21 04:50:00,215.05139,235.60945,249.29506,232.34657575211074,229.61599570663302,229.9011351177522
2013-12-21 05:00:00,211.82298,215.05139,257.61862,221.94300733967785,224.45353023385402,220.62235131662996
2013-12-21 05:10:00,200.58992,211.82298,222.27853,217.4090450793304,214.8941733604021,214.42568787803432
2013-12-21 05:20:00,205.18109,200.58992,216.48203,207.16180384013626,201.43995835829062,198.52809781280305
2013-12-21 05:30:00,224.75906,205.18109,234.50139,208.12723221811217,211.58679535420978,204.6431376780326
2013-12-21 05:40:00,198.0248,224.75906,217.31963,217.79895552204206,217.14353681856718,206.4312523693256
2013-12-21 05:50:00,207.31096,198.0248,210.35823,210.51623519657142,202.73000313504332,199.27495576068128
2013-12-21 06:00:00,197.57382,207.31096,223.54854,216.95445477339123,207.3671146869157,211.661372416133
2013-12-21 06:10:00,188.43677,197.57382,192.7092,207.76038098521582,203.87110153663875,197.25247675285715
2013-12-21 06:20:00,206.90225,188.43677,209.80313,204.48922784349455,203.35326285955307,197.03506600337545
2013-12-21 06:30:00,217.87476,206.90225,232.92029,211.13381792444454,199.29849017412826,198.18789219780535
2013-12-21 06:40:00,222.21805,217.87476,218.6865,219.37983935345085,202.1312158514489,198.06998463268334
2013-12-21 06:50:00,209.12804,222.21805,212.44899,230.73374942692325,221.53717629305947,213.19368914167487
2013-12-21 07:00:00,209.63365,209.12804,220.87605,228.38717129786494,219.52553227174698,222.30193614307072
2013-12-21 07:10:00,196.48785,209.63365,206.02519,227.704186604106,218.1504855902048,218.85124196919156
2013-12-21 07:20:00,206.68732,196.48785,242.36603,217.05968253927108,211.3463886820832,212.85036913915025
2013-12-21 07:30:00,240.17458,206.68732,222.06674,220.36303645684723,213.45583891690242,220.97747806146447
2013-12-21 07:40:00,216.77661,240.17458,242.3707,236.7549352177943,226.6105908409179,220.1338991617284
2013-12-21 07:50:00,236.82332,216.77661,257.06256,234.4494378474259,239.64701527696312,228.59623510029232
2013-12-21 08:00:00,240.64893,236.82332,264.91968,250.1824908315673,252.50032714672253,259.9345065250392
2013-12-21 08:10:00,226.31319,240.64893,235.60332,249.40990134064813,245.46754970678379,246.2872686321908
2013-12-21 08:20:00,227.65152,226.31319,268.9784,247.5992233191076,256.421404755439,260.31214265663203
2013-12-21 08:30:00,241.93129,227.65152,285.9379,245.6467572837186,257.96565221076384,262.6730196074495
2013-12-21 08:40:00,290.67163,241.93129,283.32938,248.90516524981334,260.36812215385385,258.5084592377435
2013-12-21 08:50:00,289.82452,290.67163,294.0021,276.8792732821229,295.88097074518714,283.80720705617733
2013-12-21 09:00:00,305.0378,289.82452,309.61493,290.6424636096378,311.42634978815425,306.50641287794133
2013-12-21 09:10:00,334.5306,305.0378,317.76315,312.3210988380611,322.6886350775617,330.62795960734127
2013-12-21 09:20:00,321.31284,334.5306,363.62372,329.65316290336403,355.5278563964914,349.9254957541686
2013-12-21 09:30:00,327.65338,321.31284,403.20367,332.18829999911674,373.1807327463331,373.0989994861297
2013-12-21 09:40:00,357.23242,327.65338,327.71793,340.01120435451503,362.3518226862313,361.36395789736116
2013-12-21 09:50:00,349.76843,357.23242,408.11658,352.0605469473354,368.4670143327221,371.43969303942913
2013-12-21 10:00:00,432.63947,349.76843,435.73477,355.11466827416507,395.97535311306297,384.50731903644106
2013-12-21 10:10:00,400.40002,432.63947,449.27588,403.4352712748639,427.4449155213203,421.13859992358573
2013-12-21 10:20:00,379.1012,400.40002,488.01617,401.2600288699995,433.1066214035535,420.82221439924484
2013-12-21 10:30:00,360.8201,379.1012,476.06458,405.75551517612223,436.74479757982346,424.52579676639226
2013-12-21 10:40:00,396.95538,360.8201,462.66754,382.29948608204256,425.1919028862581,406.5197655913808
2013-12-21 10:50:00,411.3478,396.95538,459.76965,391.57410471786716,429.39816230113917,425.53180775505996
2013-12-21 11:00:00,425.8852,411.3478,566.16583,401.0869506409792,436.7628974119643,430.7006423363178
2013-12-21 11:10:00,486.88895,425.8852,521.709,422.05980193980645,446.34599829159407,444.85923196637617
2013-12-21 11:20:00,403.44742,486.88895,542.8922,460.36485107833045,479.09277891463165,470.46175443466683
2013-12-21 11:30:00,434.70795,403.44742,608.7012,432.96545460126515,487.6419808903936,463.7037602156283
2013-12-21 11:40:00,496.8054,434.70795,566.42194,449.58876969734,481.8804893068977,469.6441286660952
2013-12-21 11:50:00,469.95877,496.8054,568.2537,465.6407109493131,494.3256652954177,487.25604022524976
2013-12-21 12:00:00,493.69955,469.95877,668.3499,474.7109772416836,504.22582680428155,494.3955535435416
2013-12-21 12:10:00,472.544,493.69955,600.2837,499.88693764106034,500.4265877833094,508.0287001444314
2013-12-21 12:20:00,470.26062,472.544,586.89606,486.6242907728219,517.4568941370302,505.3365563123325
2013-12-21 12:30:00,462.46524,470.26062,614.98303,488.00875683126503,528.2602793658241,520.8708998578612
2013-12-21 12:40:00,495.47946,462.46524,591.0859,477.9711569010007,521.7823311301465,515.0541008947071
2013-12-21 12:50:00,481.0076,495.47946,636.3663,493.5063208346011,518.5342019315266,525.7583568236777
2013-12-21 13:00:00,494.59152,481.0076,684.5722,490.7211302574359,524.3391953148973,520.5847921074597
2013-12-21 13:10:00,460.19147,494.59152,723.26886,504.274424500343,530.7382530156362,535.8654885507015
2013-12-21 13:20:00,492.84546,460.19147,664.41504,484.3147615738791,532.6386713935229,511.42921828544814
2013-12-21 13:30:00,517.2655,492.84546,703.08575,498.1160031968876,539.0706405576757,541.938679611753
2013-12-21 13:40:00,510.89175,517.2655,651.07355,507.5494966432579,550.1194800684774,546.9280268531833
2013-12-21 13:50:00,491.30807,510.89175,674.5181,518.0879366112972,546.4952985278032,552.3892100845163
2013-12-21 14:00:00,554.4702,491.30807,719.2864,512.1171131796805,534.8119914291138,541.1742347499697
2013-12-21 14:10:00,513.08716,554.4702,779.20337,538.3765328613455,558.9032847544904,577.3102607256126
2013-12-21 14:20:00,541.54596,513.08716,810.62134,523.0841405785869,559.1943688364094,544.9239909374229
2013-12-21 14:30:00,538.38605,541.54596,768.741,545.9221067456252,550.0034806846747,578.1974178953578
2013-12-21 14:40:00,573.8495,538.38605,679.4699,537.4308166979961,550.1296597556997,569.9266639296311
2013-12-21 14:50:00,562.05237,573.8495,784.2712,561.6779079469834,560.6679241924403,597.2478644418117
2013-12-21 15:00:00,518.0586,562.05237,822.97144,560.4656816762979,563.6170123599255,580.6142844011174
2013-12-21 15:10:00,543.8412,518.0586,776.62714,542.6761906594369,539.5964792174644,550.1085829470771
2013-12-21 15:20:00,494.03268,543.8412,742.61505,543.0731638564133,546.2689559685551,555.7917935211888
2013-12-21 15:30:00,521.6648,494.03268,686.5888,509.0441549989465,532.7055340601823,523.8816271184987
2013-12-21 15:40:00,530.51636,521.6648,725.636,519.3902044115569,529.2246032234132,550.6425935673408
2013-12-21 15:50:00,481.21143,530.51636,663.35974,515.4040266623541,532.1321832831203,537.7719217706884
2013-12-21 16:00:00,566.4385,481.21143,662.19196,498.1299301013235,514.6632119210336,511.8473741991497
2013-12-21 16:10:00,518.38696,566.4385,649.4455,533.8984043725783,544.5169026295118,555.6296030575514
2013-12-21 16:20:00,566.5868,518.38696,651.4637,513.0554398329068,540.3000936685385,522.1263349015597
2013-12-21 16:30:00,538.072,566.5868,654.12634,551.875309470065,550.7052987112382,550.5890182453752
2013-12-21 16:40:00,552.9096,538.072,605.87256,534.4523708190131,553.2059873382876,530.9865043159806
2013-12-21 16:50:00,486.68674,552.9096,623.89886,550.269984137854,557.4152295513717,562.1318796092434
2013-12-21 17:00:00,472.92307,486.68674,681.9165,511.3613868988944,540.9943613741983,511.68194599601435
2013-12-21 17:10:00,482.56113,472.92307,658.62256,495.62508720071696,521.1152268551566,496.0155664268038
2013-12-21 17:20:00,454.69644,482.56113,679.6746,482.4265322359943,521.9438226788593,495.90530213533145
2013-12-21 17:30:00,450.7406,454.69644,768.26965,467.42992676548334,509.3689788599352,483.9022948860757
2013-12-21 17:40:00,446.43918,450.7406,736.34845,463.85141325389395,505.0907458197147,475.2881756277342
2013-12-21 17:50:00,467.43396,446.43918,673.8679,455.0733869022061,502.297214372343,474.09283208294505
2013-12-21 18:00:00,480.0188,467.43396,721.3396,465.99037913912906,513.7481349623573,492.82138700279376
2013-12-21 18:10:00,474.60205,480.0188,660.6699,477.6546876034309,526.8251145226396,502.11641879586216
2013-12-21 18:20:00,485.1711,474.60205,689.6512,485.3361612211512,531.358925063925,503.51731358383773
2013-12-21 18:30:00,493.88303,485.1711,686.85815,495.3205627903165,538.2278441050532,503.2479253295531
2013-12-21 18:40:00,531.39685,493.88303,701.6766,502.55593339459733,546.2284441591025,511.4041443363109
2013-12-21 18:50:00,511.07812,531.39685,679.87946,529.0711215684227,566.3288390355705,542.5237646925863
2013-12-21 19:00:00,511.2908,511.07812,789.1952,530.3791868951595,568.3915784734469,530.2893791938853
2013-12-21 19:10:00,495.18134,511.2908,687.7974,538.3009522966911,569.652443626653,542.7974593284528
2013-12-21 19:20:00,516.02405,495.18134,698.0246,525.0204086873629,563.258947983472,536.2131579603638
2013-12-21 19:30:00,518.54083,516.02405,674.1471,533.9587294892054,567.8949995967307,551.9978864493982
2013-12-21 19:40:00,531.597,518.54083,772.33527,535.7762073447612,570.4563419087838,552.7242368707608
2013-12-21 19:50:00,532.28815,531.597,774.0018,549.7074263091654,581.3521541271449,569.6148016567904
2013-12-21 20:00:00,554.862,532.28815,826.6348,553.5280105987563,588.9260679395417,571.442841462434
2013-12-21 20:10:00,625.38837,554.862,823.9504,569.2224217819341,603.3720494961107,591.480914542165
2013-12-21 20:20:00,662.8249,625.38837,885.4161,610.5157613861752,636.9206961250331,627.0819102429241
2013-12-21 20:30:00,598.9942,662.8249,906.3668,650.8661942972412,669.7805131322872,661.2063413159169
2013-12-21 20:40:00,694.70013,598.9942,864.2446,643.4692052004127,665.1390292169978,645.6628364428813
2013-12-21 20:50:00,728.11835,694.70013,963.4397,689.7893950185484,699.924702497823,714.4670106740846
2013-12-21 21:00:00,695.8248,728.11835,966.74536,706.3038163716241,721.2444315384184,734.3939458982326
2013-12-21 21:10:00,682.7149,695.8248,1124.1392,721.8340305122741,732.0320230476738,742.8752509587117
2013-12-21 21:20:00,748.72577,682.7149,1001.18524,713.886651630886,729.5998979719456,728.2530571378597
2013-12-21 21:30:00,734.88007,748.72577,1015.9391,733.5919483147342,749.8518420901074,779.355940574268
2013-12-21 21:40:00,731.0859,734.88007,1047.3701,732.6054548434132,756.8961149402483,773.6331792627942
2013-12-21 21:50:00,719.7431,731.0859,1018.54083,742.2130154186414,769.0394577487068,783.3184844658952
2013-12-21 22:00:00,702.1667,719.7431,1007.4495,727.5962184937914,761.530545511804,757.371805429482
2013-12-21 22:10:00,807.43384,702.1667,996.5054,710.8945374247264,749.118131648729,755.9419937512072
2013-12-21 22:20:00,782.15186,807.43384,944.0128,753.4496103745275,785.3476582741785,803.0434690240376
2013-12-21 22:30:00,764.58154,782.15186,1056.3494,752.9866287654911,788.9289962723809,778.057209472364
2013-12-21 22:40:00,783.2017,764.58154,1071.8263,763.4363533973976,791.6276564169891,781.3183885460162
2013-12-21 22:50:00,751.5108,783.2017,998.09314,758.7244844508529,794.0033399322806,781.13319947728
2013-12-21 23:00:00,771.3254,751.5108,1047.3993,737.5641325928245,781.8910947697398,784.5166761409587
2013-12-21 23:10:00,754.51636,771.3254,1008.96936,742.3622793596239,784.014815352148,787.4252709131708
2013-12-21 23:20:00,754.71234,754.51636,1057.5999,725.8698562157888,762.1445418818373,752.3199766098459
2013-12-21 23:30:00,706.0974,754.71234,1027.673,724.312694726846,751.1835916772633,759.3844054968285
2013-12-21 23:40:00,718.1308,706.0974,994.4546,692.1703953228734,730.6943308607142,722.5648541471302
2013-12-21 23:50:00,770.8405,718.1308,942.9383,685.9468366207906,719.13563444561,719.3125093880833
2013-12-22 00:00:00,812.9028,770.8405,1046.4762,698.6506503206056,713.8684593423874,729.4086496172138
2013-12-22 00:10:00,728.8524,812.9028,970.3632,729.2784190491578,687.9215987640547,738.9323507730085
2013-12-22 00:20:00,728.2084,728.8524,996.89124,707.1409592536928,697.2167667647597,700.6867702454851
2013-12-22 00:30:00,754.797,728.2084,968.5133,698.884199846183,667.4669470302491,691.0533626009978
2013-12-22 00:40:00,708.34546,754.797,903.3361,689.0695668255516,666.7592605696417,694.4896199015542
2013-12-22 00:50:00,783.1177,708.34546,854.3591,669.279600848079,659.1442302549412,677.9359070810518
2013-12-22 01:00:00,631.44006,783.1177,905.1605,701.2188645579213,668.3935360574231,688.834750863384
2013-12-22 01:10:00,627.8934,631.44006,760.44635,626.9780560759084,599.18180037509,608.7988499852215
2013-12-22 01:20:00,613.9892,627.8934,681.41125,613.4609268063575,582.7840879679387,610.3605363754934
2013-12-22 01:30:00,561.1437,613.9892,669.8383,570.2544295127667,568.7342456471372,566.0765079758739
2013-12-22 01:40:00,526.54126,561.1437,607.16644,539.8584732943851,530.4578788595591,537.8651437812673
2013-12-22 01:50:00,466.21085,526.54126,555.6904,508.95221879400776,496.40362073055593,499.32747113162816
2013-12-22 02:00:00,441.10788,466.21085,576.3619,459.63521945426317,461.4336115532085,451.5248151721288
2013-12-22 02:10:00,428.15912,441.10788,512.3059,427.9250903394939,436.85015158130943,424.75422734352924
2013-12-22 02:20:00,384.7564,428.15912,451.24832,403.0501595402899,402.3900457297239,402.36396270716926
2013-12-22 02:30:00,331.97116,384.7564,478.51898,373.31880801694973,373.13884941454296,368.4469428880284
2013-12-22 02:40:00,361.68466,331.97116,388.27573,335.6972160577825,349.92502193227847,332.728509084193
2013-12-22 02:50:00,335.9767,361.68466,371.901,331.452146981061,335.7414892532853,332.409585739768
2013-12-22 03:00:00,308.46564,335.9767,372.19235,312.40987200452224,309.81252008142656,306.09110136648076
2013-12-22 03:10:00,340.18835,308.46564,345.4848,301.9528144300548,311.63251038329685,295.82462324153573
2013-12-22 03:20:00,271.5846,340.18835,372.77417,307.1200100136325,305.280534395883,299.18132493983376
2013-12-22 03:30:00,224.85353,271.5846,329.90436,273.0841829625286,279.02109034152363,270.69441099650567
2013-12-22 03:40:00,228.12,224.85353,282.28946,243.67000474187887,265.7903573532327,246.62403781049045
2013-12-22 03:50:00,222.26149,228.12,324.1505,223.34343434260512,225.35793485714058,232.91073836955997
2013-12-22 04:00:00,235.36928,222.26149,293.65274,211.0896177241665,201.08931692071087,218.84127447668556
2013-12-22 04:10:00,221.28842,235.36928,265.19412,218.50813712543965,232.93014180985872,219.8233666104977
2013-12-22 04:20:00,215.12148,221.28842,320.80997,213.91227115530808,220.20470137597133,206.78904860191574
2013-12-22 04:30:00,218.92555,215.12148,268.93442,212.84685509187815,214.4577041135498,215.30737102999817
2013-12-22 04:40:00,183.118,218.92555,203.39803,211.5640439987636,226.27026271815416,215.40876262975854
2013-12-22 04:50:00,175.36095,183.118,243.71797,193.34819177136745,200.65007771924257,194.77026989097047
2013-12-22 05:00:00,181.11102,175.36095,221.30835,184.5610112014386,173.6899827215206,188.010739731423
2013-12-22 05:10:00,171.16031,181.11102,186.5039,178.6824378172837,176.12350779544866,174.98508907003418
2013-12-22 05:20:00,151.55576,171.16031,222.25307,173.96485683679484,195.43373330251387,170.76366563307712
2013-12-22 05:30:00,165.88622,151.55576,199.64104,164.07745765405988,172.96030181526544,166.57540179153506
2013-12-22 05:40:00,144.04297,165.88622,171.95265,166.55764590924946,151.62819587930778,163.06522012227518
2013-12-22 05:50:00,158.13611,144.04297,200.40567,153.61560009454465,152.71015902171092,149.44901199914918
2013-12-22 06:00:00,165.77457,158.13611,200.82597,161.77702334209815,167.4107163174763,162.38343475288707
2013-12-22 06:10:00,147.90744,165.77457,156.36354,163.7731910829892,157.2573497877873,141.09962241258464
2013-12-22 06:20:00,204.57729,147.90744,193.04965,160.7586475890468,165.61203492497592,149.75191968924142
2013-12-22 06:30:00,184.18428,204.57729,215.2245,189.60049575045886,186.8337449403697,162.38688018172908
2013-12-22 06:40:00,159.7787,184.18428,188.09341,186.81426931969602,163.0035702683958,152.1556778554835
2013-12-22 06:50:00,167.10019,159.7787,220.70963,186.11594838861504,176.61483686210178,178.70992752657568
2013-12-22 07:00:00,197.4447,167.10019,206.39032,180.5392806675497,180.18225882468934,171.90785455267576
2013-12-22 07:10:00,190.3838,197.4447,177.39468,191.8424021373683,186.48528530592858,169.79048802460773
2013-12-22 07:20:00,189.80179,190.3838,223.71878,197.47436726944036,193.898934671479,175.97330092919776
2013-12-22 07:30:00,198.61163,189.80179,245.72795,204.96610151621707,195.5751205280634,199.55118502622918
2013-12-22 07:40:00,183.2925,198.61163,189.9468,207.77168504479678,195.81725588492748,187.69151131361025
2013-12-22 07:50:00,217.39139,183.2925,238.24023,200.82084897474155,221.73381074900135,215.21296456365897
2013-12-22 08:00:00,205.58786,217.39139,236.4203,218.44171588488675,228.70133972190578,223.26326516073524
2013-12-22 08:10:00,200.26628,205.58786,231.57196,214.5481099299757,194.45606917711618,192.97111888856637
2013-12-22 08:20:00,220.84233,200.26628,274.23074,218.6001158683326,222.11622743449163,220.08021353378797
2013-12-22 08:30:00,238.86526,220.84233,272.79498,224.78209831454149,238.31177466449296,225.4510266561616
2013-12-22 08:40:00,236.31548,238.86526,249.69835,236.4537489322098,248.2598649046596,232.23705371815325
2013-12-22 08:50:00,214.67894,236.31548,296.54102,244.44356847092672,259.0301002414812,253.36900289053423
2013-12-22 09:00:00,227.01234,214.67894,264.86264,236.03295638938474,242.65061655624825,258.80036413215424
2013-12-22 09:10:00,249.03667,227.01234,280.38217,236.70866502724286,242.2569664628141,248.28640435311527
2013-12-22 09:20:00,241.08609,249.03667,335.40512,243.89749134654843,274.646936493043,262.7010165957484
2013-12-22 09:30:00,264.45593,241.08609,456.9868,247.11459772231464,275.9315413084708,270.88368548807654
2013-12-22 09:40:00,243.8006,264.45593,330.372,263.2263704646383,271.1064983067744,276.75459501368096
2013-12-22 09:50:00,251.05733,243.8006,345.52774,253.9174529807447,286.08408403229544,288.8946944275892
2013-12-22 10:00:00,265.12067,251.05733,350.20044,259.2130208227715,307.15202197532943,308.7133184352603
2013-12-22 10:10:00,242.55681,265.12067,329.86844,261.7289655910448,288.7114937982221,276.1884769947294
2013-12-22 10:20:00,278.07294,242.55681,356.87997,254.00274800953184,283.67161074898064,276.62257292636934
2013-12-22 10:30:00,290.34073,278.07294,446.37625,271.3785030585057,304.909555235835,296.3235671711821
2013-12-22 10:40:00,271.03952,290.34073,381.77817,278.1922565582796,311.375324982875,291.9492541118899
2013-12-22 10:50:00,295.23862,271.03952,427.7078,280.60655066288655,329.99989288250697,309.6575075849086
2013-12-22 11:00:00,317.06073,295.23862,448.3135,292.5753622707849,325.2308392778409,322.342978760897
2013-12-22 11:10:00,306.3,317.06073,486.15356,303.2592141729303,331.2371113090418,313.4290344718013
2013-12-22 11:20:00,298.189,306.3,500.45117,309.2898119620714,349.4445202971687,331.7321828202435
2013-12-22 11:30:00,340.90912,298.189,482.91025,308.8720669000795,328.03954611325224,338.015796923904
2013-12-22 11:40:00,341.3085,340.90912,464.72476,326.6568781299429,347.21366104215406,338.7088407101264
2013-12-22 11:50:00,308.9354,341.3085,486.74106,333.7612607763727,376.0739053591392,359.21640997638053
2013-12-22 12:00:00,345.65427,308.9354,555.25073,328.9039419770576,354.19915653098303,360.83740123924065
2013-12-22 12:10:00,325.46997,345.65427,622.8405,342.29737534871487,355.86304016743287,361.393804756413
2013-12-22 12:20:00,364.0917,325.46997,576.4087,330.6853766559552,372.443368211953,362.68131670785783
2013-12-22 12:30:00,423.7245,364.0917,648.14716,357.46104200832787,382.90176238126077,393.3348387901418
2013-12-22 12:40:00,378.77576,423.7245,655.5182,389.8887415945818,397.6774896518065,397.7099433850015
2013-12-22 12:50:00,376.77444,378.77576,640.62573,391.1300540153932,416.21018848193194,407.0368045832202
2013-12-22 13:00:00,393.3487,376.77444,626.6562,397.3766773691385,411.8554575198556,419.3714524662502
2013-12-22 13:10:00,392.21713,393.3487,651.94415,393.89719650335985,427.35534066185613,428.63115861735326
2013-12-22 13:20:00,396.00735,392.21713,642.45874,396.107463597033,430.2300111136477,426.1634253953895
2013-12-22 13:30:00,418.10077,396.00735,620.4545,402.3030115608939,425.2537979468107,435.91544769610204
2013-12-22 13:40:00,430.2499,418.10077,612.0486,414.00176924168306,434.14580877970064,445.8976322818774
2013-12-22 13:50:00,448.66132,430.2499,685.38275,425.4883935368407,453.14777209946385,455.329357427098
2013-12-22 14:00:00,436.88544,448.66132,665.68665,443.22705443735737,465.0900105799413,482.42558953548917
2013-12-22 14:10:00,456.639,436.88544,714.215,443.42255420541886,463.62442434339357,476.1873376762455
2013-12-22 14:20:00,490.64215,456.639,779.458,455.51165858248703,472.3742481079125,484.219460057075
2013-12-22 14:30:00,496.71808,490.64215,706.59674,472.6937852246662,488.94390571899913,509.4334028915169
2013-12-22 14:40:00,470.67657,496.71808,754.85645,487.338455849674,494.3365839532142,516.6539848364977
2013-12-22 14:50:00,502.33228,470.67657,714.4337,483.04434959037485,486.9222943554731,496.4127145671298
2013-12-22 15:00:00,503.95193,502.33228,744.6213,494.69640802583814,501.4821703239684,520.3244752505101
2013-12-22 15:10:00,471.88358,503.95193,705.3313,493.6256342691507,511.16893577849487,530.2332679500857
2013-12-22 15:20:00,462.49496,471.88358,670.8242,484.56284120001646,499.11809936241815,516.9676701633576
2013-12-22 15:30:00,448.43665,462.49496,710.1927,472.5054375388439,489.66645732269217,489.1611303218606
2013-12-22 15:40:00,413.39355,448.43665,645.7093,454.01747524590286,481.13829166490416,482.3294114506431
2013-12-22 15:50:00,395.70874,413.39355,670.18884,429.3663382277077,465.09842319406715,452.5537039128983
2013-12-22 16:00:00,447.95505,395.70874,708.47485,408.8752322395315,444.54818461485763,435.7879935891441
2013-12-22 16:10:00,490.19498,447.95505,699.9158,422.75429100647864,455.30243183144813,459.80361786683966
2013-12-22 16:20:00,403.63058,490.19498,725.83435,449.1161848297769,482.95012394810243,475.1557891771563
2013-12-22 16:30:00,434.97827,403.63058,703.4633,427.46910014310953,463.272493428356,438.3892397324317
2013-12-22 16:40:00,433.31943,434.97827,665.56134,438.2571320510317,462.81101766223605,458.4636113182409
2013-12-22 16:50:00,404.95654,433.31943,650.00635,421.9642960537386,467.37960216523425,449.09315093161774
2013-12-22 17:00:00,365.88504,404.95654,674.7799,416.10825439759515,459.3427927890941,433.01715202932274
2013-12-22 17:10:00,388.70264,365.88504,654.4077,389.7467821768085,430.03779645470854,415.38595031282637
2013-12-22 17:20:00,330.00327,388.70264,668.478,388.0404924624196,427.94616793532737,423.5820242494152
2013-12-22 17:30:00,433.3498,330.00327,713.45685,351.9844588085713,405.26723577133697,379.4803138225364
2013-12-22 17:40:00,366.4132,433.3498,686.6721,400.5798096016077,439.672112160652,445.93777454969165
2013-12-22 17:50:00,386.35822,366.4132,682.6627,372.466247040341,426.87651150869686,396.8460879082294
2013-12-22 18:00:00,430.7879,386.35822,665.0905,400.02876847911347,435.9515056625842,415.34202685333776
2013-12-22 18:10:00,386.8348,430.7879,614.8303,410.7834717304809,454.9585365413405,422.1398464928881
2013-12-22 18:20:00,377.1426,386.8348,672.61145,404.3959253439154,452.9608712857104,423.7440149557415
2013-12-22 18:30:00,409.97018,377.1426,657.8999,403.72072405690636,437.76312185154154,412.68524769349585
2013-12-22 18:40:00,416.04993,409.97018,606.51965,409.11695534521937,438.7122923036365,430.8975792309445
2013-12-22 18:50:00,366.84903,416.04993,691.107,417.98747412603245,452.14410625178846,428.37003583204455
2013-12-22 19:00:00,367.74384,366.84903,623.5946,402.79291781498455,440.53584793551335,413.33232384968596
2013-12-22 19:10:00,437.83572,367.74384,644.0505,395.7953735354217,425.9618529282551,406.4726004805689
2013-12-22 19:20:00,401.3337,437.83572,644.64734,420.3216221715976,447.02084126675027,429.86393779627514
2013-12-22 19:30:00,386.5827,401.3337,610.05566,417.15019783570904,450.53975155686015,432.3071277192125
2013-12-22 19:40:00,421.58896,386.5827,587.07294,421.8128733942406,445.11080484803233,424.56526500370506
2013-12-22 19:50:00,440.98642,421.58896,702.8458,428.10318196191764,452.5714153724947,429.08318554732966
2013-12-22 20:00:00,475.64365,440.98642,631.83167,441.60045813651385,468.86576915134964,452.2787847137151
2013-12-22 20:10:00,512.3594,475.64365,687.77924,474.3564917447406,496.01552285925493,477.1337031408142
2013-12-22 20:20:00,421.94525,512.3594,701.51587,506.31252946945807,516.2334504323827,481.3263523447707
2013-12-22 20:30:00,491.21414,421.94525,666.3717,473.0495144797006,492.4474046854234,457.7689060495387
2013-12-22 20:40:00,446.70535,491.21414,637.4008,501.1086565727338,519.1264641089186,518.2011137088318
2013-12-22 20:50:00,440.4012,446.70535,706.6142,465.17098346821723,486.41838767389635,481.3141256432595
2013-12-22 21:00:00,440.17398,440.4012,675.44977,470.1937230917415,481.10571054106515,477.99258156979363
2013-12-22 21:10:00,453.74316,440.17398,657.73083,454.9493279260512,468.1532566971205,463.465429484064
2013-12-22 21:20:00,423.34366,453.74316,648.3489,458.3509301169152,473.47595993888064,485.94159589173097
2013-12-22 21:30:00,448.85532,423.34366,643.3544,442.540999179791,472.71792159473614,464.95125075511555
2013-12-22 21:40:00,453.4398,448.85532,707.7044,451.3016926428766,476.2475144793529,470.5288817549775
2013-12-22 21:50:00,523.77124,453.4398,734.98645,448.20725250987635,460.7994887793235,459.05973594277737
2013-12-22 22:00:00,529.1693,523.77124,644.81683,489.38709435744454,491.8377737597937,507.99509162530086
2013-12-22 22:10:00,480.94965,529.1693,751.8155,505.24129243058314,513.9520672973222,494.251525666892
2013-12-22 22:20:00,512.81055,480.94965,699.3524,497.9443289731383,514.416497875086,501.4930478098341
2013-12-22 22:30:00,538.33215,512.81055,701.19586,503.5880070403665,526.4859407771753,505.88976156753625
2013-12-22 22:40:00,548.0379,538.33215,687.95135,507.1578401861941,519.5614085237598,512.80259394016
2013-12-22 22:50:00,482.88812,548.0379,643.7293,523.2014067031628,526.7281139365753,524.7180409369515
2013-12-22 23:00:00,442.55392,482.88812,585.1208,495.30113995330805,503.5005564565802,490.45731723810826
2013-12-22 23:10:00,465.79468,442.55392,576.7672,461.00217714064735,478.05202594635176,465.2970133978963
2013-12-22 23:20:00,479.4688,465.79468,527.2363,447.2858417668652,472.19703278279286,480.6673322888484
2013-12-22 23:30:00,481.34854,479.4688,532.96545,446.03501025135057,459.67280515472095,463.4977040733431
2013-12-22 23:40:00,421.57608,481.34854,499.17096,453.7973264805163,457.7401362421699,457.36329795592246
2013-12-22 23:50:00,407.66003,421.57608,457.67136,425.19381572716986,431.1469226289427,430.824220364064
