time,actual,Persistence,Seasonal naive (1 week),SARIMAX,LSTM,TCN
2013-12-16 00:00:00,346.46027,346.18085,317.95996,295.1951730994492,342.1663685625412,359.2638269663578
2013-12-16 00:10:00,335.47937,346.46027,395.84546,301.9459450730652,325.7774399353123,326.08010269772313
2013-12-16 00:20:00,321.91083,335.47937,346.24234,295.2618544448369,324.7284510603609,372.5446039718593
2013-12-16 00:30:00,286.60004,321.91083,297.68066,299.01284818036044,337.1789702099631,369.884504834867
2013-12-16 00:40:00,299.6622,286.60004,232.73996,277.13681280649837,311.84815201658785,293.8238645247083
2013-12-16 00:50:00,247.8545,299.6622,252.48586,274.95376918117637,295.2765390210539,290.70911215265664
2013-12-16 01:00:00,235.49236,247.8545,238.67728,243.84076743114025,264.2781200882229,253.2363002488201
2013-12-16 01:10:00,268.69864,235.49236,253.941,232.1206956913118,264.43482481786606,256.21626113966687
2013-12-16 01:20:00,252.07263,268.69864,225.68031,234.8644303931567,250.13787293411596,269.74694326098086
2013-12-16 01:30:00,218.37958,252.07263,197.4249,230.74098703531467,234.8699483043915,275.26244774529624
2013-12-16 01:40:00,231.68237,218.37958,211.34184,219.76451138706776,237.48166008697885,259.74972755789156
2013-12-16 01:50:00,209.62328,231.68237,216.99399,217.52096570645335,219.15573093608552,247.29900746263309
2013-12-16 02:00:00,209.11711,209.62328,240.32466,201.64179926057525,200.76643737432977,231.45560483136194
2013-12-16 02:10:00,235.20218,209.11711,196.97177,201.5203218604264,219.26778953960886,222.58294499816537
2013-12-16 02:20:00,214.24268,235.20218,203.8146,209.5562913378742,207.302259682038,210.57571330989492
2013-12-16 02:30:00,207.96501,214.24268,204.01747,204.95300566874516,196.33621193226722,207.57771868876245
2013-12-16 02:40:00,218.90169,207.96501,174.18658,205.40499661797128,218.05673811657664,219.76846713856904
2013-12-16 02:50:00,192.52118,218.90169,201.21375,205.48823245732112,202.82256271829397,202.25872093435595
2013-12-16 03:00:00,199.50375,192.52118,187.0758,193.24826910353934,187.68765673272281,195.61948768285802
2013-12-16 03:10:00,205.08748,199.50375,180.61635,195.51714778794667,209.8250527981237,204.2305308910211
2013-12-16 03:20:00,198.84103,205.08748,199.96582,193.78315574675523,194.29943500006667,189.13959863784126
2013-12-16 03:30:00,199.28386,198.84103,188.24231,194.35222963685376,191.88332754022676,200.00739085087903
2013-12-16 03:40:00,209.12245,199.28386,179.66675,195.64030174906281,205.22145320454038,203.79891506905085
2013-12-16 03:50:00,184.26079,209.12245,195.56053,199.89747958699138,194.5202350641039,193.72510616170766
2013-12-16 04:00:00,201.11852,184.26079,187.68079,189.59814377270231,184.73898976626194,194.30430314340092
2013-12-16 04:10:00,209.11015,201.11852,175.3631,196.9751700701695,205.0717262841024,202.42993909883964
2013-12-16 04:20:00,183.43298,209.11015,210.97166,198.4523489834416,191.71437010546933,183.6823084984717
2013-12-16 04:30:00,199.95718,183.43298,176.33896,191.82126894215935,189.00291296901725,190.88020620005148
2013-12-16 04:40:00,200.8317,199.95718,169.58931,198.4876570850438,204.03626957621924,201.78067825574308
2013-12-16 04:50:00,179.1481,200.8317,189.11652,196.09637146261704,188.23674867070065,183.30229226007
2013-12-16 05:00:00,210.14604,179.1481,184.41405,189.91804165086793,192.60057170498987,195.71468532089523
2013-12-16 05:10:00,205.14394,210.14604,190.59543,203.14513284189724,207.42749739260753,203.16225768288427
2013-12-16 05:20:00,189.92653,205.14394,197.265,201.620321124729,188.48299554124145,182.71759900491125
2013-12-16 05:30:00,202.23596,189.92653,219.96927,202.1428986505089,206.85578804627173,205.99599383561022
2013-12-16 05:40:00,209.58281,202.23596,177.67964,205.52123891914502,208.122140363429,201.92242297001965
2013-12-16 05:50:00,187.69508,209.58281,238.15482,208.81549621783267,197.58744990469418,195.57266866368317
2013-12-16 06:00:00,199.13739,187.69508,204.31412,202.96760732402333,211.51671853575098,208.49209304587194
2013-12-16 06:10:00,207.1426,199.13739,200.32045,208.17328612313221,217.20263192141442,212.54544189799205
2013-12-16 06:20:00,193.52405,207.1426,238.48499,210.09857818692382,203.9805992192269,197.56233137225078
2013-12-16 06:30:00,233.35507,193.52405,211.10611,209.00315229443535,220.59592106342237,220.0447842285756
2013-12-16 06:40:00,318.2609,233.35507,204.81519,231.77480638293474,243.53712698032535,237.62661613603876
2013-12-16 06:50:00,289.0319,318.2609,236.59727,280.3546223540881,256.20163894968664,265.18279366800164
2013-12-16 07:00:00,270.34906,289.0319,291.5712,300.34550792775104,282.78994307141437,302.5393984293198
2013-12-16 07:10:00,247.3762,270.34906,269.6608,311.8452557761923,291.784113234852,307.53473636876834
2013-12-16 07:20:00,269.4001,247.3762,278.50156,288.3454331410017,291.36718166263216,279.8512983338051
2013-12-16 07:30:00,277.7562,269.4001,298.2216,293.39852765954606,331.6484428736869,320.43961823349883
2013-12-16 07:40:00,299.5086,277.7562,345.15765,298.38921612408706,339.39706599274535,321.8483832294274
2013-12-16 07:50:00,318.23898,299.5086,337.18958,322.19771538759244,355.71278748799415,334.5517065750762
2013-12-16 08:00:00,395.32355,318.23898,476.73782,343.06021379558655,398.8521816360212,384.77120400428294
2013-12-16 08:10:00,432.19434,395.32355,408.7223,400.27411106558543,474.21289353316877,461.24234986555393
2013-12-16 08:20:00,419.6882,432.19434,514.8056,448.22405568183234,500.8930708609253,501.1288102934768
2013-12-16 08:30:00,572.12714,419.6882,526.79785,479.2517459493776,532.0827512234362,530.3283760040299
2013-12-16 08:40:00,695.29205,572.12714,698.73895,578.1397973885381,625.3634331118187,633.897694484848
2013-12-16 08:50:00,704.80206,695.29205,792.2706,679.2082767836404,690.4052451446236,707.136860573646
2013-12-16 09:00:00,789.2132,704.80206,684.21313,776.2299679002623,795.4834016441381,818.3132635518718
2013-12-16 09:10:00,869.79865,789.2132,849.7741,873.6439978817715,830.193324127892,882.7769669932678
2013-12-16 09:20:00,834.4706,869.79865,864.755,945.8349366391366,891.3072264135976,967.9708272969983
2013-12-16 09:30:00,946.5521,834.4706,829.9467,973.5492923424068,959.6880832934253,995.8913271090375
2013-12-16 09:40:00,943.6083,946.5521,924.35614,1059.5777793820466,1000.9212738248073,1063.4603973398457
2013-12-16 09:50:00,961.70447,943.6083,1081.2377,1071.196826201441,1015.0266215510902,1058.7768167272168
2013-12-16 10:00:00,1011.9496,961.70447,1227.2158,1116.50154951232,1123.1586795665978,1154.0641803963847
2013-12-16 10:10:00,947.59705,1011.9496,1222.7238,1146.6940294272226,1134.3937042839684,1194.3038664142362
2013-12-16 10:20:00,1048.656,947.59705,1411.2383,1119.9098293579286,1108.8209020158217,1134.9195882299748
2013-12-16 10:30:00,1179.4794,1048.656,1989.6625,1176.6100891964493,1212.4772566892377,1245.1931076646033
2013-12-16 10:40:00,1383.9191,1179.4794,1708.2104,1247.6404911262287,1271.2464954268244,1309.2029021015312
2013-12-16 10:50:00,1328.7417,1383.9191,1852.7535,1419.0965339698307,1419.884769698864,1449.7572187145624
2013-12-16 11:00:00,1379.0598,1328.7417,1988.0822,1469.4073169135281,1479.4289173494146,1481.36441840387
2013-12-16 11:10:00,1550.8689,1379.0598,1964.1075,1540.5130238772306,1529.4627888523646,1543.6655853580455
2013-12-16 11:20:00,1559.0098,1550.8689,2397.8958,1620.0472089975558,1611.7123218535792,1672.9758153849257
2013-12-16 11:30:00,1864.4413,1559.0098,2260.8452,1665.588854871463,1675.932852298949,1764.22692831096
2013-12-16 11:40:00,1848.016,1864.4413,2480.8486,1876.025397267967,1855.2662649122187,1941.930302334507
2013-12-16 11:50:00,1709.3958,1848.016,2701.784,1920.81166872868,1901.295859197749,1942.5141759221126
2013-12-16 12:00:00,1961.1587,1709.3958,3042.1436,1915.0916255496973,1931.852359126303,1944.4626375298926
2013-12-16 12:10:00,2086.6458,1961.1587,2974.8464,2006.2931787437478,2022.71610871571,2120.8903195676107
2013-12-16 12:20:00,1910.0787,2086.6458,2903.1367,2069.168261578684,2091.6034481983256,2177.3867632554316
2013-12-16 12:30:00,2116.0876,1910.0787,3203.4824,2059.1466556582136,2141.9016600962977,2121.3411487405574
2013-12-16 12:40:00,2292.7483,2116.0876,3222.1162,2156.7907006423266,2230.988503098212,2247.315554219677
2013-12-16 12:50:00,2109.0095,2292.7483,3078.2805,2227.1533199267387,2320.119592103292,2300.5771088543906
2013-12-16 13:00:00,2360.4446,2109.0095,3505.7678,2212.5896141540884,2340.770790577391,2297.6202111610405
2013-12-16 13:10:00,2505.145,2360.4446,3160.8877,2347.952749746449,2443.1089138510897,2457.9491051494138
2013-12-16 13:20:00,2585.238,2505.145,3734.773,2410.70843798201,2511.2377248809444,2503.033796328896
2013-12-16 13:30:00,2969.4912,2585.238,3456.372,2546.711995347818,2663.3377399713504,2698.327022928955
2013-12-16 13:40:00,3057.33,2969.4912,3440.244,2792.7524611450835,2845.9512595244782,2884.994108388363
2013-12-16 13:50:00,2938.056,3057.33,3618.8582,2931.7529909019886,2943.4856463537963,2915.821342735198
2013-12-16 14:00:00,2866.0698,2938.056,3394.556,2991.1428242491866,2999.9016544419756,2996.639021273317
2013-12-16 14:10:00,2798.7302,2866.0698,3321.402,2947.1436335990143,2970.487139285428,2964.7463201935457
2013-12-16 14:20:00,2803.0942,2798.7302,3433.3528,2861.362397095076,2918.3538194248727,2862.231568986844
2013-12-16 14:30:00,2646.84,2803.0942,3996.081,2828.7165009912487,2915.171949453081,2889.14725047691
2013-12-16 14:40:00,2462.6575,2646.84,3518.5361,2725.888797337926,2830.004389510211,2735.0288994276984
2013-12-16 14:50:00,2350.53,2462.6575,3350.2097,2594.4821835132066,2714.6743444338463,2564.758925117542
2013-12-16 15:00:00,2328.2554,2350.53,3353.4287,2456.466104827592,2601.7522029737706,2517.1282059095042
2013-12-16 15:10:00,2480.486,2328.2554,3593.0608,2374.495276146435,2522.8167341164185,2445.8410136124044
2013-12-16 15:20:00,2310.5579,2480.486,3450.2998,2419.6670063290153,2558.298434110084,2503.0498927162057
2013-12-16 15:30:00,2615.6433,2310.5579,3290.5027,2353.2874982130656,2492.864645194634,2419.091727845823
2013-12-16 15:40:00,2538.4104,2615.6433,3320.6372,2519.6632505066664,2641.66038172146,2560.567084116435
2013-12-16 15:50:00,2448.4736,2538.4104,3220.2751,2491.61124539967,2594.24050160833,2490.4761508138404
2013-12-16 16:00:00,2772.0137,2448.4736,3231.7446,2510.7642156253287,2593.407013086896,2532.428668675819
2013-12-16 16:10:00,2690.5195,2772.0137,3408.067,2637.055628714686,2699.3859259075607,2619.4820998853015
2013-12-16 16:20:00,2592.648,2690.5195,3187.6296,2630.0199884053764,2670.5309995376683,2601.9576914997756
2013-12-16 16:30:00,2785.391,2592.648,2956.604,2646.000160614988,2680.1139581155185,2620.6731352366164
2013-12-16 16:40:00,2619.2588,2785.391,3463.5615,2699.4427441044136,2725.4313138031284,2636.5751422539843
2013-12-16 16:50:00,2633.5864,2619.2588,3122.2017,2616.261199331049,2646.4938393873194,2504.938303825848
2013-12-16 17:00:00,2544.4758,2633.5864,3157.8108,2634.18453910959,2662.0095112783456,2593.0728262539787
2013-12-16 17:10:00,2674.0369,2544.4758,3118.6733,2537.1915588020042,2578.432870428425,2466.420797161163
2013-12-16 17:20:00,2557.115,2674.0369,2964.6245,2580.366200321809,2615.4265515724405,2530.6719494685412
2013-12-16 17:30:00,2391.7551,2557.115,3050.6497,2510.3147969868896,2561.4407217635535,2493.8675690947407
2013-12-16 17:40:00,2553.3018,2391.7551,2808.9746,2423.027033961401,2472.151548635225,2348.030438361168
2013-12-16 17:50:00,2696.6912,2553.3018,2942.3992,2433.596671955158,2490.3080936874467,2394.5601294256744
2013-12-16 18:00:00,2386.3591,2696.6912,2844.1326,2479.540691877301,2526.2775592545727,2453.617891254958
2013-12-16 18:10:00,2363.5815,2386.3591,3190.8274,2379.351300730355,2422.5241321341546,2310.241489090637
2013-12-16 18:20:00,2429.0903,2363.5815,3298.3408,2333.084591230242,2370.5120438300573,2278.9159274172866
2013-12-16 18:30:00,2416.3308,2429.0903,3014.8994,2273.769347551778,2343.1391128384857,2240.313861727956
2013-12-16 18:40:00,2332.4736,2416.3308,2896.694,2262.2790776752013,2315.797212185308,2250.7262633758774
2013-12-16 18:50:00,2197.7908,2332.4736,2403.4285,2223.488617388488,2258.2115608961126,2187.479880647052
2013-12-16 19:00:00,2127.2327,2197.7908,2552.499,2126.2592019192266,2172.3316535177814,2094.889992372328
2013-12-16 19:10:00,2131.437,2127.2327,2454.9736,2036.2536061591304,2105.369769006945,2020.0252023419825
2013-12-16 19:20:00,1931.2819,2131.437,2421.0728,1984.0864527216918,2043.301023520738,1977.585036140943
2013-12-16 19:30:00,1857.6206,1931.2819,2441.8667,1859.637988120326,1911.5197409029988,1860.6319433062552
2013-12-16 19:40:00,1720.8193,1857.6206,2372.473,1780.5673092239076,1839.3931195174825,1760.639640772448
2013-12-16 19:50:00,1719.8895,1720.8193,2110.3865,1646.111850388141,1725.6996733307546,1629.0870671377445
2013-12-16 20:00:00,1494.5803,1719.8895,2018.1278,1598.5811780633483,1663.578691477206,1626.4585736058434
2013-12-16 20:10:00,1387.2498,1494.5803,1706.8801,1449.1102436932636,1517.9693771164484,1435.9451015729117
2013-12-16 20:20:00,1310.2693,1387.2498,1786.9882,1350.955904400516,1422.367121527111,1334.8195049448022
2013-12-16 20:30:00,1161.1025,1310.2693,1724.085,1240.2003284284742,1322.34610175985,1269.3504128803563
2013-12-16 20:40:00,1097.7891,1161.1025,1363.3906,1124.762429893308,1205.4333005620447,1148.8943557644288
2013-12-16 20:50:00,1052.0192,1097.7891,1208.8505,1047.5696734662215,1127.7183674604055,1065.6179923746163
2013-12-16 21:00:00,966.3625,1052.0192,1070.4513,978.4902853212847,1056.6343936159728,1015.4764546813252
2013-12-16 21:10:00,789.50476,966.3625,1269.2037,912.175758427872,992.078824620216,937.1615949810463
2013-12-16 21:20:00,889.26215,789.50476,911.9992,795.5998726672508,879.572291420209,789.2556959017501
2013-12-16 21:30:00,790.8689,889.26215,1163.345,794.4840805566286,864.3726718415495,847.255624865013
2013-12-16 21:40:00,795.4714,790.8689,1251.9445,722.8982302022737,780.3067437227887,743.6673296931808
2013-12-16 21:50:00,769.1047,795.4714,749.97577,730.9825003079945,798.2784718110672,742.7968346373103
2013-12-16 22:00:00,695.05756,769.1047,1104.56,695.7761760725615,747.2883351585515,703.2445673841843
2013-12-16 22:10:00,614.00037,695.05756,735.9486,655.6457919814967,699.4923946288284,674.4375160412404
2013-12-16 22:20:00,642.0887,614.00037,599.9604,595.975609607766,644.1079190583213,595.0169714935123
2013-12-16 22:30:00,682.7367,642.0887,510.0028,579.0252553129958,613.1265860482099,599.4469231219957
2013-12-16 22:40:00,582.5713,682.7367,485.58017,583.2993134919614,605.1488045573577,563.6364080385841
2013-12-16 22:50:00,860.383,582.5713,519.7008,549.4168139785079,580.8828234793386,537.8962054937866
2013-12-16 23:00:00,633.47144,860.383,619.5765,665.3923584703813,651.6612368200317,591.0898691803204
2013-12-16 23:10:00,543.3788,633.47144,667.183,585.675759320584,560.8584259894957,539.0895190420104
2013-12-16 23:20:00,597.4092,543.3788,492.0889,565.1642704870646,528.2750886958853,502.6906682521913
2013-12-16 23:30:00,610.54474,597.4092,368.29172,530.8211881020713,513.0858304505136,495.2776477813254
2013-12-16 23:40:00,333.73605,610.54474,338.84744,525.3026183419532,507.94185644039794,500.080217180062
2013-12-16 23:50:00,394.0917,333.73605,361.502,393.726926550217,407.14644975030996,362.02652397727024
2013-12-17 00:00:00,417.16583,394.0917,321.2462,384.2358308984982,397.5865483295265,391.6721194147444
2013-12-17 00:10:00,311.19092,417.16583,283.5749,347.98347273004384,347.4051957299781,367.644585288924
2013-12-17 00:20:00,445.86246,311.19092,269.9622,315.9320906792153,365.2259291757433,327.28035236628614
2013-12-17 00:30:00,342.1666,445.86246,234.3921,367.0797697066925,376.103294665922,363.2067355028278
2013-12-17 00:40:00,318.08643,342.1666,297.9335,317.3365087952742,298.88078328072135,314.5788881875806
2013-12-17 00:50:00,304.5793,318.08643,277.50192,320.37848275133086,335.0084061306664,306.19094861520455
2013-12-17 01:00:00,302.76498,304.5793,226.25293,288.18194464237865,283.1041103105667,288.13362142914
2013-12-17 01:10:00,232.73166,302.76498,282.77347,280.24663470441726,268.4994197149663,273.7354042239705
2013-12-17 01:20:00,268.7748,232.73166,257.86285,241.6388776338386,261.415121271526,234.09318529390578
2013-12-17 01:30:00,226.48288,268.7748,213.09369,248.14788064120637,257.075019882192,258.7997340841925
2013-12-17 01:40:00,187.17807,226.48288,177.8685,218.0970894143919,218.23073022276708,224.98749622629984
2013-12-17 01:50:00,223.17186,187.17807,255.63414,199.09849244319958,225.01013766765317,201.05297551407423
2013-12-17 02:00:00,234.36075,223.17186,202.13348,201.8032974995026,216.14765643384177,213.59902858175178
2013-12-17 02:10:00,216.70508,234.36075,169.40472,204.60975397265548,195.4831777663059,211.84891843643163
2013-12-17 02:20:00,229.82294,216.70508,235.39459,208.906818844827,223.36120211188825,218.1373304988428
2013-12-17 02:30:00,209.51703,229.82294,197.1322,216.07124033518912,208.6584303099276,211.3597889925097
2013-12-17 02:40:00,183.1384,209.51703,193.96277,204.7770723023267,191.0714040709856,197.95459091565985
2013-12-17 02:50:00,202.82635,183.1384,215.84758,191.17454718671215,202.71650870209504,193.03256872142285
2013-12-17 03:00:00,204.51138,202.82635,197.70189,192.52168697343407,195.29980245021787,195.13336940680665
2013-12-17 03:10:00,173.6049,204.51138,170.3648,191.13822769560588,183.11188651990764,185.83529387564087
2013-12-17 03:20:00,195.62657,173.6049,224.65427,181.3169208060073,196.99037294695535,182.05077387237378
2013-12-17 03:30:00,199.54,195.62657,206.9472,188.23656144100593,191.771530000618,193.558136516743
2013-12-17 03:40:00,188.96452,199.54,177.65283,187.1265521572249,173.7850481580242,183.3581671337135
2013-12-17 03:50:00,206.67401,188.96452,271.311,189.3470335788159,197.46958610504907,195.20495459283902
2013-12-17 04:00:00,213.5412,206.67401,199.07243,198.30092866317543,192.0267495182983,196.02386934104652
2013-12-17 04:10:00,164.3832,213.5412,185.74605,203.20795603067768,183.42381927081325,193.86985765279675
2013-12-17 04:20:00,205.71875,164.3832,284.81296,183.2372172938786,189.32779609930645,172.21033820169905
2013-12-17 04:30:00,189.8338,205.71875,205.68059,198.47041808751632,195.5048801327869,196.99179222890413
2013-12-17 04:40:00,165.30069,189.8338,198.18828,186.0136318476457,169.69064518315528,173.7065844511156
2013-12-17 04:50:00,211.25015,165.30069,238.00862,181.61064285823622,195.85953106899714,176.88337156173625
2013-12-17 05:00:00,207.73288,211.25015,210.89241,197.7236006153238,196.58775613853444,194.10262087150474
2013-12-17 05:10:00,186.83727,207.73288,191.1696,199.07720539802978,175.6037601223359,189.65265521625062
2013-12-17 05:20:00,212.57007,186.83727,221.15599,201.47437284452565,208.84542519227796,198.83398824335092
2013-12-17 05:30:00,199.12,212.57007,201.75531,211.34740428858595,199.26034372072343,204.3956761741088
2013-12-17 05:40:00,189.68364,199.12,213.70207,204.62452363201376,185.78792769568358,192.41934912619607
2013-12-17 05:50:00,206.41656,189.68364,246.19756,205.06180353447564,217.6643850738911,200.96404471883125
2013-12-17 06:00:00,199.14429,206.41656,210.66183,209.93396570213758,210.5399226456275,206.2627045980016
2013-12-17 06:10:00,175.57236,199.14429,209.51753,208.06761607100833,198.6020896171358,197.2664123905866
2013-12-17 06:20:00,211.8952,175.57236,246.43175,199.1153613981413,218.10341643749538,204.22603807023904
2013-12-17 06:30:00,229.97296,211.8952,191.04634,213.96363032541765,225.92006386326355,221.80448342451433
2013-12-17 06:40:00,222.11827,229.97296,230.94543,225.80124803908706,214.1220009329075,224.7777878011849
2013-12-17 06:50:00,266.95532,222.11827,265.63672,238.92905006991634,247.73658012612304,249.7150780535645
2013-12-17 07:00:00,266.6577,266.95532,265.48935,269.52873629617926,268.46151292769434,275.7598346821554
2013-12-17 07:10:00,264.9794,266.6577,275.43652,278.9895663547144,271.16551502358317,278.89099457304894
2013-12-17 07:20:00,299.7556,264.9794,355.42,294.6070626061678,314.71080040963307,312.8187476641984
2013-12-17 07:30:00,341.219,299.7556,316.6433,316.5566202500775,338.947156959556,328.4507222116806
2013-12-17 07:40:00,302.00635,341.219,334.18826,349.617801239687,367.1675355289002,356.5494920136467
2013-12-17 07:50:00,336.06754,302.00635,375.8591,350.47353284826784,397.58636134954037,364.57054067116786
2013-12-17 08:00:00,375.1931,336.06754,447.01624,377.81218769607966,435.7060924209521,401.708412736903
2013-12-17 08:10:00,397.58102,375.1931,465.69836,398.6056291864894,447.9047686345673,423.52815779657635
2013-12-17 08:20:00,489.18375,397.58102,571.7453,435.3599195887356,502.02818231073326,485.4693485542331
2013-12-17 08:30:00,534.2422,489.18375,664.5268,509.4625854441831,578.7966064572898,549.2291001893842
2013-12-17 08:40:00,660.0387,534.2422,741.24786,568.0649951447172,612.4320787715089,591.48481135549
2013-12-17 08:50:00,617.42114,660.0387,1250.8732,687.093571790273,740.5502682671051,735.5161591649888
2013-12-17 09:00:00,824.7165,617.42114,1034.0664,711.1072322198551,749.3515088773619,723.2933078530341
2013-12-17 09:10:00,862.9117,824.7165,987.9583,868.7342228491297,858.2787213313363,885.1203105315244
2013-12-17 09:20:00,903.38446,862.9117,1067.1652,927.2612863218963,909.3546965573844,941.2398788023979
2013-12-17 09:30:00,993.2106,903.38446,1182.173,1037.8885077727552,1012.0476595553464,1012.5436491943992
2013-12-17 09:40:00,1057.9623,993.2106,1181.2798,1114.7920723673253,1045.4334829044428,1085.4164405591039
2013-12-17 09:50:00,1036.0688,1057.9623,1314.2957,1187.9459636933607,1131.528606337553,1190.1254390857891
2013-12-17 10:00:00,1217.5114,1036.0688,1286.03,1218.1103758515944,1180.9922527302813,1174.3611780971494
2013-12-17 10:10:00,1188.2633,1217.5114,1508.0198,1339.8634483246315,1262.6309774532222,1331.9560528668894
2013-12-17 10:20:00,1214.9235,1188.2633,1461.93,1352.511219703303,1309.3280689687892,1339.6580815780626
2013-12-17 10:30:00,1532.3738,1214.9235,1595.7958,1415.8277249554096,1392.782334531853,1366.2008104920335
2013-12-17 10:40:00,1466.2655,1532.3738,1769.1548,1588.127472754283,1528.6080150497255,1574.4995771465142
2013-12-17 10:50:00,1664.7877,1466.2655,1872.6934,1623.7419524326285,1586.004293987891,1622.2159155962916
2013-12-17 11:00:00,1818.2194,1664.7877,2127.702,1820.2858094678322,1749.8026111626868,1775.984084536925
2013-12-17 11:10:00,1694.5822,1818.2194,2029.3066,1917.781822132622,1842.2965096550734,1878.8844781792004
2013-12-17 11:20:00,1874.4421,1694.5822,2434.3887,1930.4485975067598,1887.2178401315552,1894.5245727839442
2013-12-17 11:30:00,2035.2654,1874.4421,2413.4875,2039.531360689749,1983.6299662200765,2021.2526615938687
2013-12-17 11:40:00,2138.9646,2035.2654,2543.2112,2114.0848760496037,2080.3300199113146,2098.2962503650474
2013-12-17 11:50:00,2250.6,2138.9646,2489.2896,2247.901835463462,2228.170098512617,2269.9833500448503
2013-12-17 12:00:00,2388.473,2250.6,2868.7605,2364.514244767577,2319.9318656069318,2356.353289699093
2013-12-17 12:10:00,2460.7341,2388.473,2853.106,2477.5181925207135,2430.0470616598723,2442.1727376995887
2013-12-17 12:20:00,2415.1038,2460.7341,2651.8318,2561.420779179003,2538.1998287512656,2527.7728788759237
2013-12-17 12:30:00,2763.0684,2415.1038,2957.8167,2572.8991685768488,2554.4399568754375,2515.280036258152
2013-12-17 12:40:00,2744.7373,2763.0684,2898.6072,2754.9986361046695,2728.21129312715,2736.1020380019067
2013-12-17 12:50:00,2774.4429,2744.7373,2911.7122,2786.5781129489387,2802.4185866953153,2741.876572103355
2013-12-17 13:00:00,3062.458,2774.4429,2930.4553,2885.2509811660293,2865.0951444838347,2829.9538739244867
2013-12-17 13:10:00,3291.7275,3062.458,3141.11,3024.4385297706035,3009.4793451947367,2980.604555464684
2013-12-17 13:20:00,3444.1062,3291.7275,3368.4011,3198.17208875423,3185.256271141587,3139.8032625829505
2013-12-17 13:30:00,3373.3855,3444.1062,3231.1433,3398.830805671999,3326.749649290464,3287.5225170277276
2013-12-17 13:40:00,3342.427,3373.3855,3662.5671,3446.8635458755007,3345.191641567102,3299.2383406308013
2013-12-17 13:50:00,3505.4326,3342.427,4065.1887,3448.1194602139253,3377.9219701298134,3311.1676724131835
2013-12-17 14:00:00,3803.9377,3505.4326,3625.6885,3501.5848919530918,3468.4868103458202,3407.598665907223
2013-12-17 14:10:00,3543.5134,3803.9377,3464.3513,3674.984547213131,3612.646334278266,3539.974009710936
2013-12-17 14:20:00,3208.6392,3543.5134,3512.0168,3639.196186097021,3568.0384690059823,3445.7942537827225
2013-12-17 14:30:00,3234.5732,3208.6392,3121.0405,3477.7355431687115,3420.1320385449194,3289.9841755286
2013-12-17 14:40:00,3110.6792,3234.5732,3254.7627,3357.059854666892,3375.870015518734,3242.459450851925
2013-12-17 14:50:00,3139.6963,3110.6792,3103.1318,3204.713011601761,3259.9912868509855,3146.010747088556
2013-12-17 15:00:00,2945.2466,3139.6963,3059.993,3201.6500270055267,3241.5448061543416,3141.872595477618
2013-12-17 15:10:00,2766.0857,2945.2466,3195.9438,3067.3995072860284,3123.852514283601,2951.643726080029
2013-12-17 15:20:00,3100.932,2766.0857,3294.035,2936.4242594315356,3002.3049230257775,2875.593625167196
2013-12-17 15:30:00,3517.678,3100.932,3016.1504,3026.680520285092,3084.2422834367594,3011.033963954875
2013-12-17 15:40:00,3524.895,3517.678,3410.0237,3251.7637699634006,3255.330582894567,3133.2007234151392
2013-12-17 15:50:00,3358.1033,3524.895,3132.7173,3439.7881694926573,3363.382714516805,3251.6986932204245
2013-12-17 16:00:00,3876.9597,3358.1033,3000.3345,3466.7885435389335,3321.2767470930044,3220.8722313548897
2013-12-17 16:10:00,3759.038,3876.9597,2832.4082,3701.3308857986617,3543.118369119878,3394.25186763171
2013-12-17 16:20:00,3837.1494,3759.038,2797.6855,3690.575292832499,3542.3271914840648,3411.4563728405933
2013-12-17 16:30:00,3774.914,3837.1494,2896.3176,3846.7102317043195,3581.2449732398495,3521.342062451046
2013-12-17 16:40:00,3495.1526,3774.914,2963.0566,3786.9177745445472,3581.5364144328723,3368.5546496699394
2013-12-17 16:50:00,3764.5989,3495.1526,2810.552,3632.879411650058,3478.130949605462,3314.1134771560755
2013-12-17 17:00:00,3746.0464,3764.5989,3221.4006,3691.681435629397,3541.980548854361,3440.2736632924875
2013-12-17 17:10:00,3641.88,3746.0464,3373.3518,3645.0293730951767,3512.629326990372,3325.909593858545
2013-12-17 17:20:00,3795.984,3641.88,3393.0786,3644.8737043457722,3485.337362313812,3332.5067054572582
2013-12-17 17:30:00,3566.969,3795.984,2861.0376,3682.9566174988568,3528.7807495679986,3371.181570741614
2013-12-17 17:40:00,3228.2769,3566.969,2986.1794,3548.3524441066497,3425.6447542230126,3268.344768713018
2013-12-17 17:50:00,3273.0974,3228.2769,2777.1235,3345.203591651807,3236.839495405697,3100.155380274782
2013-12-17 18:00:00,3197.3652,3273.0974,2905.2559,3231.431289410551,3167.6228249551073,3017.3387107642143
2013-12-17 18:10:00,3225.8513,3197.3652,2720.4802,3098.284922255226,3071.812800753688,2935.9866744673436
2013-12-17 18:20:00,2850.039,3225.8513,2817.2683,3093.2682996495314,3040.379846130687,2990.944291679804
2013-12-17 18:30:00,3065.798,2850.039,2693.633,2868.252938471113,2844.8104304364447,2701.085286713981
2013-12-17 18:40:00,2853.2896,3065.798,2602.6091,2900.3449958553024,2862.6091222968066,2769.4466496256255
2013-12-17 18:50:00,2902.8008,2853.2896,2266.3394,2724.948907508155,2737.1999377870898,2647.9935987321214
2013-12-17 19:00:00,2814.6863,2902.8008,2333.9846,2751.176293085398,2701.0758654452347,2649.1129474477248
2013-12-17 19:10:00,2951.324,2814.6863,2419.1216,2650.516341207835,2630.4365689014676,2478.1971448392947
2013-12-17 19:20:00,2730.4817,2951.324,2262.9507,2701.276979634704,2649.1756114221585,2551.31796971596
2013-12-17 19:30:00,2447.7034,2730.4817,2255.95,2583.6249222241527,2544.7138875491055,2391.2424835810502
2013-12-17 19:40:00,2416.3674,2447.7034,2073.7168,2422.166813370867,2370.759868712654,2254.1996795018126
2013-12-17 19:50:00,2257.1748,2416.3674,2024.529,2296.1391134830865,2291.9068291804147,2184.4636680792028
2013-12-17 20:00:00,2049.7354,2257.1748,1960.2728,2136.9702116583226,2161.492644993424,2056.0134822888695
2013-12-17 20:10:00,1769.0593,2049.7354,1765.1614,1989.925347934512,2008.7757875978741,1887.309541423102
2013-12-17 20:20:00,1671.0309,1769.0593,1788.7562,1767.5428960296422,1818.6592401233704,1696.5590784329136
2013-12-17 20:30:00,1472.355,1671.0309,1526.2216,1618.2663325157928,1691.984300094658,1580.0780206333873
2013-12-17 20:40:00,1444.2585,1472.355,1562.6074,1434.2595372324522,1522.663898486207,1418.7505651319998
2013-12-17 20:50:00,1219.8506,1444.2585,1344.0309,1360.213656431119,1434.4210526841102,1382.0853185786295
2013-12-17 21:00:00,1171.9623,1219.8506,1141.0891,1194.9360413368445,1283.0734183966113,1187.648966115227
2013-12-17 21:10:00,1066.5071,1171.9623,1088.232,1123.3969152774157,1204.355413881264,1114.100810683442
2013-12-17 21:20:00,1065.6753,1066.5071,1244.7518,1011.1001210211293,1090.3672077116212,1038.4592751131174
2013-12-17 21:30:00,1107.44,1065.6753,1315.3727,979.7544314762549,1041.302142726339,1010.4220075672521
2013-12-17 21:40:00,1170.1951,1107.44,1154.6964,973.1287786931294,1017.9643397022575,933.529981499399
2013-12-17 21:50:00,881.85944,1170.1951,1005.14856,1008.0996788561787,1021.5858849293597,953.1527226739531
2013-12-17 22:00:00,747.4791,881.85944,909.84515,885.6993808618092,895.2052866668909,843.2778764671573
2013-12-17 22:10:00,636.772,747.4791,738.18787,778.0774893100615,781.6770075912638,725.811499597596
2013-12-17 22:20:00,549.43256,636.772,658.33887,640.1142238149307,678.1775140984554,642.0527941606438
2013-12-17 22:30:00,636.7148,549.43256,566.2239,547.9835847865924,593.0992984809745,563.1302866351369
2013-12-17 22:40:00,583.74817,636.7148,574.1559,550.5584308038057,590.06915412916,592.530129831914
2013-12-17 22:50:00,538.8654,583.74817,467.2887,519.9458513654603,555.216282130001,555.294707527154
2013-12-17 23:00:00,543.9615,538.8654,427.34433,509.7476780289862,543.1353172293786,534.0425514939826
2013-12-17 23:10:00,439.51578,543.9615,353.80743,492.45856659079453,509.783781537309,507.79528565666834
2013-12-17 23:20:00,424.59024,439.51578,352.96277,431.34800488865534,449.1779452447136,446.02186774183446
2013-12-17 23:30:00,452.19907,424.59024,362.00943,407.2109513791857,426.5942965255241,420.05812765666127
2013-12-17 23:40:00,361.02264,452.19907,381.38248,394.8928462720273,407.5020976820826,408.5888433950542
2013-12-17 23:50:00,371.86603,361.02264,364.4811,351.9548570281215,371.6962778832893,359.92418319972927
2013-12-18 00:00:00,434.7364,371.86603,295.88074,348.2282718324752,365.9526511802181,366.91911271903086
2013-12-18 00:10:00,406.5353,434.7364,257.1831,358.46184880127356,348.4833040015306,380.1568484721889
2013-12-18 00:20:00,314.7144,406.5353,267.63983,360.3801987924624,353.14442612173684,376.1063463832255
2013-12-18 00:30:00,311.52432,314.7144,244.42473,324.7297772221273,308.2155899043236,316.398079777515
2013-12-18 00:40:00,268.645,311.52432,224.0058,302.22966044188524,295.99791960331163,301.90733600779225
2013-12-18 00:50:00,269.08865,268.645,247.9059,260.9106515681865,277.4368552667964,272.73587881884225
2013-12-18 01:00:00,303.09613,269.08865,236.07014,253.68500856801,270.1539426281021,272.3231270212822
2013-12-18 01:10:00,274.72974,303.09613,218.04059,260.5167092552495,268.65345213307916,268.0743116535026
2013-12-18 01:20:00,234.28204,274.72974,221.78624,254.27428018918357,268.9195501736157,263.7205562172567
2013-12-18 01:30:00,258.46707,234.28204,205.38936,237.68393095209223,253.17959279915965,241.31093920281694
2013-12-18 01:40:00,235.9508,258.46707,203.17488,237.19458136912507,243.7965196619793,247.47730572914634
2013-12-18 01:50:00,214.01556,235.9508,189.07672,221.68778896644528,229.83149519437555,230.83207136179436
2013-12-18 02:00:00,244.06613,214.01556,221.3508,213.31146227499883,229.93760274579523,218.84387755032705
2013-12-18 02:10:00,221.39583,244.06613,186.01382,219.82493952663253,224.67121554621005,224.2883948070393
2013-12-18 02:20:00,390.53134,221.39583,187.60724,209.66170705986755,213.57605985758664,215.84994976817322
2013-12-18 02:30:00,385.1137,390.53134,203.60866,289.15340298566883,280.32411525280264,274.7261680857561
2013-12-18 02:40:00,443.73373,385.1137,188.06961,314.27377754312795,263.20997976989366,266.4167131878816
2013-12-18 02:50:00,424.52182,443.73373,201.89745,395.83386716283024,284.3016176232218,328.9780114197954
2013-12-18 03:00:00,514.8599,424.52182,239.15576,398.0106743080528,267.74424167273065,321.5487141319206
2013-12-18 03:10:00,243.27391,514.8599,197.30264,456.1243305641515,282.41235368324556,381.22986653562197
2013-12-18 03:20:00,216.10474,243.27391,184.57481,316.38440177029474,206.57036269325584,244.59753327501167
2013-12-18 03:30:00,226.1257,216.10474,221.67671,271.1203528507253,184.33431225513948,226.06962009088534
2013-12-18 03:40:00,232.07373,226.1257,200.7755,222.24849895839117,212.58331167577097,212.56163067516854
2013-12-18 03:50:00,208.05132,232.07373,218.4641,221.09407583386476,221.3770140349787,233.6269674191248
2013-12-18 04:00:00,225.40233,208.05132,209.15076,213.2260533333616,218.8297572129507,217.31782395931768
2013-12-18 04:10:00,227.49486,225.40233,183.07991,220.1293071910494,227.8519852959546,221.2715204211021
2013-12-18 04:20:00,215.54005,227.49486,204.42249,219.0740108117003,235.4462326249427,227.67091655846167
2013-12-18 04:30:00,227.6982,215.54005,207.92744,218.87568747474054,230.59714769729038,226.92125072962796
2013-12-18 04:40:00,220.47952,227.6982,193.86778,224.41695827862983,222.7871130360059,216.77499018574963
2013-12-18 04:50:00,219.93323,220.47952,222.28223,220.73328143053348,219.9626783169552,213.94383545139615
2013-12-18 05:00:00,234.73874,219.93323,204.66638,223.30871444987295,227.4289883669633,222.6725090802392
2013-12-18 05:10:00,256.21884,234.73874,187.1968,230.07244933973794,220.77672734783,233.79836477026484
2013-12-18 05:20:00,246.57613,256.21884,198.10167,245.1288376210679,228.10716924653542,249.92153137578217
2013-12-18 05:30:00,248.08905,246.57613,217.32478,250.0353843048776,235.97799825864757,245.50477730938445
2013-12-18 05:40:00,257.0533,248.08905,213.37645,256.3124114067971,234.26094479589202,246.72702710235654
2013-12-18 05:50:00,243.37932,257.0533,254.15324,260.2717123605165,240.4672616761595,256.53675387740344
2013-12-18 06:00:00,263.1779,243.37932,195.80128,256.62021639748866,247.0588578848701,253.18124896935694
2013-12-18 06:10:00,227.68663,263.1779,178.29602,268.8669325691361,258.3472813799167,264.15806915935116
2013-12-18 06:20:00,237.63649,227.68663,227.62848,250.90634024644882,247.54492157642903,243.86797723092548
2013-12-18 06:30:00,320.8879,237.63649,202.4876,256.5623680360088,267.2885208202565,253.99522394294436
2013-12-18 06:40:00,246.09839,320.8879,191.68062,293.8056797646364,298.9426627360041,295.6631053106314
2013-12-18 06:50:00,260.01495,246.09839,222.91464,276.26685307111046,276.9164020350073,266.29595637350246
2013-12-18 07:00:00,350.64963,260.01495,252.93442,295.0995836791289,306.32197318032786,286.16299517235467
2013-12-18 07:10:00,396.91446,350.64963,232.61906,327.8543351912476,339.5413558129581,335.3886964584788
2013-12-18 07:20:00,404.74667,396.91446,298.38364,380.1128908712703,383.3801162724162,394.5096443321805
2013-12-18 07:30:00,444.64056,404.74667,293.59518,430.3570847525585,426.8266529660496,412.54898231115453
2013-12-18 07:40:00,383.8241,444.64056,312.77472,473.406704404859,454.5453361967423,446.918097604773
2013-12-18 07:50:00,396.3336,383.8241,326.56754,452.17175323307197,478.7407316653283,416.9457844395135
2013-12-18 08:00:00,413.65237,396.3336,424.13898,461.78159290848424,508.47910655120734,458.49928325949287
2013-12-18 08:10:00,642.78076,413.65237,400.12933,460.13005501820027,497.6000270189083,443.4000642870554
2013-12-18 08:20:00,541.2099,642.78076,495.19464,595.068460049257,637.6637758211896,606.8163253666721
2013-12-18 08:30:00,618.90344,541.2099,575.2,603.5507172889988,669.1274286756794,606.9590045212893
2013-12-18 08:40:00,646.4804,618.90344,783.38654,709.6693480093868,733.2868770451245,697.2919570502762
2013-12-18 08:50:00,736.52924,646.4804,1040.6681,715.2369202811644,754.2057526682147,710.3292279223042
2013-12-18 09:00:00,844.3093,736.52924,1161.4548,804.7857038926616,857.1229622113309,832.9182106522788
2013-12-18 09:10:00,899.5496,844.3093,1010.1386,901.0272537989323,915.7601043378177,895.5397701540709
2013-12-18 09:20:00,958.5369,899.5496,1017.5529,993.8378293001399,983.4217996349887,962.818408117377
2013-12-18 09:30:00,1156.9509,958.5369,1044.2307,1081.2397518799785,1087.8962639523236,1064.27782305705
2013-12-18 09:40:00,1070.9885,1156.9509,1252.3246,1230.5662251991362,1194.6797717086863,1226.3861990583778
2013-12-18 09:50:00,1130.0844,1070.9885,1264.1052,1246.2933701816723,1194.2131461899799,1185.7720643876723
2013-12-18 10:00:00,1296.178,1130.0844,1474.8528,1326.2326373062333,1267.4603518479662,1270.8054212674879
2013-12-18 10:10:00,1440.553,1296.178,1447.6918,1407.2184632403216,1363.0524895614728,1385.5458880385718
2013-12-18 10:20:00,1529.78,1440.553,1499.5227,1545.4003515523586,1488.395082428257,1532.173670431503
2013-12-18 10:30:00,1691.0553,1529.78,1890.1306,1682.6357099149875,1588.9100121068373,1633.0703395607704
2013-12-18 10:40:00,1911.0961,1691.0553,1830.4741,1837.287442072533,1706.19787801768,1756.8974215658807
2013-12-18 10:50:00,1785.5616,1911.0961,2089.8484,2019.3652083879438,1883.9436390554897,1981.0119991106515
2013-12-18 11:00:00,2071.8499,1785.5616,2179.2983,2036.5472381338025,1900.7768460018294,1983.6074820421825
2013-12-18 11:10:00,2104.384,2071.8499,2114.0537,2230.2538041557955,2042.137881334573,2137.940086157548
2013-12-18 11:20:00,2088.583,2104.384,2316.6033,2255.6900510844066,2147.6110779550872,2188.55539078454
2013-12-18 11:30:00,2219.114,2088.583,2502.1755,2327.1948068856464,2207.016767768212,2275.474616186005
2013-12-18 11:40:00,2249.7117,2219.114,2515.2104,2389.4812746825874,2286.4318360365673,2343.788861547362
2013-12-18 11:50:00,2448.1501,2249.7117,2682.8718,2410.532926551428,2362.1619777371334,2408.5025669660236
2013-12-18 12:00:00,2599.8909,2448.1501,2870.2239,2548.1070341887107,2508.550790179094,2598.1590262461473
2013-12-18 12:10:00,2445.932,2599.8909,3092.911,2662.9536178798085,2612.762405915868,2659.493264517606
2013-12-18 12:20:00,2537.695,2445.932,2706.6938,2648.7400232986665,2616.9018379023396,2567.5880459149575
2013-12-18 12:30:00,2588.794,2537.695,2981.6875,2691.959367783789,2679.2478017421026,2703.4208309822207
2013-12-18 12:40:00,2524.9182,2588.794,3137.8833,2676.475361226803,2713.2647129109196,2704.3509062784046
2013-12-18 12:50:00,2801.2405,2524.9182,3144.6326,2660.9878930290406,2713.5627838472833,2696.7148728848633
2013-12-18 13:00:00,2847.3315,2801.2405,3117.8345,2795.8946569398463,2848.3470471567593,2874.3064719276917
2013-12-18 13:10:00,3144.238,2847.3315,3257.9248,2844.134478013429,2913.3774827813654,2930.1573834190403
2013-12-18 13:20:00,3527.2244,3144.238,3512.2786,3078.51743414114,3097.8956220847776,3155.6781873824107
2013-12-18 13:30:00,3725.421,3527.2244,3528.6335,3337.73216962033,3313.1913498029057,3426.3602820504093
2013-12-18 13:40:00,3822.5183,3725.421,3814.967,3598.3728176658333,3497.503585756896,3618.731114819605
2013-12-18 13:50:00,3866.7158,3822.5183,4178.7954,3793.5733841148963,3616.9990378733282,3739.119374430369
2013-12-18 14:00:00,3877.37,3866.7158,3768.3442,3884.9103467590353,3694.281673723969,3691.2096481831372
2013-12-18 14:10:00,3581.297,3877.37,3810.736,3920.1009318549422,3755.0552793296974,3698.475349406835
2013-12-18 14:20:00,3756.3364,3581.297,3865.6616,3767.9256101295196,3656.257617354811,3533.494642230965
2013-12-18 14:30:00,3436.1638,3756.3364,3861.7864,3803.5261840202133,3710.203563206432,3613.1236089248596
2013-12-18 14:40:00,3591.0415,3436.1638,3706.247,3582.8685591447397,3579.6788126113856,3395.373146604508
2013-12-18 14:50:00,3316.7222,3591.0415,3293.3005,3649.013233153043,3614.3713323171473,3506.9582866666724
2013-12-18 15:00:00,3167.509,3316.7222,4132.0605,3444.582404246933,3465.9030711308783,3301.042584922735
2013-12-18 15:10:00,3138.9187,3167.509,3649.1724,3348.5649563455972,3357.8226614724817,3209.9079931067813
2013-12-18 15:20:00,3047.273,3138.9187,3822.5464,3231.3346638945495,3272.1777645077977,3130.5809896546675
2013-12-18 15:30:00,3150.5264,3047.273,3880.5193,3135.0858778525117,3174.8964996040195,3069.4009032515
2013-12-18 15:40:00,2938.9463,3150.5264,3408.5032,3162.887790053875,3189.2704852676065,3090.5869320171964
2013-12-18 15:50:00,3039.3792,2938.9463,3525.719,3042.1123251545478,3068.4920779143818,2940.984021557048
2013-12-18 16:00:00,3118.2083,3039.3792,3255.4583,3078.8745882491726,3078.846591592035,2986.834281100491
2013-12-18 16:10:00,3213.4922,3118.2083,3275.646,3078.7534067676575,3083.0975689127886,3001.510068063622
2013-12-18 16:20:00,3012.9036,3213.4922,3332.91,3167.225752990937,3131.7262920843295,3063.6406298819447
2013-12-18 16:30:00,2953.8872,3012.9036,3342.6802,3094.038401180605,3048.3996423989465,2932.8351796835896
2013-12-18 16:40:00,2920.7847,2953.8872,3253.6792,3039.8117845667953,2990.5095858381674,2891.03578752484
2013-12-18 16:50:00,2932.362,2920.7847,3496.8813,2948.7950190833426,2936.9524706000975,2832.7844673127474
2013-12-18 17:00:00,3075.2097,2932.362,3577.3232,2922.5018517472317,2907.575987056946,2831.5317806244166
2013-12-18 17:10:00,3023.2146,3075.2097,3480.6047,2978.6952605784727,2949.664081353189,2880.742193934341
2013-12-18 17:20:00,2955.8096,3023.2146,3174.1284,2970.5724561856505,2938.6367872267565,2843.6030320324694
2013-12-18 17:30:00,2909.414,2955.8096,3291.368,2950.056184498384,2906.6854290587426,2823.0431704260636
2013-12-18 17:40:00,2701.2969,2909.414,3078.2402,2885.113395020291,2857.569029001882,2759.7874026018917
2013-12-18 17:50:00,2824.2446,2701.2969,2965.4534,2734.722091274141,2732.7555808992465,2611.819507656163
2013-12-18 18:00:00,2610.1594,2824.2446,3164.623,2732.97638459308,2730.6720191858835,2656.269111550042
2013-12-18 18:10:00,2438.9465,2610.1594,3204.4146,2578.1528717430383,2607.224658169487,2485.0036965574986
2013-12-18 18:20:00,2638.442,2438.9465,2884.5107,2465.224217891979,2491.873105367994,2400.712674320095
2013-12-18 18:30:00,2572.8604,2638.442,3250.8481,2468.720021558751,2512.0075031677034,2439.588738093257
2013-12-18 18:40:00,2564.827,2572.8604,3205.8972,2416.3448445131967,2463.7452662449505,2379.7896306543107
2013-12-18 18:50:00,2356.0195,2564.827,2673.7334,2439.3788415117424,2448.7919425184327,2400.3148650088315
2013-12-18 19:00:00,2361.8774,2356.0195,3022.7278,2303.268879778162,2332.043230500769,2254.798326016303
2013-12-18 19:10:00,2249.49,2361.8774,3384.5896,2254.925166556427,2287.8579733666165,2210.71068727849
2013-12-18 19:20:00,2056.9507,2249.49,2868.2,2138.594549798299,2193.961552127437,2102.2834906052267
2013-12-18 19:30:00,2078.2659,2056.9507,2660.86,2012.6228556221092,2058.6850020132897,1985.7067035075268
2013-12-18 19:40:00,2282.8704,2078.2659,2573.256,1953.8809414130003,2009.8117129648974,1912.338076327767
2013-12-18 19:50:00,2069.832,2282.8704,2610.7622,2000.532228141964,2052.0386201104193,1935.6776317402623
2013-12-18 20:00:00,1856.3398,2069.832,2081.9492,1933.6498410867553,1966.2190335435953,1861.0329129118331
2013-12-18 20:10:00,1593.6848,1856.3398,1811.2607,1830.4995837489585,1835.7750561644186,1739.5137430493378
2013-12-18 20:20:00,1380.7185,1593.6848,1820.3607,1604.3624651744676,1667.6211757880938,1546.6165884802956
2013-12-18 20:30:00,1368.4242,1380.7185,1549.0148,1397.0078343252328,1482.4904632410687,1385.6244442501127
2013-12-18 20:40:00,1136.7922,1368.4242,1559.9246,1293.4144376776146,1375.3482783201493,1335.7873384965399
2013-12-18 20:50:00,1057.0449,1136.7922,1649.7778,1123.2276568437733,1215.5493320297899,1141.535733120953
2013-12-18 21:00:00,952.5083,1057.0449,1342.1211,1037.1559387861319,1134.6826138845297,1071.6209957557455
2013-12-18 21:10:00,885.5504,952.5083,1336.4009,918.313504070813,1019.3357794340916,983.2812828559589
2013-12-18 21:20:00,945.30396,885.5504,1533.3967,847.1637481868806,938.3763946581594,913.924687567023
2013-12-18 21:30:00,955.2644,945.30396,1394.562,838.9751496910898,919.306150453982,894.2232533432104
2013-12-18 21:40:00,908.50287,955.2644,965.45355,836.6941738673297,902.0575512204953,851.4908067899897
2013-12-18 21:50:00,948.1962,908.50287,1036.4664,829.9699274205925,878.1766353006118,822.0373983960087
2013-12-18 22:00:00,824.9544,948.1962,932.7498,841.9619694978039,862.0627445337495,810.6261760654415
2013-12-18 22:10:00,795.2902,824.9544,854.469,777.334982768969,792.4180657022137,752.7626343562495
2013-12-18 22:20:00,611.88983,795.2902,1072.956,749.6292828182177,746.4687582342826,736.647259771021
2013-12-18 22:30:00,578.9331,611.88983,745.3289,623.3199424761033,640.640883889021,612.1948308388639
2013-12-18 22:40:00,579.75836,578.9331,629.25336,568.6303604190653,590.5899878754761,574.4193613961696
2013-12-18 22:50:00,505.07068,579.75836,651.8451,523.9394549482337,555.6352751330181,561.1851411292819
2013-12-18 23:00:00,457.731,505.07068,747.0757,479.7809102394939,511.1550469891727,514.716931541589
2013-12-18 23:10:00,554.7294,457.731,446.0727,443.2674900464086,473.60317255854403,470.64138296037635
2013-12-18 23:20:00,463.84952,554.7294,580.1695,463.5978574770195,484.8571432989952,486.48443461512744
2013-12-18 23:30:00,405.31708,463.84952,431.27573,426.674887789754,445.2533946937835,453.3852362017774
2013-12-18 23:40:00,362.2333,405.31708,395.45093,404.19817863115236,411.6712793303235,407.3199242584646
2013-12-18 23:50:00,315.83978,362.2333,413.5433,353.54119657836657,367.16745526412075,367.12160999043505
2013-12-19 00:00:00,274.1597,315.83978,328.7937,310.36272824048206,336.12596633158296,327.83308306953177
2013-12-19 00:10:00,267.6126,274.1597,297.79117,272.22908198269755,294.7267821277593,297.02299712924827
2013-12-19 00:20:00,269.4348,267.6126,303.28607,252.236110870953,265.3916884521371,285.7143583182168
2013-12-19 00:30:00,251.59937,269.4348,293.02725,242.9462642771371,260.58727730918736,279.413376826719
2013-12-19 00:40:00,241.11076,251.59937,448.93402,233.64182677829663,262.7156369334635,274.2215831482085
2013-12-19 00:50:00,217.61388,241.11076,297.6626,226.38867744491554,250.20310797033943,256.125464865098
2013-12-19 01:00:00,203.93837,217.61388,288.05978,209.35074078367174,228.61581736086822,236.11122946925062
2013-12-19 01:10:00,204.19022,203.93837,235.02211,196.5906106547988,220.92988613302853,226.09017106382413
2013-12-19 01:20:00,169.83192,204.19022,296.48315,189.55677490415238,212.2548959158711,217.96870602320007
2013-12-19 01:30:00,162.9695,169.83192,327.79688,169.64070901685295,190.23248991273852,187.85287886060425
2013-12-19 01:40:00,188.53651,162.9695,300.73007,160.7332617823173,185.3499782996609,181.04993060578744
2013-12-19 01:50:00,145.82474,188.53651,282.35352,164.50460771984436,180.16934770276163,179.80060206406569
2013-12-19 02:00:00,147.1228,145.82474,395.53613,146.80110257344336,160.74814303291467,161.01866697415682
2013-12-19 02:10:00,160.85327,147.1228,213.57558,146.48322419284239,168.6572591372609,165.54382246406718
2013-12-19 02:20:00,167.06288,160.85327,240.4999,144.13108623139146,152.39478780986312,155.91061820465768
2013-12-19 02:30:00,144.11838,167.06288,222.01195,150.72440882024287,157.68680547133835,163.12880286276396
2013-12-19 02:40:00,168.72066,144.11838,247.29657,144.54421617768386,161.63231746255178,159.18083872247547
2013-12-19 02:50:00,163.0736,168.72066,244.79602,154.86547851628885,158.57503298971886,167.90188239322603
2013-12-19 03:00:00,140.6902,163.0736,220.46004,151.44115612567174,152.76521696712348,159.65701574978058
2013-12-19 03:10:00,169.9931,140.6902,239.7758,145.8426315895956,164.41487031962217,160.3189783631516
2013-12-19 03:20:00,146.30841,169.9931,230.21942,155.78685540517435,160.52925685281716,163.7376895214444
2013-12-19 03:30:00,139.73344,146.30841,223.01836,144.13876946029504,141.12470710499989,145.33451944108296
2013-12-19 03:40:00,157.5361,139.73344,235.0269,144.3454454741674,166.96585998288367,156.45787370543584
2013-12-19 03:50:00,149.2089,157.5361,233.71687,146.92249270238787,154.6423651205609,155.32093605316763
2013-12-19 04:00:00,137.03987,149.2089,213.24582,144.95997985709096,138.92429150912298,146.28209253378205
2013-12-19 04:10:00,161.42363,137.03987,229.92975,142.19289026701549,162.12126649118284,149.75014138422674
2013-12-19 04:20:00,149.15988,161.42363,241.87694,150.83530538579956,157.5424939259529,157.77632102442422
2013-12-19 04:30:00,137.69418,149.15988,403.52075,146.60152563359213,138.2233828312475,147.89515368815276
2013-12-19 04:40:00,167.33061,137.69418,221.83167,145.21394238781946,163.2226087197942,152.1740814207136
2013-12-19 04:50:00,163.06259,167.33061,279.66064,155.742199323876,161.24072947154062,158.67759150592718
2013-12-19 05:00:00,148.12737,163.06259,278.86288,156.92063034134264,144.06081719566535,156.5474210082497
2013-12-19 05:10:00,192.28413,148.12737,226.44154,157.1413278860541,172.18685030569563,166.6370484199512
2013-12-19 05:20:00,164.71341,192.28413,228.36319,176.59529327043472,177.88045762725434,177.58943147996987
2013-12-19 05:30:00,144.27452,164.71341,339.11786,167.7705914459351,152.39642289908244,162.3312986769682
2013-12-19 05:40:00,199.8322,144.27452,267.23602,163.6844858002913,179.26778783974703,171.8843659638319
2013-12-19 05:50:00,156.3342,199.8322,237.33757,182.66854002925763,188.12170950139762,184.94776928412497
2013-12-19 06:00:00,143.32224,156.3342,239.74742,166.06798016857525,152.23180644508304,159.0951263573373
2013-12-19 06:10:00,201.51146,143.32224,229.47183,166.08924675464934,187.96111690778284,176.9632090776297
2013-12-19 06:20:00,182.49237,201.51146,251.98468,184.13653272287365,194.14554914316705,187.47007441952618
2013-12-19 06:30:00,133.89032,182.49237,225.16646,183.86343590921177,164.8407851014283,180.44648351865888
2013-12-19 06:40:00,189.73953,133.89032,298.33817,169.12030090048148,190.49964282621883,177.31092683500756
2013-12-19 06:50:00,187.93494,189.73953,274.0801,187.61149676958865,200.68743579797234,209.66176579683167
2013-12-19 07:00:00,209.46092,187.93494,275.13666,185.35755607581646,166.60465050867464,185.13039198568177
2013-12-19 07:10:00,197.42627,209.46092,301.25775,217.07285764134522,233.4293514068414,250.81239138808257
2013-12-19 07:20:00,212.63689,197.42627,353.8493,216.1481446417553,223.5547670459646,229.7343027336474
2013-12-19 07:30:00,216.06082,212.63689,410.37674,230.68377652762516,231.83002708162692,238.8318535419275
2013-12-19 07:40:00,261.4317,216.06082,356.06284,234.2133376772895,265.1049756509692,275.30726793473826
2013-12-19 07:50:00,296.271,261.4317,390.3723,267.26176725330714,301.2236690361642,303.63103056353503
2013-12-19 08:00:00,342.76184,296.271,449.08652,300.09397420504604,311.20028791812155,308.34833066002227
2013-12-19 08:10:00,346.69257,342.76184,606.31415,352.43346451982666,388.0166084356688,389.3944032019631
2013-12-19 08:20:00,422.2298,346.69257,519.137,380.10009114958854,441.23271935452897,420.50196444502154
2013-12-19 08:30:00,488.46075,422.2298,543.12506,442.5952619683337,498.1999292885015,480.9136257013201
2013-12-19 08:40:00,604.73315,488.46075,737.9161,501.38652477582355,554.1941136516635,548.6950110504368
2013-12-19 08:50:00,607.37067,604.73315,878.59174,612.3899853183118,681.4919263795254,653.8065514214661
2013-12-19 09:00:00,717.09607,607.37067,940.35,668.7329431010927,729.8731074550585,673.4840001091986
2013-12-19 09:10:00,744.4126,717.09607,985.93555,776.6630352642328,828.200138069608,808.4896996158832
2013-12-19 09:20:00,885.8692,744.4126,1171.7847,821.3298041134555,879.4549873523578,841.8130986543696
2013-12-19 09:30:00,956.975,885.8692,1372.5875,949.9931429258867,981.1854658210486,989.1300209635787
2013-12-19 09:40:00,974.42224,956.975,1200.8809,1034.7785773330204,1041.22607862861,1038.9169588942677
2013-12-19 09:50:00,1099.8969,974.42224,1378.6602,1110.9742001563768,1122.775515165657,1092.2753206727236
2013-12-19 10:00:00,1223.0265,1099.8969,1436.4906,1211.471129440239,1204.623921645132,1239.7694221275854
2013-12-19 10:10:00,1343.774,1223.0265,1531.6101,1315.0516349687684,1280.0068616309836,1351.0760874357525
2013-12-19 10:20:00,1372.3713,1343.774,1810.727,1452.9777670585077,1404.6555992621686,1458.3698028426027
2013-12-19 10:30:00,1541.0254,1372.3713,1808.5104,1533.2101421952143,1467.6467794661578,1509.43529173817
2013-12-19 10:40:00,1538.6104,1541.0254,2152.236,1669.8812369913032,1579.8598171377153,1679.8307446874317
2013-12-19 10:50:00,1767.8145,1538.6104,2463.396,1706.1484353394183,1639.7445594075123,1693.372966291705
2013-12-19 11:00:00,1720.5001,1767.8145,2421.6685,1881.0612671308222,1780.7226874429728,1871.892850117734
2013-12-19 11:10:00,1655.2977,1720.5001,2478.2622,1890.9240620592698,1813.494273392279,1856.7305045201954
2013-12-19 11:20:00,1764.8962,1655.2977,2504.7065,1898.4031761312779,1843.251896555547,1842.9735041431984
2013-12-19 11:30:00,1819.634,1764.8962,2712.7893,1918.8588339769271,1901.327830829569,1932.8708901731814
2013-12-19 11:40:00,2052.6956,1819.634,2844.1467,1938.198816119223,1947.7278857370065,1997.3256589760763
2013-12-19 11:50:00,2101.9968,2052.6956,2794.578,2097.1018780107706,2113.546745174439,2176.3368837497283
2013-12-19 12:00:00,2135.1353,2101.9968,2787.7522,2174.828880155134,2192.5262844969816,2207.8726494999564
2013-12-19 12:10:00,2269.4614,2135.1353,3066.8423,2258.0083419353173,2268.9728317459853,2292.639689961138
2013-12-19 12:20:00,2298.473,2269.4614,3377.994,2336.0454662744946,2362.249073147166,2416.6645881910836
2013-12-19 12:30:00,2442.7432,2298.473,2602.694,2372.7709485628598,2410.6343659242407,2440.2563543806777
2013-12-19 12:40:00,2534.7805,2442.7432,2806.2302,2480.2136782341963,2516.7573324033847,2527.7514697608335
2013-12-19 12:50:00,2562.879,2534.7805,3819.3223,2552.2330512167296,2600.302363322576,2594.1448863296932
2013-12-19 13:00:00,2649.3838,2562.879,3434.3308,2613.7372828746425,2664.502008385631,2674.645843020255
2013-12-19 13:10:00,3079.7336,2649.3838,3432.6245,2678.688737774933,2732.052905111384,2754.0948201893048
2013-12-19 13:20:00,2879.3525,3079.7336,3517.0327,2915.1888742352935,2951.714334058999,3046.1741110550633
2013-12-19 13:30:00,3051.9827,2879.3525,3574.949,2913.1418206047147,2955.072876234113,2946.7939723809504
2013-12-19 13:40:00,3203.688,3051.9827,3910.5605,3077.8863370179756,3062.7403827886556,3119.1988622106546
2013-12-19 13:50:00,3184.9204,3203.688,3948.373,3128.4058446904537,3158.3511821634393,3164.689039572759
2013-12-19 14:00:00,3255.82,3184.9204,4082.5532,3192.241925577257,3214.5354292372153,3253.649470690765
2013-12-19 14:10:00,3134.402,3255.82,3696.0505,3263.487087669714,3267.6143832528223,3267.432357819942
2013-12-19 14:20:00,3258.1519,3134.402,3813.781,3203.8519672672905,3230.4139635934157,3164.3753093765918
2013-12-19 14:30:00,3144.569,3258.1519,3699.9673,3262.7336067926854,3300.093097574813,3256.3000187886782
2013-12-19 14:40:00,3201.7524,3144.569,3733.689,3192.334154125879,3243.0336472022077,3161.5884046646665
2013-12-19 14:50:00,2828.0122,3201.7524,3412.6033,3233.5533218359615,3262.8251755553792,3176.85886743746
2013-12-19 15:00:00,3105.1987,2828.0122,3413.8137,3009.6725154421633,3078.4492342571425,2922.0373383436718
2013-12-19 15:10:00,2825.0269,3105.1987,3381.8215,3100.6623215870513,3148.5776713263185,3100.5213250775582
2013-12-19 15:20:00,2680.8604,2825.0269,3300.126,2905.0236746937717,2976.107239920992,2868.7896780544233
2013-12-19 15:30:00,2901.1646,2680.8604,3139.632,2844.0957525934055,2899.9762498045625,2802.1380298362546
2013-12-19 15:40:00,2752.3262,2901.1646,3457.9045,2859.6583287792596,2922.433083922117,2863.0003660314464
2013-12-19 15:50:00,2739.1606,2752.3262,3377.4521,2783.5617481248896,2837.808664205106,2741.8152086076766
2013-12-19 16:00:00,2807.927,2739.1606,3643.7153,2804.793617579385,2841.7584884998714,2752.0097099898894
2013-12-19 16:10:00,2584.6475,2807.927,3441.738,2795.4989980340742,2823.3535263790277,2781.2267167114896
2013-12-19 16:20:00,2495.2996,2584.6475,3307.1277,2681.032012541163,2716.155623010188,2596.506965472562
2013-12-19 16:30:00,2745.7068,2495.2996,3196.4346,2601.0284757640325,2638.382058577102,2564.045213838492
2013-12-19 16:40:00,2450.8027,2745.7068,3302.3684,2650.2011708443947,2681.4397261458644,2658.495579506544
2013-12-19 16:50:00,2718.5146,2450.8027,3299.5476,2512.0246101841217,2555.130502648686,2443.663528559751
2013-12-19 17:00:00,2651.8242,2718.5146,3301.998,2654.1113169815453,2666.0405468705776,2637.556439817035
2013-12-19 17:10:00,2449.5356,2651.8242,3395.2283,2583.254217906495,2611.994893882904,2555.0899692164435
2013-12-19 17:20:00,2364.177,2449.5356,3318.2097,2525.0841681633974,2544.2312478434537,2472.364576537598
2013-12-19 17:30:00,2622.1045,2364.177,3377.822,2412.693674466601,2450.775318960579,2375.258306671452
2013-12-19 17:40:00,2355.841,2622.1045,3321.28,2465.4821511151276,2502.7840157046858,2474.8149874257006
2013-12-19 17:50:00,2382.0017,2355.841,3116.2612,2343.917982693607,2395.7304419297834,2316.2370188522173
2013-12-19 18:00:00,2420.4246,2382.0017,3282.0725,2362.1324138349223,2386.680472668417,2343.812188161258
2013-12-19 18:10:00,2299.2363,2420.4246,2920.6165,2307.3302839124503,2361.2271832102615,2275.160708736174
2013-12-19 18:20:00,2240.3674,2299.2363,2913.5627,2247.786465635143,2306.083838658215,2256.075499258725
2013-12-19 18:30:00,2492.787,2240.3674,3102.237,2192.971220059002,2242.5962099666312,2188.2617562673263
2013-12-19 18:40:00,2202.007,2492.787,2826.3704,2265.034299653618,2301.5527744968554,2275.0746727079863
2013-12-19 18:50:00,2133.3738,2202.007,2730.2244,2140.6669187523016,2195.4792858743995,2105.485296357539
2013-12-19 19:00:00,2326.3213,2133.3738,2674.4556,2104.1991955655335,2129.6572380842563,2099.8549840999713
2013-12-19 19:10:00,1970.2568,2326.3213,2740.416,2106.8542018815056,2151.107706702869,2108.4024480684375
2013-12-19 19:20:00,1808.8308,1970.2568,2972.837,1937.633067132807,1996.7836471214227,1944.7971222495812
2013-12-19 19:30:00,1778.7732,1808.8308,2737.4092,1826.9745677941,1867.5764294721437,1832.7567286105107
2013-12-19 19:40:00,1635.7877,1778.7732,2659.5364,1695.379989221017,1768.7047567240968,1727.7855303444776
2013-12-19 19:50:00,1787.2637,1635.7877,2739.4631,1573.7277039068213,1657.0086529804967,1628.9518798322395
2013-12-19 20:00:00,1440.8887,1787.2637,2150.385,1609.316036970595,1666.324698897418,1649.6920557327355
2013-12-19 20:10:00,1445.5645,1440.8887,2196.9468,1424.1746019967986,1488.1322032701241,1446.2879176515585
2013-12-19 20:20:00,1165.559,1445.5645,1875.779,1396.3453881596427,1444.2328894188042,1426.2254676900263
2013-12-19 20:30:00,983.61755,1165.559,1743.6797,1173.0818750502037,1255.8104274990553,1225.3173266098088
2013-12-19 20:40:00,1067.5725,983.61755,1541.8088,1026.1254456837582,1096.9625423811483,1047.815101237613
2013-12-19 20:50:00,1064.6182,1067.5725,1433.2479,975.3366499411095,1048.0478244685332,1055.871347803403
2013-12-19 21:00:00,953.12775,1064.6182,1469.7458,943.544807946341,1007.7390394538131,1004.617621274793
2013-12-19 21:10:00,991.11194,953.12775,1341.0448,907.878969012812,975.199136692484,957.5981331962462
2013-12-19 21:20:00,837.1152,991.11194,1242.4148,904.7090035350211,951.5583352672323,936.6942041417018
2013-12-19 21:30:00,743.8279,837.1152,1241.819,808.0769564158842,864.901737739354,846.4954117780612
2013-12-19 21:40:00,719.13165,743.8279,1087.6321,741.0622248335853,792.3807082576394,774.6574071648829
2013-12-19 21:50:00,640.91266,719.13165,1074.012,678.5205714456982,727.8495451801662,733.5890849989534
2013-12-19 22:00:00,713.2597,640.91266,960.92346,613.5636198407266,669.3463240035898,661.1043030491402
2013-12-19 22:10:00,645.80096,713.2597,754.51935,628.3176769062544,685.449391747337,660.7484405842441
2013-12-19 22:20:00,572.8274,645.80096,762.422,589.749862481736,639.1128536286872,619.2030115147251
2013-12-19 22:30:00,602.1083,572.8274,659.23285,558.3493316045601,602.2629995158051,588.2700841401327
2013-12-19 22:40:00,612.77606,602.1083,555.5826,544.6702524809538,584.1492834736247,574.5390622067492
2013-12-19 22:50:00,511.6284,612.77606,580.9802,537.2706159051033,566.4626035194167,538.2546357719137
2013-12-19 23:00:00,441.11316,511.6284,525.5371,496.6606133777495,524.2456100440337,510.36716807339246
2013-12-19 23:10:00,420.6894,441.11316,554.5878,445.1952949031771,469.32084323705396,451.8530615550676
2013-12-19 23:20:00,422.76392,420.6894,662.15045,401.554270019194,432.7146938482541,433.8059165475354
2013-12-19 23:30:00,424.81378,422.76392,521.4916,383.2893966694639,414.123569195093,430.7169122912119
2013-12-19 23:40:00,384.16812,424.81378,450.0864,380.0067651033544,402.8596337898325,406.8123797212025
2013-12-19 23:50:00,292.08994,384.16812,445.55484,361.5015359684811,380.6250153897438,382.35627455544335
2013-12-20 00:00:00,320.85486,292.08994,420.5939,307.3478844680966,333.94326191301593,319.6553467645566
2013-12-20 00:10:00,295.0888,320.85486,370.5355,298.1724187701143,325.60691252221375,339.0092114415957
2013-12-20 00:20:00,295.93073,295.0888,346.07657,270.30105737527845,272.12630273523075,291.24056269074583
2013-12-20 00:30:00,256.09354,295.93073,369.61816,273.73666675763803,285.63921674264554,313.79787983934955
2013-12-20 00:40:00,206.02028,256.09354,290.36423,248.65406380567308,273.5452677673552,274.46618628438074
2013-12-20 00:50:00,217.92496,206.02028,292.4083,216.14619391918686,243.67799304450202,235.2791591053058
2013-12-20 01:00:00,242.26108,217.92496,280.556,205.71178711127504,231.96186188968056,244.22237530077226
2013-12-20 01:10:00,174.30728,242.26108,241.0024,208.10752561551436,218.74679662458166,237.25697666676308
2013-12-20 01:20:00,178.3625,174.30728,269.88397,181.96532764605357,206.69295715698138,202.82606117112235
2013-12-20 01:30:00,175.14632,178.3625,254.359,178.29548280268122,210.2573083061856,204.66800013104003
2013-12-20 01:40:00,152.33878,175.14632,235.02428,162.90610982497378,174.52209204848333,185.10124311371288
2013-12-20 01:50:00,180.40874,152.33878,238.7946,152.37373741617566,166.7135685613107,175.31104127648206
2013-12-20 02:00:00,171.04825,180.40874,260.45856,162.02213355954572,184.37357157972866,186.31661985196993
2013-12-20 02:10:00,161.85028,171.04825,241.55756,157.55526274999508,160.65804641291555,164.03605636366578
2013-12-20 02:20:00,185.78027,161.85028,262.961,159.25243361089622,176.90062756810667,178.2785223237476
2013-12-20 02:30:00,189.96631,185.78027,260.4235,167.7917239426063,183.58647183871253,187.61599605861093
2013-12-20 02:40:00,159.52864,189.96631,208.14044,172.6906191261419,162.80096804042176,171.87304791969456
2013-12-20 02:50:00,174.6532,159.52864,232.44423,164.93475392685625,172.7676374701882,172.52509987463148
2013-12-20 03:00:00,173.67648,174.6532,220.63474,168.92818940489246,181.88782487119263,180.46644568962142
2013-12-20 03:10:00,210.40674,173.67648,254.21375,164.27625851149003,161.67257593666494,161.91993454248976
2013-12-20 03:20:00,215.73897,210.40674,223.34766,186.9623809647439,189.9301767121234,186.7021387972331
2013-12-20 03:30:00,178.25209,215.73897,223.53362,197.33488302968567,195.277903831911,186.0687849420917
2013-12-20 03:40:00,188.90144,178.25209,191.43712,189.63168035646646,181.06725996590137,186.1736713693104
2013-12-20 03:50:00,167.10315,188.90144,226.85071,190.34427662660727,192.97030266869785,198.160694547999
2013-12-20 04:00:00,169.19829,167.10315,209.46457,172.03418407188516,176.64264918120014,169.8949228179958
2013-12-20 04:10:00,178.6727,169.19829,200.24272,172.378791534818,175.47497495798336,173.61356649051604
2013-12-20 04:20:00,154.45125,178.6727,222.69894,172.71859409638344,175.79938626155302,171.25753863798565
2013-12-20 04:30:00,164.45602,154.45125,212.72746,162.8342391399989,174.97874616254987,161.86970484722306
2013-12-20 04:40:00,150.4502,164.45602,182.27426,166.64464768778194,179.76925307372332,179.17720448461162
2013-12-20 04:50:00,157.78348,150.4502,209.2992,155.36964319001135,153.82939027168953,165.34007682309027
2013-12-20 05:00:00,150.87732,157.78348,215.79265,159.91205026759377,166.40583002847467,162.70325393956946
2013-12-20 05:10:00,154.2366,150.87732,211.6208,154.57412173164468,166.4191163339351,156.99438792893437
2013-12-20 05:20:00,181.19868,154.2366,203.00552,157.7529665789763,161.3335779916829,164.63934405225694
2013-12-20 05:30:00,191.88644,181.19868,217.58527,171.30111083268287,169.79916495241807,171.73774051869069
2013-12-20 05:40:00,183.43315,191.88644,196.06317,184.35169208917432,181.34761948834475,184.38908672516115
2013-12-20 05:50:00,154.46097,183.43315,220.27838,191.2508936359451,185.81456873963361,194.18951676401642
2013-12-20 06:00:00,191.37866,154.46097,216.27834,176.83509429974725,175.5123116871095,180.4825261546092
2013-12-20 06:10:00,142.15965,191.37866,204.51746,190.2905607351268,195.16551055917378,195.35675685413514
2013-12-20 06:20:00,163.77124,142.15965,245.32408,163.00612416097917,163.872974689502,161.57562333354574
2013-12-20 06:30:00,186.41086,163.77124,243.25479,176.76243534873342,190.4244426456056,189.15961579191793
2013-12-20 06:40:00,174.1565,186.41086,224.07481,180.90454120929883,184.04262632687053,176.4342930213232
2013-12-20 06:50:00,208.78217,174.1565,266.96326,187.45095667743257,189.47419717304712,201.6864874610352
2013-12-20 07:00:00,232.60472,208.78217,333.38898,212.4721681901268,227.27003855155363,250.29115133689356
2013-12-20 07:10:00,239.04327,232.60472,288.27515,230.75444219850144,222.37641159995053,232.7535701915826
2013-12-20 07:20:00,270.35873,239.04327,327.97897,253.2358844930203,246.8390660590083,255.10766485018624
2013-12-20 07:30:00,315.49966,270.35873,359.4492,282.06298865137796,290.86533017376775,309.5231332441068
2013-12-20 07:40:00,319.71823,315.49966,346.8698,318.46156572538507,312.09451621969555,319.88841224087986
2013-12-20 07:50:00,377.85233,319.71823,362.10416,344.5388311594123,342.6290655785646,350.2735446413375
2013-12-20 08:00:00,352.55075,377.85233,430.1952,396.4371762326486,414.90998526022,448.5286815480292
2013-12-20 08:10:00,383.3799,352.55075,509.56058,399.2685282590164,420.64930931887613,418.8425463967451
2013-12-20 08:20:00,457.79138,383.3799,490.62924,433.60955221175095,473.76904904405535,452.84384968851236
2013-12-20 08:30:00,519.1235,457.79138,675.9156,478.0927606635418,535.1902635918375,544.1507978670282
2013-12-20 08:40:00,592.0156,519.1235,661.75146,544.3013651469836,592.8014296531442,586.8346239419594
2013-12-20 08:50:00,682.512,592.0156,809.6392,630.532490748759,690.849962620027,672.4954961589236
2013-12-20 09:00:00,815.2566,682.512,807.5607,724.623292722648,785.4095657906828,793.7197910049695
2013-12-20 09:10:00,893.1666,815.2566,788.61554,850.8915972928551,888.2254054242052,899.7726715565781
2013-12-20 09:20:00,951.8006,893.1666,953.0805,963.1386948232654,974.0186028457825,979.6734839260597
2013-12-20 09:30:00,889.6657,951.8006,1068.55,1065.251450812701,1050.7513613420406,1069.346247028755
2013-12-20 09:40:00,1044.0208,889.6657,1104.9962,1066.8375309218748,1056.4933725099713,1019.490538278616
2013-12-20 09:50:00,1141.5233,1044.0208,1353.6152,1164.1790434544687,1145.4896264747335,1167.497514163114
2013-12-20 10:00:00,1331.022,1141.5233,1626.3647,1234.2006022948644,1193.9192154783352,1268.0441694661229
2013-12-20 10:10:00,1221.182,1331.022,1478.5724,1418.4026202491552,1356.1793271234335,1421.6458832336962
2013-12-20 10:20:00,1363.3948,1221.182,1741.1815,1425.4064835343509,1367.211503396208,1393.137385893719
2013-12-20 10:30:00,1549.3873,1363.3948,1726.1102,1540.7671329265331,1458.730705577172,1544.8458506497248
2013-12-20 10:40:00,1544.8607,1549.3873,1817.2911,1636.4599121990732,1553.9789773872262,1658.1035591582618
2013-12-20 10:50:00,1697.7924,1544.8607,2025.3309,1715.3289612052677,1625.2703843891175,1670.584354674383
2013-12-20 11:00:00,1738.7125,1697.7924,2278.399,1852.2941033139707,1739.0028607057156,1825.0318972532436
2013-12-20 11:10:00,1758.37,1738.7125,2206.2346,1894.9502764639547,1807.0307198888777,1878.7665404682925
2013-12-20 11:20:00,1717.3818,1758.37,2354.2551,1948.9994711464344,1883.3618727062794,1921.546357202173
2013-12-20 11:30:00,2046.7505,1717.3818,2681.503,1925.3358786556084,1878.0021663875148,1914.5473767273381
2013-12-20 11:40:00,1989.8289,2046.7505,2659.6943,2091.118665434767,2043.0645879515419,2141.1417210684085
2013-12-20 11:50:00,2381.0547,1989.8289,2660.227,2101.183370595254,2095.7247404501477,2145.4506122267935
2013-12-20 12:00:00,2271.2346,2381.0547,2823.0894,2389.0320955100865,2336.8291257518113,2462.945405617472
2013-12-20 12:10:00,2400.4788,2271.2346,2598.102,2376.0566677869183,2340.319747506123,2378.323885904412
2013-12-20 12:20:00,2226.8408,2400.4788,2539.9656,2524.306657686883,2485.228550196623,2563.429015444249
2013-12-20 12:30:00,2358.4517,2226.8408,2899.1409,2402.9856803325865,2426.3726332294655,2396.3917863431284
2013-12-20 12:40:00,2492.564,2358.4517,2910.5457,2459.60444379035,2484.9239146135965,2499.505385909396
2013-12-20 12:50:00,2654.9883,2492.564,2911.841,2493.228831991658,2558.552977790194,2607.2822020284907
2013-12-20 13:00:00,2834.7441,2654.9883,3157.7441,2631.0952139147903,2692.228453641529,2752.0290036008323
2013-12-20 13:10:00,2796.3367,2834.7441,3533.6423,2784.5469542862347,2827.6592417074844,2866.2352155648505
2013-12-20 13:20:00,3057.3894,2796.3367,3574.6272,2835.279454368276,2875.627000623022,2972.9046359402414
2013-12-20 13:30:00,3188.3403,3057.3894,3611.0508,3004.912464593742,3034.4795486092453,3075.3199387822892
2013-12-20 13:40:00,3221.681,3188.3403,3886.8352,3104.601015292121,3126.941046171384,3159.616830089123
2013-12-20 13:50:00,3524.6064,3221.681,3509.259,3215.5261459194953,3217.8088130426004,3233.187581782878
2013-12-20 14:00:00,3223.6045,3524.6064,3665.6326,3409.7322984678053,3400.0691501447227,3423.3470454706053
2013-12-20 14:10:00,3420.8806,3223.6045,3187.1187,3314.239284730578,3332.78235609957,3273.6283154040625
2013-12-20 14:20:00,3430.3384,3420.8806,3205.107,3438.379150229059,3442.9661081112936,3420.168357079907
2013-12-20 14:30:00,3298.1099,3430.3384,3643.2449,3397.593311003463,3441.908595444109,3358.696941907288
2013-12-20 14:40:00,3026.8647,3298.1099,3397.0647,3381.4147322600406,3422.3944216144687,3290.8473112358142
2013-12-20 14:50:00,3372.5327,3026.8647,3560.4822,3207.377130211954,3279.8463977973624,3141.5198271677205
2013-12-20 15:00:00,3101.176,3372.5327,3651.3508,3302.6900148714735,3368.2122525286672,3350.329349239192
2013-12-20 15:10:00,3045.3306,3101.176,3520.2075,3152.844510213888,3223.895704901725,3094.9585862551835
2013-12-20 15:20:00,3055.932,3045.3306,3536.8518,3161.91725542241,3217.0916640687183,3096.104437359911
2013-12-20 15:30:00,2986.765,3055.932,3414.3955,3084.3366476162228,3146.4943578581797,3062.6434447269016
2013-12-20 15:40:00,3136.2236,2986.765,3397.7976,3032.7707381890646,3085.310066565027,3002.451109898152
2013-12-20 15:50:00,3131.0837,3136.2236,3335.6074,3098.635081281049,3135.5946655883263,3083.722640918607
2013-12-20 16:00:00,3260.1055,3131.0837,3723.9604,3103.415747047937,3111.6016297280116,3060.20080791084
2013-12-20 16:10:00,3274.4448,3260.1055,3445.1367,3207.1501660389376,3192.9777782713177,3161.663746811859
2013-12-20 16:20:00,3278.2551,3274.4448,3692.674,3233.215036922794,3210.7351982384193,3179.1413287149016
2013-12-20 16:30:00,3278.9111,3278.2551,3429.7202,3266.5283738839253,3219.892332261063,3166.9326618171467
2013-12-20 16:40:00,3529.7246,3278.9111,3257.741,3263.0197820257686,3221.351530650801,3122.815414934763
2013-12-20 16:50:00,3394.1943,3529.7246,3349.9668,3383.7440640235905,3326.816826791947,3319.9451882998574
2013-12-20 17:00:00,3234.207,3394.1943,3302.5813,3351.817274289591,3294.5579865759405,3215.372960675185
2013-12-20 17:10:00,3389.943,3234.207,3253.2637,3294.954310385518,3239.7005105575336,3107.4128985904294
2013-12-20 17:20:00,3076.8206,3389.943,3346.2314,3296.735001239017,3271.871530237521,3238.8719398213398
2013-12-20 17:30:00,3169.0256,3076.8206,3257.973,3106.2500262820245,3114.7617178218347,2967.364772086554
2013-12-20 17:40:00,3152.8132,3169.0256,3364.5835,3120.0850651515793,3115.7273386907927,3009.1423813688216
2013-12-20 17:50:00,2945.257,3152.8132,3351.3506,3033.634177407542,3053.3081748087816,2971.178080259183
2013-12-20 18:00:00,2751.2407,2945.257,3374.0256,2931.809625569544,2956.7711346720994,2843.5016328456527
2013-12-20 18:10:00,2526.0864,2751.2407,3460.4814,2771.7530426922226,2816.857824232307,2680.1690794584056
2013-12-20 18:20:00,2513.12,2526.0864,3415.7856,2552.5392687296185,2623.2980941388737,2524.8788135489067
2013-12-20 18:30:00,2452.489,2513.12,2978.52,2444.2170146395442,2523.4554519373396,2463.418324753184
2013-12-20 18:40:00,2226.295,2452.489,2735.3948,2343.0312554725974,2414.8320444960427,2371.978365534243
2013-12-20 18:50:00,2231.8542,2226.295,2953.75,2201.0902957269727,2274.1468619434686,2200.178057276766
2013-12-20 19:00:00,2045.1724,2231.8542,2757.5642,2137.354243988057,2213.7965632262744,2165.40516847747
2013-12-20 19:10:00,1932.1818,2045.1724,2460.0093,1979.5950458944155,2061.358887085169,2011.8098233627845
2013-12-20 19:20:00,1809.0939,1932.1818,2472.6199,1880.8311586631885,1950.657623962424,1930.4767411928235
2013-12-20 19:30:00,1682.2748,1809.0939,2404.7068,1746.6660397594517,1816.4060823702273,1792.107446328427
2013-12-20 19:40:00,1658.5394,1682.2748,2244.438,1627.1746049654566,1693.4677427810223,1676.2612737824713
2013-12-20 19:50:00,1627.1317,1658.5394,2188.0862,1557.9925968145903,1616.9997552185994,1634.6536142329596
2013-12-20 20:00:00,1571.7871,1627.1317,2114.7998,1502.8507386414406,1545.1703224968546,1577.4010223799446
2013-12-20 20:10:00,1417.9408,1571.7871,1742.1189,1459.812681930983,1488.162274656636,1526.7293824204255
2013-12-20 20:20:00,1296.3013,1417.9408,1801.3875,1361.988566961973,1389.4654158589044,1402.3025884058334
2013-12-20 20:30:00,1142.2091,1296.3013,1483.8125,1257.5244080912944,1288.1615374722292,1296.1839855661156
2013-12-20 20:40:00,1166.7402,1142.2091,1590.0328,1120.9534786839247,1165.1261886364887,1166.3827803097706
2013-12-20 20:50:00,1058.7,1166.7402,1298.7938,1076.749250637928,1118.3557946208716,1166.5193426469975
2013-12-20 21:00:00,881.5584,1058.7,1373.5688,990.6035517727706,1035.0502853516953,1052.4574585853557
2013-12-20 21:10:00,897.3151,881.5584,1172.5625,885.6267186740034,941.607100389198,917.660802329227
2013-12-20 21:20:00,777.0237,897.3151,1073.6271,838.4406237708016,901.4903631137802,916.9907734301038
2013-12-20 21:30:00,764.11475,777.0237,931.9487,740.9281561026825,805.9026256949194,790.5218249743173
2013-12-20 21:40:00,716.72864,764.11475,917.6876,716.3342664266917,783.7230702012456,780.8626323929822
2013-12-20 21:50:00,641.44116,716.72864,922.94495,663.0571811494394,731.131479860653,723.7678634257074
2013-12-20 22:00:00,796.38336,641.44116,964.3769,614.0016987745865,685.8028159076645,669.8019848296938
2013-12-20 22:10:00,612.7666,796.38336,1052.208,661.3776726296576,726.1299616049289,711.7698907292588
2013-12-20 22:20:00,640.7963,612.7666,920.13776,582.7419293651138,639.5100515169814,625.7029400905178
2013-12-20 22:30:00,594.87897,640.7963,617.1153,600.4274036119122,652.5301078346807,653.3676162652356
2013-12-20 22:40:00,603.3621,594.87897,664.4315,542.2178071668033,594.2013476475562,570.4621497882725
2013-12-20 22:50:00,514.1577,603.3621,520.13605,544.7511309361844,590.527196367879,594.1553489103184
2013-12-20 23:00:00,460.33047,514.1577,524.8612,491.89275690724014,539.047293815671,538.52386988843
2013-12-20 23:10:00,372.44223,460.33047,471.0637,451.25739608801524,494.0827525478658,472.0919302967773
2013-12-20 23:20:00,336.6107,372.44223,458.5327,378.0354282601702,428.51153047611626,402.4848119226697
2013-12-20 23:30:00,280.37225,336.6107,475.2248,333.64417966193906,384.59181086386656,380.8281210603193
2013-12-20 23:40:00,322.41583,280.37225,440.8353,280.5263774657388,323.5511079862463,309.54741644047834
2013-12-20 23:50:00,283.0952,322.41583,438.21674,283.7390720891544,326.38986855824805,342.8988969819106
2013-12-21 00:00:00,408.79404,283.0952,469.77362,299.12570555494875,298.5672572265346,309.45891562670647
2013-12-21 00:10:00,251.38527,408.79404,463.02982,341.7180610362179,364.5504513608771,358.8338667243118
2013-12-21 00:20:00,240.89424,251.38527,417.47665,267.2482590953697,286.1772517378104,284.57131394632876
2013-12-21 00:30:00,218.96947,240.89424,359.4334,252.85848692780522,257.98381291784773,277.9554763501379
2013-12-21 00:40:00,215.77422,218.96947,294.45676,209.47284689985545,194.74302748283125,234.00499721527618
2013-12-21 00:50:00,185.72182,215.77422,273.7512,202.22342520372072,192.03561144697696,224.10017194077537
2013-12-21 01:00:00,219.38432,185.72182,258.82526,182.09888023997934,183.14470955502742,200.78402345084862
2013-12-21 01:10:00,211.29134,219.38432,248.11182,192.98976486682977,188.276826304983,211.50825691137652
2013-12-21 01:20:00,178.29422,211.29134,248.47328,188.47630850171265,185.32449966625876,201.49214590718967
2013-12-21 01:30:00,155.89795,178.29422,239.37024,179.65331098334846,180.7973139034423,193.73082722359334
2013-12-21 01:40:00,151.62741,155.89795,223.14027,160.86081776960648,166.65943037503993,170.86892489737795
2013-12-21 01:50:00,149.15114,151.62741,242.65773,148.0707909669988,162.40804701849743,161.1700158498808
2013-12-21 02:00:00,150.27457,149.15114,253.78804,141.42029231212757,157.06173981599235,154.9811261717192
2013-12-21 02:10:00,152.6425,150.27457,227.30003,141.1343921140936,148.13658295849638,149.89175949894022
2013-12-21 02:20:00,146.2899,152.6425,238.5205,142.57634908351596,145.57503553388057,151.71141224497458
2013-12-21 02:30:00,124.0086,146.2899,238.1412,140.8109470257945,148.405342213805,149.9100791226915
2013-12-21 02:40:00,140.75584,124.0086,218.9627,129.11787096788007,138.48225685787915,138.5082397546271
2013-12-21 02:50:00,125.731995,140.75584,231.41113,132.7320057878122,138.66375926263203,145.35352886326186
2013-12-21 03:00:00,123.58931,125.731995,249.9198,123.18364261914532,126.89188874562765,127.8473115497704
2013-12-21 03:10:00,146.92789,123.58931,234.6626,124.12819699400995,135.26447011890178,133.5673457498403
2013-12-21 03:20:00,124.38357,146.92789,303.93985,132.0873294316098,134.93525752985903,135.72308178356843
2013-12-21 03:30:00,133.63643,124.38357,211.41296,125.14370121280628,125.11216679587324,129.3352993298506
2013-12-21 03:40:00,151.0685,133.63643,209.56808,132.39394654544134,140.44997675886006,143.90578931040517
2013-12-21 03:50:00,124.377426,151.0685,229.40648,137.55794074664973,133.92464300069955,137.7538036229963
2013-12-21 04:00:00,127.7924,124.377426,213.69743,130.21814733664988,130.76140033708822,131.24728045796377
2013-12-21 04:10:00,139.45918,127.7924,207.87544,131.96242851565987,142.38152702164416,142.34976465371955
2013-12-21 04:20:00,113.931465,139.45918,224.07925,132.36590094889448,130.53743426896415,131.9346133899065
2013-12-21 04:30:00,122.52346,113.931465,218.72543,122.4269849860592,124.82637461881268,128.05804212231084
2013-12-21 04:40:00,140.0016,122.52346,193.48674,125.70093800475479,138.1743627842176,138.118016209837
2013-12-21 04:50:00,114.01266,140.0016,203.56996,130.1142609203659,124.53625522382241,125.42204384337174
2013-12-21 05:00:00,134.51648,114.01266,195.64775,122.78630833986381,121.32980674948654,125.42069665516901
2013-12-21 05:10:00,143.63506,134.51648,206.10976,134.03840400703268,142.51832088273437,147.75170314813892
2013-12-21 05:20:00,108.21252,143.63506,216.92221,136.29846944787303,126.44019579158116,127.08063269952372
2013-12-21 05:30:00,125.43553,108.21252,208.68942,124.97939167897746,126.71372355686964,129.82643731604233
2013-12-21 05:40:00,124.96249,125.43553,195.5362,130.77264782235542,141.74041425196967,144.2555820191768
2013-12-21 05:50:00,126.73487,124.96249,221.3447,125.18048302590157,116.7706574151783,115.59752089715938
2013-12-21 06:00:00,122.21121,126.73487,199.60873,131.98295390591747,131.89442118734218,134.99062870926545
2013-12-21 06:10:00,121.18922,122.21121,210.74669,130.5508829455371,137.01987083623052,137.3026483583565
2013-12-21 06:20:00,108.15403,121.18922,226.14592,130.43078242026982,123.85211332836045,127.55329995364751
2013-12-21 06:30:00,142.08627,108.15403,216.16435,122.29202193688955,123.48155814152976,130.84336598954053
2013-12-21 06:40:00,152.99304,142.08627,217.61943,138.8590390032159,145.42411632334557,152.62063872947854
2013-12-21 06:50:00,118.656975,152.99304,227.46523,148.94608360789735,130.68952919992145,135.82091523538537
2013-12-21 07:00:00,147.33125,118.656975,220.13812,143.42600426960757,134.0769886902571,143.8388293802146
2013-12-21 07:10:00,190.5125,147.33125,205.23605,157.30184975065637,158.31769930803128,173.49370637560526
2013-12-21 07:20:00,157.04753,190.5125,292.15186,177.04308844722854,162.58915403184216,163.35210601544873
2013-12-21 07:30:00,164.99596,157.04753,264.3942,179.82585163935244,165.59938907640384,179.8669661303033
2013-12-21 07:40:00,186.3249,164.99596,288.72623,192.04075415474864,187.30110248699376,205.88033050253264
2013-12-21 07:50:00,186.6872,186.3249,295.54504,197.8311139454468,192.7283902168985,195.11962444744444
2013-12-21 08:00:00,205.55937,186.6872,355.2448,207.18494296000088,205.48652900883573,217.83268385876002
2013-12-21 08:10:00,196.1886,205.55937,284.71747,227.05683455727046,228.65855456806997,253.8763507964837
2013-12-21 08:20:00,191.43242,196.1886,296.65512,227.46225856904877,218.23818350076016,235.07205284970777
2013-12-21 08:30:00,309.6655,191.43242,353.6026,229.78723011104975,235.24342271130703,244.05474497669206
2013-12-21 08:40:00,279.31415,309.6655,318.8532,292.83456974192217,304.15588473028816,355.7543791836195
2013-12-21 08:50:00,268.88684,279.31415,431.90756,304.4202659198921,276.22616518197856,325.68633409248974
2013-12-21 09:00:00,373.0303,268.88684,396.97684,334.3375690877812,330.3265360537876,351.5542319966631
2013-12-21 09:10:00,390.93958,373.0303,556.0502,384.84265505400543,415.6459565844732,456.6865339881731
2013-12-21 09:20:00,502.5741,390.93958,566.3763,417.4734481105979,440.54726132494807,459.60812143005813
2013-12-21 09:30:00,582.16016,502.5741,647.7458,526.4432228506256,559.1735932050589,585.4421380340482
2013-12-21 09:40:00,601.16113,582.16016,691.9777,605.7023171390653,653.7855390654171,680.2542060987848
2013-12-21 09:50:00,754.68195,601.16113,858.07056,678.2900875154435,759.3916951521398,726.1320919842543
2013-12-21 10:00:00,991.05835,754.68195,1071.5851,799.5621375997237,912.7813198741007,870.5024361427066
2013-12-21 10:10:00,1191.5289,991.05835,1279.6774,971.577877213727,1052.6894786611904,1049.4424949242446
2013-12-21 10:20:00,1183.1974,1191.5289,1478.1903,1197.5150006031242,1286.2854136908322,1257.2152419209895
2013-12-21 10:30:00,1464.5922,1183.1974,1766.5225,1325.8052985417107,1470.0476882972898,1347.3592680990719
2013-12-21 10:40:00,1627.2997,1464.5922,1882.1127,1549.2082099737527,1670.9943044710158,1574.3698908268952
2013-12-21 10:50:00,1823.7963,1627.2997,2168.7866,1694.5025273631272,1799.3362180121858,1809.8569297112356
2013-12-21 11:00:00,1806.946,1823.7963,2617.1465,1933.5145622999403,2053.5332591768733,1972.1605512347924
2013-12-21 11:10:00,2013.107,1806.946,2771.8003,2009.6819659071352,2138.1742832220607,1940.4798968586406
2013-12-21 11:20:00,2429.8337,2013.107,2971.8318,2173.1808185173645,2275.295020838592,2167.829973333978
2013-12-21 11:30:00,2454.531,2429.8337,3282.4175,2426.119400832064,2488.4141891337167,2482.1302472058373
2013-12-21 11:40:00,2610.0925,2454.531,3447.4756,2585.003361958919,2627.252606183137,2536.2521403084515
2013-12-21 11:50:00,3039.9407,2610.0925,3810.5212,2791.920472980548,2802.010610277144,2822.7981083187683
2013-12-21 12:00:00,3289.7625,3039.9407,3909.267,3045.9950983265853,3032.429763211938,3098.2119724054137
2013-12-21 12:10:00,3277.991,3289.7625,3590.7568,3300.862051347739,3252.144259011197,3241.096160583458
2013-12-21 12:20:00,3280.9685,3277.991,3674.9485,3460.0230091730728,3381.5454649673557,3374.039842100831
2013-12-21 12:30:00,3712.048,3280.9685,3723.381,3507.2867745228955,3457.997419781018,3368.8059442132753
2013-12-21 12:40:00,3323.208,3712.048,3996.8193,3714.2957808246438,3697.339019906656,3696.956159893139
2013-12-21 12:50:00,3579.2656,3323.208,4184.377,3566.966128434324,3611.5678242503186,3511.5443288783213
2013-12-21 13:00:00,3672.2627,3579.2656,3868.3684,3730.2946655486903,3743.686037540834,3715.4208992408144
2013-12-21 13:10:00,3719.9592,3672.2627,3845.8645,3703.6198831292836,3817.7451509164775,3707.116845381482
2013-12-21 13:20:00,3381.267,3719.9592,3849.2195,3805.8896170131598,3920.1746072954174,3848.7128189041805
2013-12-21 13:30:00,3742.5396,3381.267,3967.2092,3637.9135943344495,3780.2619531556534,3591.4740026735044
2013-12-21 13:40:00,3613.5344,3742.5396,4256.5664,3766.6386342053006,3896.0136380338404,3875.6737828470664
2013-12-21 13:50:00,3626.5447,3613.5344,3903.6147,3665.384519737312,3843.8657757700166,3747.6770010950354
2013-12-21 14:00:00,3952.7932,3626.5447,4158.542,3739.9663223875973,3892.209922017838,3875.1971821246575
2013-12-21 14:10:00,4221.104,3952.7932,4237.6914,3872.964895222311,4008.67089137217,4042.4209798058823
2013-12-21 14:20:00,4256.2915,4221.104,4117.884,4077.2773051278523,4201.302706143556,4226.245786176683
2013-12-21 14:30:00,4343.9814,4256.2915,4251.6855,4242.719421255496,4335.9010668602405,4356.920412471328
2013-12-21 14:40:00,4247.0474,4343.9814,4369.545,4370.0112596462795,4414.888729715568,4477.875020881821
2013-12-21 14:50:00,4482.817,4247.0474,4609.118,4343.3984072034555,4430.824315134743,4418.926969867103
2013-12-21 15:00:00,4332.155,4482.817,4950.865,4472.610799430298,4538.177304971358,4642.615209150197
2013-12-21 15:10:00,4579.6787,4332.155,5118.015,4411.399785363814,4484.102223369086,4471.141127265431
2013-12-21 15:20:00,4600.0444,4579.6787,5034.9756,4577.511984795619,4636.230825390519,4668.984890414414
2013-12-21 15:30:00,4888.6743,4600.0444,4939.4927,4594.2810325830715,4678.759301114173,4736.816862626011
2013-12-21 15:40:00,4814.1216,4888.6743,5049.121,4817.913976176495,4838.613690867805,4913.25885441904
2013-12-21 15:50:00,5115.53,4814.1216,4837.507,4838.498855918259,4877.581847425004,4867.66728637443
2013-12-21 16:00:00,4931.132,5115.53,5057.7666,5058.229735525869,5051.616447345441,5176.674223351562
2013-12-21 16:10:00,5197.4214,4931.132,5568.093,4992.457682276192,5019.365543506252,4953.239320263361
2013-12-21 16:20:00,5152.101,5197.4214,5257.155,5170.816377561604,5144.635258843495,5174.196457197533
2013-12-21 16:30:00,5161.938,5152.101,5529.1626,5137.29793724226,5155.769311027205,5159.326275421335
2013-12-21 16:40:00,5238.3193,5161.938,5555.031,5192.991889862999,5186.142900505958,5109.708675272246
2013-12-21 16:50:00,5195.2695,5238.3193,5631.8096,5206.475361386012,5212.280595281948,5177.057912537004
2013-12-21 17:00:00,5096.8105,5195.2695,5643.9414,5182.937112882311,5195.812184780994,5141.2635255247005
2013-12-21 17:10:00,4723.406,5096.8105,5752.094,5122.364161556561,5145.926158404331,5024.715972986959
2013-12-21 17:20:00,4707.66,4723.406,5626.722,4869.5269750650805,4928.078440057003,4748.940554401974
2013-12-21 17:30:00,4619.0444,4707.66,5712.6123,4741.283548058048,4805.4268621734955,4709.004536418709
2013-12-21 17:40:00,4474.987,4619.0444,5665.3105,4572.324621415752,4659.002358026393,4524.80610654251
2013-12-21 17:50:00,4293.826,4474.987,5206.185,4452.347742174126,4531.041034143682,4389.94580164598
2013-12-21 18:00:00,4229.715,4293.826,5011.924,4283.686554139884,4372.82441598629,4243.773368575929
2013-12-21 18:10:00,3847.8635,4229.715,5022.722,4156.361935298442,4240.311640992696,4096.4788979393115
2013-12-21 18:20:00,3759.3162,3847.8635,4812.7456,3876.414000633813,3976.824202901162,3787.5620907792463
2013-12-21 18:30:00,3328.4038,3759.3162,4872.2754,3722.0972293113837,3797.8571007611354,3702.2639886817797
2013-12-21 18:40:00,3298.8413,3328.4038,4650.728,3367.539678425125,3472.8642514282856,3330.657007049691
2013-12-21 18:50:00,3376.934,3298.8413,4396.776,3233.9729951787135,3303.127392930248,3243.9344469080042
2013-12-21 19:00:00,3115.285,3376.934,3943.481,3145.9964169579075,3186.0608048401796,3203.2023730126643
2013-12-21 19:10:00,2839.4739,3115.285,3720.5264,3006.272245148961,3022.422347962572,2989.2896570116663
2013-12-21 19:20:00,2628.2603,2839.4739,3775.0942,2821.5153382855246,2821.6072615409257,2772.2976684271707
2013-12-21 19:30:00,2649.7197,2628.2603,3760.4014,2589.94815344065,2598.2551390230183,2598.203094785912
2013-12-21 19:40:00,2409.6824,2649.7197,3713.3352,2487.408375829255,2475.2349487019437,2524.0062127597344
2013-12-21 19:50:00,2318.0322,2409.6824,3593.7952,2311.0134837237597,2294.0855982947587,2320.1675976972256
2013-12-21 20:00:00,2096.1626,2318.0322,3191.9548,2218.617387104251,2187.868010774462,2237.4726582814665
2013-12-21 20:10:00,1898.765,2096.1626,2952.3726,2027.5331024465793,2037.1295418389593,2043.689834157451
2013-12-21 20:20:00,1636.9044,1898.765,2834.2615,1860.6418799746152,1877.3502993246566,1871.8781621436726
2013-12-21 20:30:00,1420.6627,1636.9044,2514.4534,1636.6804630467536,1681.6060072079224,1651.0550407823791
2013-12-21 20:40:00,1195.5848,1420.6627,2228.603,1431.7186538915532,1499.4977500556665,1453.5272937810978
2013-12-21 20:50:00,1291.7339,1195.5848,2209.0593,1217.6455827194513,1307.1149355943735,1215.05362626754
2013-12-21 21:00:00,1121.3544,1291.7339,2157.262,1177.1046403571013,1253.8247912848806,1282.7997306521877
2013-12-21 21:10:00,1123.2999,1121.3544,1667.415,1056.3015898997471,1137.749100735121,1135.6712891258305
2013-12-21 21:20:00,1009.4167,1123.2999,1718.8185,1047.950143456296,1128.4641833600988,1093.7547124078767
2013-12-21 21:30:00,1009.5737,1009.4167,1810.925,951.8005003686957,1037.7854572038061,1029.5606714273931
2013-12-21 21:40:00,845.9599,1009.5737,1654.6707,930.9603026859686,1000.3156649749116,1007.292326329831
2013-12-21 21:50:00,824.4452,845.9599,1567.5033,822.4840422571752,896.8115726403839,836.2470912941802
2013-12-21 22:00:00,1049.9863,824.4452,1468.9845,782.4733661491841,847.197632227934,837.8573603969179
2013-12-21 22:10:00,899.4314,1049.9863,1233.625,842.3596991338948,889.8944448362207,939.5014708474171
2013-12-21 22:20:00,778.83716,899.4314,1192.0741,807.7315376088324,850.7158908664114,851.104640107561
2013-12-21 22:30:00,784.3658,778.83716,1267.8162,774.4317473203357,792.3103285585311,793.0594067962046
2013-12-21 22:40:00,847.2652,784.3658,997.83997,723.8868141525447,752.9128980384147,768.4149032725242
2013-12-21 22:50:00,807.616,847.2652,1207.6161,725.7634651475387,745.9715868665728,747.8038251653842
2013-12-21 23:00:00,717.5035,807.616,1152.7897,719.5797181389403,717.5996170618336,756.2172521090826
2013-12-21 23:10:00,554.8814,717.5035,946.74756,683.5509995051538,666.7205765629058,698.3434675191373
2013-12-21 23:20:00,431.04718,554.8814,757.1642,575.3079266816146,588.6919832266256,546.3323637326653
2013-12-21 23:30:00,450.61215,431.04718,693.1622,463.3801235197705,492.1683014370643,466.2613539965923
2013-12-21 23:40:00,378.2581,450.61215,596.34155,421.05203498059007,439.3601462770919,467.67624012107353
2013-12-21 23:50:00,413.0446,378.2581,647.8713,361.84433796532994,379.44116230147836,390.6999911232594
2013-12-22 00:00:00,416.8296,413.0446,617.85486,371.00612664337314,397.5021577397725,416.07954276370936
2013-12-22 00:10:00,471.00955,416.8296,518.4886,362.2709514958343,381.8779543949638,392.22553148351807
2013-12-22 00:20:00,364.3126,471.00955,502.69763,397.2058796961846,396.57413075904014,428.23764655752257
2013-12-22 00:30:00,317.07718,364.3126,423.2686,356.8381917344006,351.1280322456171,371.2433769668667
2013-12-22 00:40:00,296.8996,317.07718,399.16727,326.51198983940606,308.64058781019634,329.0628064178016
2013-12-22 00:50:00,202.74721,296.8996,370.3971,286.9058532791008,283.42060632577824,299.29279305727874
2013-12-22 01:00:00,218.88101,202.74721,333.70285,223.5634561452881,239.98356889205635,227.5557327818315
2013-12-22 01:10:00,220.17166,218.88101,319.21246,212.74008753427802,228.6380761448957,234.42107622919795
2013-12-22 01:20:00,203.0266,220.17166,328.19092,196.0591906339868,196.80511825312055,213.7725697771814
2013-12-22 01:30:00,209.5705,203.0266,307.71667,192.7313419278685,206.56602469012816,213.41403095288635
2013-12-22 01:40:00,187.73396,209.5705,280.96838,193.96492081073603,200.75666855202599,209.60473201664163
2013-12-22 01:50:00,179.95673,187.73396,297.24448,180.9073132681893,179.14197025957736,188.98620095247358
2013-12-22 02:00:00,176.40178,179.95673,296.8092,175.35224913088163,186.44250379536024,192.75586887771738
2013-12-22 02:10:00,158.61143,176.40178,275.20438,167.75338167661957,176.8102953960958,182.68609109094066
2013-12-22 02:20:00,179.7534,158.61143,295.96558,156.8654934749361,161.95295426163196,168.05252033104753
2013-12-22 02:30:00,155.42877,179.7534,288.8058,163.97895489668934,174.83488663834936,180.2606613051432
2013-12-22 02:40:00,161.61684,155.42877,261.18066,151.92141394505242,158.98831825105788,161.4886802722672
2013-12-22 02:50:00,163.42894,161.61684,364.07413,156.60824188617957,160.89057128796384,167.18203101009078
2013-12-22 03:00:00,154.28816,163.42894,311.54984,153.3100733270281,155.49192391057153,160.6773903899078
2013-12-22 03:10:00,142.01357,154.28816,293.97247,151.30040151179966,156.52895757906217,165.5984867267855
2013-12-22 03:20:00,155.68127,142.01357,271.56915,144.2298326907269,150.5062116816277,156.1777734231866
2013-12-22 03:30:00,147.15718,155.68127,252.22163,147.26973327917003,149.6605222051582,160.12928120928387
2013-12-22 03:40:00,156.03911,147.15718,242.80673,142.93348624476943,146.8068039720549,150.58628337606248
2013-12-22 03:50:00,151.39172,156.03911,245.76865,150.0947765643716,154.71405576660737,158.7510766160959
2013-12-22 04:00:00,144.24457,151.39172,236.2476,147.7691035911993,144.55093888978138,155.56622208514003
2013-12-22 04:10:00,145.34608,144.24457,220.81198,146.0545467314589,148.44754665891412,160.21880383175684
2013-12-22 04:20:00,149.29715,145.34608,274.60773,144.63551689084673,150.5093759478875,154.91058707781082
2013-12-22 04:30:00,156.20476,149.29715,239.82628,145.59322618863558,144.72163103985807,152.65983398876716
2013-12-22 04:40:00,148.22444,156.20476,224.3993,150.838134115356,151.102198194871,156.11713883202648
2013-12-22 04:50:00,137.28139,148.22444,242.9636,149.73831704844912,151.64742617286382,154.04144973028158
2013-12-22 05:00:00,175.68718,137.28139,221.0352,144.6840152556525,144.64089808252677,152.53465816485067
2013-12-22 05:10:00,188.8816,175.68718,230.16908,160.80432069460352,158.6711376016277,163.2480581696361
2013-12-22 05:20:00,153.52303,188.8816,224.53165,172.66394194861402,163.57667161602996,158.99255563796677
2013-12-22 05:30:00,166.23944,153.52303,222.76653,168.67343992128156,161.06959042130006,171.17882480425624
2013-12-22 05:40:00,139.73802,166.23944,230.71017,173.12261607049578,164.79403808714764,176.174777631465
2013-12-22 05:50:00,167.06377,139.73802,264.28104,152.53653354311456,156.38211603427837,156.02565913349764
2013-12-22 06:00:00,157.21971,167.06377,232.15659,166.519285545545,178.25392261327661,177.78330306634703
2013-12-22 06:10:00,191.82172,157.21971,233.92331,160.40266012225752,152.16142072195439,150.50989184391005
2013-12-22 06:20:00,174.44112,191.82172,241.91745,186.06059332184515,175.11749720359063,169.26543788218177
2013-12-22 06:30:00,181.1199,174.44112,253.5995,182.34094395379992,174.36397527340745,167.93714757915342
2013-12-22 06:40:00,198.58919,181.1199,242.08347,194.0861054788139,179.2718879387323,191.6324942028379
2013-12-22 06:50:00,175.94362,198.58919,270.68292,201.62494697438635,188.91998354442254,182.4791237661295
2013-12-22 07:00:00,185.95343,175.94362,246.90765,196.12467507595855,193.77386752209935,186.9375006628091
2013-12-22 07:10:00,169.4521,185.95343,261.5445,203.79627863971905,203.6954818952504,191.40251329210085
2013-12-22 07:20:00,143.36398,169.4521,279.17377,191.3950560699144,187.4462257848559,175.5505575687926
2013-12-22 07:30:00,193.89926,143.36398,267.33154,176.06076558364538,182.0946257761716,180.9637746987293
2013-12-22 07:40:00,184.47607,193.89926,276.85342,196.43853100326965,196.38999458857734,200.0166005706141
2013-12-22 07:50:00,240.31914,184.47607,280.81973,195.67687528709754,165.72018878642547,185.51265266577073
2013-12-22 08:00:00,326.52258,240.31914,268.59183,243.70675476313147,215.9181244069599,245.20235799808222
2013-12-22 08:10:00,215.69339,326.52258,298.42535,300.1588640509788,245.24832343410048,275.4913372704817
2013-12-22 08:20:00,260.6025,215.69339,330.80316,277.060904097227,227.31502571347917,254.5149651375018
2013-12-22 08:30:00,264.7893,260.6025,353.7739,308.43818775108144,281.65121722046274,312.1319107650967
2013-12-22 08:40:00,250.56296,264.7893,453.24982,290.20607991695204,306.21150894894635,294.0095050104992
2013-12-22 08:50:00,314.787,250.56296,440.54807,299.0642457789946,321.7723654781937,305.78640737406704
2013-12-22 09:00:00,313.99713,314.787,478.73105,336.54310363191456,369.3808583160506,384.8176438021902
2013-12-22 09:10:00,307.73666,313.99713,506.27515,347.48269163910595,360.39585395319574,391.88738080574143
2013-12-22 09:20:00,368.32416,307.73666,694.0865,366.3392660216747,400.05719359227936,402.2476677712794
2013-12-22 09:30:00,479.69916,368.32416,641.4095,401.44966170738843,455.31904636637347,486.7594781883973
2013-12-22 09:40:00,485.31552,479.69916,721.6056,475.8360882676116,512.3958721379948,556.8795930334921
2013-12-22 09:50:00,637.48254,485.31552,907.7252,529.1823231716829,571.8529508484805,601.7192135516619
2013-12-22 10:00:00,769.5696,637.48254,1114.5947,656.9305461249091,727.7652163344487,763.0743615912934
2013-12-22 10:10:00,1042.9388,769.5696,1228.5956,766.1895682403074,849.2432975805459,845.9683946059753
2013-12-22 10:20:00,1120.0114,1042.9388,1423.1975,1001.8202430108698,1097.1311701980587,1114.329626714267
2013-12-22 10:30:00,1506.158,1120.0114,1654.0883,1157.2234686014388,1256.351900745596,1215.5119437204905
2013-12-22 10:40:00,1612.749,1506.158,1956.6677,1482.4362660566658,1562.8473978088873,1571.2855931363126
2013-12-22 10:50:00,1948.4683,1612.749,2178.8235,1651.2981161803111,1794.5819622863048,1687.8019086357576
2013-12-22 11:00:00,1964.9064,1948.4683,2410.5361,1990.8005120911623,2096.9984559439745,2118.996908926909
2013-12-22 11:10:00,2264.9587,1964.9064,2694.7563,2099.151593689634,2204.7476306995286,2132.0159100441288
2013-12-22 11:20:00,2556.0425,2264.9587,2692.7952,2367.427998966758,2467.279405233306,2430.133683953967
2013-12-22 11:30:00,2781.1304,2556.0425,3070.3906,2580.674563705027,2689.830873362789,2611.841591481349
2013-12-22 11:40:00,2721.0408,2781.1304,3627.3853,2848.752757946506,2884.4154613639157,2768.471529090671
2013-12-22 11:50:00,2945.836,2721.0408,4001.8557,2934.3551316517733,2979.533736907714,2821.1078667974034
2013-12-22 12:00:00,3088.5342,2945.836,3704.9597,3091.8542152671175,3122.345449238285,3074.3236746954267
2013-12-22 12:10:00,3307.9294,3088.5342,3940.879,3175.64192120718,3209.050610993069,3101.0982344536155
2013-12-22 12:20:00,3401.1375,3307.9294,4146.1523,3370.0099427609234,3378.8978864186847,3385.1546773316045
2013-12-22 12:30:00,3480.9958,3401.1375,4702.429,3485.553700228782,3510.827825057499,3407.340043962261
2013-12-22 12:40:00,3382.0598,3480.9958,4197.484,3589.7227069028577,3614.1765820092396,3487.043661414081
2013-12-22 12:50:00,3540.3796,3382.0598,4313.2974,3555.672400674804,3608.2291498550967,3532.632440803949
2013-12-22 13:00:00,3520.159,3540.3796,4521.2183,3623.728005544983,3675.4356665772793,3574.2075508396797
2013-12-22 13:10:00,3635.4124,3520.159,4276.9795,3598.486968984207,3696.1130622393016,3602.8264317166872
2013-12-22 13:20:00,3604.9355,3635.4124,4215.811,3685.0046458112724,3782.8246902538594,3708.122109849157
2013-12-22 13:30:00,3322.62,3604.9355,4585.126,3672.0098106581186,3786.7615268589534,3635.723783156243
2013-12-22 13:40:00,3709.6123,3322.62,4331.676,3530.36825664689,3676.0098987839374,3508.1242866320927
2013-12-22 13:50:00,3698.953,3709.6123,4647.4727,3664.140060008228,3789.947582645433,3742.998491792986
2013-12-22 14:00:00,3807.0195,3698.953,4314.495,3649.8871561991573,3788.168908915216,3700.957283165205
2013-12-22 14:10:00,3881.282,3807.0195,4461.578,3810.195582800052,3932.1011071668004,3901.431458316382
2013-12-22 14:20:00,4090.7812,3881.282,4641.836,3864.079148082396,3979.8224525497185,3972.8248430778917
2013-12-22 14:30:00,4110.3506,4090.7812,4657.4263,4016.679838569423,4102.600583340727,4139.795912149506
2013-12-22 14:40:00,4074.694,4110.3506,4848.6987,4088.6956703635087,4171.138395121876,4150.057460547382
2013-12-22 14:50:00,3939.6633,4074.694,4774.5503,4131.488027960639,4188.429137623809,4178.879980081172
2013-12-22 15:00:00,4441.4775,3939.6633,5094.7026,4056.558952163182,4141.879292255077,4124.771145390548
2013-12-22 15:10:00,4475.815,4441.4775,4900.986,4283.316782685648,4334.494270850063,4458.742076663959
2013-12-22 15:20:00,4638.5596,4475.815,4870.213,4363.981630680492,4403.4148189749885,4494.727831303252
2013-12-22 15:30:00,4911.654,4638.5596,4977.639,4600.584181671986,4580.156761476424,4692.555171550312
2013-12-22 15:40:00,4693.6177,4911.654,5138.2964,4784.051333829247,4761.464846950515,4837.115250668292
2013-12-22 15:50:00,4772.3213,4693.6177,5059.0967,4766.980161969983,4749.813329537117,4787.801832682889
2013-12-22 16:00:00,4917.9443,4772.3213,5037.606,4836.308204831495,4787.745282716822,4865.267608107208
2013-12-22 16:10:00,5202.0366,4917.9443,5495.663,4863.6916680837885,4841.208037335078,4808.004913122353
2013-12-22 16:20:00,5496.4404,5202.0366,5228.214,5054.843172866529,5002.552745548491,5005.17728321599
2013-12-22 16:30:00,5148.8115,5496.4404,5216.3535,5294.710594086785,5191.947618160089,5197.165546724951
2013-12-22 16:40:00,5170.4727,5148.8115,4891.5386,5237.379771202487,5142.730379013492,5051.851222734926
2013-12-22 16:50:00,5197.569,5170.4727,4855.8286,5244.330126294689,5148.529864898542,5110.646183598071
2013-12-22 17:00:00,5111.8765,5197.569,5024.623,5153.764835908113,5110.933093518838,5052.150711229805
2013-12-22 17:10:00,5203.0317,5111.8765,5049.5977,5100.906019232604,5042.87203300375,4982.854146459592
2013-12-22 17:20:00,4704.4346,5203.0317,4870.101,5118.407837518328,5059.071703364788,4956.772842947786
2013-12-22 17:30:00,4574.6064,4704.4346,5109.132,4826.762058147591,4828.568445219335,4641.996905386869
2013-12-22 17:40:00,4689.867,4574.6064,4830.622,4662.56884136964,4655.505750621009,4495.443904374254
2013-12-22 17:50:00,4508.6577,4689.867,4632.5674,4549.401000661723,4558.096454473683,4439.626395757435
2013-12-22 18:00:00,4076.4365,4508.6577,4651.008,4421.368677963828,4426.004009730422,4300.042507749946
2013-12-22 18:10:00,3945.8662,4076.4365,4238.47,4165.890941989627,4187.211409117593,3981.852255316774
2013-12-22 18:20:00,3792.1099,3945.8662,4344.749,3950.5420445066557,3982.030136459349,3842.036712879834
2013-12-22 18:30:00,3426.2136,3792.1099,4521.734,3720.4311895410738,3770.365095778669,3631.6853387074125
2013-12-22 18:40:00,3258.95,3426.2136,4171.7363,3449.7726108667534,3494.839317912878,3366.2064768855385
2013-12-22 18:50:00,3132.6306,3258.95,3998.0579,3241.070636339395,3279.175524202245,3199.0771850568713
2013-12-22 19:00:00,2755.7332,3132.6306,3769.2002,3042.426660825656,3086.8573510548777,3003.8193714395716
2013-12-22 19:10:00,2439.4658,2755.7332,3586.2947,2769.6533297538,2809.5805088670063,2720.1751466316714
2013-12-22 19:20:00,2133.372,2439.4658,3689.5105,2493.3428217170854,2523.254068611961,2439.023122478677
2013-12-22 19:30:00,1886.3403,2133.372,3227.6375,2180.446983858629,2226.595309289813,2133.059024700751
2013-12-22 19:40:00,1736.2622,1886.3403,3015.9348,1917.1014846279893,1960.9340606191477,1910.3317440915587
2013-12-22 19:50:00,1414.5424,1736.2622,2572.9102,1720.2943027557258,1754.739880064818,1747.321353932386
2013-12-22 20:00:00,1426.4116,1414.5424,2516.9482,1463.519190669304,1519.0918323699575,1458.8392769793868
2013-12-22 20:10:00,1313.5432,1426.4116,2467.7761,1375.773033737123,1432.02919701551,1444.1095586213826
2013-12-22 20:20:00,1210.7015,1313.5432,2052.0833,1244.3049551288316,1305.9956042379024,1331.9943243437922
2013-12-22 20:30:00,1004.9643,1210.7015,1838.932,1172.0345198117006,1234.0255742917022,1233.2989861046863
2013-12-22 20:40:00,878.2758,1004.9643,1492.3569,1019.4903458025483,1100.178647672995,1036.470432848326
2013-12-22 20:50:00,916.84094,878.2758,1468.819,893.001719828425,977.5200477397951,919.6657959806837
2013-12-22 21:00:00,756.3445,916.84094,1252.7516,843.9831339345878,921.2250985935432,940.5590067955594
2013-12-22 21:10:00,573.80096,756.3445,1153.8198,739.8890250952742,818.2758645546165,776.3796612801221
2013-12-22 21:20:00,561.53125,573.80096,1117.1544,621.6030224711229,713.0618333508523,612.4453546121063
2013-12-22 21:30:00,604.3314,561.53125,1081.6537,551.3997633362693,633.335470845639,606.3842191175703
2013-12-22 21:40:00,415.2736,604.3314,1042.948,528.8842583832297,580.2762831785225,623.1137677182172
2013-12-22 21:50:00,512.7652,415.2736,972.1849,436.9259054084801,497.14843605177583,463.72793712450743
2013-12-22 22:00:00,696.9035,512.7652,988.6887,462.12561196187914,511.343096522556,530.6222945989817
2013-12-22 22:10:00,547.44727,696.9035,962.3028,511.44529643789775,516.481845632527,584.2355172488865
2013-12-22 22:20:00,431.02182,547.44727,698.766,506.0433822104284,490.6633732559516,534.3558766648669
2013-12-22 22:30:00,381.10562,431.02182,682.76245,461.6556773368843,415.58987575391717,435.95297525436325
2013-12-22 22:40:00,402.65027,381.10562,580.84076,386.15273200617844,386.5561650078578,401.94290943721705
2013-12-22 22:50:00,363.70206,402.65027,517.4076,363.4385766896997,382.77519702439974,398.82682942690445
2013-12-22 23:00:00,364.70596,363.70206,528.26385,336.6363339948722,340.3280794206852,379.30762701956684
2013-12-22 23:10:00,293.6267,364.70596,532.66895,335.33585266873104,331.9761383257459,372.6227836831016
2013-12-22 23:20:00,271.79803,293.6267,452.69098,291.0499549713289,306.7242304103489,306.20421696524915
2013-12-22 23:30:00,254.00237,271.79803,438.23145,267.94004567098835,293.19475610458215,301.2563932317909
2013-12-22 23:40:00,280.6933,254.00237,394.44736,240.17894675922935,260.4212927241499,265.5122420143712
2013-12-22 23:50:00,230.58522,280.6933,346.18085,244.87603923111047,255.79219541455691,286.36638396292284
