time,actual,Persistence,Seasonal naive (1 week),SARIMAX,LSTM,TCN
2013-12-16 00:00:00,232.18988,252.53775,276.07938,257.35786504847107,254.5161043592087,248.54733644550947
2013-12-16 00:10:00,246.45064,232.18988,245.93452,243.5700394367333,219.39772253317844,240.76683530515413
2013-12-16 00:20:00,214.63658,246.45064,226.85709,246.97729083213142,228.97065244011372,243.24221657336673
2013-12-16 00:30:00,219.90701,214.63658,231.07928,227.252778036335,226.49436764511438,225.493548265745
2013-12-16 00:40:00,268.1309,219.90701,236.20422,228.09590959093478,223.9897241955022,230.61642523807333
2013-12-16 00:50:00,221.68805,268.1309,176.40648,254.74813551922006,229.49458042211003,207.78763998875647
2013-12-16 01:00:00,222.30826,221.68805,213.44171,234.76525807116838,223.66557063335546,224.30187973080507
2013-12-16 01:10:00,211.72433,222.30826,208.62811,235.37416751068815,228.6583531852619,233.27742604790646
2013-12-16 01:20:00,228.3671,211.72433,341.9561,220.79457154617907,193.02664061151785,194.2889703649327
2013-12-16 01:30:00,209.08351,228.3671,349.9486,229.7489588413389,212.79299574061505,227.12329910429457
2013-12-16 01:40:00,192.91374,209.08351,244.39297,217.79787916192808,215.69082468312365,209.3372215470966
2013-12-16 01:50:00,192.76501,192.91374,172.3614,205.7111463342173,191.09986761835756,188.9582370504857
2013-12-16 02:00:00,206.97308,192.76501,219.67459,198.97570364649394,184.26821782336324,188.68548095895235
2013-12-16 02:10:00,234.10466,206.97308,205.7273,204.64993179528832,202.80417265479227,203.574779377721
2013-12-16 02:20:00,206.42862,234.10466,150.59215,223.44044340475708,213.89854246485223,213.04172027292955
2013-12-16 02:30:00,206.32529,206.42862,187.87727,212.18471636531763,198.58568443821613,204.89936783248123
2013-12-16 02:40:00,195.2828,206.32529,191.42,210.74109374067757,208.00252825551274,214.3573518135263
2013-12-16 02:50:00,187.51591,195.2828,149.00557,197.91305611068765,194.26970819168548,202.75078508115507
2013-12-16 03:00:00,169.92992,187.51591,184.53839,189.82911629201476,189.43933756518882,197.9486242665659
2013-12-16 03:10:00,193.78354,169.92992,205.91734,174.21163020623524,178.6005514492185,183.6469220454936
2013-12-16 03:20:00,169.874,193.78354,165.02663,184.04523479865085,182.9968571193892,181.82593624601827
2013-12-16 03:30:00,167.73363,169.874,165.94577,169.33249732717118,170.04648268960315,170.33254245000722
2013-12-16 03:40:00,196.84103,167.73363,183.0683,167.0806327324637,174.88285947745783,188.75915454012008
2013-12-16 03:50:00,163.31662,196.84103,168.22723,180.0572421705546,173.83261354483662,173.08062333343992
2013-12-16 04:00:00,164.88988,163.31662,163.94128,163.45960282745693,163.66356334409772,165.89968502520665
2013-12-16 04:10:00,213.83914,164.88988,190.2076,163.24601510595318,176.26484276369033,184.4916676835562
2013-12-16 04:20:00,168.66272,213.83914,164.9776,187.19358697825857,176.99710258052176,181.2314157152321
2013-12-16 04:30:00,166.91852,168.66272,161.67197,168.66053443290903,167.61887165267916,170.69610038898472
2013-12-16 04:40:00,187.45837,166.91852,183.61081,168.2615203862779,185.93337595865205,187.12477826107477
2013-12-16 04:50:00,171.63751,187.45837,146.1726,174.32908186664724,165.12416441833355,165.20949839223604
2013-12-16 05:00:00,169.25966,171.63751,163.21098,168.63837330220196,166.77275330740682,163.33234056955607
2013-12-16 05:10:00,178.00412,169.25966,198.71889,168.85554626752034,190.93351634441638,186.65827157773825
2013-12-16 05:20:00,168.92126,178.00412,161.78714,172.6379158886876,166.14011606728732,161.76099824747214
2013-12-16 05:30:00,171.16241,168.92126,182.7754,169.45529394812996,162.68348534202576,165.38570967124352
2013-12-16 05:40:00,205.22343,171.16241,179.76599,172.44951546005274,191.8861399833095,192.99752179977398
2013-12-16 05:50:00,189.87572,205.22343,189.95084,194.67237115163314,186.55956090342838,178.65393324306214
2013-12-16 06:00:00,199.52766,189.87572,200.40225,193.92430977939827,179.4306278121275,178.33548651573244
2013-12-16 06:10:00,182.89713,199.52766,191.18205,206.238263307762,221.22511342318248,224.0312621357818
2013-12-16 06:20:00,229.88231,182.89713,205.05429,196.54876444876135,192.83751655439482,195.74251477965493
2013-12-16 06:30:00,194.64496,229.88231,243.02533,229.13996341844557,220.44402908964213,230.8539711149962
2013-12-16 06:40:00,224.58917,194.64496,275.2578,213.95529264942326,232.41970799156007,229.6262729543947
2013-12-16 06:50:00,237.17328,224.58917,240.74446,239.95435502514235,251.9271583686253,251.9041219179812
2013-12-16 07:00:00,303.32068,237.17328,290.9145,250.8450401816591,250.11938777346498,256.0530081026893
2013-12-16 07:10:00,308.52097,303.32068,344.05566,307.90353223142336,333.0910500950462,357.76238464926035
2013-12-16 07:20:00,344.40997,308.52097,395.54498,331.9899409760862,354.35547247530127,360.5750568511966
2013-12-16 07:30:00,428.8805,344.40997,489.76227,376.70544391464784,396.55259851055365,408.4450797470545
2013-12-16 07:40:00,472.67004,428.8805,523.5113,447.8146993415008,493.9683543082965,520.0885506176772
2013-12-16 07:50:00,609.2558,472.67004,586.66754,509.1819581745672,577.3129918874207,549.8630044982195
2013-12-16 08:00:00,728.3173,609.2558,731.9736,637.7226685406495,721.9220325322049,710.1399401600773
2013-12-16 08:10:00,860.0231,728.3173,873.18,764.9901145824896,862.7659868857477,814.2865482078323
2013-12-16 08:20:00,1125.8514,860.0231,981.89557,921.3754066714449,1054.579190053608,958.8400646034903
2013-12-16 08:30:00,1168.1613,1125.8514,1163.3973,1166.389532749212,1305.3166857638678,1276.3849117382774
2013-12-16 08:40:00,1387.155,1168.1613,1381.5403,1289.7276113474238,1402.0830353366393,1300.843978637987
2013-12-16 08:50:00,1756.5063,1387.155,1767.5266,1516.8775194226478,1625.5074020901613,1446.7786049334159
2013-12-16 09:00:00,2052.4333,1756.5063,1991.6282,1827.5500603354897,1856.8327590010176,1968.0992414198047
2013-12-16 09:10:00,2183.5962,2052.4333,2270.6963,2161.693921878767,2119.5257349648696,2112.3344083462835
2013-12-16 09:20:00,2043.3542,2183.5962,2436.95,2395.799741899866,2368.0445647964466,2176.576936217008
2013-12-16 09:30:00,2211.981,2043.3542,2475.4377,2367.6116391112323,2310.22335642235,2114.767726243887
2013-12-16 09:40:00,2340.4595,2211.981,2788.9126,2469.392306652035,2347.037551410146,2324.5212288450994
2013-12-16 09:50:00,2499.4402,2340.4595,2681.9104,2546.09154534426,2384.7099134897876,2351.7687676981845
2013-12-16 10:00:00,2422.3499,2499.4402,2658.678,2695.7081550021417,2551.5322300762978,2540.3758384026182
2013-12-16 10:10:00,2569.7798,2422.3499,2825.1472,2673.69082424279,2564.9269064762093,2472.6568141215116
2013-12-16 10:20:00,2579.7612,2569.7798,2854.311,2766.738503444408,2641.7749044459074,2593.128150431049
2013-12-16 10:30:00,2654.054,2579.7612,2969.631,2761.3547113050586,2638.358907954866,2640.73489242319
2013-12-16 10:40:00,2848.7236,2654.054,2935.6755,2816.6058496353253,2715.69221386646,2681.3611130389786
2013-12-16 10:50:00,2786.2073,2848.7236,3031.4636,2938.677724617131,2829.7378817582385,2806.572161696873
2013-12-16 11:00:00,2861.6458,2786.2073,3144.189,2923.3226520304615,2833.9953859805314,2787.3248867318953
2013-12-16 11:10:00,2811.427,2861.6458,3214.7363,2975.336482632328,2920.194529570648,2911.833802305196
2013-12-16 11:20:00,2873.9028,2811.427,3120.809,2923.501126217505,2872.2200386393192,2880.00371417478
2013-12-16 11:30:00,2930.763,2873.9028,3138.472,2951.032938629189,2911.644581626094,2891.138999460274
2013-12-16 11:40:00,3040.112,2930.763,3048.4841,2975.267448277229,2955.3525843074517,2958.2046800814715
2013-12-16 11:50:00,3118.577,3040.112,3230.4604,3055.292315750301,3034.4201950778,3062.716124008479
2013-12-16 12:00:00,2854.6624,3118.577,3164.477,3126.1288482160285,3114.8848105935263,3160.6492955944723
2013-12-16 12:10:00,2981.6665,2854.6624,3393.2017,2977.2801364950974,3002.455240463691,2966.4712327735397
2013-12-16 12:20:00,3125.8438,2981.6665,3336.7927,3022.03261830758,3038.429418205766,3156.0517607861843
2013-12-16 12:30:00,3391.409,3125.8438,3409.2473,3089.585864249011,3074.1247474132297,3173.4670354134546
2013-12-16 12:40:00,3522.35,3391.409,3823.8647,3308.4831673038266,3291.040836005867,3361.1965599864116
2013-12-16 12:50:00,3438.2263,3522.35,3724.2676,3470.0253577022104,3439.4199564342684,3368.227738205252
2013-12-16 13:00:00,3530.8872,3438.2263,3743.409,3491.580476551394,3441.5232815327327,3435.0730247861948
2013-12-16 13:10:00,3249.5356,3530.8872,3872.8955,3564.5164559274535,3505.53026940099,3539.2337015004405
2013-12-16 13:20:00,3270.1116,3249.5356,3649.3113,3385.6597971205288,3337.7030671460498,3284.3325912351243
2013-12-16 13:30:00,3355.1326,3270.1116,3863.2632,3370.2695549204172,3316.8302666472864,3195.166030122517
2013-12-16 13:40:00,3163.86,3355.1326,3894.021,3387.309381914817,3309.238458192239,3243.8772858942193
2013-12-16 13:50:00,3426.3616,3163.86,3508.3252,3285.11239061696,3226.7481821262772,3057.1035778803553
2013-12-16 14:00:00,3390.7327,3426.3616,3526.2969,3442.256138808239,3367.2327725536084,3270.0362408131664
2013-12-16 14:10:00,3217.6748,3390.7327,3614.6162,3436.934041556367,3331.5734517889646,3330.456058305916
2013-12-16 14:20:00,3293.2998,3217.6748,3404.4192,3364.529657751888,3299.471909873585,2992.847438730154
2013-12-16 14:30:00,3250.9749,3293.2998,3273.331,3377.914284260452,3301.6025249503014,3279.972353415223
2013-12-16 14:40:00,2988.6758,3250.9749,3082.7793,3332.390971016326,3230.675645286487,3248.167071189188
2013-12-16 14:50:00,2891.0244,2988.6758,3062.046,3158.7722794549463,3119.086556634211,3057.668850469888
2013-12-16 15:00:00,2885.945,2891.0244,3186.2708,3034.2627009617754,3005.686977303089,2943.420956389597
2013-12-16 15:10:00,3058.1343,2885.945,3026.7527,2963.4676884114483,2914.1501266984674,2971.7649138753886
2013-12-16 15:20:00,2785.3394,3058.1343,3134.2349,3050.2865781909036,3009.038428806106,3142.90338852175
2013-12-16 15:30:00,3014.1555,2785.3394,3156.0156,2892.199354393074,2895.525542093351,2861.0631918493154
2013-12-16 15:40:00,2961.3494,3014.1555,3131.0845,3012.692637820832,3008.3734671656034,3032.7849151455216
2013-12-16 15:50:00,2770.283,2961.3494,3036.9766,2961.4117614599427,2948.2473993482427,2954.482273643923
2013-12-16 16:00:00,2893.5415,2770.283,3062.7144,2854.7639625421502,2894.90142134993,2819.5007269737575
2013-12-16 16:10:00,3021.9102,2893.5415,3103.106,2879.968160117631,2916.8769374934222,2952.8776393477456
2013-12-16 16:20:00,3028.2185,3021.9102,3020.9905,2937.824831941539,2932.0669389107147,3109.044705924787
2013-12-16 16:30:00,3020.55,3028.2185,3159.5354,2973.8180497667677,3018.7961400798235,2948.2444264745614
2013-12-16 16:40:00,2886.4556,3020.55,2995.249,2979.1166911887217,3045.938078773264,2959.5723989994644
2013-12-16 16:50:00,2971.2048,2886.4556,3248.5044,2880.1744032568336,2936.702510654003,2943.570198507759
2013-12-16 17:00:00,2918.5886,2971.2048,3000.53,2897.2608415866707,2963.887469925032,2957.262801473985
2013-12-16 17:10:00,2771.4988,2918.5886,2873.7368,2845.173953272744,2909.0418619948077,2843.134778508276
2013-12-16 17:20:00,2934.1199,2771.4988,2749.4233,2746.579005253495,2829.428257356019,2818.5593011172136
2013-12-16 17:30:00,2954.7515,2934.1199,2749.5051,2805.174696304352,2883.118942239285,2850.8332893213665
2013-12-16 17:40:00,2941.6685,2954.7515,2881.8267,2813.13363689621,2864.3813356500027,2754.555228057829
2013-12-16 17:50:00,2747.2112,2941.6685,2945.499,2828.991729489803,2904.5404573140936,2779.3080461396557
2013-12-16 18:00:00,2658.7869,2747.2112,2983.1672,2701.784448554207,2779.544471625995,2649.78730988343
2013-12-16 18:10:00,2650.0586,2658.7869,2645.0142,2606.0765479515244,2657.2743845975856,2605.3925174471415
2013-12-16 18:20:00,2317.725,2650.0586,2781.8098,2550.9834299638937,2577.9533258557067,2468.6661727068886
2013-12-16 18:30:00,2560.4683,2317.725,2494.2607,2322.083669397609,2355.314662215926,2205.8005615183765
2013-12-16 18:40:00,2174.4463,2560.4683,2094.783,2413.8254933134167,2408.487278818566,2289.88606818689
2013-12-16 18:50:00,2060.1047,2174.4463,2029.7944,2159.0933067028295,2123.506871416196,2019.638911351778
2013-12-16 19:00:00,2025.3452,2060.1047,2030.2725,2058.887019524621,2055.475023412169,1947.866426608322
2013-12-16 19:10:00,1840.871,2025.3452,1825.442,1959.8586080422908,1899.0814600112262,1847.1252011068857
2013-12-16 19:20:00,1864.1748,1840.871,1704.1217,1819.4819434410024,1738.570515810841,1725.0790327294376
2013-12-16 19:30:00,1815.9197,1864.1748,1528.3425,1797.5101723337534,1731.4675095300497,1723.4606144901918
2013-12-16 19:40:00,1556.177,1815.9197,1483.5333,1742.0473321647978,1629.4105310238806,1641.1010125590892
2013-12-16 19:50:00,1483.828,1556.177,1483.4307,1572.5256212401525,1488.7170888085527,1452.9114719397337
2013-12-16 20:00:00,1350.4186,1483.828,1221.8053,1476.2610893838519,1413.7917314276492,1417.9011442329913
2013-12-16 20:10:00,1286.6216,1350.4186,1334.3075,1340.746508836315,1270.3846222416214,1278.753175180024
2013-12-16 20:20:00,1215.8221,1286.6216,1260.217,1266.895892843389,1224.6604613991137,1239.4709009971186
2013-12-16 20:30:00,1162.7462,1215.8221,1206.863,1190.943195461894,1152.8478785705197,1170.3461086606762
2013-12-16 20:40:00,1167.4231,1162.7462,1146.9244,1135.4934719309485,1089.1042203458378,1113.8968278400334
2013-12-16 20:50:00,962.3014,1167.4231,1149.4872,1117.9912100397269,1081.010989914978,1067.383520693757
2013-12-16 21:00:00,951.89545,962.3014,1049.0072,979.6564072469866,964.6113892456776,968.0393539317372
2013-12-16 21:10:00,927.24634,951.89545,900.2009,940.0536335092536,928.7883878122236,951.2377857254731
2013-12-16 21:20:00,875.95105,927.24634,871.76575,892.0272401137827,875.9738196220386,874.7922708235566
2013-12-16 21:30:00,853.0675,875.95105,921.22363,854.1864995616785,857.437202198981,883.1465116196458
2013-12-16 21:40:00,817.6552,853.0675,896.57965,827.5603976992413,821.8300454442596,846.0203969259791
2013-12-16 21:50:00,764.6574,817.6552,817.8085,793.8685626957292,777.5434774997863,793.2598076813601
2013-12-16 22:00:00,819.1555,764.6574,795.5941,751.5380809666112,756.4982199834407,777.7478481055736
2013-12-16 22:10:00,746.0707,819.1555,838.5775,771.3872592320769,766.0041924369349,742.0489829532112
2013-12-16 22:20:00,672.63776,746.0707,798.9358,727.7053508170723,714.1815546789774,710.1194113583151
2013-12-16 22:30:00,686.4749,672.63776,725.1203,678.3873723828536,689.0617392755227,705.8622559478125
2013-12-16 22:40:00,691.5769,686.4749,769.7224,665.1843898839497,663.5264927520979,667.5008172025521
2013-12-16 22:50:00,721.8354,691.5769,701.9041,660.417266624678,649.0703436195546,638.788388712437
2013-12-16 23:00:00,670.4379,721.8354,668.13574,684.0010098476839,685.6866404906679,660.1249926063169
2013-12-16 23:10:00,651.57837,670.4379,726.3212,659.8901474560932,647.7566250014235,647.3615316175686
2013-12-16 23:20:00,609.9294,651.57837,673.22754,646.0380264028876,631.8748918314259,639.3436345146289
2013-12-16 23:30:00,588.9925,609.9294,752.71844,610.0514996383084,610.3505596272936,620.1012398653303
2013-12-16 23:40:00,525.4099,588.9925,867.2728,588.4654734825076,589.4234522389426,593.6841886879972
2013-12-16 23:50:00,516.77344,525.4099,619.88666,538.8253168384731,536.8621788164073,543.3644060813256
2013-12-17 00:00:00,467.06073,516.77344,644.2115,520.8157406630695,520.7580613734772,533.0011619770889
2013-12-17 00:10:00,495.03104,467.06073,661.13904,478.397486538613,488.71592503341793,524.1733726611516
2013-12-17 00:20:00,440.19058,495.03104,591.2548,487.74783426600976,474.37687547785447,506.49457658417595
2013-12-17 00:30:00,458.8445,440.19058,540.81055,450.0661247513911,415.00658485037303,438.7554597314749
2013-12-17 00:40:00,489.79425,458.8445,601.8876,458.14305666092935,429.6925129334402,449.0267772981879
2013-12-17 00:50:00,408.49872,489.79425,534.22125,472.47013864278523,439.4333471161287,437.0742883528126
2013-12-17 01:00:00,388.28894,408.49872,541.08356,428.60308964397854,410.03547207871884,438.6342577765056
2013-12-17 01:10:00,415.64603,388.28894,536.30084,406.1294567121198,403.59701177449296,420.05206302124276
2013-12-17 01:20:00,387.5084,415.64603,433.90784,407.34289881932665,394.1574047287207,375.81048499926044
2013-12-17 01:30:00,314.92847,387.5084,418.36877,390.17688487819936,387.8936023571909,382.3847963817819
2013-12-17 01:40:00,360.4596,314.92847,460.4586,340.31771929656094,354.59738907481335,350.5052067076502
2013-12-17 01:50:00,302.23495,360.4596,398.83795,352.4855068388132,346.22688020518507,327.17402521550395
2013-12-17 02:00:00,288.7284,302.23495,398.1834,309.8901154732485,306.3890953968266,316.6463279444163
2013-12-17 02:10:00,350.71536,288.7284,422.07727,297.18359129104203,326.8572161379407,331.37398012378407
2013-12-17 02:20:00,315.43918,350.71536,398.2468,322.68852466108757,318.384117995443,293.23806153704066
2013-12-17 02:30:00,325.187,315.43918,421.91888,308.017261199836,298.8131714254739,300.1582686360091
2013-12-17 02:40:00,376.63162,325.187,428.82968,317.0218958242757,350.39157977725927,335.36511508963923
2013-12-17 02:50:00,344.88116,376.63162,385.66125,342.1837560606715,331.54636996131427,322.9537692418534
2013-12-17 03:00:00,306.31808,344.88116,410.02798,331.75623810277364,319.1108851511858,331.6419870137771
2013-12-17 03:10:00,379.13046,306.31808,477.56613,308.5238653908068,344.2885508499774,341.6763897372728
2013-12-17 03:20:00,325.17874,379.13046,357.63818,339.57542835893094,333.61966145356064,332.1328816731717
2013-12-17 03:30:00,319.2871,325.17874,367.98383,311.5103546581279,301.97081885862906,307.65893379611464
2013-12-17 03:40:00,333.00015,319.2871,467.186,309.39228860011343,357.1431432810885,349.93271585130117
2013-12-17 03:50:00,284.91956,333.00015,382.32745,307.4747195464771,308.8567542984936,307.7418707172907
2013-12-17 04:00:00,282.09207,284.91956,364.37384,278.49755870314743,278.785331635904,299.76809384949877
2013-12-17 04:10:00,316.85693,282.09207,419.83234,270.5938418375599,323.7689417710586,316.09618698770925
2013-12-17 04:20:00,279.53867,316.85693,373.24265,283.293285279886,294.0103116068217,288.5541061264254
2013-12-17 04:30:00,316.08957,279.53867,377.11298,266.5262299740556,269.4014175946563,291.0027333251319
2013-12-17 04:40:00,313.36972,316.08957,409.1055,288.4590296198623,338.71735491522344,324.79969123591684
2013-12-17 04:50:00,296.68118,313.36972,352.69434,287.9691047058578,293.00539281001414,288.01864340799875
2013-12-17 05:00:00,290.39072,296.68118,394.31927,284.8747996757878,288.5483646734857,313.75760555552273
2013-12-17 05:10:00,339.114,290.39072,442.62045,279.5298534824825,318.58071301121817,313.92542675834324
2013-12-17 05:20:00,308.09247,339.114,371.55872,307.2105536250655,310.2542041980317,296.43282524179483
2013-12-17 05:30:00,294.46112,308.09247,394.11264,298.4161382555982,297.96440026117335,313.1924227764806
2013-12-17 05:40:00,315.0319,294.46112,445.37726,295.52756398096614,330.2285921303246,322.3406308642426
2013-12-17 05:50:00,331.99133,315.0319,408.03943,304.4735061919046,302.1014994157868,301.4398879581654
2013-12-17 06:00:00,317.041,331.99133,436.78827,320.0623686795937,313.3735909762168,326.80784430371057
2013-12-17 06:10:00,330.7334,317.041,462.7917,321.2664463340768,353.0730481859521,350.0849559036386
2013-12-17 06:20:00,338.5261,330.7334,374.1717,334.7115299159569,328.12633721861124,343.53608836072834
2013-12-17 06:30:00,311.98495,338.5261,411.68982,344.158827324184,329.4789113887989,345.4258191023914
2013-12-17 06:40:00,377.2446,311.98495,554.008,334.6502268959992,363.3771988517963,399.0007592330479
2013-12-17 06:50:00,364.60797,377.2446,422.6603,379.23191974101894,377.312259967453,391.8427557013078
2013-12-17 07:00:00,463.99982,364.60797,521.6469,383.28538421241456,366.4016588165927,378.88661576235717
2013-12-17 07:10:00,515.5596,463.99982,610.34106,465.53297869843794,491.2064400366652,535.9304873081444
2013-12-17 07:20:00,516.2354,515.5596,605.98047,523.134064738823,509.95573741588277,519.8921714258122
2013-12-17 07:30:00,538.05585,516.2354,710.80786,561.9856576392766,555.1044566323922,598.9792400739103
2013-12-17 07:40:00,723.5852,538.05585,720.6791,593.3222162426671,643.1037851105101,648.1252680056496
2013-12-17 07:50:00,763.5819,723.5852,789.74915,729.5978920543366,794.6585922030716,839.0102592060827
2013-12-17 08:00:00,728.24445,763.5819,841.2559,807.4984634419815,902.684920094973,848.153110215928
2013-12-17 08:10:00,929.1893,728.24445,956.50635,836.3721975211855,995.5530276655754,978.1478713450239
2013-12-17 08:20:00,1197.8625,929.1893,1218.9791,982.9513562362945,1159.4724728343297,1123.018444174292
2013-12-17 08:30:00,1237.7401,1197.8625,1382.5034,1202.1920629545712,1340.9543879810212,1340.1957953757374
2013-12-17 08:40:00,1657.8984,1237.7401,1705.9255,1340.7108741293923,1498.1651959379008,1531.265470467119
2013-12-17 08:50:00,1860.2917,1657.8984,1912.6588,1699.6223131576276,1861.2633180464265,1751.3688990429953
2013-12-17 09:00:00,2083.8604,1860.2917,2249.3953,1935.1361932556995,2000.784131884112,2055.4835986891167
2013-12-17 09:10:00,2054.5942,2083.8604,2400.3564,2226.8143203404384,2279.332948920106,2286.02568575611
2013-12-17 09:20:00,2340.449,2054.5942,2539.6401,2285.1507518164426,2306.5375907842595,2215.422049989685
2013-12-17 09:30:00,2494.3694,2340.449,2770.318,2512.500422770772,2435.1162110616183,2433.901184231947
2013-12-17 09:40:00,2697.0933,2494.3694,3009.702,2654.0921583007257,2537.304164548927,2649.3805879083284
2013-12-17 09:50:00,2653.805,2697.0933,2820.3381,2864.9185868973814,2751.4503899177066,2757.4955819148213
2013-12-17 10:00:00,2913.4268,2653.805,3073.12,2882.407031607917,2754.2385536925017,2720.7101453207515
2013-12-17 10:10:00,2943.0493,2913.4268,3108.1572,3066.881763359276,2902.8267742809508,2972.116436401635
2013-12-17 10:20:00,2912.6917,2943.0493,2928.0945,3102.379910677764,2954.789718280646,2943.4321437263434
2013-12-17 10:30:00,2882.792,2912.6917,3088.049,3109.5481366800545,2990.6145461002675,2966.6190800227646
2013-12-17 10:40:00,2897.9875,2882.792,3266.7996,3061.7271751112007,2956.167594360634,3011.9646191140464
2013-12-17 10:50:00,3178.6436,2897.9875,3105.3557,3035.553043080535,2953.333867209851,2918.3173411754965
2013-12-17 11:00:00,2957.539,3178.6436,3462.975,3194.552645212822,3128.3005572085503,3096.5107420036993
2013-12-17 11:10:00,3091.1826,2957.539,3348.6824,3080.9812338017528,3050.1673714997455,3039.639057105953
2013-12-17 11:20:00,2935.6855,3091.1826,3118.5852,3159.602823242001,3149.625392408251,3139.7962564814125
2013-12-17 11:30:00,3038.8823,2935.6855,3280.457,3025.452756857685,3041.7390498697396,3041.935096044707
2013-12-17 11:40:00,3033.9995,3038.8823,3413.7861,3074.4248855703772,3118.3420017140475,3090.0124484579073
2013-12-17 11:50:00,3046.005,3033.9995,3309.9812,3051.5988715074564,3114.346839921581,3083.931059154436
2013-12-17 12:00:00,3170.3352,3046.005,3290.3904,3068.335692117075,3136.6648348941953,3095.5476235648716
2013-12-17 12:10:00,3287.0544,3170.3352,3776.5876,3144.1733068335616,3221.5391717587445,3243.05367032583
2013-12-17 12:20:00,3273.398,3287.0544,3575.1233,3240.6639628608614,3299.4096818546955,3364.010165214788
2013-12-17 12:30:00,3428.1892,3273.398,3868.0183,3274.963981513316,3331.3713268308334,3335.6190237841006
2013-12-17 12:40:00,3300.2437,3428.1892,3637.4717,3394.553765047512,3428.1229538786097,3520.138782201951
2013-12-17 12:50:00,3524.26,3300.2437,3817.0593,3341.175008261326,3364.1502337206903,3437.3405602235407
2013-12-17 13:00:00,3532.3972,3524.26,4082.4956,3495.686337937054,3500.130004772686,3602.4662593103008
2013-12-17 13:10:00,3420.4387,3532.3972,3859.2788,3526.3090939540143,3504.6672158003466,3526.6937702195905
2013-12-17 13:20:00,3283.0588,3420.4387,3974.8708,3502.52355029585,3477.132626571868,3554.808448384511
2013-12-17 13:30:00,3427.2715,3283.0588,3688.9468,3400.8316154204117,3383.809977749525,3364.401698332041
2013-12-17 13:40:00,3333.6228,3427.2715,3805.796,3459.9364107464335,3413.6662789968454,3425.9109532094226
2013-12-17 13:50:00,3423.7214,3333.6228,3894.6758,3408.483166246167,3368.8107821249378,3364.2026773828243
2013-12-17 14:00:00,3479.524,3423.7214,3811.0085,3483.3521101480897,3432.6742613100996,3407.942393919618
2013-12-17 14:10:00,3253.9463,3479.524,3629.133,3525.9930990887774,3443.798806983946,3401.333637363248
2013-12-17 14:20:00,3157.2212,3253.9463,3697.1533,3406.5806660775324,3344.397791267758,3288.2343237158584
2013-12-17 14:30:00,3336.7227,3157.2212,3382.6753,3312.9298294689743,3271.9756816020545,3207.741290890335
2013-12-17 14:40:00,3390.992,3336.7227,3475.0176,3376.6111492553164,3298.7029142961715,3267.0932597365018
2013-12-17 14:50:00,3404.924,3390.992,3332.1655,3427.3352255739183,3342.474464591785,3322.103287913887
2013-12-17 15:00:00,3288.246,3404.924,3371.7673,3476.7592066409147,3406.147348552036,3363.772792953957
2013-12-17 15:10:00,3316.8,3288.246,3388.5874,3406.7793967062676,3330.4923864198518,3330.751745621288
2013-12-17 15:20:00,3067.6777,3316.8,3393.719,3400.5121264494965,3329.033700664487,3298.3968669473506
2013-12-17 15:30:00,3504.3923,3067.6777,3186.8455,3211.244527969892,3178.368135006072,3158.109503488773
2013-12-17 15:40:00,3546.8486,3504.3923,3201.1042,3446.2059378693416,3376.7615237099726,3385.9258904011335
2013-12-17 15:50:00,3474.9421,3546.8486,3245.4646,3498.2166674130494,3401.396306717355,3354.9796886839663
2013-12-17 16:00:00,3474.5676,3474.9421,3246.5747,3527.8261517083915,3472.187960877874,3426.132771772196
2013-12-17 16:10:00,3764.53,3474.5676,3324.0134,3508.8094007262744,3454.2673049346927,3450.674461739211
2013-12-17 16:20:00,3574.8708,3764.53,3021.1975,3667.792889768084,3569.1113851442715,3552.807267745696
2013-12-17 16:30:00,3395.2378,3574.8708,3019.6475,3584.49375059238,3530.3294610669404,3495.701263425232
2013-12-17 16:40:00,3378.8628,3395.2378,3190.8296,3469.2804437600216,3440.3418282365146,3499.9355247969097
2013-12-17 16:50:00,3221.6948,3378.8628,3021.987,3383.0423204410436,3346.693130097498,3404.1379595991457
2013-12-17 17:00:00,3290.868,3221.6948,3179.2832,3236.6313321749335,3234.7342345393167,3210.798385649202
2013-12-17 17:10:00,3329.6926,3290.868,2976.75,3239.3699860623483,3255.1195116594463,3212.1630442399583
2013-12-17 17:20:00,3222.8572,3329.6926,3187.8835,3239.1650387251466,3223.6178891361133,3229.9590091642294
2013-12-17 17:30:00,3108.7495,3222.8572,2789.059,3180.755532068814,3186.417575799365,3145.3788941685125
2013-12-17 17:40:00,2915.6516,3108.7495,3138.1567,3087.717995222512,3115.3891401639444,3055.357178062658
2013-12-17 17:50:00,2874.3008,2915.6516,2807.501,2920.284506378509,2937.818017460504,2896.8543996651174
2013-12-17 18:00:00,2772.029,2874.3008,2642.5994,2837.251274657138,2857.773284730226,2812.5415155527294
2013-12-17 18:10:00,2927.0054,2772.029,2803.002,2729.8765296645706,2744.295414132139,2677.6837072379963
2013-12-17 18:20:00,2516.4592,2927.0054,2459.8784,2798.8422049823434,2776.4889085121417,2695.5999462252835
2013-12-17 18:30:00,2449.7654,2516.4592,2346.2654,2545.175638680861,2531.781740319213,2420.994305644109
2013-12-17 18:40:00,2397.9624,2449.7654,2350.6692,2455.851641257778,2449.7711420002183,2396.0602427974004
2013-12-17 18:50:00,2353.126,2397.9624,2046.2084,2347.3842462271473,2295.6014125707916,2202.6333216120565
2013-12-17 19:00:00,2134.7422,2353.126,1970.6299,2298.790756665189,2233.023380881197,2184.3625026008676
2013-12-17 19:10:00,2112.6353,2134.7422,2018.0936,2143.165620532135,2084.5436322696373,2038.7934191336162
2013-12-17 19:20:00,1947.939,2112.6353,1925.8717,2085.0361590682514,1990.6845780672338,1975.633536998931
2013-12-17 19:30:00,1829.2688,1947.939,1726.6337,1941.9412643813935,1851.7991624651484,1843.5341761186075
2013-12-17 19:40:00,1907.5634,1829.2688,1777.698,1834.471884609319,1769.1817559181911,1750.0280418396756
2013-12-17 19:50:00,1698.4342,1907.5634,1543.2426,1837.7136032046722,1735.3705299221056,1721.3925623987002
2013-12-17 20:00:00,1633.7745,1698.4342,1498.7781,1699.2050643568036,1608.9224432895637,1622.582774125977
2013-12-17 20:10:00,1544.1361,1633.7745,1489.2349,1634.6069926377404,1576.7021663562743,1626.9730177704512
2013-12-17 20:20:00,1431.9977,1544.1361,1361.1584,1533.8364228515115,1463.2828763298007,1493.1093534556114
2013-12-17 20:30:00,1385.2743,1431.9977,1210.2972,1436.247447992912,1398.7331008877477,1414.5459189207634
2013-12-17 20:40:00,1527.569,1385.2743,1291.0726,1373.0953677099271,1357.734129478669,1368.6083016905761
2013-12-17 20:50:00,1436.9327,1527.569,1233.8784,1434.6924776380583,1380.6537210875938,1349.4997437519878
2013-12-17 21:00:00,1300.8354,1436.9327,1094.7842,1395.1399317682913,1351.9224171665373,1327.83499392318
2013-12-17 21:10:00,1182.8038,1300.8354,1126.535,1315.7658720808538,1295.9189259157365,1306.751972231601
2013-12-17 21:20:00,1130.9697,1182.8038,1064.3871,1202.499688620063,1175.1435757901763,1194.7443327623253
2013-12-17 21:30:00,1155.9694,1130.9697,939.28357,1128.802534559601,1132.7992712336966,1136.7327956620618
2013-12-17 21:40:00,1180.3082,1155.9694,1055.847,1117.314336964281,1132.8032801169902,1108.8074719491856
2013-12-17 21:50:00,978.6412,1180.3082,911.88196,1128.5203228113337,1107.389457594967,1087.8281792138328
2013-12-17 22:00:00,988.71124,978.6412,977.26953,1008.0448690245773,1003.0856709297906,987.1888178511358
2013-12-17 22:10:00,1085.068,988.71124,1018.9928,985.5559063170784,988.2066502257177,979.3160971046982
2013-12-17 22:20:00,1033.1768,1085.068,990.019,1016.2588386873224,984.144223056969,914.9046137127524
2013-12-17 22:30:00,944.34955,1033.1768,940.1659,1004.4321232861096,989.2388007601671,948.938815555156
2013-12-17 22:40:00,942.01935,944.34955,865.2565,956.4153504619709,940.2400802963614,947.2921886783014
2013-12-17 22:50:00,967.8114,942.01935,779.14954,933.6418119738098,886.3195519721498,892.3181054144981
2013-12-17 23:00:00,1005.8289,967.8114,696.9023,937.2488593282045,907.2727787172873,860.2063777957875
2013-12-17 23:10:00,907.1661,1005.8289,730.4628,967.6773402284452,938.6197061144807,891.8872424787183
2013-12-17 23:20:00,756.8508,907.1661,765.42554,918.4232918891593,860.215460898468,864.8459463796695
2013-12-17 23:30:00,723.3758,756.8508,663.6351,809.8009617432624,778.1349281933371,755.5307149047238
2013-12-17 23:40:00,765.8622,723.3758,667.4697,750.1500807551697,735.786242915853,735.8202056196183
2013-12-17 23:50:00,716.9842,765.8622,690.7701,750.515124553485,717.7753010242395,689.8586445907359
2013-12-18 00:00:00,661.3385,716.9842,559.17334,723.1136035439409,696.6402941153402,678.796461871687
2013-12-18 00:10:00,632.7722,661.3385,619.6598,686.9094406333593,668.2787883761197,708.184637079535
2013-12-18 00:20:00,580.1305,632.7722,583.0513,652.1595898669483,600.9387393658825,612.9462955020454
2013-12-18 00:30:00,556.2925,580.1305,533.50867,604.5229707826978,559.1493228100977,556.7406190649082
2013-12-18 00:40:00,602.6932,556.2925,569.07336,575.815320312034,545.8868553822803,578.5935614926418
2013-12-18 00:50:00,549.747,602.6932,581.9292,593.5388864068856,541.1194134436365,558.2368247587505
2013-12-18 01:00:00,485.12848,549.747,545.35425,563.6073504645809,523.663519451148,524.6858759588833
2013-12-18 01:10:00,531.8049,485.12848,482.79617,518.4153630241489,505.6863696633606,514.509878631528
2013-12-18 01:20:00,523.7163,531.8049,525.0744,528.9334985055475,494.82577281725435,496.3674318850026
2013-12-18 01:30:00,457.69116,523.7163,425.48038,520.1943225565781,489.5663153689883,488.346181489502
2013-12-18 01:40:00,520.6367,457.69116,409.66486,481.9823360165502,484.46890027272747,483.0074962683056
2013-12-18 01:50:00,493.67102,520.6367,425.38522,508.33547413433405,474.8438576039867,474.97861444656894
2013-12-18 02:00:00,406.3178,493.67102,397.72202,489.21079031946215,451.58543807589984,457.8655936885839
2013-12-18 02:10:00,450.19852,406.3178,483.91452,434.96754556503856,452.01757801341716,446.4906700987742
2013-12-18 02:20:00,436.3538,450.19852,429.68826,442.42831934833663,425.74288144198954,442.3084150953763
2013-12-18 02:30:00,380.04153,436.3538,337.49707,424.6757630362548,396.5116579226112,410.20831230371033
2013-12-18 02:40:00,439.22012,380.04153,400.18402,390.85069098393353,428.1223082417618,405.5980059072516
2013-12-18 02:50:00,414.0453,439.22012,391.16016,413.8411023294278,408.69758079368347,408.48126718560155
2013-12-18 03:00:00,377.93063,414.0453,326.25812,396.7433830513972,369.3755077609299,383.4395085326841
2013-12-18 03:10:00,423.2731,377.93063,381.71393,377.1645512827731,424.16122733285323,413.32234360245354
2013-12-18 03:20:00,431.6105,423.2731,375.24277,392.85782536881067,393.89541896528317,397.22586726730543
2013-12-18 03:30:00,381.568,431.6105,319.0267,397.5073933711549,371.34659554923627,387.01660778312964
2013-12-18 03:40:00,433.5383,381.568,391.66833,373.8635138421159,425.9112101320177,405.93432918014827
2013-12-18 03:50:00,402.70056,433.5383,376.21207,396.8451249918181,399.4247215444332,418.9489853794602
2013-12-18 04:00:00,372.7359,402.70056,308.36282,377.792964297269,354.01135347073796,374.36434505085157
2013-12-18 04:10:00,415.75565,372.7359,372.93994,361.8019269511202,420.1647515049411,396.9914802628582
2013-12-18 04:20:00,406.3473,415.75565,383.0605,377.673760313923,387.3305858268197,399.74917079225384
2013-12-18 04:30:00,371.60526,406.3473,297.95532,374.5638705163728,356.3423975217837,377.6131691020967
2013-12-18 04:40:00,420.7162,371.60526,356.9537,359.38488954555964,418.869400816679,393.8498722180132
2013-12-18 04:50:00,392.8665,420.7162,364.51663,382.8016378496319,391.00216116907416,397.8133439406096
2013-12-18 05:00:00,370.8636,392.8665,312.10104,370.34969944528336,352.4047389240222,367.29675651921275
2013-12-18 05:10:00,419.274,370.8636,384.06335,362.1555621138751,420.8039883206855,395.6381398636987
2013-12-18 05:20:00,399.49872,419.274,381.5939,386.11788964603704,392.2710165536537,402.97370281832195
2013-12-18 05:30:00,368.65482,399.49872,343.93573,381.93662837358187,361.84372524319446,374.2116683124328
2013-12-18 05:40:00,424.9937,368.65482,395.71906,370.658754924418,424.02868831198526,394.0013156890026
2013-12-18 05:50:00,428.42404,424.9937,398.45816,401.3153654386336,401.3136305716414,398.6888897748363
2013-12-18 06:00:00,389.51395,428.42404,354.03497,412.74300661951565,384.9294757631516,391.08430241629617
2013-12-18 06:10:00,434.3549,389.51395,395.13437,403.1332892480928,447.86416894603485,426.00294993185514
2013-12-18 06:20:00,427.3218,434.3549,396.44852,431.0908773872633,421.31476504275935,425.4162482166502
2013-12-18 06:30:00,394.56573,427.3218,364.00824,433.3473416984405,400.7353967739595,409.92816536805344
2013-12-18 06:40:00,496.37943,394.56573,452.62628,423.5408765145394,465.76233796274,453.62879624868543
2013-12-18 06:50:00,473.81973,496.37943,492.35718,488.9666889753216,481.08720283637007,474.85251842263295
2013-12-18 07:00:00,486.70123,473.81973,463.61295,493.6541688856102,456.9805474099856,462.7275951210362
2013-12-18 07:10:00,599.9542,486.70123,555.06165,524.2792434339933,563.3518616998616,559.5622404581306
2013-12-18 07:20:00,525.7067,599.9542,565.39594,604.652670205942,597.7916011887821,593.3019533285232
2013-12-18 07:30:00,586.37915,525.7067,533.3812,584.8216280995902,573.0176880590653,589.0136159219131
2013-12-18 07:40:00,784.0884,586.37915,777.6621,640.9145395631621,715.3117629783758,721.4013940306892
2013-12-18 07:50:00,714.16705,784.0884,904.48895,776.3831351638538,838.6963917064598,838.8476385926185
2013-12-18 08:00:00,779.42487,714.16705,812.20245,789.4119987474022,849.5431287264146,809.0626605388421
2013-12-18 08:10:00,981.38135,779.42487,1016.8386,867.5239599684903,1016.8656574048454,983.3599334811918
2013-12-18 08:20:00,1149.291,981.38135,1204.3873,1009.1916029607137,1171.490899479472,1144.9397702140338
2013-12-18 08:30:00,1348.9604,1149.291,1464.5023,1184.0812223929804,1323.4501009502103,1273.5216313218416
2013-12-18 08:40:00,1568.053,1348.9604,1682.7236,1405.4903975090003,1586.5023695925618,1595.5760834803496
2013-12-18 08:50:00,1768.0126,1568.053,2065.8184,1635.4763332877365,1805.5365555793217,1791.6763610866644
2013-12-18 09:00:00,2023.6375,1768.0126,2095.5393,1860.8280197256656,1981.875884646932,1932.2497236770546
2013-12-18 09:10:00,2272.9028,2023.6375,2579.7139,2119.8316264494474,2205.144665846782,2281.8272616159124
2013-12-18 09:20:00,2444.1504,2272.9028,2469.0522,2376.6423237856884,2398.9157799603317,2419.887599329879
2013-12-18 09:30:00,2440.6448,2444.1504,2808.0854,2585.939418488372,2546.426728146849,2472.1843956698144
2013-12-18 09:40:00,2575.3638,2440.6448,2834.619,2650.347655405308,2590.2892302819428,2582.6617439922347
2013-12-18 09:50:00,2680.1409,2575.3638,2883.2156,2754.926151969317,2664.809425806544,2699.3192825912706
2013-12-18 10:00:00,2715.6216,2680.1409,3156.2393,2828.4502746979233,2711.675423267312,2709.7977652449686
2013-12-18 10:10:00,2921.397,2715.6216,3191.8455,2873.4923124717675,2771.519227988042,2805.4279886976933
2013-12-18 10:20:00,2777.683,2921.397,3008.322,3012.225104829035,2907.1780270640616,2903.3276280522873
2013-12-18 10:30:00,2773.9456,2777.683,3253.7097,2933.7205881857763,2850.2976885052144,2833.9488558675052
2013-12-18 10:40:00,2989.9443,2773.9456,3167.403,2915.340834225626,2877.454053039882,2952.9539769372473
2013-12-18 10:50:00,2846.941,2989.9443,3287.4407,3006.7751131147315,2970.2710435006675,2930.8192560102248
2013-12-18 11:00:00,2811.0322,2846.941,3249.8015,2928.2643918189333,2925.920541006354,2884.605411480623
2013-12-18 11:10:00,3279.4287,2811.0322,3271.0713,2895.0770566048586,2952.1947340963625,2969.833420414654
2013-12-18 11:20:00,3163.4817,3279.4287,3329.848,3143.1061829674295,3175.4951535717864,3131.390332515631
2013-12-18 11:30:00,3015.9001,3163.4817,3005.5173,3132.1470151237277,3186.347695747436,3110.8130260414287
2013-12-18 11:40:00,3284.274,3015.9001,3142.5615,3084.0213832285467,3206.062840590607,3117.0352657601225
2013-12-18 11:50:00,3299.7688,3284.274,3158.8928,3198.336836758745,3304.294091003293,3244.86083027903
2013-12-18 12:00:00,2981.0393,3299.7688,3256.498,3221.3704822060226,3336.868995514051,3251.3101939379544
2013-12-18 12:10:00,3214.531,2981.0393,3270.32,3058.1146273799027,3240.0114150245254,3180.948363758609
2013-12-18 12:20:00,3171.6145,3214.531,3288.2725,3151.7900220092047,3300.243776255505,3314.0046868689715
2013-12-18 12:30:00,3339.469,3171.6145,3452.629,3111.115008745331,3245.0983749039283,3227.1442397212827
2013-12-18 12:40:00,3410.1052,3339.469,4244.994,3252.2319622810023,3412.387089979238,3451.357591836115
2013-12-18 12:50:00,3605.2388,3410.1052,4260.2275,3322.965249198394,3430.3024590872183,3471.037675036393
2013-12-18 13:00:00,3426.0024,3605.2388,3750.691,3493.9762695981644,3546.6198247960647,3582.937923784061
2013-12-18 13:10:00,3416.0273,3426.0024,3767.8079,3433.859540309534,3510.821322963749,3516.131811464805
2013-12-18 13:20:00,3399.9404,3416.0273,3813.6316,3436.6594693612774,3481.4884815931723,3568.035152022227
2013-12-18 13:30:00,3227.8003,3399.9404,3723.6978,3402.4319339866547,3432.543849379936,3453.395352325649
2013-12-18 13:40:00,3338.3108,3227.8003,3712.067,3293.581394217775,3342.904838796299,3311.1563854593774
2013-12-18 13:50:00,3355.9119,3338.3108,3390.4854,3339.627848060049,3375.6853500764582,3386.381972825072
2013-12-18 14:00:00,3166.157,3355.9119,3612.8962,3348.103719724833,3350.3827777686306,3311.005061714075
2013-12-18 14:10:00,3369.87,3166.157,3613.8252,3252.204142381625,3273.8636035332547,3189.102991732087
2013-12-18 14:20:00,3113.4395,3369.87,3753.6797,3358.303965539375,3364.869821973667,3319.8287245489205
2013-12-18 14:30:00,3275.354,3113.4395,3554.43,3197.5196867234326,3193.846178479559,3097.3221685957556
2013-12-18 14:40:00,3055.2415,3275.354,3301.1077,3293.9717428580398,3297.8218040433085,3254.8363500938103
2013-12-18 14:50:00,2968.3508,3055.2415,3585.7346,3134.4824394063157,3143.695678648659,3072.743421333345
2013-12-18 15:00:00,2976.4426,2968.3508,3514.889,3063.101973391842,3079.168469841777,2976.9487192233773
2013-12-18 15:10:00,2978.9148,2976.4426,3426.4248,3012.4797849332044,3043.564956337297,2987.9889562327235
2013-12-18 15:20:00,2843.1064,2978.9148,3320.781,2995.3476497674446,3010.7951695833813,3001.8082567696483
2013-12-18 15:30:00,2873.2676,2843.1064,3710.0723,2901.76710355789,2941.105402744072,2879.790791182959
2013-12-18 15:40:00,3034.583,2873.2676,3245.2976,2889.9607856197467,2937.6477766242865,2949.305457307097
2013-12-18 15:50:00,2952.284,3034.583,3554.6401,2966.316583495335,2992.4951091839316,2984.8076346035464
2013-12-18 16:00:00,2992.3245,2952.284,3284.458,2938.406405421679,2972.944223171953,2941.2799904902663
2013-12-18 16:10:00,3030.435,2992.3245,3351.186,2966.917300714263,3019.0027670971003,3026.7429657911225
2013-12-18 16:20:00,2983.1575,3030.435,3570.2234,2973.3091718261244,3011.784560518557,3016.368155048877
2013-12-18 16:30:00,2836.9736,2983.1575,3497.139,2945.7856128434673,2991.193049291119,2983.6639435436123
2013-12-18 16:40:00,2978.4666,2836.9736,3293.5796,2839.331052091259,2911.0495699770736,2942.7795126106826
2013-12-18 16:50:00,3022.2869,2978.4666,3403.468,2885.322669767179,2940.9927838367425,3017.0529926801532
2013-12-18 17:00:00,2991.5867,3022.2869,3537.1838,2902.763697920774,2940.87204315436,2933.517771723867
2013-12-18 17:10:00,2801.4204,2991.5867,3291.1863,2906.2677559258746,2963.3372405984696,2986.887366657281
2013-12-18 17:20:00,2843.474,2801.4204,3294.8696,2779.273579563887,2849.2695541663807,2879.6773332993876
2013-12-18 17:30:00,2739.0618,2843.474,3221.8635,2761.062717840957,2822.641352627385,2827.8720120537164
2013-12-18 17:40:00,2828.4387,2739.0618,3089.9514,2665.7369961286045,2724.7022203922425,2694.1968377138655
2013-12-18 17:50:00,2639.4653,2828.4387,2833.1003,2705.0864212369484,2753.678838751687,2771.1745391601426
2013-12-18 18:00:00,2697.9636,2639.4653,2840.237,2581.0429366043395,2616.523396401714,2620.055573976227
2013-12-18 18:10:00,2509.298,2697.9636,2752.0376,2596.732674492572,2627.1042124721585,2643.2977935047593
2013-12-18 18:20:00,2373.9258,2509.298,2414.8872,2455.969309772661,2477.928452898936,2462.742082256193
2013-12-18 18:30:00,2274.869,2373.9258,2488.2773,2346.404843826442,2366.469172749342,2316.3989227129255
2013-12-18 18:40:00,2122.945,2274.869,2273.6748,2231.213383213383,2235.5407918902224,2219.273785603551
2013-12-18 18:50:00,2104.6555,2122.945,2159.5952,2097.1349808597224,2085.730771401792,2049.7524933238915
2013-12-18 19:00:00,1954.2174,2104.6555,2318.6895,2044.7856056814412,2020.548551718232,1985.0896446553174
2013-12-18 19:10:00,1900.604,1954.2174,1939.919,1923.4516910053746,1879.1338713855157,1892.6320415574298
2013-12-18 19:20:00,1830.8048,1900.604,1945.4906,1862.0198679715809,1812.9940999252963,1817.4985201689567
2013-12-18 19:30:00,1645.0162,1830.8048,1910.2908,1786.1338517509764,1729.0779626635158,1715.4910550996606
2013-12-18 19:40:00,1657.5729,1645.0162,1762.2177,1648.3994163312218,1604.343601692869,1634.0771838641497
2013-12-18 19:50:00,1499.5961,1657.5729,1644.4066,1615.109440141194,1573.5927859781143,1588.381877777659
2013-12-18 20:00:00,1415.3047,1499.5961,1674.3566,1488.7174437585295,1451.902104252052,1460.168653654424
2013-12-18 20:10:00,1484.5228,1415.3047,1552.7039,1410.799483446086,1399.9882965655659,1422.3960910367255
2013-12-18 20:20:00,1344.5981,1484.5228,1487.666,1415.531382394916,1386.426781552884,1373.118366747711
2013-12-18 20:30:00,1296.4247,1344.5981,1455.7689,1326.1705944655002,1305.8589617453897,1320.8750649411036
2013-12-18 20:40:00,1235.2767,1296.4247,1289.6373,1283.151415491362,1286.5321269150409,1313.184279640662
2013-12-18 20:50:00,1203.8081,1235.2767,1262.0618,1214.7511631926811,1200.7464373897742,1210.1859691163081
2013-12-18 21:00:00,1060.9435,1203.8081,1341.0243,1177.0161752907525,1184.4834611740284,1195.8585196573365
2013-12-18 21:10:00,1170.2113,1060.9435,1188.1857,1070.9458709432004,1102.2747667926944,1138.3698685034728
2013-12-18 21:20:00,993.60364,1170.2113,1358.6355,1110.6178178156697,1110.6091740648415,1102.881389240281
2013-12-18 21:30:00,968.93866,993.60364,1139.7738,995.3650571778421,1003.9711513750418,1014.9575257825703
2013-12-18 21:40:00,1047.5737,968.93866,1067.8315,967.7171964965762,1006.7152653299556,1024.889619467684
2013-12-18 21:50:00,1083.4265,1047.5737,1082.353,985.592591520099,973.7180889799567,931.8338511127821
2013-12-18 22:00:00,916.08826,1083.4265,923.44904,1017.9859169508211,1004.3634466630353,982.7325799093403
2013-12-18 22:10:00,1061.1027,916.08826,953.3142,932.597647178204,950.0316757128586,942.8265470972234
2013-12-18 22:20:00,863.02856,1061.1027,826.1804,1002.3320408461948,956.1236179185519,971.4684598978095
2013-12-18 22:30:00,815.0375,863.02856,816.2497,876.4300844871362,847.9250399618754,869.055108354221
2013-12-18 22:40:00,800.18884,815.0375,835.46796,836.6019411914101,865.9051235550207,854.3523885135492
2013-12-18 22:50:00,839.25116,800.18884,768.98474,791.4993011797056,762.3911933137337,774.0781041940013
2013-12-18 23:00:00,747.428,839.25116,798.61926,807.7422487940065,773.993953445212,768.3390068507697
2013-12-18 23:10:00,753.55945,747.428,701.0339,755.7869788245102,764.1866010373523,765.778903752952
2013-12-18 23:20:00,731.6779,753.55945,829.9903,752.6786810810647,708.4287350539395,729.4047590667753
2013-12-18 23:30:00,626.659,731.6779,696.2265,727.3111158196444,675.2272861189375,690.3065068902206
2013-12-18 23:40:00,700.3663,626.659,726.57916,657.7298087792894,662.394125677977,657.4145298485566
2013-12-18 23:50:00,573.64374,700.3663,682.36914,686.124578284533,650.5807855629567,651.6068777517492
2013-12-19 00:00:00,551.97705,573.64374,611.50256,601.0089155494627,556.0260724540742,575.9256007353171
2013-12-19 00:10:00,509.2812,551.97705,611.83923,578.3626742360951,578.4408839204403,569.6461942306732
2013-12-19 00:20:00,505.89673,509.2812,602.83734,528.2560550122154,498.648547092674,492.6019837756335
2013-12-19 00:30:00,428.34677,505.89673,572.9258,516.2377202727835,493.70047449117345,503.843609599712
2013-12-19 00:40:00,451.18958,428.34677,589.8599,457.5713364252019,479.4485158218585,455.42665404833906
2013-12-19 00:50:00,433.8096,451.18958,515.5683,459.35859809333147,447.6830819513128,459.7804291020631
2013-12-19 01:00:00,382.50235,433.8096,454.60318,439.5619976995598,412.6911740198032,412.06797567825663
2013-12-19 01:10:00,425.52,382.50235,542.1632,406.0540628026211,433.9780429539209,415.4673683828225
2013-12-19 01:20:00,422.1245,425.52,431.64197,422.10460010096386,418.89087029659044,412.06293005827445
2013-12-19 01:30:00,365.89777,422.1245,422.7875,418.22903808133697,387.60338355157586,386.34564237735435
2013-12-19 01:40:00,390.98126,365.89777,467.1225,387.03119496585254,423.13019915033294,398.2702918702279
2013-12-19 01:50:00,364.15405,390.98126,413.82062,392.02582783089986,394.45111752070454,392.639178877076
2013-12-19 02:00:00,346.4092,364.15405,414.0229,368.32164451809854,340.61211725566733,353.948808142788
2013-12-19 02:10:00,363.6704,346.4092,451.2489,354.6286619880457,398.5485942288474,367.31527322415013
2013-12-19 02:20:00,336.38782,363.6704,392.54187,356.49361590016224,369.2730566897888,367.75819462663617
2013-12-19 02:30:00,334.36816,336.38782,402.98483,337.1962567889823,316.7314891633686,327.79598849556663
2013-12-19 02:40:00,341.22464,334.36816,445.1554,332.0986938864387,377.52720831082706,368.9057952434426
2013-12-19 02:50:00,362.49945,341.22464,375.6043,329.64141151832297,351.1252647321954,348.5343336089773
2013-12-19 03:00:00,318.2502,362.49945,386.63605,341.59228202463817,325.5961657284912,344.1277359687704
2013-12-19 03:10:00,352.77246,318.2502,409.80145,316.6913307444424,359.93726217546487,362.25819703725665
2013-12-19 03:20:00,335.25732,352.77246,375.53616,332.2173779336649,360.11271862609533,369.9940090242061
2013-12-19 03:30:00,325.40125,335.25732,375.90295,318.48112876406975,306.1686872084227,334.2371380987571
2013-12-19 03:40:00,332.80957,325.40125,400.9672,313.62648444193235,363.6558602355596,365.9586444568468
2013-12-19 03:50:00,322.70392,332.80957,361.84726,312.4909055680102,345.91229471521837,340.7439809139322
2013-12-19 04:00:00,294.57678,322.70392,353.20392,305.03418951010354,300.35560802848835,314.958437734227
2013-12-19 04:10:00,348.22983,294.57678,390.0122,286.5121714016221,335.3284074213502,328.8680815539946
2013-12-19 04:20:00,315.64874,348.22983,358.34814,312.06285489611764,350.09865066616214,343.35163778617954
2013-12-19 04:30:00,298.32684,315.64874,364.88416,297.173005702886,295.16529329533273,304.99049393957756
2013-12-19 04:40:00,366.72327,298.32684,372.5951,290.247948250932,343.0454379253479,336.0191955766922
2013-12-19 04:50:00,309.5078,366.72327,348.94357,323.72767748496227,352.7272086702696,352.6624807775589
2013-12-19 05:00:00,294.11905,309.5078,354.05392,299.4519147079482,297.03167696606516,312.80619154723655
2013-12-19 05:10:00,335.91272,294.11905,378.588,292.9211234993763,350.83800074891866,336.02884969462457
2013-12-19 05:20:00,328.00903,335.91272,375.91113,309.2688260270944,326.3240911623271,321.313388975607
2013-12-19 05:30:00,307.71188,328.00903,348.8511,311.7095878935037,304.2498096739576,318.16878169049556
2013-12-19 05:40:00,398.04947,307.71188,388.7876,307.6095026238527,366.4567315371162,344.1202211929309
2013-12-19 05:50:00,327.98383,398.04947,389.31107,361.3435111577894,361.8985894773173,361.58274608516996
2013-12-19 06:00:00,329.04965,327.98383,365.49173,333.990292151636,308.8204940868674,319.7042277352763
2013-12-19 06:10:00,384.1742,329.04965,414.06406,341.97953026042535,396.76590021991024,365.91721191667693
2013-12-19 06:20:00,277.47937,384.1742,364.88428,370.25047585938125,358.1977552100857,359.43141810390506
2013-12-19 06:30:00,274.72568,277.47937,365.6472,312.6265374826227,291.373961662597,314.5655197743867
2013-12-19 06:40:00,325.9572,274.72568,427.11465,304.75933457422485,360.9172318217721,336.4660807382859
2013-12-19 06:50:00,334.89874,325.9572,401.78748,325.1608371841962,325.6549961981456,322.16899213379054
2013-12-19 07:00:00,386.31302,334.89874,461.42535,344.73391880694373,317.08640089993884,351.1299823640334
2013-12-19 07:10:00,424.3793,386.31302,629.75574,395.75355563687896,444.6067828155114,411.0024872004858
2013-12-19 07:20:00,477.29263,424.3793,476.47272,438.06892731656933,421.25256895897184,423.7274577348715
2013-12-19 07:30:00,715.128,477.29263,553.3329,497.39523027871587,456.30503658848454,495.18345256725434
2013-12-19 07:40:00,884.726,715.128,690.89044,676.0442867031749,694.0562111070699,763.7418603093386
2013-12-19 07:50:00,785.541,884.726,723.0951,857.216896954772,794.9375047672013,883.7516089629652
2013-12-19 08:00:00,678.9755,785.541,790.5578,889.5158881795701,805.3561472105534,829.6760030242524
2013-12-19 08:10:00,819.58746,678.9755,965.3027,825.6906344611925,849.3226319907684,906.9435478290778
2013-12-19 08:20:00,879.0157,819.58746,1147.6617,892.2372097337633,1065.7309946862554,1022.6448219157733
2013-12-19 08:30:00,1063.2784,879.0157,1346.1465,942.6175018661854,1206.5780689823875,1097.5744288377866
2013-12-19 08:40:00,1343.3223,1063.2784,1696.7518,1114.5598594463397,1402.7795426042214,1380.8954868249464
2013-12-19 08:50:00,1527.7472,1343.3223,2050.4805,1354.9398427672256,1611.3971683352233,1537.3455681975076
2013-12-19 09:00:00,1859.0157,1527.7472,2252.875,1581.4021846947974,1780.9696858897642,1704.7547020308516
2013-12-19 09:10:00,1937.3192,1859.0157,2388.326,1903.7662730255415,2099.8014928644175,2183.396866354548
2013-12-19 09:20:00,2040.3126,1937.3192,2244.7144,2058.6005722488753,2188.7499029034034,2128.2507737242245
2013-12-19 09:30:00,2293.7756,2040.3126,2694.9998,2203.014555815554,2256.06057130996,2125.592766323475
2013-12-19 09:40:00,2391.542,2293.7756,2891.175,2396.5058268993853,2375.829769384733,2529.750794784522
2013-12-19 09:50:00,2310.9873,2391.542,2669.509,2515.2269762438295,2439.7367074791423,2458.890784457899
2013-12-19 10:00:00,2419.8958,2310.9873,3044.6382,2506.4473171957175,2454.751215910707,2384.723424139554
2013-12-19 10:10:00,2641.6396,2419.8958,2881.6555,2560.591671059783,2499.6003736753814,2625.9245302197455
2013-12-19 10:20:00,2614.3936,2641.6396,2858.532,2690.2615433633173,2587.0548796946073,2643.3048853216883
2013-12-19 10:30:00,2709.894,2614.3936,3054.1497,2710.482213980436,2638.092778584911,2669.451541689097
2013-12-19 10:40:00,2891.0874,2709.894,3245.2678,2785.1545404211447,2733.622710596183,2854.635026101886
2013-12-19 10:50:00,2683.944,2891.0874,3211.1035,2891.7552045090874,2819.11403896429,2843.806296882232
2013-12-19 11:00:00,2721.842,2683.944,3167.5945,2782.4429161087724,2764.93124913925,2744.370552630626
2013-12-19 11:10:00,2922.3674,2721.842,3685.8828,2780.288435896805,2803.7021441406246,2860.1734905470953
2013-12-19 11:20:00,2925.5017,2922.3674,3145.2349,2861.1986953831347,2871.685591712163,2879.053805419109
2013-12-19 11:30:00,2795.0598,2925.5017,3320.9858,2889.5125382975543,2935.459105899361,2917.2685761083717
2013-12-19 11:40:00,2981.7651,2795.0598,3355.4397,2826.3744214697645,2926.603284082454,2944.0967214661096
2013-12-19 11:50:00,2826.961,2981.7651,3107.702,2911.2465644708404,3008.8653901025623,3005.2410189685634
2013-12-19 12:00:00,2799.4988,2826.961,3160.2832,2814.1382904467855,2955.1691766076437,2926.4521782074416
2013-12-19 12:10:00,3123.9639,2799.4988,3265.9905,2794.5231179788093,2984.444459918701,2958.6637508580534
2013-12-19 12:20:00,3150.1438,3123.9639,3192.5342,2962.7051147268003,3139.266780276072,3113.3747684960877
2013-12-19 12:30:00,3046.8457,3150.1438,3716.7053,3031.0028629969315,3188.699376609189,3197.950248106336
2013-12-19 12:40:00,3468.6465,3046.8457,3289.129,3028.1235017165172,3209.1126444875827,3248.530033404618
2013-12-19 12:50:00,3090.9265,3468.6465,3166.2246,3280.167628202886,3408.8739438659536,3443.6111959816258
2013-12-19 13:00:00,3197.6743,3090.9265,3704.276,3102.565692165237,3222.6504275883813,3209.01763735738
2013-12-19 13:10:00,3417.0127,3197.6743,3747.4702,3182.093684630211,3317.241182837358,3350.2654298624875
2013-12-19 13:20:00,2906.8586,3417.0127,3643.8262,3282.1450287650378,3372.108806229697,3363.7111077287313
2013-12-19 13:30:00,3040.736,2906.8586,3588.603,3016.025039808286,3107.265852938653,2968.995756208905
2013-12-19 13:40:00,3329.926,3040.736,3581.3933,3057.3896710257145,3177.15615232229,3143.034283625997
2013-12-19 13:50:00,3320.1162,3329.926,3650.208,3184.7675517893476,3235.4611772003627,3188.0952533444274
2013-12-19 14:00:00,3093.6794,3320.1162,3730.5176,3262.079447731455,3279.1480489231144,3206.1983872826004
2013-12-19 14:10:00,3205.8438,3093.6794,3513.4746,3168.994269627844,3223.708230179706,3143.0525071350444
2013-12-19 14:20:00,2994.403,3205.8438,3587.7686,3203.788556139876,3225.216720812373,3184.272230526059
2013-12-19 14:30:00,2840.9158,2994.403,3530.8586,3049.9233437531952,3088.4065330417075,3002.245000209591
2013-12-19 14:40:00,2868.2761,2840.9158,3593.4714,2930.584807339718,3002.2244673563628,2927.8351976644926
2013-12-19 14:50:00,2783.3262,2868.2761,3327.393,2885.747505189751,2938.1628368103097,2891.4701332071672
2013-12-19 15:00:00,2646.1895,2783.3262,3343.565,2806.9080418383305,2848.238105352013,2788.7790256947587
2013-12-19 15:10:00,2663.997,2646.1895,3391.646,2702.737394725016,2784.684901171403,2700.8630804166087
2013-12-19 15:20:00,2644.556,2663.997,3200.0273,2670.7740639029403,2750.4357990432954,2704.3228664940084
2013-12-19 15:30:00,2672.2568,2644.556,3090.5044,2631.8129742293777,2698.172535316241,2650.1151694646173
2013-12-19 15:40:00,2697.133,2672.2568,3372.3027,2641.6012209515807,2722.5323876551392,2745.3464413486167
2013-12-19 15:50:00,2690.9583,2697.133,3388.8025,2650.5093254083235,2732.085393995267,2710.8251115018725
2013-12-19 16:00:00,2776.7083,2690.9583,3331.8894,2646.4640472279525,2725.8149809293914,2685.1235114952046
2013-12-19 16:10:00,2705.3882,2776.7083,3287.2761,2693.7916613700327,2781.0397566200086,2812.4544101033102
2013-12-19 16:20:00,2695.6719,2705.3882,3628.3857,2652.5678981325245,2741.516270454714,2761.646806544793
2013-12-19 16:30:00,2693.8855,2695.6719,3514.6807,2638.0878718040344,2733.269515448748,2714.9784077122363
2013-12-19 16:40:00,2853.3987,2693.8855,3188.418,2613.3049354734076,2709.206923044337,2726.544130383121
2013-12-19 16:50:00,2749.047,2853.3987,3206.2322,2700.0395509778614,2779.5448197914784,2800.99027093464
2013-12-19 17:00:00,3048.158,2749.047,3375.474,2653.3853513130407,2736.931632610381,2718.649781688373
2013-12-19 17:10:00,3068.6235,3048.158,3211.142,2836.1477697466585,2910.2058649746778,2956.441375492315
2013-12-19 17:20:00,3087.5913,3068.6235,3238.3196,2874.3159513636047,2924.3269825796697,2916.4125336265356
2013-12-19 17:30:00,3060.1067,3087.5913,3205.115,2933.2634067488348,2990.0594886494528,2959.9651104680374
2013-12-19 17:40:00,2897.219,3060.1067,3120.2217,2916.0455177241906,2969.972077084896,2970.3644785939127
2013-12-19 17:50:00,2815.6306,2897.219,2936.5264,2807.6754932875338,2853.765930581539,2846.556412930332
2013-12-19 18:00:00,2529.0251,2815.6306,2766.5771,2720.755080172232,2779.754961329482,2724.5390065372667
2013-12-19 18:10:00,2245.4712,2529.0251,2604.0144,2498.591897047632,2554.508543382771,2530.0915326549693
2013-12-19 18:20:00,2233.3381,2245.4712,2433.6719,2256.448944015891,2320.2048719417585,2236.317513344943
2013-12-19 18:30:00,2286.0046,2233.3381,2555.4153,2159.2888745499863,2204.94460607046,2140.7003476714563
2013-12-19 18:40:00,2205.617,2286.0046,2385.589,2144.650109982135,2138.572435254549,2148.327916130446
2013-12-19 18:50:00,1936.1971,2205.617,2203.5886,2102.2656014320733,2079.968196499486,2018.652713250937
2013-12-19 19:00:00,1866.63,1936.1971,2159.7373,1928.20006756116,1909.8529458300793,1861.114930533487
2013-12-19 19:10:00,1681.9674,1866.63,2062.6765,1828.7585781689381,1807.7094346955323,1829.392994131296
2013-12-19 19:20:00,1652.0215,1681.9674,1893.613,1661.3674563883599,1661.6664704993623,1652.9348986525017
2013-12-19 19:30:00,1538.9087,1652.0215,1753.394,1602.3031916075618,1603.059502267804,1578.975974982985
2013-12-19 19:40:00,1475.5173,1538.9087,1936.6428,1499.0981526209985,1465.9096389273473,1474.5005550652186
2013-12-19 19:50:00,1352.842,1475.5173,2226.283,1436.6466213391882,1406.7334476457552,1394.3315100171262
2013-12-19 20:00:00,1158.3793,1352.842,1802.0859,1332.2499831945217,1314.978224978616,1292.1530362660535
2013-12-19 20:10:00,1261.2252,1158.3793,1656.9246,1178.4251732475775,1177.604890212335,1184.0570262185533
2013-12-19 20:20:00,1102.825,1261.2252,1722.0911,1193.135411819263,1197.907010586474,1205.6701734701774
2013-12-19 20:30:00,1114.7931,1102.825,1700.2056,1081.826343769735,1096.8903946527996,1100.7635534884494
2013-12-19 20:40:00,1173.9224,1114.7931,1690.7418,1079.4885442962236,1100.5729124551676,1127.613611556899
2013-12-19 20:50:00,1068.9015,1173.9224,1755.2751,1092.9228099604354,1071.8388124642954,1060.1318680109332
2013-12-19 21:00:00,939.7295,1068.9015,1609.5397,1040.5396964843542,1047.1594620528351,1064.6300869304885
2013-12-19 21:10:00,1005.54706,939.7295,1541.2902,950.2681524471709,975.7641906814125,992.4142161780321
2013-12-19 21:20:00,993.1734,1005.54706,1549.9976,954.8478706420589,947.0988325354754,984.8041962898292
2013-12-19 21:30:00,919.0538,993.1734,1445.869,938.2286787357408,961.0237922942033,946.5031812162929
2013-12-19 21:40:00,906.56165,919.0538,1480.2122,901.5368992704396,939.7569963901917,944.6016822216491
2013-12-19 21:50:00,883.32166,906.56165,1387.0493,880.1883070471147,857.1722269873169,882.2516801503164
2013-12-19 22:00:00,956.2233,883.32166,1163.2698,852.943932112422,854.4864263966072,878.3331561693643
2013-12-19 22:10:00,833.2599,956.2233,1282.6284,892.797505226382,920.1617910965518,931.0330716243308
2013-12-19 22:20:00,928.9671,833.2599,1168.8207,826.3340751643098,803.482088575221,836.7950264056232
2013-12-19 22:30:00,825.77673,928.9671,1316.5188,878.5917244241497,858.75380054242,885.149063280789
2013-12-19 22:40:00,843.0537,825.77673,1245.0737,812.7613684979655,813.1795230795701,820.4171701320062
2013-12-19 22:50:00,873.6688,843.0537,1059.853,824.0318146479697,804.6039107465721,860.267106376585
2013-12-19 23:00:00,799.6934,873.6688,1170.3188,831.8503144497765,793.2453746878954,803.4065850955992
2013-12-19 23:10:00,756.8203,799.6934,1056.9801,796.1553293688949,784.6881649407283,816.8059020398114
2013-12-19 23:20:00,680.18646,756.8203,1088.7491,763.5633728864008,737.6777273412296,764.1136732298614
2013-12-19 23:30:00,654.8073,680.18646,1055.6084,697.5133316944829,665.8111237072274,682.0690997811779
2013-12-19 23:40:00,658.9542,654.8073,876.25336,663.8160036336982,668.5432777166221,673.8493296794702
2013-12-19 23:50:00,670.3719,658.9542,858.83167,652.3168796970988,644.6013289868193,650.5994913350793
2013-12-20 00:00:00,609.7657,670.3719,799.4636,658.4059531000532,625.5774858137831,622.6958801957628
2013-12-20 00:10:00,572.6031,609.7657,680.00616,624.0643904624645,596.2517021693374,577.3287364176387
2013-12-20 00:20:00,546.6251,572.6031,709.6009,592.7513370449018,563.1026580672111,559.6491033463259
2013-12-20 00:30:00,445.5345,546.6251,808.2946,561.1132619355519,550.5711449404788,550.9960447708931
2013-12-20 00:40:00,416.47784,445.5345,763.7378,483.47877717318437,510.4958238052095,474.13253439602965
2013-12-20 00:50:00,437.19077,416.47784,623.329,443.41552651193206,453.2995254019314,451.15754760461886
2013-12-20 01:00:00,388.0955,437.19077,565.2172,436.8381349156605,415.80085429054986,425.1576296258105
2013-12-20 01:10:00,445.26297,388.0955,567.85,403.50310571836326,411.524657830369,397.37523340278585
2013-12-20 01:20:00,432.44376,445.26297,526.4194,435.14958118832493,438.5739282259022,417.8509938390453
2013-12-20 01:30:00,399.51376,432.44376,511.06027,428.3384669646878,399.2797751101611,389.47728530892084
2013-12-20 01:40:00,385.19986,399.51376,521.1609,413.85447357073303,429.28089794323773,423.13770590659385
2013-12-20 01:50:00,376.388,385.19986,763.11884,395.51300084556453,409.7250910572835,404.61641044987067
2013-12-20 02:00:00,302.2584,376.388,511.27463,380.61390258958136,364.43049286253046,386.16221002725666
2013-12-20 02:10:00,334.0398,302.2584,536.55066,325.6497911888847,346.330917687075,356.94586463380557
2013-12-20 02:20:00,321.2563,334.0398,493.5455,331.14432096416795,352.0359136293413,367.66799127886867
2013-12-20 02:30:00,274.6669,321.2563,436.42453,314.96574062040787,298.8992721727609,317.57594621212917
2013-12-20 02:40:00,295.47778,274.6669,469.09525,286.0796859120395,312.5459229413041,319.8629742876748
2013-12-20 02:50:00,303.47922,295.47778,443.4157,288.0237692639078,315.30360463161463,322.0332651297622
2013-12-20 03:00:00,269.95355,303.47922,439.27502,287.3605955657538,275.8357453426524,291.5626824030902
2013-12-20 03:10:00,264.63657,269.95355,437.45016,269.6264612230622,296.6666051161569,321.5571973455409
2013-12-20 03:20:00,304.62817,264.63657,417.25034,260.477935390222,295.7210739541168,310.65584207101125
2013-12-20 03:30:00,258.48502,304.62817,425.89124,277.20484343958435,268.7255815866984,300.50070577065304
2013-12-20 03:40:00,254.43987,258.48502,416.7361,253.71488087221366,270.30072190476255,293.62692557387277
2013-12-20 03:50:00,292.40668,254.43987,390.56473,248.96504500753468,293.8621148339547,297.0450427431172
2013-12-20 04:00:00,244.99835,292.40668,422.24258,263.2927976492356,260.6320456467332,255.92209796250324
2013-12-20 04:10:00,281.62976,244.99835,412.79962,239.75442595088896,245.39547550472219,268.60277041247036
2013-12-20 04:20:00,310.6495,281.62976,414.70383,260.18766155501504,311.8114749676025,315.2397760366358
2013-12-20 04:30:00,270.8539,310.6495,401.36664,275.87315136908023,277.0706121732502,278.12486535983226
2013-12-20 04:40:00,288.6706,270.8539,405.09634,263.7820131143621,268.0238647244508,294.00183542352295
2013-12-20 04:50:00,311.6656,288.6706,397.5815,273.6916370683144,323.4636455492034,314.0936994823428
2013-12-20 05:00:00,340.30853,311.6656,394.987,285.4335793017681,290.0143286887916,286.553993002811
2013-12-20 05:10:00,257.40024,340.30853,405.10483,311.5855971517913,306.59078471544177,325.46525205966884
2013-12-20 05:20:00,263.83505,257.40024,408.2998,269.82765092079364,312.83479000579615,301.74390988802884
2013-12-20 05:30:00,236.5824,263.83505,397.3356,267.0460213106439,278.5783101697894,284.59287712260743
2013-12-20 05:40:00,278.82315,236.5824,387.08923,240.54817165318005,232.51667045730164,262.1626864471814
2013-12-20 05:50:00,284.65662,278.82315,396.80704,266.25571688739666,304.086246248245,307.2505523339364
2013-12-20 06:00:00,254.3376,284.65662,410.0318,275.9035413723983,291.20261654928527,279.5942556121363
2013-12-20 06:10:00,276.81293,254.3376,399.1504,268.17793049300474,259.05813726206793,279.3467415234165
2013-12-20 06:20:00,281.8144,276.81293,398.33182,282.13184492679153,304.42866234859724,298.03161120053426
2013-12-20 06:30:00,239.26897,281.8144,416.51047,287.8984433071931,304.20018372937153,290.3184108195713
2013-12-20 06:40:00,286.4895,239.26897,431.2732,267.135259094509,274.5262793394029,280.01482354290937
2013-12-20 06:50:00,352.1236,286.4895,467.59067,296.0544811621535,318.174812571022,324.6668838656501
2013-12-20 07:00:00,332.02835,352.1236,536.4737,343.8392060039011,352.47109877954506,328.9431750976493
2013-12-20 07:10:00,333.04712,332.02835,527.4266,358.55929259419224,373.0883766280833,375.31167549614537
2013-12-20 07:20:00,385.95535,333.04712,565.5849,372.4447664789083,404.02955236296964,389.22969876442147
2013-12-20 07:30:00,387.94476,385.95535,583.7432,409.7737098189534,436.9806351799448,412.157059460722
2013-12-20 07:40:00,561.61523,387.94476,738.5306,426.09731278496696,464.35452466966973,489.51593748725054
2013-12-20 07:50:00,627.85767,561.61523,736.6141,559.6939039504953,619.5439318532719,644.7426967481297
2013-12-20 08:00:00,701.8379,627.85767,772.816,647.2192763158068,682.1076244952003,680.0404075607837
2013-12-20 08:10:00,829.52094,701.8379,941.6675,759.7818183663717,813.8526957011529,883.7253095414495
2013-12-20 08:20:00,994.8754,829.52094,1180.9034,882.866579401757,973.4743991923098,1023.3797304480937
2013-12-20 08:30:00,1025.4429,994.8754,1349.8344,1044.3743067500855,1146.397553901513,1193.1108358126162
2013-12-20 08:40:00,1384.3286,1025.4429,1637.9188,1132.3258509443697,1252.9608175650137,1270.6020843824836
2013-12-20 08:50:00,1571.4778,1384.3286,1893.405,1423.5974079887278,1562.716101989718,1693.3345708757372
2013-12-20 09:00:00,1814.9303,1571.4778,2107.0254,1633.9555269626487,1730.2814418982907,1757.0813352181653
2013-12-20 09:10:00,2100.2092,1814.9303,2433.9775,1923.4397502647123,2000.5980219761818,2049.0789518060274
2013-12-20 09:20:00,2204.1826,2100.2092,2575.4023,2204.332155961274,2260.2675929630755,2392.903872634324
2013-12-20 09:30:00,2249.3416,2204.1826,2659.6443,2377.184007660218,2375.749660783373,2366.8702917692835
2013-12-20 09:40:00,2339.186,2249.3416,3142.161,2472.428869541199,2458.093945206135,2467.961115005009
2013-12-20 09:50:00,2431.0935,2339.186,3253.2834,2544.773546521002,2504.945738022503,2519.8671146333672
2013-12-20 10:00:00,2359.0098,2431.0935,3359.4065,2612.9575221314076,2541.024083448156,2540.2802608713373
2013-12-20 10:10:00,2436.4668,2359.0098,3022.315,2573.8539033580923,2519.2841347865356,2525.654556986052
2013-12-20 10:20:00,2569.6575,2436.4668,3082.0562,2606.593391175638,2558.3665946822207,2615.520744509702
2013-12-20 10:30:00,2629.2473,2569.6575,3058.277,2673.9820249219124,2609.6609453430406,2610.453009551618
2013-12-20 10:40:00,2746.3516,2629.2473,2916.8823,2729.9438102323606,2674.3898742410215,2713.8554072627367
2013-12-20 10:50:00,2668.5208,2746.3516,3021.5364,2820.4182115880767,2772.193338894904,2765.9030622998002
2013-12-20 11:00:00,2748.2458,2668.5208,3243.3452,2778.1419493489125,2740.5721614664126,2694.215462410066
2013-12-20 11:10:00,2844.245,2748.2458,3167.5994,2816.5101946705095,2799.2265166891416,2857.2728066755626
2013-12-20 11:20:00,2771.4475,2844.245,3047.7698,2860.7568038251575,2852.68293126862,2878.5108552541215
2013-12-20 11:30:00,2981.772,2771.4475,3121.0283,2827.9010367748924,2834.2416001793026,2828.9206282267564
2013-12-20 11:40:00,3096.7256,2981.772,3108.1877,2953.2113203710287,2964.4292565872743,3005.919435234319
2013-12-20 11:50:00,2980.4053,3096.7256,3030.7083,3039.6473415441315,3043.1297663164514,3058.6767979184788
2013-12-20 12:00:00,2922.0237,2980.4053,3131.748,3013.639557198588,3040.5862691289503,3054.0606242932768
2013-12-20 12:10:00,3167.6196,2922.0237,3090.581,2967.2832829245494,3020.106567299481,3043.5352633052344
2013-12-20 12:20:00,3094.633,3167.6196,3161.2383,3089.6934625180766,3137.619250241386,3225.011827362908
2013-12-20 12:30:00,3288.548,3094.633,3170.4456,3075.1673110603074,3147.1284971273403,3210.250137846215
2013-12-20 12:40:00,3428.2275,3288.548,3392.6174,3229.596926774823,3286.7744634539345,3403.9832228836844
2013-12-20 12:50:00,3247.311,3428.2275,3380.4434,3342.4422753847125,3375.73203363987,3453.4727655550796
2013-12-20 13:00:00,3309.42,3247.311,3383.32,3289.5768102052475,3334.165749613159,3413.40520381941
2013-12-20 13:10:00,3445.0588,3309.42,3526.3325,3326.5253701740144,3370.553360869374,3415.3713503716613
2013-12-20 13:20:00,3121.759,3445.0588,3477.346,3399.5137374542924,3408.678129967307,3466.901411609759
2013-12-20 13:30:00,3351.352,3121.759,3264.6975,3229.531668755131,3253.494164126206,3251.8522641819754
2013-12-20 13:40:00,3261.4307,3351.352,3512.8005,3351.075054002205,3346.878191492364,3348.7297556720464
2013-12-20 13:50:00,3091.6462,3261.4307,3178.9375,3284.369279470291,3257.6196473273676,3190.9557127038356
2013-12-20 14:00:00,3273.6484,3091.6462,3551.357,3201.2984725090905,3187.642312065691,3146.425146131375
2013-12-20 14:10:00,3073.1973,3273.6484,3323.306,3278.564845527664,3249.049247218623,3182.6303340780905
2013-12-20 14:20:00,3069.32,3073.1973,3122.6624,3153.2562145691277,3108.4782642313567,3055.7274990684523
2013-12-20 14:30:00,2959.3398,3069.32,3014.8074,3147.166254647895,3122.213739123472,3131.028965315907
2013-12-20 14:40:00,3132.4456,2959.3398,3064.3345,3039.2667231335163,3018.571544005428,2949.8475924749023
2013-12-20 14:50:00,2841.3792,3132.4456,2799.5884,3129.397723021404,3075.5536967607127,3077.3103843233625
2013-12-20 15:00:00,2857.4458,2841.3792,3067.5605,2946.1040290117885,2931.8149289457083,2922.8118213417315
2013-12-20 15:10:00,2897.9282,2857.4458,2877.0627,2928.8693246573876,2918.069215331554,2898.220164863592
2013-12-20 15:20:00,2816.0342,2897.9282,2977.0366,2902.3096111964314,2885.7733427705894,2947.0442527957675
2013-12-20 15:30:00,2770.797,2816.0342,2901.4243,2850.951159781187,2843.1726748241385,2878.0496577591152
2013-12-20 15:40:00,3127.0876,2770.797,3032.021,2804.432094499317,2819.0443723635954,2788.831399054253
2013-12-20 15:50:00,2878.534,3127.0876,2991.5554,2997.5905755366366,2966.72442504261,2983.8980936875328
2013-12-20 16:00:00,3007.1934,2878.534,3018.2166,2884.3135584173,2875.8834732831956,2919.9723791617753
2013-12-20 16:10:00,2896.5752,3007.1934,2935.418,2972.449705218576,2986.223543050791,3025.4672014844914
2013-12-20 16:20:00,2922.5242,2896.5752,3001.385,2870.2581507150353,2882.0648679801666,2926.9942490688463
2013-12-20 16:30:00,2883.4846,2922.5242,2816.8564,2876.614408745017,2896.3840090500175,2945.9256973674637
2013-12-20 16:40:00,2909.8333,2883.4846,2856.8745,2825.5379748017444,2864.5183368252046,2855.655588537924
2013-12-20 16:50:00,2684.6575,2909.8333,2928.029,2827.6440382168466,2844.588356139579,2916.774307303504
2013-12-20 17:00:00,2849.299,2684.6575,2820.5566,2671.5237255002353,2725.2899418019842,2748.763113959583
2013-12-20 17:10:00,2931.25,2849.299,2787.7178,2730.1030191008845,2784.0637478433955,2790.1400084267343
2013-12-20 17:20:00,2573.3013,2931.25,2708.4194,2761.6709794767867,2781.5188828025625,2786.861031555518
2013-12-20 17:30:00,2515.543,2573.3013,2576.743,2569.8317713087445,2631.786897634334,2595.6137070160576
2013-12-20 17:40:00,2507.9436,2515.543,2478.6794,2478.8195686713525,2556.3401966099195,2503.6464947420254
2013-12-20 17:50:00,2226.5347,2507.9436,2518.6484,2402.929303153982,2449.7792557763523,2416.009606450799
2013-12-20 18:00:00,2203.5464,2226.5347,2415.1487,2210.390735187992,2288.386848700216,2261.6971831190835
2013-12-20 18:10:00,2082.3489,2203.5464,2369.0005,2144.149435642159,2212.8283814630245,2189.6295275922143
2013-12-20 18:20:00,1719.538,2082.3489,2246.6716,2018.3485124377114,2044.4200204277117,2027.8192962057265
2013-12-20 18:30:00,1901.25,1719.538,2138.8357,1760.3481083194956,1833.8363941593382,1765.831361244037
2013-12-20 18:40:00,1769.5542,1901.25,2077.5625,1795.5854442919563,1835.0698420888564,1825.1330366455031
2013-12-20 18:50:00,1628.4906,1769.5542,2111.717,1687.4974700744694,1657.3888987899368,1650.6853200182525
2013-12-20 19:00:00,1499.5221,1628.4906,1779.3568,1605.748814889596,1623.7358618918859,1609.3557760664703
2013-12-20 19:10:00,1488.8445,1499.5221,1646.7855,1480.9036165672478,1469.4157875148753,1461.978707795979
2013-12-20 19:20:00,1333.2395,1488.8445,1603.5571,1431.3777396269338,1392.547939510029,1402.4010320346956
2013-12-20 19:30:00,1216.8798,1333.2395,1615.1176,1312.1106316007592,1322.7923986592575,1326.1119486112314
2013-12-20 19:40:00,1138.0107,1216.8798,1460.6843,1211.023541561883,1200.936262470843,1204.690092774811
2013-12-20 19:50:00,1066.633,1138.0107,1215.1023,1119.1504982523625,1089.2176006916097,1125.9452044693066
2013-12-20 20:00:00,1032.1316,1066.633,1214.4001,1043.676040816754,1055.1791758405911,1069.2832392848509
2013-12-20 20:10:00,1043.8257,1032.1316,1161.5159,998.0889997266612,998.4285266749599,1024.916331123101
2013-12-20 20:20:00,1009.77686,1043.8257,1136.7039,988.0732071651886,958.7435300105616,998.9745700630219
2013-12-20 20:30:00,895.5724,1009.77686,980.2429,963.3071754977999,960.5996119177455,980.1481054795058
2013-12-20 20:40:00,914.85645,895.5724,981.7706,887.5961763730344,887.9529892441826,928.4051571334819
2013-12-20 20:50:00,885.69586,914.85645,864.0384,875.3732257645519,863.6632821392751,902.5250505933362
2013-12-20 21:00:00,917.4472,885.69586,888.75476,842.5943955453594,865.1421711299066,863.8370831831214
2013-12-20 21:10:00,873.7311,917.4472,951.2629,859.9132903603213,880.9543116364821,925.947733532017
2013-12-20 21:20:00,781.09576,873.7311,958.4625,833.682656130305,819.0284524098597,841.2438746700853
2013-12-20 21:30:00,800.36523,781.09576,939.4888,773.3724767645554,791.5857622082981,844.1960311719888
2013-12-20 21:40:00,801.47546,800.36523,860.53046,763.6326360652898,786.3092068438848,846.7670413435114
2013-12-20 21:50:00,840.07153,801.47546,897.7283,753.2195805662928,763.9741066123074,777.8184678404294
2013-12-20 22:00:00,769.9396,840.07153,957.78143,780.4138880255722,812.2007851913293,834.5874516409731
2013-12-20 22:10:00,678.9203,769.9396,1022.8386,744.8100742791802,756.2630805652595,810.861789865341
2013-12-20 22:20:00,827.21454,678.9203,1007.32715,682.3867721641498,696.6189924966284,742.514096258519
2013-12-20 22:30:00,803.5615,827.21454,872.07306,747.7762849478783,778.6650623479798,821.2798688932595
2013-12-20 22:40:00,721.7792,803.5615,900.0308,745.4536202881905,774.8061514636461,839.7624551131428
2013-12-20 22:50:00,781.7198,721.7792,856.51324,717.5427100593125,745.3392280741348,786.6792417976045
2013-12-20 23:00:00,704.71313,781.7198,954.85394,739.2213726033456,739.1537536488156,760.5558108187499
2013-12-20 23:10:00,847.9294,704.71313,832.85535,690.341513395551,730.8347914681129,765.821318630759
2013-12-20 23:20:00,711.7118,847.9294,1034.738,776.5453227855745,830.6217284443212,846.4756196376443
2013-12-20 23:30:00,733.27405,711.7118,898.3605,706.4247738430059,716.8729421658365,726.5403075771804
2013-12-20 23:40:00,672.7558,733.27405,857.7001,722.911273576891,774.3115965935397,815.9892015703638
2013-12-20 23:50:00,650.9423,672.7558,788.8826,669.1549413447597,717.8669741583792,713.8946400571731
2013-12-21 00:00:00,660.8228,650.9423,793.41846,676.4760291420547,691.6259414496649,704.5149265986943
2013-12-21 00:10:00,704.2964,660.8228,802.67395,654.2359437931716,783.4752004064901,728.2549762807694
2013-12-21 00:20:00,598.08527,704.2964,970.3756,676.7636953501004,774.0501992450776,740.5607667378017
2013-12-21 00:30:00,612.6435,598.08527,1086.1818,614.8626697016407,706.9401912773353,662.3701753292544
2013-12-21 00:40:00,574.41437,612.6435,1178.2339,614.3324138675181,759.5470011256571,681.4628665704352
2013-12-21 00:50:00,538.6332,574.41437,1167.1425,576.1675632731864,677.1319009660923,653.5290364995346
2013-12-21 01:00:00,506.62982,538.6332,1200.1687,549.0867756677894,624.7612619322995,630.0257602619682
2013-12-21 01:10:00,487.7432,506.62982,1227.8322,516.0242947918985,590.8357421488314,588.3611830740526
2013-12-21 01:20:00,479.391,487.7432,1264.9436,492.2237420081274,540.292841899903,561.2283585272623
2013-12-21 01:30:00,435.40778,479.391,1243.4852,477.73773003646954,509.4323489870719,530.8006848573805
2013-12-21 01:40:00,471.49017,435.40778,1213.6748,443.72026905723385,476.76309744492215,486.5976905598447
2013-12-21 01:50:00,396.91702,471.49017,1388.9012,456.48906183288835,481.3795695979045,522.0044302525163
2013-12-21 02:00:00,348.55618,396.91702,1402.8792,406.08287927547025,418.4688680369937,452.087763663007
2013-12-21 02:10:00,479.28113,348.55618,1375.7229,365.5441149073062,386.0313372964105,401.1292378055757
2013-12-21 02:20:00,344.19623,479.28113,1477.2783,423.826368188504,423.59021820129436,479.8777135109953
2013-12-21 02:30:00,423.1674,344.19623,1262.0588,352.51162234458434,339.61740400531227,399.38693980037374
2013-12-21 02:40:00,399.72092,423.1674,1308.4503,398.8594678687157,410.5812494355258,466.1201796054565
2013-12-21 02:50:00,389.96762,399.72092,1143.7032,374.63825288643915,372.3471905521019,391.1407560303115
2013-12-21 03:00:00,368.22296,389.96762,1071.742,376.04944705883133,376.5660047293115,403.1639618495712
2013-12-21 03:10:00,400.01047,368.22296,950.45825,355.2153743437942,368.6531366083698,395.7409583095225
2013-12-21 03:20:00,342.7416,400.01047,819.4922,367.32513480845347,367.7574051335992,399.4937992641507
2013-12-21 03:30:00,298.15744,342.7416,844.0266,332.433378415969,330.4829386101483,366.9671603514625
2013-12-21 03:40:00,299.0245,298.15744,800.9031,298.4622612817182,308.0849489103749,332.2068336853187
2013-12-21 03:50:00,308.54465,299.0245,761.3478,282.9198503627983,281.80680879050465,313.3485318110954
2013-12-21 04:00:00,347.90204,308.54465,748.6945,281.2193464423316,265.56713461870595,311.9452676353176
2013-12-21 04:10:00,346.21344,347.90204,551.52185,305.25961118736524,292.8066016413284,321.46617220685386
2013-12-21 04:20:00,249.62515,346.21344,509.45538,312.4642476120519,300.10933197685745,330.5102491977163
2013-12-21 04:30:00,243.95177,249.62515,415.66904,258.2337683185832,255.1652661904565,249.9741553422735
2013-12-21 04:40:00,255.19742,243.95177,363.91605,240.20675612523038,244.42035174259613,262.1566127926011
2013-12-21 04:50:00,206.65225,255.19742,362.79395,233.5407121138295,230.33775146543684,261.4825586038712
2013-12-21 05:00:00,213.54369,206.65225,357.975,205.61758234829435,213.5934061831975,221.66196729272048
2013-12-21 05:10:00,264.47836,213.54369,336.81262,205.0606895712984,218.8016303937718,228.15793917146536
2013-12-21 05:20:00,190.69513,264.47836,338.208,230.08443992978957,222.36467422116866,220.99057248779766
2013-12-21 05:30:00,212.31595,190.69513,327.93304,196.37537751771978,207.20926987722999,221.93890862753554
2013-12-21 05:40:00,240.70879,212.31595,336.60086,208.00244975879266,229.640162038932,243.16562975088834
2013-12-21 05:50:00,186.1605,240.70879,324.79605,219.70439431488765,205.6077696931692,214.21917961190255
2013-12-21 06:00:00,223.51172,186.1605,311.83902,196.2099364392804,203.624591560535,215.07551919210275
2013-12-21 06:10:00,219.1896,223.51172,309.30615,218.169843205545,239.18328278561867,238.88394255332756
2013-12-21 06:20:00,205.64354,219.1896,316.28726,215.72314747321423,197.63807646550336,203.90748056946202
2013-12-21 06:30:00,195.75175,205.64354,326.1621,215.74138865849997,217.21894228061646,226.74225418895725
2013-12-21 06:40:00,246.69402,195.75175,346.54614,208.6527323176902,227.4783722135917,225.66845834537287
2013-12-21 06:50:00,202.85002,246.69402,350.05704,240.6247331959743,216.71512730831887,225.23321573584906
2013-12-21 07:00:00,217.66115,202.85002,344.203,221.97635423173872,206.5210775257687,228.88210399296673
2013-12-21 07:10:00,227.7935,217.66115,326.7037,236.2736002387669,257.06686021768445,256.87473384282777
2013-12-21 07:20:00,215.32538,227.7935,347.78857,240.92448740342974,217.97906155535438,232.93237008542218
2013-12-21 07:30:00,221.06284,215.32538,394.3213,239.55360162080095,211.79750391718886,250.9262274264566
2013-12-21 07:40:00,259.14685,221.06284,439.44778,245.34221732907287,259.87094552527014,268.0495264613848
2013-12-21 07:50:00,272.075,259.14685,391.5675,272.6295417611804,247.53732740901873,266.11071720140217
2013-12-21 08:00:00,285.7214,272.075,382.19965,292.6685297429474,247.56812477850468,272.77491324836035
2013-12-21 08:10:00,278.958,285.7214,400.974,314.7450211888948,315.33815149764536,318.20030292634505
2013-12-21 08:20:00,278.19638,278.958,399.3366,316.36248790273294,288.34932470981005,300.70296276974744
2013-12-21 08:30:00,231.95676,278.19638,401.4484,317.7018514194219,272.86106502834315,308.6103651828915
2013-12-21 08:40:00,309.91586,231.95676,439.42477,281.3054683597906,281.5308372587607,284.873449669186
2013-12-21 08:50:00,275.52032,309.91586,491.4101,327.72034329024865,309.6347665658338,319.0844333245137
2013-12-21 09:00:00,274.7701,275.52032,445.82846,309.24452811384606,270.39138935115363,307.73989901826207
2013-12-21 09:10:00,374.76315,274.7701,484.93323,316.4903963345937,322.1256940888352,334.3887200380292
2013-12-21 09:20:00,319.24484,374.76315,515.3965,376.773399839697,354.4141980101396,364.8023941568221
2013-12-21 09:30:00,368.69528,319.24484,474.1028,356.755805022531,313.9909999119177,351.1888800836584
2013-12-21 09:40:00,379.0768,368.69528,768.2841,398.4886902648087,398.6559837694313,413.07675869518874
2013-12-21 09:50:00,361.63367,379.0768,748.21594,401.75817999905155,378.52523022163973,401.0976787727612
2013-12-21 10:00:00,431.41107,361.63367,639.2022,398.16440321593166,367.2769480292006,380.34298873818807
2013-12-21 10:10:00,454.80432,431.41107,588.945,440.6995297526271,438.5060375308513,457.59449202833844
2013-12-21 10:20:00,413.9554,454.80432,620.4313,462.70111042525934,442.5905270695909,434.3616750829837
2013-12-21 10:30:00,484.30365,413.9554,597.7904,449.17349255654705,432.48996572176253,422.57548032673867
2013-12-21 10:40:00,528.7535,484.30365,693.8274,488.9961571934075,484.9752322746194,518.7709691720501
2013-12-21 10:50:00,653.6567,528.7535,707.01483,519.4266924166576,501.504533808218,486.6029753781562
2013-12-21 11:00:00,439.9082,653.6567,679.84155,616.9860293166361,589.2939440270325,586.975120683892
2013-12-21 11:10:00,483.7058,439.9082,705.35443,500.3559387221838,496.6453015705386,500.03779807668394
2013-12-21 11:20:00,482.59622,483.7058,659.68506,510.7522445580539,510.8436799176645,503.80803677132894
2013-12-21 11:30:00,496.27115,482.59622,673.2972,481.816995670861,495.1574139430941,513.7826123668939
2013-12-21 11:40:00,505.2123,496.27115,741.5695,496.24982670577856,534.9745207127909,556.2103227748887
2013-12-21 11:50:00,596.36993,505.2123,678.32306,502.5257804397049,538.1053696468063,540.6704992808832
2013-12-21 12:00:00,616.4279,596.36993,828.5297,562.3743193974838,575.8348112975073,578.8598690974268
2013-12-21 12:10:00,672.27057,616.4279,741.0225,592.685421166891,612.134766252799,614.6685475587728
2013-12-21 12:20:00,606.2478,672.27057,742.0094,648.336092730727,657.5540477988897,657.5146426873309
2013-12-21 12:30:00,611.718,606.2478,828.84296,619.4772312945008,615.8109161841788,610.3822677490391
2013-12-21 12:40:00,520.16656,611.718,772.13586,621.2679957126109,629.0391388529107,652.0870015386671
2013-12-21 12:50:00,497.53125,520.16656,763.3707,551.1943195464811,576.6845891801008,565.3678399949401
2013-12-21 13:00:00,499.46506,497.53125,809.38666,521.9528082002687,553.9789043643453,557.7884288671288
2013-12-21 13:10:00,581.15454,499.46506,837.42535,505.84269887866634,540.0800519230867,563.0599166355905
2013-12-21 13:20:00,552.1506,581.15454,890.184,555.2775877798774,581.5291378339666,608.5407599225432
2013-12-21 13:30:00,646.72186,552.1506,772.164,553.797532646009,574.8149853778136,608.3605831382572
2013-12-21 13:40:00,643.5367,646.72186,903.1142,625.4161634308442,632.344211173172,678.2403571233
2013-12-21 13:50:00,555.0462,643.5367,814.9735,637.2596772107206,627.4664323314898,615.2789214536087
2013-12-21 14:00:00,589.18256,555.0462,781.77594,596.0201726927921,596.7845273654578,609.8708128212119
2013-12-21 14:10:00,602.50653,589.18256,791.7344,603.8182000292207,604.5510953792219,620.4348203268871
2013-12-21 14:20:00,520.00256,602.50653,836.3032,604.4533868013656,594.7313108123424,603.2544507262286
2013-12-21 14:30:00,454.6469,520.00256,848.48956,558.1039808918995,569.0347638913429,563.0667067448072
2013-12-21 14:40:00,489.85046,454.6469,817.2457,500.553368701939,521.7444218935606,521.7329247255382
2013-12-21 14:50:00,527.1475,489.85046,885.092,499.8068234346573,512.2316179246352,534.2255825306997
2013-12-21 15:00:00,500.52725,527.1475,869.8704,518.6032266070279,527.120614979652,564.6425053865811
2013-12-21 15:10:00,549.468,500.52725,800.02094,514.1565803272745,532.3265615386155,575.7860812358543
2013-12-21 15:20:00,474.72382,549.468,910.26636,546.9777361701658,551.6735393382597,554.4174737994824
2013-12-21 15:30:00,481.09317,474.72382,800.9657,500.4644736771115,503.92473121416094,535.5847019766595
2013-12-21 15:40:00,564.0081,481.09317,773.096,498.3626085692885,517.2648954161464,554.389864892511
2013-12-21 15:50:00,470.29816,564.0081,799.52765,538.1122057503836,539.322368705399,526.7755274274647
2013-12-21 16:00:00,507.5579,470.29816,829.6226,491.8568993504307,492.7748442465687,500.5814005988018
2013-12-21 16:10:00,481.74786,507.5579,803.0583,512.1740001050999,528.7343282249251,527.8288346238634
2013-12-21 16:20:00,476.9445,481.74786,761.5524,484.6711270670479,488.4699844563326,502.49210049064186
2013-12-21 16:30:00,472.4902,476.9445,757.8198,481.52678956180347,490.2950994620948,501.5561357284438
2013-12-21 16:40:00,574.7181,472.4902,905.68176,471.65487232688224,490.28040490216694,535.9540030771716
2013-12-21 16:50:00,477.47223,574.7181,983.652,531.4338412300543,529.6798076579703,518.0216466627846
2013-12-21 17:00:00,509.322,477.47223,914.25336,485.80276623229554,487.4866781557927,503.52692407573954
2013-12-21 17:10:00,582.452,509.322,951.1093,505.0676409257618,519.9977389328023,561.8225848210138
2013-12-21 17:20:00,560.96,582.452,912.4818,537.9583289482517,530.537308704125,504.79452147613404
2013-12-21 17:30:00,488.48517,560.96,926.33044,542.359199866162,534.7678128104258,577.0775328460672
2013-12-21 17:40:00,541.77325,488.48517,1030.0837,502.97621527016355,517.542942470612,533.6457524691417
2013-12-21 17:50:00,444.57495,541.77325,918.74493,520.0559216241178,521.1578439220403,540.4461493535397
2013-12-21 18:00:00,530.27124,444.57495,859.3562,454.46901031388546,460.44995271066296,494.1766253835321
2013-12-21 18:10:00,533.8649,530.27124,846.7666,499.6550081350337,523.7532685350292,570.2913184463307
2013-12-21 18:20:00,513.35547,533.8649,792.77484,500.0082622627661,499.144378162477,515.6939593053198
2013-12-21 18:30:00,471.74976,513.35547,805.49805,502.78529586694106,506.57536404165995,554.9177416956235
2013-12-21 18:40:00,558.72833,471.74976,741.67206,473.019874689457,493.6496580935824,532.3032682434574
2013-12-21 18:50:00,478.3383,558.72833,746.28937,516.0080811934806,518.2949381943744,548.8238469404978
2013-12-21 19:00:00,481.84167,478.3383,732.947,474.0822526360002,477.90015527568886,517.6283473562337
2013-12-21 19:10:00,559.3179,481.84167,673.9713,476.941461185759,502.0103274753344,554.4758206436942
2013-12-21 19:20:00,554.10406,559.3179,674.0198,511.92725091001813,513.4914340345653,509.67851986007025
2013-12-21 19:30:00,547.5673,554.10406,690.6427,523.3405345889107,518.3005535929341,571.1828070246971
2013-12-21 19:40:00,554.0689,547.5673,702.5971,532.0460283588338,554.1101301726281,591.7121971342336
2013-12-21 19:50:00,477.06854,554.0689,701.6575,534.1385764437299,543.3912794908547,579.7788344643354
2013-12-21 20:00:00,460.97797,477.06854,608.9526,484.97352249718097,501.5489275861682,539.8311337472014
2013-12-21 20:10:00,512.95544,460.97797,558.53076,462.6875883431937,501.74543085519093,519.7733566292508
2013-12-21 20:20:00,443.47482,512.95544,570.379,480.0555418688122,499.6821405646241,507.97176564776214
2013-12-21 20:30:00,471.70853,443.47482,585.77795,442.72979876437864,458.6445664622395,483.60662905229776
2013-12-21 20:40:00,444.98468,471.70853,753.88055,457.103801839651,497.85200791480923,530.2620643053893
2013-12-21 20:50:00,426.44876,444.98468,829.41925,433.9344065445868,465.039533502238,465.73839470692616
2013-12-21 21:00:00,461.8109,426.44876,811.4068,422.13983829442503,455.6741475262736,478.16799119671566
2013-12-21 21:10:00,464.07947,461.8109,859.1671,436.517076054751,475.5725528187766,508.63450654619106
2013-12-21 21:20:00,454.74393,464.07947,905.8044,440.8809405123907,470.75389956517483,464.2389532920334
2013-12-21 21:30:00,432.80283,454.74393,973.23865,441.5309282582367,481.47628185209635,499.93989125736005
2013-12-21 21:40:00,455.832,432.80283,1064.5853,426.5027876603383,474.7264810468999,490.66190075712996
2013-12-21 21:50:00,469.57806,455.832,1066.6948,435.72937563957043,474.0468921690255,463.9916577654486
2013-12-21 22:00:00,430.80716,469.57806,1077.8643,444.7537277792842,468.5964272867825,529.0094419081322
2013-12-21 22:10:00,462.619,430.80716,1038.153,427.08376083099523,456.1884399694453,490.4760715501706
2013-12-21 22:20:00,474.33508,462.619,990.6329,443.08894344483986,479.2336317952333,459.3874431547304
2013-12-21 22:30:00,472.1514,474.33508,972.8509,449.99828176131103,474.3260758767987,491.7262006380816
2013-12-21 22:40:00,466.91733,472.1514,1017.91833,457.053501858705,477.91613596458865,557.1968621977649
2013-12-21 22:50:00,535.29535,466.91733,1012.8221,456.29187563776543,481.20652055678045,526.3862290785008
2013-12-21 23:00:00,518.03986,535.29535,1121.0597,498.1593778401081,517.7788680405451,611.5865256309515
2013-12-21 23:10:00,441.86853,518.03986,969.09705,500.1607994360549,510.81693680628683,584.6227969166516
2013-12-21 23:20:00,385.2778,441.86853,898.67096,460.6887805479944,482.54738735965884,485.63277354627576
2013-12-21 23:30:00,364.363,385.2778,858.81464,408.66990996022133,437.3356016919893,454.49960585078105
2013-12-21 23:40:00,409.0308,364.363,943.5049,375.3029638965747,391.9076043599933,427.8673762527884
2013-12-21 23:50:00,324.79205,409.0308,856.8148,392.1580709167198,395.2757932162406,438.99065990109216
2013-12-22 00:00:00,464.26358,324.79205,957.72675,342.6529734267265,340.36060211926025,397.000566675943
2013-12-22 00:10:00,556.527,464.26358,1134.3608,423.5661440057265,472.1407979607151,511.2136131743337
2013-12-22 00:20:00,559.4772,556.527,1129.5073,489.0459245369375,613.7175513487786,554.5002648540957
2013-12-22 00:30:00,679.31744,559.4772,1247.9141,540.2945455172188,710.3547168860205,692.6070740480104
2013-12-22 00:40:00,820.9844,679.31744,1277.8326,633.5023676914933,828.321907541077,791.8666920494263
2013-12-22 00:50:00,884.4169,820.9844,1365.8702,742.7300221172251,887.4509461765837,892.0305812620622
2013-12-22 01:00:00,1037.0502,884.4169,1628.2661,834.0462865168834,918.0139784635755,1021.8961620422479
2013-12-22 01:10:00,994.9923,1037.0502,1455.8026,967.6526485074786,1066.3784540965987,1116.1932304928644
2013-12-22 01:20:00,1163.591,994.9923,1502.3126,980.9521339580104,1096.4313404875065,1041.2302496699351
2013-12-22 01:30:00,957.0945,1163.591,1743.5912,1105.3188460368065,1238.4541786375478,1220.0404712663624
2013-12-22 01:40:00,955.5931,957.0945,1844.5757,992.3781356098382,1089.3714312144382,1031.6212363075038
2013-12-22 01:50:00,995.639,955.5931,1706.7008,980.2032798458181,1057.8715679759566,1023.588289439643
2013-12-22 02:00:00,985.5196,995.639,1746.5259,968.9417731887208,1004.7276011880878,1106.2683041873217
2013-12-22 02:10:00,1118.0166,985.5196,1646.8628,964.908972141734,970.8118495209962,1027.702907479162
2013-12-22 02:20:00,1052.2269,1118.0166,1613.2202,1046.824175773117,1068.851441678457,1120.5623966900862
2013-12-22 02:30:00,1061.6437,1052.2269,1639.296,1021.9944267253749,1055.711462204927,1107.4947085931665
2013-12-22 02:40:00,835.6274,1061.6437,1669.6034,1032.8793366000652,1085.1174970006748,1107.9599054636992
2013-12-22 02:50:00,1041.6499,835.6274,1530.8673,871.6021141028142,923.1563964501598,856.4109766194405
2013-12-22 03:00:00,999.20844,1041.6499,1597.003,958.0063807585944,998.3491292624111,1013.831826322334
2013-12-22 03:10:00,820.4097,999.20844,1529.9922,925.0990269423071,919.6068833821943,955.1231274348019
2013-12-22 03:20:00,755.2863,820.4097,1255.3954,834.7762541898068,855.6280963574171,768.1139792839126
2013-12-22 03:30:00,766.4913,755.2863,1241.6432,754.1214526290238,795.1533603903164,718.5412411260364
2013-12-22 03:40:00,650.0859,766.4913,1205.5676,721.3400454745477,740.3641769985287,761.4340750247744
2013-12-22 03:50:00,542.87256,650.0859,1061.059,638.294278777025,646.4438816794617,635.6246794829414
2013-12-22 04:00:00,566.58,542.87256,935.52203,551.1417521548144,566.7564512829533,523.9906494903809
2013-12-22 04:10:00,569.7812,566.58,910.7273,531.8742821837081,529.9688971673148,490.9217322734683
2013-12-22 04:20:00,532.1656,569.7812,852.82806,520.7994519006337,489.3812592140988,429.0538109978304
2013-12-22 04:30:00,370.3822,532.1656,814.0934,502.55070514659917,469.50057006022405,449.83985169647315
2013-12-22 04:40:00,393.52292,370.3822,714.88165,393.75107440919425,369.3075664578544,325.2168689123614
2013-12-22 04:50:00,431.68192,393.52292,592.069,380.1953554043555,346.19534659506684,322.12060887630616
2013-12-22 05:00:00,362.13434,431.68192,570.1553,384.8259020921929,325.30151164739107,310.62187062335016
2013-12-22 05:10:00,220.06572,362.13434,394.24496,354.91541635906884,299.9634049855812,295.02733976995927
2013-12-22 05:20:00,183.95947,220.06572,274.62695,255.0662537180042,224.6144255496243,197.05496904258186
2013-12-22 05:30:00,186.99693,183.95947,243.25465,203.15817979368038,185.08994167211478,173.93979788124477
2013-12-22 05:40:00,184.61205,186.99693,240.17557,184.0756346861543,167.71205083721077,173.94600925207922
2013-12-22 05:50:00,196.37656,184.61205,213.4386,179.32571883602873,167.51053514608535,168.16482247820935
2013-12-22 06:00:00,167.44131,196.37656,206.18684,188.79824264385175,183.08690314556338,164.83728047090395
2013-12-22 06:10:00,171.16751,167.44131,213.62038,173.87459303609378,166.66946230194438,163.26316058972924
2013-12-22 06:20:00,191.29349,171.16751,220.38985,175.35451257438643,168.3229699101291,159.5145957141214
2013-12-22 06:30:00,161.44586,191.29349,263.175,186.32202313687813,176.27794471842972,158.64937051364024
2013-12-22 06:40:00,170.60727,161.44586,252.20763,173.1619173085288,168.59129427567714,164.54118876286785
2013-12-22 06:50:00,174.69641,170.60727,241.43233,179.64570533269804,174.87046849411544,160.294796216681
2013-12-22 07:00:00,181.15367,174.69641,302.59894,181.06410044922032,165.14101664545544,167.56564854300294
2013-12-22 07:10:00,198.82335,181.15367,264.28268,190.08139565939135,178.6844672698038,170.69403119724205
2013-12-22 07:20:00,179.38576,198.82335,218.83359,206.17614309639433,195.83612527156183,177.71499549439665
2013-12-22 07:30:00,180.7942,179.38576,234.37657,199.31549468230295,182.3869130531197,181.28544543667743
2013-12-22 07:40:00,190.4184,180.7942,214.09871,201.54458331664205,188.52785887079565,190.26482758090668
2013-12-22 07:50:00,172.81429,190.4184,223.05412,206.4976380745222,193.0069309028525,198.75310770006854
2013-12-22 08:00:00,196.85368,172.81429,224.95204,197.1776569560269,185.1291456341015,185.97559164733823
2013-12-22 08:10:00,315.68027,196.85368,240.8789,213.57989803340794,203.66377691442372,211.52620880667146
2013-12-22 08:20:00,185.09996,315.68027,253.77219,292.46591328853617,258.461160224285,236.30846298146054
2013-12-22 08:30:00,205.30139,185.09996,260.22684,230.9359718479452,213.96480434928398,196.34807975649395
2013-12-22 08:40:00,277.99747,205.30139,272.85062,243.3285753526322,232.84513079114575,232.75831829175843
2013-12-22 08:50:00,269.70776,277.99747,264.08752,274.4031601492439,240.0573373201669,238.41960097527016
2013-12-22 09:00:00,229.31062,269.70776,310.00616,288.3061510263323,270.1519531427636,257.818523615901
2013-12-22 09:10:00,251.1421,229.31062,267.5632,270.8572530220023,271.25584672404744,245.0257252696305
2013-12-22 09:20:00,241.251,251.1421,275.02362,275.92579301265016,256.0190002961888,253.67347431197405
2013-12-22 09:30:00,260.74567,241.251,284.0787,263.9123555888048,254.43843571165564,251.23619684948883
2013-12-22 09:40:00,289.5527,260.74567,301.4908,277.6997015767333,296.07779717713385,299.6918218543082
2013-12-22 09:50:00,317.61768,289.5527,383.18665,296.71200119301216,293.1990606656548,284.3278180049785
2013-12-22 10:00:00,268.85626,317.61768,374.5168,322.3924049451776,311.51675605776194,316.88109150998315
2013-12-22 10:10:00,294.92975,268.85626,403.27124,296.9571472770887,313.70156097694235,300.5903958516534
2013-12-22 10:20:00,320.86194,294.92975,325.87305,307.97479066871597,314.6171681990171,313.9655153657298
2013-12-22 10:30:00,332.91962,320.86194,373.02063,318.2748079483944,315.2678957458407,330.94781267684766
2013-12-22 10:40:00,343.06506,332.91962,421.31763,333.2061599557576,354.741307862179,359.53757324268673
2013-12-22 10:50:00,319.6543,343.06506,408.50287,344.0017672331034,357.17030877504635,353.3213529816401
2013-12-22 11:00:00,393.04242,319.6543,397.17484,329.8516420025446,334.7572048409962,340.81377464483705
2013-12-22 11:10:00,390.8764,393.04242,385.79175,371.3639576304585,390.15552753135074,405.22960730065734
2013-12-22 11:20:00,340.58954,390.8764,384.03326,376.8530215090438,390.65540463074484,392.5885914534704
2013-12-22 11:30:00,336.16986,340.58954,437.61188,354.91252820591257,370.11956824367957,345.03609300469964
2013-12-22 11:40:00,408.23965,336.16986,468.27182,341.3512021584667,365.15060001505793,397.8278831156387
2013-12-22 11:50:00,390.3639,408.23965,460.2288,375.5269965606635,396.2375557972111,417.65830247072876
2013-12-22 12:00:00,392.3363,390.3639,461.26987,375.81484850098894,401.3655173838877,401.3555861966592
2013-12-22 12:10:00,410.13562,392.3363,452.10324,386.02099102169745,412.30657165495614,425.4504150764128
2013-12-22 12:20:00,415.60223,410.13562,521.8203,394.105985199197,408.65456305414955,424.6189309486409
2013-12-22 12:30:00,443.78906,415.60223,455.2435,400.91145259579747,421.87859237434975,425.3852658529169
2013-12-22 12:40:00,465.2193,443.78906,515.86554,422.69059995017517,446.6063042499926,474.8837790123991
2013-12-22 12:50:00,453.28198,465.2193,524.98615,442.42926005713537,450.5650811878092,454.6857060331464
2013-12-22 13:00:00,546.5487,453.28198,568.15857,444.49453784798436,454.6702684652261,435.36499795859635
2013-12-22 13:10:00,502.9173,546.5487,545.48944,504.370958471217,507.7228344445467,512.0891897827972
2013-12-22 13:20:00,499.91904,502.9173,521.9416,493.2411166138008,485.41711059254783,483.56637649983537
2013-12-22 13:30:00,481.37292,499.91904,584.499,501.20190766833167,497.8817660426815,498.1647570022502
2013-12-22 13:40:00,523.12317,481.37292,544.50507,482.8192809026362,482.30788104070774,521.5917709822211
2013-12-22 13:50:00,493.44873,523.12317,576.538,506.7142636380116,507.2569895408736,498.36072912023485
2013-12-22 14:00:00,613.05676,493.44873,608.8552,493.1630488824165,502.602473263331,505.51281310906637
2013-12-22 14:10:00,622.0891,613.05676,574.1189,570.6712307726168,564.3517333646571,573.1043838630666
2013-12-22 14:20:00,585.4621,622.0891,597.566,593.8694377587301,571.2935519503733,540.2176555186741
2013-12-22 14:30:00,575.93835,585.4621,545.3737,595.0731706551297,575.629707803406,576.7609273539916
2013-12-22 14:40:00,565.0086,575.93835,583.58545,584.2430251342073,562.7811353573807,565.7404529697
2013-12-22 14:50:00,508.62466,565.0086,579.2563,569.3963063287254,557.0646880082385,550.1657700896635
2013-12-22 15:00:00,573.56366,508.62466,614.3338,528.4450973868518,541.8200290145971,556.8641904648745
2013-12-22 15:10:00,540.985,573.56366,660.31006,557.9933659851313,568.9445962108969,567.43255476249
2013-12-22 15:20:00,499.356,540.985,630.1402,538.3282294030963,547.4332367959888,518.0239090057606
2013-12-22 15:30:00,538.56976,499.356,688.508,515.449525361802,543.0806733739001,536.9205008176205
2013-12-22 15:40:00,542.69696,538.56976,669.74835,526.8782496004959,547.8177911873066,497.0196224460516
2013-12-22 15:50:00,526.4454,542.69696,756.39374,527.8785536998723,542.2700204209603,537.0839688792867
2013-12-22 16:00:00,529.1865,526.4454,651.9961,523.539607633646,552.7543151870996,537.1317378746862
2013-12-22 16:10:00,572.53143,529.1865,682.15405,521.4249456094099,540.3633474692825,556.9157882238231
2013-12-22 16:20:00,532.5491,572.53143,642.48474,544.407492568057,552.8089014802749,549.2384643387339
2013-12-22 16:30:00,580.42566,532.5491,780.3023,525.599669174061,546.8380595903326,566.8659644422557
2013-12-22 16:40:00,647.1941,580.42566,733.30145,554.100241242267,566.7897076943134,569.6590776841109
2013-12-22 16:50:00,558.88586,647.1941,663.22687,594.2635174061292,585.2255154438718,605.1550680322324
2013-12-22 17:00:00,547.6403,558.88586,705.73474,557.7378714681306,564.8706050365098,594.781467108939
2013-12-22 17:10:00,564.81726,547.6403,798.04736,544.7726178595329,554.1917070268764,549.5785773992419
2013-12-22 17:20:00,590.0939,564.81726,650.05164,538.4643041832479,538.1006906910213,548.5124343011994
2013-12-22 17:30:00,563.39,590.0939,698.8135,553.7810813589222,566.2817664253199,592.3331370129315
2013-12-22 17:40:00,624.62726,563.39,645.9126,543.5669605126643,557.3252028940589,567.6797681004592
2013-12-22 17:50:00,532.387,624.62726,818.24664,579.7002675362335,573.1897831236322,567.7340114193003
2013-12-22 18:00:00,516.37805,532.387,638.77576,527.7760057183473,533.0272800766417,557.7529736559819
2013-12-22 18:10:00,556.71545,516.37805,683.17944,511.4745779452588,532.1161479955604,547.7175472690288
2013-12-22 18:20:00,513.04004,556.71545,632.7707,519.2132272638901,524.0998652893055,516.2676228440419
2013-12-22 18:30:00,496.24182,513.04004,644.23303,496.522817169677,506.56981230905365,546.9322319995999
2013-12-22 18:40:00,521.32025,496.24182,650.6838,485.216253028791,508.1246200427092,524.6214721993349
2013-12-22 18:50:00,449.22076,521.32025,616.4276,491.130150867121,493.9519876162782,503.60457845278495
2013-12-22 19:00:00,456.61038,449.22076,640.2411,447.75179254970953,457.6798028855092,475.0650995986585
2013-12-22 19:10:00,406.3913,456.61038,659.4586,444.64936161789547,468.40435713442935,487.58198148507745
2013-12-22 19:20:00,376.73846,406.3913,565.1808,403.44994829023693,412.6885398143652,431.7435990895464
2013-12-22 19:30:00,331.3848,376.73846,529.30023,377.62407791282976,394.55849526011974,414.7259231732199
2013-12-22 19:40:00,360.7096,331.3848,547.7617,336.37069734892356,360.06417672047826,368.7547963825772
2013-12-22 19:50:00,288.14633,360.7096,470.55847,343.0030788089617,354.5883189371902,382.7327759066176
2013-12-22 20:00:00,307.3615,288.14633,434.20987,294.88800594894894,307.06696207500426,320.38956033694006
2013-12-22 20:10:00,340.1692,307.3615,452.106,299.8938679081188,323.37023738332636,336.160774020317
2013-12-22 20:20:00,283.19955,340.1692,438.8974,311.8310295542008,314.35110417696205,323.6883857392282
2013-12-22 20:30:00,283.03537,283.19955,382.85544,285.47502121649467,294.64148438787925,311.4876655519157
2013-12-22 20:40:00,243.07599,283.03537,413.78156,281.20169025050893,304.6575070665691,307.96161622056496
2013-12-22 20:50:00,211.0859,243.07599,382.25467,247.0625129714628,254.9057546557881,267.3532072803935
2013-12-22 21:00:00,229.33755,211.0859,385.32986,219.58851837258754,234.0705691569624,241.58493642999076
2013-12-22 21:10:00,252.6313,229.33755,400.95374,220.1628622593121,238.01669169783247,247.94006900977195
2013-12-22 21:20:00,232.55635,252.6313,363.78348,232.32886806374907,234.1583352111253,236.9521756516091
2013-12-22 21:30:00,243.38852,232.55635,383.62607,227.5328892965362,237.2687106809719,251.90637338834821
2013-12-22 21:40:00,239.4494,243.38852,384.93124,235.01465092221216,250.63141900610626,264.4922848500405
2013-12-22 21:50:00,226.13972,239.4494,399.53268,231.42960048075017,233.34941710685675,240.1292510374147
2013-12-22 22:00:00,218.93285,226.13972,403.28845,224.489978111846,232.3694930385666,248.09686997503553
2013-12-22 22:10:00,234.47743,218.93285,367.34885,217.38163896389872,230.76230275809627,233.01392785564815
2013-12-22 22:20:00,231.87494,234.47743,330.27402,224.16646147496604,225.84795842597015,216.81462013912727
2013-12-22 22:30:00,213.88354,231.87494,340.2081,224.60497436297297,225.1013312514776,235.37670036603743
2013-12-22 22:40:00,209.93727,213.88354,359.22537,215.89594844395242,225.3475139246751,229.729107385936
2013-12-22 22:50:00,209.09282,209.93727,403.98978,210.48394033089917,213.90771088743617,213.32544699483472
2013-12-22 23:00:00,213.30539,209.09282,329.93433,207.02852853835356,204.71582878909172,218.14900860845307
2013-12-22 23:10:00,238.21701,213.30539,344.04846,209.64203392099688,212.69573195678225,220.15926188119218
2013-12-22 23:20:00,188.37274,238.21701,329.43475,226.65598646105576,224.62024570088914,208.20439000218678
2013-12-22 23:30:00,219.61612,188.37274,298.9654,200.1478645414982,197.09596235017156,197.7954779392692
2013-12-22 23:40:00,247.00484,219.61612,283.50647,216.82901110268057,217.0936523175341,233.03664970360398
2013-12-22 23:50:00,202.41368,247.00484,252.53775,231.8274983349482,216.4483069655625,206.560790754512
