time,actual,Persistence,Seasonal naive (1 week),SARIMAX,LSTM,TCN
2013-12-16 00:00:00,441.67255,499.63754,404.45886,505.3269653981354,457.1456853074529,456.9100931099102
2013-12-16 00:10:00,419.49042,441.67255,366.4887,458.8308320445957,437.1730460622184,489.7296090667892
2013-12-16 00:20:00,459.47592,419.49042,351.14746,426.9026012330449,399.34623935986014,429.9821492792709
2013-12-16 00:30:00,376.8823,459.47592,353.12787,418.09686452095445,406.8061332807281,421.56165409146735
2013-12-16 00:40:00,393.06085,376.8823,310.04678,381.9897044166446,398.4730962665992,463.2013424825487
2013-12-16 00:50:00,399.1571,393.06085,276.0485,382.4263910970541,377.84473581608626,374.8155134816307
2013-12-16 01:00:00,285.94077,399.1571,321.27213,369.963482447817,361.2477900009718,335.8793969745002
2013-12-16 01:10:00,386.73553,285.94077,331.42557,318.2321907363957,325.5015616048381,329.10200464470654
2013-12-16 01:20:00,393.29654,386.73553,303.57333,344.89475588749434,346.6562502844883,360.95854808043003
2013-12-16 01:30:00,306.3335,393.29654,303.76266,342.20267072323827,327.9081733388256,304.93733673076514
2013-12-16 01:40:00,378.2484,306.3335,289.24283,329.0330560033929,318.33097738088725,314.0050468930888
2013-12-16 01:50:00,379.74503,378.2484,286.38397,347.5236506502911,337.27680968121774,343.0436324284038
2013-12-16 02:00:00,313.56323,379.74503,350.37643,343.00061941261754,325.00011546642924,304.20236602041666
2013-12-16 02:10:00,363.4713,313.56323,304.39862,330.5503767595164,319.6282332067937,312.7758367006441
2013-12-16 02:20:00,355.76028,363.4713,316.61517,341.68922470788885,333.73474023594747,338.50823122015566
2013-12-16 02:30:00,261.89465,355.76028,351.38132,333.2676878069804,318.53985055257186,300.66977454503177
2013-12-16 02:40:00,322.91937,261.89465,356.0527,296.4307512989261,296.501199240789,283.57486377041255
2013-12-16 02:50:00,333.58017,322.91937,244.24332,305.721006900481,307.7665035706072,310.2450737911117
2013-12-16 03:00:00,266.3287,333.58017,270.9956,301.4924449037273,290.73738500054134,283.50397557227495
2013-12-16 03:10:00,306.63855,266.3287,260.41275,287.52275006462907,285.5914037910695,282.7311612808871
2013-12-16 03:20:00,328.371,306.63855,248.17546,296.21100639529396,294.10987031116167,295.9210039245635
2013-12-16 03:30:00,275.8581,328.371,283.28766,299.200725812415,287.37443853250807,284.36217416821415
2013-12-16 03:40:00,306.56317,275.8581,286.77545,289.9564767329383,285.732819373679,287.7996531492443
2013-12-16 03:50:00,331.5537,306.56317,270.96265,299.9167506321818,294.49793373398654,300.23400886352044
2013-12-16 04:00:00,273.42023,331.5537,270.96857,306.22974537366997,292.13950453988303,278.66450805830806
2013-12-16 04:10:00,283.75247,273.42023,243.26822,292.13254346383746,286.668284277415,283.44099247690735
2013-12-16 04:20:00,342.6617,283.75247,263.4047,291.6936359529163,289.18755259914394,285.28927986393705
2013-12-16 04:30:00,282.18365,342.6617,233.78781,308.5682656079153,296.81084651584183,281.41281882795687
2013-12-16 04:40:00,295.69342,282.18365,244.46391,296.61108008341074,287.99256140761673,289.8199268198964
2013-12-16 04:50:00,306.71826,295.69342,216.33865,306.63583372612493,297.9781461542701,296.5107237971053
2013-12-16 05:00:00,245.5802,306.71826,251.96478,301.4239336043558,291.7972151348724,279.6679675549202
2013-12-16 05:10:00,309.10986,245.5802,261.28632,276.8182758144909,276.78810300158636,269.44247395410014
2013-12-16 05:20:00,342.4906,309.10986,237.39719,299.7296916103641,300.7102742811012,310.88792826096585
2013-12-16 05:30:00,240.64575,342.4906,240.56204,315.74809407988755,297.9873549527029,283.67006976060856
2013-12-16 05:40:00,299.0204,240.64575,223.69743,289.79140169769124,279.1883623848292,269.6635661960883
2013-12-16 05:50:00,351.99677,299.0204,337.30566,308.10049610654823,299.5571988100407,322.2582049433791
2013-12-16 06:00:00,318.0458,351.99677,243.73378,322.5258529489646,305.11055938543143,284.6121732441701
2013-12-16 06:10:00,378.69785,318.0458,239.5529,339.64997187434733,320.42459273517477,324.9067441664011
2013-12-16 06:20:00,356.13885,378.69785,254.14468,380.96342685723766,352.0574034820972,362.64221948770154
2013-12-16 06:30:00,384.46634,356.13885,301.38934,377.2854819253755,349.79833670130324,320.96408751327334
2013-12-16 06:40:00,370.89133,384.46634,277.0203,407.88739141224147,399.4116536967298,398.2555888913918
2013-12-16 06:50:00,362.3277,370.89133,391.22433,404.196763771274,411.9906071351445,407.02922453948275
2013-12-16 07:00:00,336.9213,362.3277,354.6274,407.2663241289579,416.1572226168906,365.25251636765154
2013-12-16 07:10:00,390.61447,336.9213,403.23886,389.60862279181674,421.2515595020723,400.2801612218164
2013-12-16 07:20:00,425.83823,390.61447,383.75113,412.8271463130536,441.2663711661789,463.41399134014887
2013-12-16 07:30:00,418.44138,425.83823,480.57074,440.368579038693,447.387983320333,461.9291164482744
2013-12-16 07:40:00,511.0615,418.44138,590.5571,465.79236861784585,475.03339098173376,547.7713352501062
2013-12-16 07:50:00,629.23,511.0615,676.41925,527.4341750378628,548.8633646030238,643.6505233947138
2013-12-16 08:00:00,653.4199,629.23,1209.0139,613.091075946468,646.8305428450809,685.3038845475866
2013-12-16 08:10:00,761.48956,653.4199,705.0551,693.8640863734602,760.1463856934482,806.2931698344267
2013-12-16 08:20:00,882.3409,761.48956,755.3338,800.9614675092728,902.706066889689,939.5822563806572
2013-12-16 08:30:00,1032.548,882.3409,891.80994,904.3426900992595,1027.593892384947,959.2650929673568
2013-12-16 08:40:00,1124.126,1032.548,1065.5337,1055.6475296073093,1181.3236116010798,1177.2885249682677
2013-12-16 08:50:00,1236.5491,1124.126,1266.6848,1188.2497002339562,1283.7151506780033,1289.253698066156
2013-12-16 09:00:00,1481.2484,1236.5491,1295.2727,1324.4404841290416,1369.4480436601186,1293.5690546708356
2013-12-16 09:10:00,1428.5942,1481.2484,1258.5447,1513.811624287002,1530.1971656608198,1584.2217050404622
2013-12-16 09:20:00,1552.4651,1428.5942,1451.9678,1585.8515848152447,1569.3318143449744,1545.770317821002
2013-12-16 09:30:00,1488.8285,1552.4651,1478.8219,1714.384175319976,1647.6805828214249,1645.542682107933
2013-12-16 09:40:00,1661.2596,1488.8285,1736.7175,1688.2436633830848,1662.0682976117712,1632.1943183061394
2013-12-16 09:50:00,1617.4148,1661.2596,1698.8442,1797.2686997909843,1755.6368548600324,1770.0108782905859
2013-12-16 10:00:00,1664.4841,1617.4148,1788.0443,1789.1685043973487,1774.1724131860778,1722.4229690178693
2013-12-16 10:10:00,1834.0757,1664.4841,1784.3696,1846.0586391101908,1811.1258884921501,1746.6390427745255
2013-12-16 10:20:00,1817.0441,1834.0757,1746.3629,1924.9481581051855,1915.7707997963157,1894.2801529942974
2013-12-16 10:30:00,1880.4313,1817.0441,2100.3782,1961.1682368471972,1937.575512463655,1866.7350521181559
2013-12-16 10:40:00,1992.1698,1880.4313,1845.9613,2028.4981950264066,2002.1437427250532,1987.2557766093912
2013-12-16 10:50:00,2007.4949,1992.1698,2070.1484,2084.611579924326,2075.3707578813282,2081.884802194411
2013-12-16 11:00:00,1981.7074,2007.4949,2394.0793,2124.840507985297,2112.947091306489,2131.5435848448133
2013-12-16 11:10:00,2184.5686,1981.7074,2192.323,2132.207170562698,2142.0881706071973,2150.0835958385965
2013-12-16 11:20:00,1968.1714,2184.5686,2509.5408,2221.3888153170274,2237.246074993071,2317.429699380816
2013-12-16 11:30:00,2176.2668,1968.1714,2282.352,2134.481443674514,2181.599168774022,2173.1567751282373
2013-12-16 11:40:00,2058.123,2176.2668,2295.778,2234.3289160735685,2277.099282825645,2348.5080036211007
2013-12-16 11:50:00,2211.9333,2058.123,2636.386,2150.260110393559,2249.963868681064,2242.7452453116757
2013-12-16 12:00:00,2043.0378,2211.9333,2547.4624,2247.779494638568,2311.437206824501,2394.521214758475
2013-12-16 12:10:00,2347.748,2043.0378,2386.3857,2153.254234236693,2284.441162693721,2281.919184785551
2013-12-16 12:20:00,2503.83,2347.748,2545.289,2300.1478615612427,2378.7420572773144,2484.872372439285
2013-12-16 12:30:00,2471.3293,2503.83,2672.17,2392.9139449154936,2491.7148170029113,2530.128772255159
2013-12-16 12:40:00,2487.816,2471.3293,2449.6387,2495.1825049646923,2508.4791793181057,2620.3043392800428
2013-12-16 12:50:00,2553.4895,2487.816,2405.5867,2531.8430869849158,2550.8943664857356,2655.759881873982
2013-12-16 13:00:00,2654.5225,2553.4895,2750.2495,2554.4931104601774,2583.7396077917883,2706.40670398829
2013-12-16 13:10:00,2750.8958,2654.5225,2690.352,2620.5348323094863,2661.0205684863263,2793.415595759258
2013-12-16 13:20:00,2822.1538,2750.8958,2598.7144,2707.1056385752904,2722.946088060789,2823.1769226932815
2013-12-16 13:30:00,2701.6875,2822.1538,2912.2058,2790.93034381932,2771.5853677921896,2880.3853214143937
2013-12-16 13:40:00,2846.589,2701.6875,3005.724,2771.3176850109007,2757.6941594140744,2842.5909076054277
2013-12-16 13:50:00,2761.5703,2846.589,2801.353,2834.743437150879,2817.8547451562617,2924.182897825636
2013-12-16 14:00:00,2679.1482,2761.5703,2954.7588,2793.287548866094,2805.7960233122344,2847.061039727043
2013-12-16 14:10:00,2846.7756,2679.1482,2898.1653,2770.17770743882,2771.482171176026,2828.2216377034197
2013-12-16 14:20:00,2534.2056,2846.7756,2765.6484,2813.529097373675,2843.5546998892773,2847.789430671034
2013-12-16 14:30:00,2814.8188,2534.2056,2740.5352,2670.375570845967,2712.182088512908,2665.7550480294735
2013-12-16 14:40:00,2797.1252,2814.8188,2712.638,2784.556559850458,2799.686807132439,2825.817585436726
2013-12-16 14:50:00,2632.9592,2797.1252,2600.776,2757.442961642511,2813.120012654242,2725.1012864127765
2013-12-16 15:00:00,2719.9248,2632.9592,2776.5977,2745.595383772278,2716.387515510091,2673.9777971097546
2013-12-16 15:10:00,2737.278,2719.9248,2660.2708,2745.7205749576506,2774.2372063389803,2677.477973672716
2013-12-16 15:20:00,2688.813,2737.278,2870.1052,2728.7834637335227,2744.6868642984628,2655.580451145073
2013-12-16 15:30:00,2614.5593,2688.813,2737.2053,2728.561631627514,2728.3098070948317,2651.452569355116
2013-12-16 15:40:00,2702.127,2614.5593,2794.0732,2679.7486280032617,2695.5021367601985,2627.584997141288
2013-12-16 15:50:00,2748.791,2702.127,2531.2327,2688.891246342153,2695.0475518155695,2594.706609209445
2013-12-16 16:00:00,2634.2102,2748.791,2501.1162,2706.5303084068346,2714.179454378251,2677.2674106529166
2013-12-16 16:10:00,2628.354,2634.2102,2450.3599,2676.180827120719,2664.7554363220033,2623.1094350773083
2013-12-16 16:20:00,2626.0117,2628.354,2575.2117,2651.2061004707234,2640.675551189355,2568.8456864156665
2013-12-16 16:30:00,2563.6245,2626.0117,2720.3699,2610.473715334391,2627.4853939919144,2592.240809813223
2013-12-16 16:40:00,2649.9111,2563.6245,2612.4014,2568.1027935934408,2586.1642279607067,2583.9081846985564
2013-12-16 16:50:00,2494.1238,2649.9111,2700.093,2586.3406158607863,2596.65211059538,2564.578634222469
2013-12-16 17:00:00,2457.8,2494.1238,2803.391,2502.3412909415224,2525.9420219448875,2473.179786186294
2013-12-16 17:10:00,2545.8594,2457.8,2719.4897,2460.988967635115,2481.702053096475,2477.5522879064642
2013-12-16 17:20:00,2543.6948,2545.8594,2916.3237,2446.4730305237795,2498.953845420909,2466.1441785381185
2013-12-16 17:30:00,2322.1726,2543.6948,2889.5676,2445.6936460288634,2465.9381308843267,2429.4089635176433
2013-12-16 17:40:00,2663.5967,2322.1726,2522.8486,2348.092790622096,2379.0176674016466,2337.171540294794
2013-12-16 17:50:00,2480.97,2663.5967,2273.6086,2452.3215761628508,2461.579507875824,2448.3026382222492
2013-12-16 18:00:00,2258.5442,2480.97,2713.9302,2375.1381003070305,2401.4583785232026,2315.3757853055386
2013-12-16 18:10:00,2365.5015,2258.5442,2347.227,2302.542787242039,2271.28436802367,2277.1630925906206
2013-12-16 18:20:00,2013.1089,2365.5015,2157.8652,2254.7187622342667,2308.8589302270007,2253.482766230462
2013-12-16 18:30:00,2151.991,2013.1089,2204.972,2043.1475107293622,2109.554221883249,2042.1823181776174
2013-12-16 18:40:00,2143.1855,2151.991,1947.5546,2053.792807294463,2104.3925904815355,2120.7162035522506
2013-12-16 18:50:00,2088.3984,2143.1855,1896.3414,1988.541364978048,2063.6974602335563,2026.387921223977
2013-12-16 19:00:00,1917.8799,2088.3984,1900.7827,1990.6591473709893,1956.054953152543,1991.8721742556547
2013-12-16 19:10:00,1961.1853,1917.8799,1874.8844,1889.3489903016336,1888.0682409810365,1896.8922323904446
2013-12-16 19:20:00,1886.3074,1961.1853,1662.7988,1856.5057450859927,1811.467529683553,1876.4052835913546
2013-12-16 19:30:00,1575.9323,1886.3074,1684.8168,1785.7894074033347,1749.731780308809,1772.5431801059553
2013-12-16 19:40:00,1596.141,1575.9323,1843.3634,1624.0008819164746,1575.211335796274,1609.4161743578982
2013-12-16 19:50:00,1528.1526,1596.141,1385.3278,1549.432979990234,1525.4282231600753,1520.825950133856
2013-12-16 20:00:00,1413.2109,1528.1526,1368.7178,1447.892234810812,1448.4434960502183,1457.761650900347
2013-12-16 20:10:00,1425.4016,1413.2109,1413.4725,1381.4037882314644,1356.8839702457483,1400.384070411724
2013-12-16 20:20:00,1304.2977,1425.4016,1549.643,1345.6147724984658,1325.1774553605799,1363.625371060476
2013-12-16 20:30:00,1109.7107,1304.2977,1051.3617,1262.1065505166778,1239.9628012436654,1255.116023377815
2013-12-16 20:40:00,1243.8564,1109.7107,976.98596,1141.967270824504,1140.868339531315,1144.2059094813162
2013-12-16 20:50:00,1135.4084,1243.8564,1058.789,1137.0973781580813,1148.1036081478821,1188.161242827409
2013-12-16 21:00:00,1075.4208,1135.4084,891.21765,1068.0131668807012,1081.984356307675,1066.4812507079575
2013-12-16 21:10:00,1103.3552,1075.4208,1138.5659,1048.3517056293756,1031.4745720108474,1072.7636259802812
2013-12-16 21:20:00,1062.0172,1103.3552,908.2933,1023.1872664004935,1032.723612251509,1029.216216464635
2013-12-16 21:30:00,1051.4791,1062.0172,970.76666,994.9479417464105,982.3025760793053,986.8090712696926
2013-12-16 21:40:00,827.939,1051.4791,930.271,987.613071448756,977.9674395012845,984.6312375384458
2013-12-16 21:50:00,939.1461,827.939,1250.5222,864.8999411304059,875.4755827850558,883.3822537805124
2013-12-16 22:00:00,864.9957,939.1461,921.4077,869.1999230112482,875.1329704188776,892.7255579209349
2013-12-16 22:10:00,945.5177,864.9957,794.7773,805.8577372839999,843.0479378475618,822.3704744037082
2013-12-16 22:20:00,929.39575,945.5177,690.48016,854.6925257579455,837.7796576164097,845.9659418494047
2013-12-16 22:30:00,795.038,929.39575,669.5328,846.2476652173865,839.0382295001157,803.9361906977728
2013-12-16 22:40:00,731.85895,795.038,642.61206,797.9356443897024,765.4613358134774,817.1055445651629
2013-12-16 22:50:00,685.2888,731.85895,689.61694,734.957129474219,744.478339414278,776.2134016260876
2013-12-16 23:00:00,619.82666,685.2888,1241.0784,669.426393476916,693.4895448247485,737.5812068312915
2013-12-16 23:10:00,686.6954,619.82666,744.9646,613.4862749131413,646.4662544229469,655.1150893239613
2013-12-16 23:20:00,627.1446,686.6954,733.891,620.3728382842427,644.080874189947,663.8932727742894
2013-12-16 23:30:00,526.67584,627.1446,478.2317,591.4047604826374,604.1453254599954,608.1382575807512
2013-12-16 23:40:00,549.4768,526.67584,527.9005,545.5418610387109,551.7751546171385,610.1112706482211
2013-12-16 23:50:00,507.38956,549.4768,458.8826,522.9408972363345,540.8203797965459,600.5546628931558
2013-12-17 00:00:00,502.82867,507.38956,550.4352,484.97531765865426,497.5881193384337,504.18020937312605
2013-12-17 00:10:00,557.64825,502.82867,544.6912,479.9069699674811,505.671081287509,490.56445215416875
2013-12-17 00:20:00,453.33533,557.64825,488.50076,494.5894078577719,478.1241976217487,496.39978645609114
2013-12-17 00:30:00,434.28394,453.33533,426.53836,456.21048418447236,452.1276751311177,444.10268063370603
2013-12-17 00:40:00,643.6172,434.28394,400.99222,438.16503545658816,443.6831675925961,453.66464274847357
2013-12-17 00:50:00,377.2396,643.6172,414.22626,501.23376294413544,490.8961562477681,479.6369616359207
2013-12-17 01:00:00,420.13507,377.2396,368.5495,416.0151131440433,396.62917021666397,381.4994637244972
2013-12-17 01:10:00,382.49466,420.13507,348.31714,431.5503521746247,406.5416895765781,393.63692894505544
2013-12-17 01:20:00,372.3956,382.49466,376.40952,367.1508698707936,376.9918285425272,355.31733395946895
2013-12-17 01:30:00,354.82898,372.3956,303.46466,365.5497929609272,366.93370457370753,375.1722779997795
2013-12-17 01:40:00,326.95477,354.82898,321.47897,346.6746246777204,364.0892135641488,369.05277248653636
2013-12-17 01:50:00,285.24146,326.95477,356.39893,327.4714444458046,331.5978197897688,337.0751610775558
2013-12-17 02:00:00,307.27518,285.24146,956.8873,296.9437180555699,308.44757247287674,306.1674097305004
2013-12-17 02:10:00,322.3455,307.27518,352.32867,292.94464559613687,308.3939424135988,318.2067758708667
2013-12-17 02:20:00,270.39795,322.3455,379.19684,295.1547421597959,302.1559128998319,290.02790946023595
2013-12-17 02:30:00,287.36633,270.39795,332.24777,279.3801576778767,288.07700225277046,294.55552457202697
2013-12-17 02:40:00,300.23834,287.36633,372.4902,280.77930406067134,290.0642164985524,299.5851730405469
2013-12-17 02:50:00,249.70934,300.23834,365.53424,278.5447048298577,283.024566958663,280.234843313476
2013-12-17 03:00:00,278.10532,249.70934,306.302,261.37036402153535,270.7077335593707,276.5829510964315
2013-12-17 03:10:00,289.59515,278.10532,368.0035,268.14502405712915,278.07515462750035,287.6851459736868
2013-12-17 03:20:00,263.2437,289.59515,428.05597,267.91090555113925,271.469023956501,259.25579343957713
2013-12-17 03:30:00,275.8497,263.2437,329.74393,266.00595395886097,273.60186968800735,280.49753669988473
2013-12-17 03:40:00,302.6184,275.8497,380.50748,270.0466366909035,277.40328790193354,285.28393091089015
2013-12-17 03:50:00,267.39505,302.6184,372.60828,279.71650999759356,278.0816297540423,261.51424395651736
2013-12-17 04:00:00,294.62833,267.39505,317.6325,272.8418228916162,276.156044996632,282.51047694569365
2013-12-17 04:10:00,295.62775,294.62833,352.1721,286.30541162519916,287.89305365827596,302.210743854394
2013-12-17 04:20:00,270.77686,295.62775,325.85153,284.9520084279994,280.8677953879925,269.83200818558294
2013-12-17 04:30:00,253.19948,270.77686,316.47025,281.1679188331067,282.35797787269513,287.3377635460331
2013-12-17 04:40:00,297.35254,253.19948,343.46045,267.83740440297885,274.7162603620806,276.2637171225224
2013-12-17 04:50:00,271.64038,297.35254,326.21588,280.6524355368226,280.07841474131624,279.42711427895307
2013-12-17 05:00:00,261.4262,271.64038,295.9983,274.90855700166566,276.90863353470706,284.468896338233
2013-12-17 05:10:00,315.23523,261.4262,333.80728,277.1323852009319,281.5210522287224,284.3016879628333
2013-12-17 05:20:00,340.9571,315.23523,332.6811,296.36114543486514,290.9493356161757,277.7139381634684
2013-12-17 05:30:00,281.91028,340.9571,291.00302,320.69640433389566,307.05792445100974,302.9935127109817
2013-12-17 05:40:00,331.3453,281.91028,432.33997,314.0448913875752,305.0088784579567,305.1646533535717
2013-12-17 05:50:00,279.85925,331.3453,462.11578,335.0748035412686,315.1349883644126,304.68281612691914
2013-12-17 06:00:00,283.4594,279.85925,447.0788,306.1052333592407,297.8401021951464,285.60625061171885
2013-12-17 06:10:00,337.38727,283.4594,462.56354,311.5423312012233,317.17561152244207,326.11161607651286
2013-12-17 06:20:00,331.45905,337.38727,366.0853,328.57568088561055,325.04134971903204,298.1370618979508
2013-12-17 06:30:00,294.91028,331.45905,369.27213,342.8527054503148,326.8000386698075,313.74207956888733
2013-12-17 06:40:00,379.76587,294.91028,395.4063,339.8318582513592,337.1046710244435,341.1320393869029
2013-12-17 06:50:00,342.52344,379.76587,431.49783,376.61237474147987,364.5521544676604,368.77425785021376
2013-12-17 07:00:00,393.1728,342.52344,398.3089,370.37352102693984,356.0630109810096,358.9541510681573
2013-12-17 07:10:00,446.57346,393.1728,473.31732,417.38376338612755,418.237892204518,446.3841344666309
2013-12-17 07:20:00,479.6781,446.57346,459.42938,450.05157633418764,448.6618643497286,450.4416921215309
2013-12-17 07:30:00,454.89655,479.6781,501.79224,501.54108066913125,507.3732865136297,505.9169005327823
2013-12-17 07:40:00,550.1103,454.89655,622.4241,516.6025120591111,570.2026292957302,593.2833583901321
2013-12-17 07:50:00,753.2259,550.1103,632.3024,575.1206860351855,653.9612848853054,648.0440745287527
2013-12-17 08:00:00,753.5956,753.2259,799.3838,697.0249994574843,792.88169477896,824.371495999499
2013-12-17 08:10:00,825.61786,753.5956,1072.7003,791.5704787317032,899.1298900792331,928.2658912401607
2013-12-17 08:20:00,969.22736,825.61786,977.5034,903.4517749664303,996.3848026332175,951.1433812774959
2013-12-17 08:30:00,1102.4698,969.22736,1091.5458,1002.3912540183385,1096.0326671764358,1107.4544946718545
2013-12-17 08:40:00,1151.8214,1102.4698,1217.1279,1138.4178467944494,1240.055325647217,1285.9759171634323
2013-12-17 08:50:00,1323.192,1151.8214,1303.0553,1251.4781741403522,1325.4777978496772,1296.1152635803865
2013-12-17 09:00:00,1353.7094,1323.192,1575.002,1401.6864597713936,1419.008844751083,1461.8747286011132
2013-12-17 09:10:00,1526.8392,1353.7094,1681.3344,1479.0904193172103,1497.003516611865,1572.5049137569752
2013-12-17 09:20:00,1520.4929,1526.8392,1558.2786,1634.8599912873624,1621.5734867031256,1590.3452444916643
2013-12-17 09:30:00,1443.8579,1520.4929,1637.3098,1682.458984961206,1647.0877357939394,1659.7274306230102
2013-12-17 09:40:00,1733.7273,1443.8579,1781.1393,1684.264349227688,1654.3783629821498,1652.9190272500587
2013-12-17 09:50:00,1723.3817,1733.7273,1995.1044,1813.7964129476604,1801.1596914480333,1828.9840944624991
2013-12-17 10:00:00,1592.9745,1723.3817,1961.1566,1851.172977892496,1823.1503655111571,1866.5860893446036
2013-12-17 10:10:00,1676.853,1592.9745,2290.3916,1854.4998784032957,1825.1337823371466,1809.8344264850182
2013-12-17 10:20:00,2029.1399,1676.853,2023.518,1853.8726800226025,1864.5394847634068,1842.4244042257528
2013-12-17 10:30:00,1878.1979,2029.1399,2260.137,2008.4350374126748,2007.027569958217,2069.15980007902
2013-12-17 10:40:00,2047.5851,1878.1979,2472.3645,2032.8478907703193,2037.852227683337,2043.5324857281644
2013-12-17 10:50:00,2180.45,2047.5851,2301.1992,2177.8839733565433,2129.1043221503282,2158.2226672574175
2013-12-17 11:00:00,2260.443,2180.45,2286.6116,2230.7334173196077,2201.4820459037087,2232.2988057630637
2013-12-17 11:10:00,2108.2441,2260.443,2466.042,2341.5805109839184,2301.9321050757776,2378.4442874711353
2013-12-17 11:20:00,2238.8875,2108.2441,2453.964,2302.48289134544,2297.1150644202717,2268.632126288267
2013-12-17 11:30:00,2177.5771,2238.8875,2577.374,2341.8472883674413,2325.9796217735347,2378.30615540129
2013-12-17 11:40:00,2299.401,2177.5771,2892.698,2284.5474651929776,2352.115499847443,2349.7203931209874
2013-12-17 11:50:00,2414.3123,2299.401,2647.2146,2356.296050126581,2424.4331183777854,2420.3445094965464
2013-12-17 12:00:00,2392.4524,2414.3123,2526.6145,2414.2150551463455,2482.9389068728565,2506.659192630414
2013-12-17 12:10:00,2683.2268,2392.4524,2653.1787,2453.7059847892488,2506.1170135784837,2546.8425073964786
2013-12-17 12:20:00,2642.9966,2683.2268,2747.9504,2615.8207365275007,2658.76628293646,2695.139363372715
2013-12-17 12:30:00,2447.843,2642.9966,3244.1272,2649.355705516887,2664.69369926405,2704.6268767244787
2013-12-17 12:40:00,2542.8638,2447.843,2985.6284,2610.267524297481,2614.1211752757636,2607.756066312063
2013-12-17 12:50:00,2836.1824,2542.8638,2954.0652,2596.2685429265366,2660.6114257606673,2702.1114072609707
2013-12-17 13:00:00,2705.4675,2836.1824,3111.739,2705.155034995216,2766.774353228941,2838.2007665958163
2013-12-17 13:10:00,2972.2612,2705.4675,3155.8035,2732.3724834015666,2776.7237942506695,2820.9601647944187
2013-12-17 13:20:00,3007.2957,2972.2612,3160.2808,2912.843935146513,2891.8103793877212,3033.5155572496797
2013-12-17 13:30:00,3013.3506,3007.2957,3194.455,2954.869167071861,2926.363285493034,2983.3325240218005
2013-12-17 13:40:00,3133.456,3013.3506,3238.2983,3039.2377063423505,2957.080965831626,3098.261964488345
2013-12-17 13:50:00,2863.8772,3133.456,3301.32,3109.8272748407294,3045.0189772815756,3144.3140497173736
2013-12-17 14:00:00,3008.3774,2863.8772,3310.8464,3001.134995515004,2927.408430105414,2944.41283515353
2013-12-17 14:10:00,2890.1206,3008.3774,3209.6182,3044.4398822573926,2996.669723183986,3028.982456785941
2013-12-17 14:20:00,2734.4712,2890.1206,3132.4636,2947.3627085261733,2968.6954453926282,2978.8586501198943
2013-12-17 14:30:00,2544.7542,2734.4712,3463.6958,2877.7984848171423,2865.5617001339583,2824.866354879536
2013-12-17 14:40:00,2736.8467,2544.7542,2919.7893,2711.6158864749355,2792.319366370694,2644.128748176475
2013-12-17 14:50:00,2691.2998,2736.8467,3138.5393,2725.4399069789447,2802.956233027633,2785.2994508472757
2013-12-17 15:00:00,2396.328,2691.2998,2834.9238,2695.79075309953,2781.8375352872167,2712.799309029475
2013-12-17 15:10:00,2737.6082,2396.328,3187.3694,2581.2311816918295,2643.875938515091,2503.5150959611447
2013-12-17 15:20:00,2477.2888,2737.6082,3031.5605,2672.111488624579,2736.6913247199473,2745.6208679407164
2013-12-17 15:30:00,2892.69,2477.2888,2918.214,2538.5695019571112,2618.925805346952,2542.3297807995573
2013-12-17 15:40:00,2803.812,2892.69,2935.791,2773.1274230687955,2754.991362351646,2803.177820508424
2013-12-17 15:50:00,2902.2222,2803.812,2772.8342,2750.617306351085,2772.287426063468,2651.037994748069
2013-12-17 16:00:00,2747.3257,2902.2222,2844.5388,2888.4301258715996,2747.5872682080653,2780.0707770694876
2013-12-17 16:10:00,3124.105,2747.3257,2766.8157,2801.8650912636535,2776.6572799028786,2723.5063765309314
2013-12-17 16:20:00,3048.2637,3124.105,3089.2231,2969.088381706446,2833.3939914180683,2942.7203037970103
2013-12-17 16:30:00,3095.5195,3048.2637,2774.1755,2968.007034988635,2875.1139834628707,2838.7143107973848
2013-12-17 16:40:00,3181.4685,3095.5195,2913.9536,3066.214584103167,2861.525443158739,2912.474971864626
2013-12-17 16:50:00,2941.134,3181.4685,2843.8418,3087.8471681792807,2939.0569418425857,3000.1184461080506
2013-12-17 17:00:00,2902.808,2941.134,2853.4807,2987.7904733018304,2817.0142859946754,2824.1360436678833
2013-12-17 17:10:00,2714.8738,2902.808,2829.6445,2923.953664435335,2822.850328663812,2793.715447774821
2013-12-17 17:20:00,3030.4998,2714.8738,2822.5754,2749.254981038851,2716.9646569042734,2703.8710311179784
2013-12-17 17:30:00,2599.4233,3030.4998,2781.0361,2838.671345432905,2787.2669232533394,2785.166651501737
2013-12-17 17:40:00,2843.5127,2599.4233,2717.2131,2637.6559473612697,2655.758479636453,2609.8405970917456
2013-12-17 17:50:00,2552.371,2843.5127,2600.114,2730.296843823422,2647.795747553666,2682.5327094717195
2013-12-17 18:00:00,2385.382,2552.371,2694.7937,2525.185925782408,2579.2927245221117,2486.638266845503
2013-12-17 18:10:00,2270.155,2385.382,2531.3782,2428.465043048336,2411.9215341365084,2418.2657245072846
2013-12-17 18:20:00,2145.7808,2270.155,2527.0508,2257.8839924700205,2375.7180004178495,2339.5970913332035
2013-12-17 18:30:00,2272.6868,2145.7808,2394.3535,2123.9467259244425,2209.3472754810145,2184.123848366713
2013-12-17 18:40:00,2324.882,2272.6868,2249.6177,2122.6989171579917,2232.861185277838,2217.9477124856
2013-12-17 18:50:00,2225.732,2324.882,1996.8153,2137.1142403052545,2197.570697264404,2233.3776654056337
2013-12-17 19:00:00,2236.8972,2225.732,2160.4158,2128.310117607243,2131.997862389564,2128.4050262635697
2013-12-17 19:10:00,2005.5433,2236.8972,2140.3198,2119.7070048327682,2103.9817141309773,2097.339548351405
2013-12-17 19:20:00,1953.8909,2005.5433,2136.7168,1981.5443665823727,1976.0067936797288,1955.3446403843095
2013-12-17 19:30:00,1802.5775,1953.8909,2046.5723,1905.6908173757286,1880.67537609189,1877.1255738170655
2013-12-17 19:40:00,1852.4194,1802.5775,1731.4648,1764.1627758847767,1781.4599529815514,1733.78663302909
2013-12-17 19:50:00,1696.9373,1852.4194,1756.6365,1740.6367248957652,1707.117098761786,1747.1856461151228
2013-12-17 20:00:00,1606.5923,1696.9373,1688.5913,1638.670623543529,1618.2621865030903,1602.4376672176343
2013-12-17 20:10:00,1590.6038,1606.5923,1625.3927,1571.7698707306354,1509.1836463296897,1557.0867878473662
2013-12-17 20:20:00,1446.0183,1590.6038,1324.3677,1507.2340424668382,1473.9852494188203,1487.670734448305
2013-12-17 20:30:00,1323.7643,1446.0183,1316.6863,1411.6617611268239,1368.2586843450188,1408.6611077750413
2013-12-17 20:40:00,1351.181,1323.7643,1236.932,1316.4712126892057,1293.742831897357,1293.989262706259
2013-12-17 20:50:00,1179.2695,1351.181,1163.2485,1269.7835220925012,1257.8090519721645,1279.830318739718
2013-12-17 21:00:00,1079.5662,1179.2695,1774.6016,1163.3322994782184,1168.9485995354462,1153.058554242107
2013-12-17 21:10:00,1028.0624,1079.5662,1287.5082,1083.6364451812362,1090.7761562565565,1070.7404519305207
2013-12-17 21:20:00,1090.8693,1028.0624,1242.588,998.7534091363449,1038.707315022908,1039.7948677010281
2013-12-17 21:30:00,956.15717,1090.8693,1261.8608,993.3195578703784,1017.0886721097436,1058.4332603322055
2013-12-17 21:40:00,862.8589,956.15717,1022.12854,930.054544689511,961.9590161289573,960.9508300002339
2013-12-17 21:50:00,919.1082,862.8589,1066.5684,870.0033305603059,886.1760892266744,879.3366548197317
2013-12-17 22:00:00,801.89136,919.1082,1007.38617,846.4838110539805,883.6978453966464,901.2252962017466
2013-12-17 22:10:00,840.02545,801.89136,1131.5334,780.3228885273041,818.3250144597034,817.5559776892267
2013-12-17 22:20:00,779.9643,840.02545,911.0456,786.7218538466791,810.3064314568554,833.2526143154772
2013-12-17 22:30:00,783.5628,779.9643,877.7383,738.8022600690845,770.9783966273425,787.4946053451026
2013-12-17 22:40:00,769.1843,783.5628,916.14545,736.8113868298624,748.748402551988,775.4057450526719
2013-12-17 22:50:00,724.57544,769.1843,1263.049,716.5144269757704,739.9197421056203,750.5244390364919
2013-12-17 23:00:00,680.99176,724.57544,896.8783,693.2666047911455,696.2693158132149,725.1446159086995
2013-12-17 23:10:00,609.1263,680.99176,1194.1348,659.6636918089896,672.7429634298028,680.250505211624
2013-12-17 23:20:00,687.94366,609.1263,1122.802,605.4032403682264,624.7275390547433,627.754582890891
2013-12-17 23:30:00,579.22,687.94366,827.644,617.1832822334856,626.907326740443,664.8282063213352
2013-12-17 23:40:00,560.5221,579.22,590.85205,565.7261557457216,576.7119367951377,583.977361251963
2013-12-17 23:50:00,585.93774,560.5221,575.17413,552.7259157997448,552.226260171991,568.3328874381776
2013-12-18 00:00:00,543.7737,585.93774,763.32715,536.410317806147,543.458889369487,559.7825108472786
2013-12-18 00:10:00,489.5595,543.7737,638.1712,518.0907116173406,543.1650152702279,549.498686562956
2013-12-18 00:20:00,539.0693,489.5595,511.84302,489.42173531126303,492.9187039662769,509.3658659548378
2013-12-18 00:30:00,504.443,539.0693,493.02005,492.221476079986,489.91568309007744,511.8843536728567
2013-12-18 00:40:00,474.9078,504.443,541.55615,474.2440548978383,466.8592756448402,475.64465689673716
2013-12-18 00:50:00,456.41156,474.9078,465.88635,465.62136821645987,462.52089959306534,479.04303914955574
2013-12-18 01:00:00,410.78296,456.41156,442.66397,443.08435668121217,442.3812985779996,456.740196920551
2013-12-18 01:10:00,379.65802,410.78296,481.84415,410.6390242048478,411.32666829196813,424.6048929245443
2013-12-18 01:20:00,401.63037,379.65802,439.98602,381.97020646307806,393.9455216224147,406.8080558184064
2013-12-18 01:30:00,409.86038,401.63037,452.74246,375.9937279679999,384.72800809584555,403.98646903510786
2013-12-18 01:40:00,410.02414,409.86038,507.9777,377.7105827993219,378.99408497630264,387.5030871559737
2013-12-18 01:50:00,413.1298,410.02414,409.54782,386.1438528694714,386.97462676796664,402.5842536171912
2013-12-18 02:00:00,381.0714,413.1298,407.85815,390.6339353800158,382.7878972249764,398.4300324555036
2013-12-18 02:10:00,370.31766,381.0714,411.84418,376.6894384581589,366.00743812006255,390.8791859856853
2013-12-18 02:20:00,391.41586,370.31766,397.22635,366.02382659872865,363.25178692015726,386.5834457114495
2013-12-18 02:30:00,339.14832,391.41586,432.5632,366.80707345852284,363.98111364832295,376.0129278506436
2013-12-18 02:40:00,343.98822,339.14832,366.80832,343.97053200965524,342.979350928415,357.33802043623166
2013-12-18 02:50:00,354.6266,343.98822,337.33316,340.8989441410033,343.9384057454688,362.72740553689147
2013-12-18 03:00:00,349.94174,354.6266,384.66998,335.17178709374883,336.5658144192795,345.016083360296
2013-12-18 03:10:00,357.09317,349.94174,411.0358,337.420897590699,336.2353283518574,359.5783574834715
2013-12-18 03:20:00,353.47437,357.09317,426.82016,343.47681560874884,343.56252307394897,366.7988766548278
2013-12-18 03:30:00,323.44745,353.47437,294.39008,343.0699544935898,336.33068081606814,350.54572745785265
2013-12-18 03:40:00,330.19568,323.44745,346.5054,330.0711305563821,326.63594372661566,339.6204672444266
2013-12-18 03:50:00,333.8312,330.19568,276.82495,326.85221825286413,327.7888769464272,343.9306569669284
2013-12-18 04:00:00,349.34024,333.8312,303.0393,323.62153578860165,322.2075605987083,327.8855462255773
2013-12-18 04:10:00,332.18362,349.34024,341.105,334.9360685039388,332.4222553882695,339.42260447798265
2013-12-18 04:20:00,342.7267,332.18362,278.16077,332.2676044084668,330.74121299185566,340.2238028693352
2013-12-18 04:30:00,374.74506,342.7267,301.17105,339.0523643924516,330.8369987907036,341.73061923739016
2013-12-18 04:40:00,368.85327,374.74506,327.84183,354.0244841524191,343.5543285292923,348.58638250398917
2013-12-18 04:50:00,359.95996,368.85327,296.3528,363.3023711167245,351.58498797965524,355.37963240068245
2013-12-18 05:00:00,320.06473,359.95996,306.23477,368.0489206819042,351.7711911676838,352.35822360953347
2013-12-18 05:10:00,361.5439,320.06473,311.81003,345.5151447049998,336.011198278496,329.57750331378867
2013-12-18 05:20:00,344.93466,361.5439,314.4834,357.26880597808196,352.2543033414534,359.1543282629319
2013-12-18 05:30:00,401.58304,344.93466,297.34317,350.13854945729815,345.4223111032318,339.6103142546394
2013-12-18 05:40:00,397.4719,401.58304,302.52466,388.6623108759985,374.8611617058394,379.89550028681475
2013-12-18 05:50:00,396.86322,397.4719,293.9416,398.3346616651069,378.7567711974028,372.37067502782463
2013-12-18 06:00:00,346.3754,396.86322,298.2731,416.417164351798,390.8492515341294,392.8316730331107
2013-12-18 06:10:00,356.57953,346.3754,323.27948,390.6537092565093,378.4873811638613,363.85249384731304
2013-12-18 06:20:00,357.7288,356.57953,276.3126,386.87544731011457,382.06985836817637,373.3046260229856
2013-12-18 06:30:00,379.6343,357.7288,346.87347,379.2142091129977,380.40093607549557,362.1253002654799
2013-12-18 06:40:00,361.912,379.6343,370.5926,397.0575728458567,396.0886296553347,386.1401055735909
2013-12-18 06:50:00,413.22113,361.912,330.08496,396.3752509450786,391.77951505320266,383.57252699639946
2013-12-18 07:00:00,403.95444,413.22113,414.72205,428.8212148055158,420.57290883538394,428.721877212673
2013-12-18 07:10:00,471.12317,403.95444,498.2013,434.817788053031,429.4256977956605,444.360203417644
2013-12-18 07:20:00,481.8742,471.12317,507.02487,487.2884256765045,485.2226082536265,529.1166939889504
2013-12-18 07:30:00,486.94028,481.8742,500.81403,510.9309285757553,517.3406050494522,528.7837536840453
2013-12-18 07:40:00,624.4269,486.94028,577.8699,540.9795817126188,575.0991421134052,555.6406828263421
2013-12-18 07:50:00,638.6378,624.4269,648.36334,621.3401840170636,692.4321408029606,709.2529064953555
2013-12-18 08:00:00,813.0423,638.6378,706.696,670.5920715639523,754.5704628598733,761.663166867903
2013-12-18 08:10:00,815.51215,813.0423,896.70795,815.8924594937023,928.686202306043,964.7903395209569
2013-12-18 08:20:00,925.6145,815.51215,914.41406,871.9706533194931,979.1382812485365,994.9306061662762
2013-12-18 08:30:00,986.8481,925.6145,909.3241,993.4606782107037,1097.3842427797915,1131.0429056154785
2013-12-18 08:40:00,1024.8683,986.8481,1036.2612,1058.7140229417753,1166.92363089355,1184.0220303744268
2013-12-18 08:50:00,1120.7278,1024.8683,1165.2616,1132.9807527456894,1219.0450319485633,1239.9110603822605
2013-12-18 09:00:00,1329.3274,1120.7278,1193.8663,1215.2816192074506,1295.740461297934,1352.945355360055
2013-12-18 09:10:00,1298.2369,1329.3274,1675.2163,1363.3981149626848,1419.2486934569304,1492.9240901716253
2013-12-18 09:20:00,1384.4584,1298.2369,1398.3181,1432.0233109861738,1463.2477003493937,1536.0196699310518
2013-12-18 09:30:00,1469.436,1384.4584,1684.267,1534.2319715041776,1542.5460763252768,1587.9879211210002
2013-12-18 09:40:00,1578.1361,1469.436,1810.5433,1588.338533769867,1595.3147532401576,1666.5401349298966
2013-12-18 09:50:00,1854.771,1578.1361,1633.9137,1690.0600760454606,1685.8205469246088,1745.0081815969238
2013-12-18 10:00:00,1918.0593,1854.771,1718.2716,1883.0896176982017,1861.1858027331805,1919.8819479454355
2013-12-18 10:10:00,1979.1547,1918.0593,1905.1145,2014.372494264134,1938.9084069559028,1986.2917977858929
2013-12-18 10:20:00,1986.4985,1979.1547,1988.1498,2139.1258620401995,2027.963076079766,2089.9482528036783
2013-12-18 10:30:00,2171.3086,1986.4985,1958.0093,2163.743031495938,2080.4970975828833,2140.4242615448784
2013-12-18 10:40:00,2056.8528,2171.3086,2246.4888,2267.82150395988,2185.0326449746794,2269.9729639627362
2013-12-18 10:50:00,2273.6548,2056.8528,2236.9653,2239.522452174239,2205.4045340748808,2191.9002273823116
2013-12-18 11:00:00,2399.3738,2273.6548,2450.2341,2364.500489685302,2324.6737961666304,2340.6870662592964
2013-12-18 11:10:00,2414.5996,2399.3738,2360.7063,2433.8639476678686,2410.4784494021624,2351.389601321043
2013-12-18 11:20:00,2517.3286,2414.5996,2257.2395,2521.5707519376256,2479.027971946897,2480.0946238225633
2013-12-18 11:30:00,2686.7637,2517.3286,2342.7937,2598.597825302421,2565.944715015451,2553.7750327770896
2013-12-18 11:40:00,2631.356,2686.7637,2523.0796,2698.696684388298,2644.621610106822,2611.2548917387703
2013-12-18 11:50:00,2698.8047,2631.356,2344.0938,2725.431828539494,2688.9492024602896,2643.4575406975077
2013-12-18 12:00:00,2644.4453,2698.8047,2563.8928,2779.8839750890675,2745.9728912383976,2734.53803783127
2013-12-18 12:10:00,2527.1482,2644.4453,2796.1885,2739.2708701093998,2728.7722131253677,2691.4432621189353
2013-12-18 12:20:00,2794.0598,2527.1482,3009.7483,2671.428534821648,2706.5400787512895,2614.6334625028344
2013-12-18 12:30:00,2793.752,2794.0598,2996.6025,2754.7953500087797,2820.9215156189616,2821.2282364887988
2013-12-18 12:40:00,2745.2158,2793.752,3488.2744,2776.8857689118286,2832.078465947327,2853.463419013937
2013-12-18 12:50:00,2864.4187,2745.2158,2929.3225,2819.288039488825,2854.3184712662537,2844.0900988120757
2013-12-18 13:00:00,3068.5159,2864.4187,3129.3904,2862.2960084535457,2903.225067531266,2912.990498893597
2013-12-18 13:10:00,3000.1797,3068.5159,3032.534,2973.5572594890614,2974.209340927107,3025.3763570545825
2013-12-18 13:20:00,3004.658,3000.1797,3102.9355,3017.762783330297,3011.8020271523674,3046.6011500722902
2013-12-18 13:30:00,3191.4482,3004.658,2996.5852,3057.330986761596,3014.084689376394,3071.9879339006484
2013-12-18 13:40:00,3207.1084,3191.4482,3351.0833,3132.3241829314693,3074.8341887453917,3195.77111811454
2013-12-18 13:50:00,3051.9417,3207.1084,3350.995,3185.021743683424,3125.6522989877,3225.2900541184695
2013-12-18 14:00:00,3178.2043,3051.9417,3409.3945,3160.581950356463,3084.7639225305115,3118.57962959337
2013-12-18 14:10:00,3111.8794,3178.2043,3262.4702,3193.442132042979,3104.54405101023,3175.9051541279323
2013-12-18 14:20:00,2973.613,3111.8794,3188.527,3148.7499386976097,3101.121402546682,3132.0086021998263
2013-12-18 14:30:00,3023.979,2973.613,3212.2188,3096.523909590568,3049.0366921917484,3016.778496810057
2013-12-18 14:40:00,2870.2234,3023.979,3355.152,3073.2155993277934,3040.2865362796983,3036.0111068126985
2013-12-18 14:50:00,2810.9236,2870.2234,3163.4941,2969.4111460826666,2966.1779913147125,2899.043773508194
2013-12-18 15:00:00,2524.7148,2810.9236,3138.4204,2915.4409458809246,2927.7362880262513,2846.473179367842
2013-12-18 15:10:00,2665.3462,2524.7148,3357.431,2710.092197773193,2769.2790001018634,2589.4136622836522
2013-12-18 15:20:00,2788.0576,2665.3462,3068.2595,2699.2831208871157,2754.673322476666,2683.4331009769908
2013-12-18 15:30:00,2690.2424,2788.0576,2931.4197,2714.3272088652034,2795.9681408729903,2738.2469837566036
2013-12-18 15:40:00,2476.0342,2690.2424,2682.1438,2729.0058281112792,2744.883839545717,2678.921828589537
2013-12-18 15:50:00,2679.1196,2476.0342,2925.2114,2622.490518793778,2654.6174318818535,2532.0883244159063
2013-12-18 16:00:00,2502.6748,2679.1196,3033.0212,2645.339971747421,2671.41350590542,2665.8068937325374
2013-12-18 16:10:00,2525.0535,2502.6748,2649.4763,2540.426578055898,2593.614863835344,2540.248968228573
2013-12-18 16:20:00,2681.9224,2525.0535,2890.9934,2557.490023953765,2573.2707207245535,2557.0599685135544
2013-12-18 16:30:00,2889.628,2681.9224,2967.2227,2585.9304377834146,2625.840217903643,2667.0741039027143
2013-12-18 16:40:00,2542.5159,2889.628,2775.517,2719.286354401297,2676.769504945248,2768.1553450653605
2013-12-18 16:50:00,2753.3704,2542.5159,3069.802,2626.6482191969,2597.6140831891757,2646.4864555833965
2013-12-18 17:00:00,2676.247,2753.3704,2885.9888,2696.444662357742,2614.648964996062,2756.934524944012
2013-12-18 17:10:00,2600.9219,2676.247,2788.8345,2606.991345842913,2598.36165610841,2658.1252193681544
2013-12-18 17:20:00,2616.2776,2600.9219,2687.505,2596.846392547061,2542.713305127579,2645.0436476764576
2013-12-18 17:30:00,2503.0154,2616.2776,3005.7766,2557.336368495458,2562.7194936261367,2643.9787112961817
2013-12-18 17:40:00,2491.4087,2503.0154,2762.919,2475.4574706700178,2460.266857110882,2541.1751588512625
2013-12-18 17:50:00,2464.9944,2491.4087,2557.8306,2438.374907552398,2459.3831147346923,2526.9345372887647
2013-12-18 18:00:00,2273.415,2464.9944,2577.395,2385.0292777700947,2416.1121080796306,2499.4220071884233
2013-12-18 18:10:00,2249.7034,2273.415,2303.616,2272.9782726874855,2304.218749144149,2333.6734263873996
2013-12-18 18:20:00,2227.0054,2249.7034,2664.4214,2204.76867352505,2264.8219651945933,2303.9202793053255
2013-12-18 18:30:00,2196.0857,2227.0054,2439.0437,2134.4880767979466,2211.922011092415,2262.2027464259804
2013-12-18 18:40:00,1929.9333,2196.0857,2384.309,2101.9709272819046,2150.710038975424,2199.6261975549414
2013-12-18 18:50:00,1906.7806,1929.9333,2430.4763,1952.5986146096407,2031.414438431073,1994.0400694064529
2013-12-18 19:00:00,1933.2943,1906.7806,2246.3481,1871.5535695018752,1938.375110227528,1965.3624142253695
2013-12-18 19:10:00,1699.993,1933.2943,2297.5225,1811.6019452798027,1887.9373071508683,1929.2287625959643
2013-12-18 19:20:00,1720.3448,1699.993,2083.0298,1694.659183435756,1744.5787012773903,1767.5430769588977
2013-12-18 19:30:00,1700.0227,1720.3448,1884.9933,1657.6041538996228,1688.7372315991588,1729.7159830895284
2013-12-18 19:40:00,1523.4856,1700.0227,1619.4545,1594.1828872607985,1614.860481619005,1689.215237457344
2013-12-18 19:50:00,1568.3333,1523.4856,1999.8436,1507.176585278988,1499.1777974073825,1557.5947306173423
2013-12-18 20:00:00,1453.8414,1568.3333,1679.3378,1484.2935305649103,1469.9879243867833,1555.628035412216
2013-12-18 20:10:00,1269.3866,1453.8414,1678.3756,1395.7351276163538,1380.4416858620132,1459.8302431805564
2013-12-18 20:20:00,1161.6351,1269.3866,1538.2764,1289.792815045495,1277.0962245832288,1310.92077613377
2013-12-18 20:30:00,1171.1189,1161.6351,1376.2448,1170.6863700652782,1199.8372373588359,1214.8192205488995
2013-12-18 20:40:00,991.73987,1171.1189,1190.0137,1110.0481611554912,1142.7170541424512,1199.8962550695683
2013-12-18 20:50:00,957.08075,991.73987,1193.6012,998.6749742181162,1055.4459763678203,1068.292949644971
2013-12-18 21:00:00,985.3857,957.08075,879.54285,945.4056891704811,997.7907762670071,1025.516618268876
2013-12-18 21:10:00,816.4783,985.3857,915.6829,909.9347181171208,970.307525279878,1013.3213379847695
2013-12-18 21:20:00,850.4735,816.4783,977.5572,825.359046531342,884.6785938822625,902.68634995543
2013-12-18 21:30:00,817.6907,850.4735,1041.2152,812.3804383377959,871.6943136680756,897.8092729716298
2013-12-18 21:40:00,688.85065,817.6907,995.1739,764.6283010567038,824.4119010489621,862.0153388633966
2013-12-18 21:50:00,702.4695,688.85065,969.6157,702.4849226258636,756.7956495895121,763.080907127996
2013-12-18 22:00:00,753.86127,702.4695,870.22614,674.458210565254,737.7399291296863,750.7829692095335
2013-12-18 22:10:00,676.85645,753.86127,860.20404,670.5288133636251,713.8033494604048,760.6215253625768
2013-12-18 22:20:00,758.3573,676.85645,965.69275,648.8633166660202,682.5395101227062,726.4119519452845
2013-12-18 22:30:00,652.5494,758.3573,834.43976,682.5123227340578,699.4952291292602,756.4978829760598
2013-12-18 22:40:00,640.0536,652.5494,667.72833,631.4211296387258,639.5519950752293,681.3277664668342
2013-12-18 22:50:00,634.62427,640.0536,686.76434,622.3573176543557,620.339033006145,680.6907673203145
2013-12-18 23:00:00,604.5951,634.62427,535.60846,592.8570227167505,611.702380651885,655.5638361831847
2013-12-18 23:10:00,545.23456,604.5951,673.3051,574.600366532424,576.0965633053335,617.1951695172879
2013-12-18 23:20:00,540.5254,545.23456,626.08014,538.405524329413,552.7102268208276,580.662961139912
2013-12-18 23:30:00,593.64,540.5254,485.93866,516.9271410731188,532.3263928223971,559.3316759772274
2013-12-18 23:40:00,579.179,593.64,552.5888,526.4349712459754,531.4924345462899,544.9519597109145
2013-12-18 23:50:00,502.68195,579.179,578.4617,530.5498853004233,527.3166948842055,555.032223521628
2013-12-19 00:00:00,536.72876,502.68195,544.10876,504.15335185229907,500.40983024725597,508.9163238633891
2013-12-19 00:10:00,487.20523,536.72876,612.5639,501.45106007496497,508.64756616601835,518.996162417828
2013-12-19 00:20:00,436.3902,487.20523,550.2907,467.6923135340311,487.7450637274911,484.2321113653731
2013-12-19 00:30:00,456.98666,436.3902,515.6192,440.93430327068825,445.9377926081597,438.37821348080945
2013-12-19 00:40:00,429.72488,456.98666,576.80023,429.41337825229004,422.24570755605527,417.7341668852994
2013-12-19 00:50:00,370.90134,429.72488,528.7024,409.4164422697543,413.6412989637732,412.83988455131924
2013-12-19 01:00:00,435.60614,370.90134,487.79184,380.184605125152,401.11996026102975,384.32239226066946
2013-12-19 01:10:00,394.7007,435.60614,514.7918,392.63129446237116,396.91207056062825,405.3378535339555
2013-12-19 01:20:00,400.94308,394.7007,502.52484,373.76268466683325,371.64392789383106,364.5256557677202
2013-12-19 01:30:00,427.43805,400.94308,393.03406,385.0425870759223,394.8361802002778,397.99807596268244
2013-12-19 01:40:00,336.43256,427.43805,388.41327,389.5932114151664,388.73249659762683,383.684534420628
2013-12-19 01:50:00,365.2895,336.43256,407.0363,352.8806902488659,350.39331406139866,355.01041111847843
2013-12-19 02:00:00,346.52133,365.2895,347.6217,354.65335259084407,365.7078916387076,368.21115881858555
2013-12-19 02:10:00,342.67114,346.52133,404.20245,331.1275796803415,337.45810511822594,335.0380434043083
2013-12-19 02:20:00,320.30676,342.67114,387.69327,333.2001574905453,336.9959522618016,351.3683480932258
2013-12-19 02:30:00,328.14258,320.30676,385.9141,317.5320250837422,334.5237016153095,340.2939543094859
2013-12-19 02:40:00,280.11807,328.14258,386.30444,316.2105988799394,321.76323922303493,327.50839671818886
2013-12-19 02:50:00,335.46817,280.11807,384.74515,289.1792870212744,298.2117400057355,307.7322768662559
2013-12-19 03:00:00,298.21442,335.46817,367.38992,307.86709385270575,319.63266330843766,330.6741312637667
2013-12-19 03:10:00,309.2171,298.21442,395.27368,290.86692707343695,298.0214591771591,289.01003509321396
2013-12-19 03:20:00,300.12256,309.2171,401.73764,303.11309748154486,309.7282206971104,322.5469541109537
2013-12-19 03:30:00,246.72475,300.12256,353.05072,292.6487352163,302.65187238620786,300.6044013780768
2013-12-19 03:40:00,276.32565,246.72475,329.7815,266.71285844265503,276.1221912203337,277.2916979579448
2013-12-19 03:50:00,262.11307,276.32565,332.10986,268.46528094652405,280.8701793326262,290.9453521392998
2013-12-19 04:00:00,270.27988,262.11307,318.37247,255.63374042312952,266.0525697655804,269.9264605382383
2013-12-19 04:10:00,252.87465,270.27988,349.41077,265.17676957127634,280.780870464949,279.1742672276174
2013-12-19 04:20:00,251.35564,252.87465,323.29788,255.6599405249804,270.6005465097742,267.5751386253909
2013-12-19 04:30:00,252.64908,251.35564,329.8743,254.0657752116007,262.9931485063908,268.83923231969953
2013-12-19 04:40:00,252.2801,252.64908,340.2503,251.0173991266614,263.7967080741759,263.0118547345383
2013-12-19 04:50:00,271.09418,252.2801,303.57394,251.92463451627023,265.04510452220256,268.2960662628156
2013-12-19 05:00:00,250.35619,271.09418,313.96634,262.7924464390989,271.124048746521,265.12718196782475
2013-12-19 05:10:00,284.96732,250.35619,306.307,258.0622589502002,267.04557283857343,258.57679456904947
2013-12-19 05:20:00,278.65344,284.96732,378.34708,277.1827505011111,283.66330974898807,280.91376371833394
2013-12-19 05:30:00,234.95042,278.65344,306.86783,278.263499945682,278.72333854412705,270.2523462021676
2013-12-19 05:40:00,278.24277,234.95042,301.54367,264.7241823770507,271.27587072142074,261.6367852702905
2013-12-19 05:50:00,274.403,278.24277,349.7559,277.2659368967878,281.2669667951022,275.1908056694115
2013-12-19 06:00:00,246.9415,274.403,310.33118,275.6464443161361,271.432684024986,268.7151005963243
2013-12-19 06:10:00,316.2096,246.9415,367.47528,274.5620080536285,283.7774966247913,267.2679855137013
2013-12-19 06:20:00,317.4206,316.2096,396.937,304.49601559886787,302.46142864124374,302.7958597853472
2013-12-19 06:30:00,308.83353,317.4206,370.39334,316.55613623940104,297.7032589936714,307.78275636543094
2013-12-19 06:40:00,312.58328,308.83353,462.5887,336.2089377923872,332.79897078784154,348.1856970796459
2013-12-19 06:50:00,378.32358,312.58328,421.2171,338.9975588499129,328.41430540140595,342.25517539584666
2013-12-19 07:00:00,398.94138,378.32358,413.06085,374.15515573907334,357.8282481699385,382.00643451036325
2013-12-19 07:10:00,383.5255,398.94138,478.9303,405.7802664884427,403.0460076411425,429.7898899944605
2013-12-19 07:20:00,505.4137,383.5255,506.47122,426.52461701432514,423.54557998066207,444.0631986137115
2013-12-19 07:30:00,487.4411,505.4137,586.53674,495.4237367593336,501.76378500687173,550.2555286427396
2013-12-19 07:40:00,513.9205,487.4411,579.84595,516.2184292491996,557.1473990758153,585.2229548107505
2013-12-19 07:50:00,644.89886,513.9205,774.51733,568.5049490808387,659.4359904172707,641.6831793319438
2013-12-19 08:00:00,664.45844,644.89886,787.2202,641.6948809324776,744.3400290269354,744.6063087524204
2013-12-19 08:10:00,682.46765,664.45844,864.35,698.8776479907079,796.9410378181399,820.0241044364368
2013-12-19 08:20:00,738.4892,682.46765,926.0424,759.7142607059432,893.1958117029749,859.8278983854224
2013-12-19 08:30:00,748.6995,738.4892,992.17694,803.3348169920747,910.7022835517392,907.3684380451849
2013-12-19 08:40:00,879.4211,748.6995,1386.6217,830.7020788115555,917.4521127335216,978.6515363854778
2013-12-19 08:50:00,1059.6797,879.4211,1429.9628,922.8336836711688,1038.7794644183475,1067.6444207029758
2013-12-19 09:00:00,1205.6598,1059.6797,1756.2965,1055.0632198372089,1149.6027328487269,1148.7084558919219
2013-12-19 09:10:00,1294.0133,1205.6598,1758.0388,1224.7310533509637,1276.13553268914,1333.6868403760536
2013-12-19 09:20:00,1403.5647,1294.0133,1974.7046,1370.501489971828,1413.9234855097416,1433.8569410507857
2013-12-19 09:30:00,1366.8352,1403.5647,1966.743,1496.8739036911084,1510.292825201416,1498.3002835590044
2013-12-19 09:40:00,1410.3505,1366.8352,2061.1875,1527.6170845975728,1532.9632249273916,1597.5085193243026
2013-12-19 09:50:00,1500.0518,1410.3505,1968.2762,1568.6121726897607,1601.2679950489164,1610.064806705294
2013-12-19 10:00:00,1631.4615,1500.0518,2036.8434,1609.7673972527366,1652.2510745938425,1661.4536436902488
2013-12-19 10:10:00,1594.8406,1631.4615,2076.893,1707.4300795169631,1736.1033865877307,1757.089969271707
2013-12-19 10:20:00,1743.9664,1594.8406,2128.8708,1738.653684080674,1779.8398085084316,1746.2317317953787
2013-12-19 10:30:00,1792.1637,1743.9664,2329.3064,1837.360265324508,1866.3247108832568,1886.719453436907
2013-12-19 10:40:00,1852.2518,1792.1637,2473.4666,1877.2680160529399,1902.9082604619805,1911.3042777375654
2013-12-19 10:50:00,1815.0078,1852.2518,2551.5708,1952.9584062745657,1983.7543346667483,1972.2556464322797
2013-12-19 11:00:00,1953.0441,1815.0078,2350.8796,1948.3012099137156,1997.5179204525377,1948.9650119500805
2013-12-19 11:10:00,1898.2078,1953.0441,2518.3152,2015.3213208794448,2058.332451187826,2070.6414468389685
2013-12-19 11:20:00,1932.6768,1898.2078,2802.102,1996.2098889450197,2069.5683154484377,2040.9483535922593
2013-12-19 11:30:00,2083.8467,1932.6768,2476.347,2026.9436771958538,2111.195584651624,2067.5277796432365
2013-12-19 11:40:00,2171.034,2083.8467,2703.3647,2084.838967577254,2176.1848112851776,2160.021759781181
2013-12-19 11:50:00,2265.275,2171.034,2956.3667,2163.2809342694272,2243.492731440152,2240.3149050326374
2013-12-19 12:00:00,2178.1807,2265.275,2671.3423,2263.7399879413542,2338.1384634557717,2329.2445300837576
2013-12-19 12:10:00,2262.1306,2178.1807,2962.0967,2255.0687151014217,2319.6474650255427,2285.9516439878785
2013-12-19 12:20:00,2150.6257,2262.1306,2975.1736,2293.3448183390146,2360.59679767543,2366.6957065320357
2013-12-19 12:30:00,2270.9175,2150.6257,2991.2263,2223.8792481898736,2333.892906166654,2265.386964953885
2013-12-19 12:40:00,2441.9104,2270.9175,3271.6672,2274.3187098848903,2382.7631411213615,2376.2702906951754
2013-12-19 12:50:00,2547.372,2441.9104,3418.4873,2350.619681399261,2463.8251859017637,2474.863447636389
2013-12-19 13:00:00,2549.3323,2547.372,3506.7034,2472.0037902069284,2545.8284478703213,2593.5063833179643
2013-12-19 13:10:00,2767.84,2549.3323,3498.3464,2541.7364280740726,2591.702196182719,2660.179437854279
2013-12-19 13:20:00,2683.886,2767.84,3569.2283,2676.08615270097,2683.8515937607967,2793.7214208093233
2013-12-19 13:30:00,2711.2275,2683.886,3720.0342,2684.2872537757007,2687.514834357654,2792.5297178052256
2013-12-19 13:40:00,2517.5942,2711.2275,4082.5557,2736.746268351465,2725.0294357133716,2796.276591219574
2013-12-19 13:50:00,2742.896,2517.5942,3707.8462,2621.272528640447,2652.04508953578,2651.343648548684
2013-12-19 14:00:00,2650.2075,2742.896,3686.6035,2697.380895163552,2718.9095472097356,2851.8181628077205
2013-12-19 14:10:00,2467.6526,2650.2075,3479.6655,2652.3995237729955,2712.4994585898553,2735.9296914538036
2013-12-19 14:20:00,2606.0076,2467.6526,3577.103,2597.8388055824003,2633.4382886924222,2589.608211270231
2013-12-19 14:30:00,2583.6455,2606.0076,3656.6104,2603.016831418944,2666.431674076497,2685.0824337018435
2013-12-19 14:40:00,2529.9766,2583.6455,3678.0776,2576.003562240822,2635.0795564930163,2640.9146694137125
2013-12-19 14:50:00,2546.6702,2529.9766,3535.5667,2581.0320339853306,2630.7308868820587,2573.1485282619033
2013-12-19 15:00:00,2376.3787,2546.6702,3376.8804,2570.652921344692,2625.114572513346,2635.665760648669
2013-12-19 15:10:00,2511.2966,2376.3787,3201.6992,2471.8170937680698,2523.44322466026,2471.2703796571163
2013-12-19 15:20:00,2380.6892,2511.2966,3431.9753,2503.3761691797176,2561.1781413071194,2538.27255526191
2013-12-19 15:30:00,2496.9202,2380.6892,3477.4856,2421.1105585921755,2496.704482803905,2448.1371506780683
2013-12-19 15:40:00,2670.8054,2496.9202,3364.1667,2481.8362007947408,2512.9491608595235,2502.2677429088385
2013-12-19 15:50:00,2527.7153,2670.8054,3284.312,2554.602673625968,2596.207794402612,2577.2829036537996
2013-12-19 16:00:00,2489.7966,2527.7153,3185.4412,2550.688880844751,2541.3469463147276,2527.2225241628353
2013-12-19 16:10:00,2740.8386,2489.7966,3094.7456,2538.039975322875,2530.9698527034247,2523.404794867009
2013-12-19 16:20:00,2435.474,2740.8386,3113.1794,2608.2937291535527,2601.606569732899,2661.368916138949
2013-12-19 16:30:00,2455.3765,2435.474,3142.384,2495.6766661431516,2490.4232279089447,2474.485844808135
2013-12-19 16:40:00,2387.4033,2455.3765,3258.4138,2492.7037456748003,2483.1682196876704,2488.4755801544457
2013-12-19 16:50:00,2405.84,2387.4033,2934.7273,2377.995961705421,2434.0960797607236,2427.178996993532
2013-12-19 17:00:00,2422.1624,2405.84,2884.93,2367.8572847255896,2391.214293014322,2441.538175673603
2013-12-19 17:10:00,2372.235,2422.1624,2943.2761,2353.2504981451802,2418.3874532488535,2457.1213954651926
2013-12-19 17:20:00,2159.325,2372.235,2892.7563,2327.8472347076968,2361.8987882890365,2432.2812550349336
2013-12-19 17:30:00,2137.3472,2159.325,3015.9224,2204.9081679428946,2267.539835988281,2266.790800958685
2013-12-19 17:40:00,2231.6365,2137.3472,3012.9724,2125.970991055157,2213.046942655941,2237.9428744528072
2013-12-19 17:50:00,2189.936,2231.6365,2831.693,2105.6786991813738,2200.2802841687926,2242.6150806211763
2013-12-19 18:00:00,2123.9602,2189.936,3028.6846,2093.012767191362,2166.0217746730364,2235.6555951667615
2013-12-19 18:10:00,2123.451,2123.9602,2758.2766,2068.0756675362527,2144.9553010181126,2166.378758681002
2013-12-19 18:20:00,1877.5533,2123.451,2910.1533,2035.7974543685948,2104.665718832342,2135.119349230201
2013-12-19 18:30:00,2125.435,1877.5533,2794.071,1892.0343219203326,1973.4426157098837,1958.123084671647
2013-12-19 18:40:00,2092.7605,2125.435,2620.6812,1950.7698861623269,2011.1037223802796,2107.9160358677923
2013-12-19 18:50:00,1824.8812,2092.7605,2535.8145,1922.6718974767314,1972.2301043952002,1950.5495318174696
2013-12-19 19:00:00,1729.0023,1824.8812,2712.6138,1843.5259156603202,1836.01498963804,1867.4134806883815
2013-12-19 19:10:00,1680.3956,1729.0023,2714.0427,1727.1060002138079,1768.2585784848025,1785.9016342384034
2013-12-19 19:20:00,1606.5753,1680.3956,2616.8674,1618.1294419937715,1649.8497853757128,1712.0623064319166
2013-12-19 19:30:00,1626.3036,1606.5753,2198.773,1546.5082431556334,1573.1676715421636,1651.1449042942972
2013-12-19 19:40:00,1547.6589,1626.3036,2152.5847,1525.8845975533145,1539.9315310414424,1635.6845947659242
2013-12-19 19:50:00,1395.2604,1547.6589,2111.398,1472.927130781561,1464.3255965930202,1543.4655709064189
2013-12-19 20:00:00,1390.3672,1395.2604,1945.91,1385.1587660035955,1375.6568871259585,1460.9809790168724
2013-12-19 20:10:00,1230.7985,1390.3672,1868.3463,1330.9654719880727,1337.4620690849474,1444.641706084338
2013-12-19 20:20:00,1114.6785,1230.7985,1818.6428,1216.0359096131392,1235.1859169736513,1283.7379395353712
2013-12-19 20:30:00,1020.2102,1114.6785,1755.3456,1122.9759911713331,1156.50464883642,1183.7330497406801
2013-12-19 20:40:00,942.3615,1020.2102,1559.6774,1015.7886803405256,1082.5415960261748,1084.7293104275498
2013-12-19 20:50:00,842.16235,942.3615,1485.1571,931.0204429280815,995.0708596237114,1004.4296109397138
2013-12-19 21:00:00,718.4314,842.16235,1268.6296,843.4905928803878,926.5571728777074,932.6519701323936
2013-12-19 21:10:00,781.4337,718.4314,1170.3201,742.722907178935,833.2852584978532,821.0908740766179
2013-12-19 21:20:00,700.18353,781.4337,1040.1089,724.5313438275797,807.7532615969013,846.4360076553361
2013-12-19 21:30:00,728.15845,700.18353,1092.9803,670.1093801141927,755.1077698021136,786.1998034585648
2013-12-19 21:40:00,701.6063,728.15845,1161.1085,681.0483329106596,757.0990954458641,785.99760866998
2013-12-19 21:50:00,737.4239,701.6063,1038.0328,655.0289556945373,725.8934729071932,742.215942199686
2013-12-19 22:00:00,640.25195,737.4239,892.23157,672.625260776349,710.6431107757052,761.8156607258256
2013-12-19 22:10:00,642.9851,640.25195,839.02356,627.5051318931799,671.0802657946872,696.1590799898145
2013-12-19 22:20:00,583.5191,642.9851,765.0785,616.580897154265,638.6007278616648,697.5683985235397
2013-12-19 22:30:00,631.582,583.5191,817.5981,566.1838968348989,595.1326454300513,636.8077635987953
2013-12-19 22:40:00,589.1496,631.582,737.6974,576.6640855473886,595.8465334091942,661.9509355037421
2013-12-19 22:50:00,559.72516,589.1496,788.7016,552.8195879673285,573.1605692532128,614.3665446536763
2013-12-19 23:00:00,568.67993,559.72516,717.3833,541.508277863313,549.8183043602094,609.0024218192275
2013-12-19 23:10:00,518.3545,568.67993,961.62537,529.6999957807272,545.4557112804138,591.8234431538871
2013-12-19 23:20:00,516.46484,518.3545,880.5135,500.8635833512249,514.5658966999875,558.8749699650959
2013-12-19 23:30:00,506.92117,516.46484,801.4866,491.67453494168194,505.9039608526204,549.8382884253216
2013-12-19 23:40:00,482.3108,506.92117,778.3073,475.2204791025953,490.6613729221478,522.6608874430165
2013-12-19 23:50:00,465.71014,482.3108,736.0413,461.4654772430905,474.268160793437,499.3465349423435
2013-12-20 00:00:00,525.8392,465.71014,640.9776,446.48991376086093,461.9349429607813,490.5016685683991
2013-12-20 00:10:00,489.60336,525.8392,652.6211,465.11252149203074,461.7056368854188,468.5541617858946
2013-12-20 00:20:00,372.18173,489.60336,600.1446,457.91202075959916,477.64737049035614,460.33703621534517
2013-12-20 00:30:00,404.69742,372.18173,584.42175,405.9700520733886,409.1305725263709,394.78750325804526
2013-12-20 00:40:00,391.80353,404.69742,557.5985,390.5458154420413,387.77163750233547,387.1045360704974
2013-12-20 00:50:00,297.08508,391.80353,570.55914,364.97504365309425,370.0649617925652,363.68687669201296
2013-12-20 01:00:00,363.3345,297.08508,585.45844,322.988057467556,349.05068910041274,330.54560156025786
2013-12-20 01:10:00,311.23398,363.3345,528.4889,332.94804506940636,348.7484718313888,353.5612082995529
2013-12-20 01:20:00,304.2302,311.23398,479.70178,300.5796412938732,304.4769821371457,295.1550935239523
2013-12-20 01:30:00,292.2712,304.2302,467.96854,303.07971664752955,325.4286959336985,328.9654554891614
2013-12-20 01:40:00,266.19818,292.2712,458.12933,284.24067832282464,306.3448783711691,303.10050719615185
2013-12-20 01:50:00,241.73764,266.19818,431.3978,267.7101893420289,278.31678501535873,284.7655569648099
2013-12-20 02:00:00,268.45358,241.73764,425.3543,247.5437583081349,272.33219442952407,270.86694056663987
2013-12-20 02:10:00,255.58801,268.45358,385.7321,249.4945718251363,270.04791729998806,273.49341013858304
2013-12-20 02:20:00,255.26366,255.58801,387.86047,243.6864099393858,255.1920234624978,254.3128583778609
2013-12-20 02:30:00,247.74217,255.26366,385.2298,248.1482076965862,270.38792142444663,275.0922952766629
2013-12-20 02:40:00,261.45126,247.74217,352.71094,241.79751083247177,262.50089975643306,260.41490356004783
2013-12-20 02:50:00,212.55832,261.45126,361.2526,247.22318997397377,257.1204701142142,261.6229599557367
2013-12-20 03:00:00,225.63673,212.55832,380.73166,224.3998030811429,243.24426355863014,244.04373915896798
2013-12-20 03:10:00,253.41428,225.63673,314.0599,224.1343035970742,244.35146111675863,244.14216743150823
2013-12-20 03:20:00,224.57256,253.41428,300.7847,228.62673428874427,238.77221033147424,233.94570360331085
2013-12-20 03:30:00,224.44083,224.57256,357.03372,225.18084613443136,241.71399095698976,242.39512690523222
2013-12-20 03:40:00,250.79286,224.44083,348.6495,226.39463926568402,248.42774142151495,242.00125674498315
2013-12-20 03:50:00,213.31396,250.79286,376.4051,232.50119227855922,241.34072124751546,237.8623622807426
2013-12-20 04:00:00,220.35384,213.31396,323.42487,220.6345232737748,233.18538610104096,236.2215447554647
2013-12-20 04:10:00,226.84929,220.35384,306.4742,223.2421920267886,245.11609709613649,244.3807268703265
2013-12-20 04:20:00,201.8171,226.84929,330.91895,219.47862535869675,229.73872142202208,228.0435923066199
2013-12-20 04:30:00,205.79384,201.8171,332.81046,211.03696000534873,224.3923528753491,225.9419009511527
2013-12-20 04:40:00,235.06807,205.79384,312.34933,209.95410166312482,233.32589281058486,230.13812762691433
2013-12-20 04:50:00,192.8713,235.06807,342.78723,219.6344939588196,229.29040919875817,225.83655781820374
2013-12-20 05:00:00,216.31819,192.8713,332.0566,207.23085237758227,218.5914422057699,219.91329927643557
2013-12-20 05:10:00,236.10062,216.31819,325.21027,218.4069077380943,238.65065638683862,239.20978477162865
2013-12-20 05:20:00,207.19698,236.10062,331.92108,223.70369049621212,229.99805358937058,216.30538398541913
2013-12-20 05:30:00,252.64702,207.19698,347.4516,221.7892559439649,230.17501820806993,237.37441491853767
2013-12-20 05:40:00,243.07234,252.64702,365.00818,244.8850888296131,258.8669235877743,264.73861704708673
2013-12-20 05:50:00,206.34781,243.07234,344.67184,244.60368021448946,244.01847193058606,234.7404070120221
2013-12-20 06:00:00,246.4004,206.34781,357.2065,237.04463812239337,244.7377604179506,249.7449958765271
2013-12-20 06:10:00,231.74612,246.4004,370.5993,248.75267061005252,258.7507376670859,278.74725886263053
2013-12-20 06:20:00,241.9884,231.74612,337.94733,242.47866923050157,238.0821332694598,242.9641511736269
2013-12-20 06:30:00,240.64299,241.9884,390.7559,258.01577915221907,263.91743252086206,292.08130187090524
2013-12-20 06:40:00,296.80536,240.64299,426.3634,257.6536778071352,263.73043189883583,288.24428756422213
2013-12-20 06:50:00,303.16022,296.80536,428.59573,291.3620431196884,283.7616149416289,303.5871735146139
2013-12-20 07:00:00,369.727,303.16022,462.0987,310.9572310834939,301.8185670426045,352.5879673376782
2013-12-20 07:10:00,364.43896,369.727,468.10217,367.5363040845461,353.5796891845003,394.4679162292251
2013-12-20 07:20:00,412.51233,364.43896,497.87415,386.8084559797724,367.3884083268971,388.0325736174651
2013-12-20 07:30:00,379.6234,412.51233,548.8626,435.1380254053109,439.8876236524358,499.22845637543446
2013-12-20 07:40:00,429.28006,379.6234,709.41785,430.3755159612979,477.24153214827436,493.5123748379709
2013-12-20 07:50:00,670.184,429.28006,785.73956,466.4304830603453,542.4146498998896,534.7946759407725
2013-12-20 08:00:00,684.615,670.184,838.34576,589.6832615514832,674.5064082961039,701.4621985875156
2013-12-20 08:10:00,693.4316,684.615,990.9095,685.2005717180767,735.2214457810878,767.5762880369006
2013-12-20 08:20:00,856.236,693.4316,1039.6176,782.1114031876596,892.5960884060015,840.022647009824
2013-12-20 08:30:00,789.6416,856.236,1123.5721,878.7578360950613,1027.3753646867578,1009.9390662700251
2013-12-20 08:40:00,935.70966,789.6416,1333.055,890.0854920495586,1016.2797207393476,1051.0108130729386
2013-12-20 08:50:00,1030.2852,935.70966,1356.001,1006.1644621197815,1152.8522181004655,1135.760722975258
2013-12-20 09:00:00,1220.1326,1030.2852,1505.299,1074.331345414824,1174.876167860254,1148.0831865831942
2013-12-20 09:10:00,1237.1399,1220.1326,1510.491,1248.9615541949915,1309.9464848089003,1346.3663745705287
2013-12-20 09:20:00,1306.8203,1237.1399,1588.6987,1338.5033235457586,1412.5436111944537,1322.6129811077456
2013-12-20 09:30:00,1387.7256,1306.8203,1766.7881,1438.8548780750862,1476.4069877331842,1440.3571235780391
2013-12-20 09:40:00,1409.9806,1387.7256,1808.7479,1501.3259893565705,1524.664347827461,1533.8031104350307
2013-12-20 09:50:00,1643.7428,1409.9806,1958.7585,1549.6830087002177,1580.7037098064895,1554.0085152833592
2013-12-20 10:00:00,1689.272,1643.7428,1993.3566,1697.694255252042,1711.9354874601042,1692.971546591754
2013-12-20 10:10:00,1596.9042,1689.272,2189.3645,1780.3654273936136,1761.367350291593,1737.856601598888
2013-12-20 10:20:00,1671.0422,1596.9042,2084.7888,1802.5861162499218,1792.448594949951,1749.0449263290811
2013-12-20 10:30:00,1595.8232,1671.0422,2147.3042,1821.2005212622898,1837.7986527316627,1784.1264236088648
2013-12-20 10:40:00,1878.9929,1595.8232,2104.7397,1759.4993896385693,1792.6220745838564,1812.5776318788032
2013-12-20 10:50:00,1986.623,1878.9929,2194.374,1898.827169788775,1950.6831182169585,1986.9020420147458
2013-12-20 11:00:00,1975.8969,1986.623,2214.081,1989.0471256359424,2032.6699207752342,1961.370911855159
2013-12-20 11:10:00,1999.3616,1975.8969,2228.4258,2083.462985519045,2084.226154704663,2104.5395903893946
2013-12-20 11:20:00,2245.892,1999.3616,2195.0015,2109.666227110407,2140.4440588938032,2076.2533059148136
2013-12-20 11:30:00,2462.2505,2245.892,2448.7454,2224.4060615862536,2247.5463231394083,2244.671345904894
2013-12-20 11:40:00,2270.8694,2462.2505,2437.5251,2385.3474070873067,2383.5775714730853,2387.3145280994227
2013-12-20 11:50:00,2222.1091,2270.8694,2623.1047,2398.655596556483,2389.9196479333373,2356.310104822574
2013-12-20 12:00:00,2357.3289,2222.1091,2524.663,2373.0227184180358,2377.2260336558506,2355.3826146874612
2013-12-20 12:10:00,2275.7559,2357.3289,2549.3057,2368.737548360873,2421.2791408131534,2444.77704156229
2013-12-20 12:20:00,2439.7173,2275.7559,2624.7651,2335.386274286615,2420.89966514462,2429.2465339157293
2013-12-20 12:30:00,2526.5452,2439.7173,2694.481,2427.1219611005235,2514.912041516963,2502.969427980125
2013-12-20 12:40:00,2346.0898,2526.5452,2781.5293,2478.667319918046,2552.9994036580088,2494.3855126749236
2013-12-20 12:50:00,2470.798,2346.0898,2865.5352,2445.6692971815305,2515.9491729966285,2501.8072937899797
2013-12-20 13:00:00,2650.648,2470.798,2940.3296,2484.8015480971258,2574.106724598064,2591.0066078127334
2013-12-20 13:10:00,2598.8076,2650.648,3051.0095,2549.9901455566905,2623.5217349141744,2618.9815073215705
2013-12-20 13:20:00,2632.6096,2598.8076,3078.019,2598.4549111630427,2649.287218636431,2696.4179174015067
2013-12-20 13:30:00,2461.2249,2632.6096,3083.7793,2650.086886001861,2699.2478236605066,2715.0517961784376
2013-12-20 13:40:00,2746.5823,2461.2249,3283.275,2555.025617658596,2606.769759071408,2573.2256555188756
2013-12-20 13:50:00,2632.105,2746.5823,3127.0261,2666.331979612115,2712.4681988897737,2787.917706428044
2013-12-20 14:00:00,2633.7163,2632.105,3230.5867,2629.713099620113,2697.537342908826,2695.920890990459
2013-12-20 14:10:00,2568.3618,2633.7163,3069.2366,2681.8013942745947,2693.309686313876,2693.6725120362735
2013-12-20 14:20:00,2618.5422,2568.3618,3219.235,2619.261229025497,2677.704318876621,2647.026185257404
2013-12-20 14:30:00,2665.7302,2618.5422,3162.4795,2630.252052526979,2671.1687868818367,2682.5513684717607
2013-12-20 14:40:00,2900.3716,2665.7302,3016.3335,2648.28943011621,2695.3335382275545,2646.2521520612336
2013-12-20 14:50:00,2662.662,2900.3716,3049.2744,2788.2358986995964,2788.5857115472977,2751.3631873638897
2013-12-20 15:00:00,2651.5896,2662.662,2995.5254,2735.91723843097,2729.2024193058346,2653.261610914494
2013-12-20 15:10:00,2596.082,2651.5896,3060.013,2735.645973272566,2709.415506357914,2688.4662034667886
2013-12-20 15:20:00,2519.1433,2596.082,3174.6333,2641.297943087678,2671.75686068857,2617.268361049163
2013-12-20 15:30:00,2734.37,2519.1433,2886.7908,2583.098873048055,2607.8587443199553,2563.9438578003437
2013-12-20 15:40:00,2823.1987,2734.37,3033.8137,2653.885113749622,2689.2192390005434,2641.0936517717187
2013-12-20 15:50:00,2617.3066,2823.1987,3123.8599,2721.5342130740723,2719.044785769404,2619.219052201661
2013-12-20 16:00:00,2674.8655,2617.3066,2726.6482,2691.4694668670827,2664.6966185710835,2630.1323820194193
2013-12-20 16:10:00,2548.0388,2674.8655,2946.943,2689.4831332007675,2677.3789786522316,2723.57346356967
2013-12-20 16:20:00,2558.9575,2548.0388,3068.1978,2578.0405724108673,2595.6713038305425,2579.511659105837
2013-12-20 16:30:00,2391.4993,2558.9575,2880.6956,2561.1925197283344,2575.812953400714,2573.564346475339
2013-12-20 16:40:00,2764.4683,2391.4993,2967.5896,2437.924820558176,2507.028563975206,2412.448265453296
2013-12-20 16:50:00,2595.302,2764.4683,2932.3066,2574.403247027061,2588.491390420416,2566.558652333927
2013-12-20 17:00:00,2626.2993,2595.302,2634.3552,2523.5612449743626,2556.4061348923246,2465.409055367538
2013-12-20 17:10:00,2673.3782,2626.2993,2905.0522,2589.299565472832,2555.267227257428,2615.1896811801703
2013-12-20 17:20:00,2455.5234,2673.3782,2935.5886,2565.65262828996,2585.435699170406,2517.032562246654
2013-12-20 17:30:00,2262.6885,2455.5234,2710.5,2466.2159417181356,2463.0630297776024,2450.1785216887965
2013-12-20 17:40:00,2273.0955,2262.6885,2826.0476,2322.283018433055,2385.7062392913454,2302.7445512533923
2013-12-20 17:50:00,2120.3894,2273.0955,2633.5066,2224.055390038917,2312.1262153315397,2246.8697407182262
2013-12-20 18:00:00,2335.026,2120.3894,2496.8335,2095.691138160581,2203.202464427275,2138.4909609883352
2013-12-20 18:10:00,2156.287,2335.026,2531.4773,2158.869200842948,2255.2487320966575,2258.190660934394
2013-12-20 18:20:00,2015.8969,2156.287,2551.5496,2074.9120759650864,2179.5002377481765,2100.8832280491497
2013-12-20 18:30:00,2134.4436,2015.8969,2273.8394,2013.454368652262,2079.3309265134944,2031.2701492135043
2013-12-20 18:40:00,1919.2556,2134.4436,2338.1753,1991.0607730348154,2099.7319702475575,2061.05204405096
2013-12-20 18:50:00,1839.2903,1919.2556,2365.7478,1873.5344622252344,1946.499984489105,1877.4547393798014
2013-12-20 19:00:00,1951.7675,1839.2903,2148.0527,1811.8600663771872,1870.5056046669313,1812.0888188362965
2013-12-20 19:10:00,1644.755,1951.7675,2083.132,1792.7146460486445,1854.0344743818694,1791.9205078523617
2013-12-20 19:20:00,1486.1348,1644.755,1962.935,1645.7473460965277,1673.047849559615,1644.8640870348659
2013-12-20 19:30:00,1693.2423,1486.1348,2013.5625,1524.2829497394794,1555.0234440913903,1558.4928643131384
2013-12-20 19:40:00,1344.2494,1693.2423,1706.2759,1516.6519374681059,1552.8000269008435,1578.4392935242136
2013-12-20 19:50:00,1241.1986,1344.2494,1826.3173,1353.385022946539,1370.3188908869377,1381.8704553151324
2013-12-20 20:00:00,1227.9812,1241.1986,1699.641,1274.4168729243502,1292.3926438991598,1330.7202000242924
2013-12-20 20:10:00,1140.5072,1227.9812,1544.8228,1169.3265004205905,1236.7517482818191,1239.8793615694913
2013-12-20 20:20:00,1019.1907,1140.5072,1342.9797,1099.4844921302733,1139.9778310776653,1175.3781801649397
2013-12-20 20:30:00,927.6131,1019.1907,1279.7556,1017.8578875432696,1093.0747026056406,1099.1289788880774
2013-12-20 20:40:00,860.2623,927.6131,1232.818,926.9807404970752,1000.1841369911992,1002.5615697015302
2013-12-20 20:50:00,789.00684,860.2623,1102.6925,847.2006220383049,927.8268282675172,941.6596951438052
2013-12-20 21:00:00,744.62024,789.00684,1079.3408,777.1649010725567,872.5919474892929,894.0238946090054
2013-12-20 21:10:00,782.2459,744.62024,1063.9506,724.9935118875933,818.8869736272735,831.1723588297335
2013-12-20 21:20:00,736.78107,782.2459,1064.7455,716.3623355047366,800.4479446974068,841.3277143802974
2013-12-20 21:30:00,696.8599,736.78107,1109.7766,692.1898566331147,777.5529288577474,819.0950203041273
2013-12-20 21:40:00,733.6608,696.8599,1096.9828,672.3543596132789,748.5772311309784,796.3785111535229
2013-12-20 21:50:00,721.8335,733.6608,1040.4926,670.1846026675564,733.8107093176192,804.9278625335246
2013-12-20 22:00:00,662.12854,721.8335,971.82117,662.6888591981967,711.5292386808546,786.9511765529794
2013-12-20 22:10:00,703.3142,662.12854,819.21045,640.7587756138668,684.7722625979968,761.2827252577383
2013-12-20 22:20:00,637.83673,703.3142,939.44507,644.5038943313859,675.7449278735701,772.4572853859477
2013-12-20 22:30:00,693.22076,637.83673,854.6558,608.1695654193416,635.0700353131122,714.6773229420222
2013-12-20 22:40:00,601.387,693.22076,837.2959,629.9220543392838,647.0857974128425,750.1637413055281
2013-12-20 22:50:00,664.32275,601.387,809.6473,582.7521853936698,605.1629143040378,680.6044073482036
2013-12-20 23:00:00,564.0374,664.32275,723.49677,606.1130964792463,609.8102509816365,707.4962325475938
2013-12-20 23:10:00,487.8661,564.0374,717.10986,550.4100083545788,574.1953276309044,640.5963173690831
2013-12-20 23:20:00,539.56445,487.8661,754.6628,506.13982474096923,526.4420155214708,588.4383118626732
2013-12-20 23:30:00,738.7418,539.56445,665.85645,493.238001570622,520.0895192528814,589.7077174371107
2013-12-20 23:40:00,1177.4382,738.7418,631.07794,569.2679314825295,561.5983153931205,546.4143558506981
2013-12-20 23:50:00,832.1246,1177.4382,647.37897,795.310982937922,710.315386247929,603.3581100574626
2013-12-21 00:00:00,696.6468,832.1246,562.1816,741.3323748139144,636.4267344781122,700.1037122644682
2013-12-21 00:10:00,505.417,696.6468,568.6476,741.0571873512898,530.2811313784222,602.5490356551105
2013-12-21 00:20:00,790.2082,505.417,600.47534,564.4331850041444,569.9121658477126,521.8995959690008
2013-12-21 00:30:00,458.16873,790.2082,671.0108,641.4404680555149,645.3407127414374,601.5020850757535
2013-12-21 00:40:00,404.18,458.16873,540.24054,497.9212181068017,516.1885038301555,446.00970264795
2013-12-21 00:50:00,392.979,404.18,561.13934,464.82619362952727,474.6023439234176,411.14496037480706
2013-12-21 01:00:00,361.36307,392.979,426.83456,386.069587601118,425.67992786292245,380.67733573479467
2013-12-21 01:10:00,361.5745,361.36307,456.30737,356.4959323125724,360.3126689647056,331.78588485899
2013-12-21 01:20:00,322.63083,361.5745,462.04654,347.9184729276241,376.0310962189731,369.10085436538645
2013-12-21 01:30:00,308.55063,322.63083,409.91403,322.1407008167224,346.325881653523,347.7824900933547
2013-12-21 01:40:00,308.66302,308.55063,428.03226,307.5739734556257,320.14039549379646,324.8507709385361
2013-12-21 01:50:00,316.9625,308.66302,417.38947,296.1175477647215,314.35067608842127,307.67294416506434
2013-12-21 02:00:00,297.1868,316.9625,386.58838,297.3072677341202,310.337868998043,302.4344490434207
2013-12-21 02:10:00,320.12656,297.1868,422.17358,290.36511604104396,300.0965437342287,303.125664002745
2013-12-21 02:20:00,315.64932,320.12656,413.12112,299.77860756060926,311.13358384510343,313.1416444982268
2013-12-21 02:30:00,277.5032,315.64932,367.0613,298.4557814371271,306.5395547957504,286.63566415726444
2013-12-21 02:40:00,282.7768,277.5032,383.90332,285.13357288957627,291.1769034864301,294.09998976576634
2013-12-21 02:50:00,296.1383,282.7768,368.68402,279.0499256451594,290.5776676451958,281.54983235682295
2013-12-21 03:00:00,279.48264,296.1383,318.56613,277.9339019884538,286.8255912559596,276.70236194728136
2013-12-21 03:10:00,274.27963,279.48264,356.99118,274.9767377860132,283.6611555005807,286.160291056481
2013-12-21 03:20:00,257.2602,274.27963,362.36743,272.8293036454044,284.7762703052445,288.5553168908404
2013-12-21 03:30:00,250.54742,257.2602,327.84253,259.7930188636734,271.21659381662397,272.2582197847594
2013-12-21 03:40:00,319.1933,250.54742,361.4724,252.1005224684286,264.22863306559344,279.1165457842617
2013-12-21 03:50:00,255.39021,319.1933,392.09964,279.0719029580296,285.7535565980898,296.6462791825782
2013-12-21 04:00:00,269.69437,255.39021,335.10745,262.9750795046916,270.52555017601003,264.79942065136873
2013-12-21 04:10:00,265.03293,269.69437,344.75296,274.67774312047743,279.11081995551854,287.559188424834
2013-12-21 04:20:00,273.5162,265.03293,409.9027,260.94593607516276,269.90320345896373,265.86516529937984
2013-12-21 04:30:00,287.6533,273.5162,425.41376,269.0210898644024,273.19171677800716,280.4042213678185
2013-12-21 04:40:00,283.76547,287.6533,370.51093,277.92547133593195,286.0443123975753,278.37193816827966
2013-12-21 04:50:00,275.07043,283.76547,368.16885,283.0139660539354,284.740769411303,274.1258198560427
2013-12-21 05:00:00,292.82037,275.07043,329.82443,282.9881442244249,285.9323497150965,276.3714380662784
2013-12-21 05:10:00,332.5462,292.82037,335.45142,290.51720614867065,292.29305947666643,288.32437864224283
2013-12-21 05:20:00,310.3698,332.5462,371.93497,313.50152775437607,305.13636970900967,298.77830275913664
2013-12-21 05:30:00,288.39502,310.3698,317.2117,319.13822597990713,310.4151958260137,294.29375185483906
2013-12-21 05:40:00,300.36313,288.39502,325.83228,315.2210944589132,308.69569357203477,291.5912001967127
2013-12-21 05:50:00,302.14236,300.36313,336.32974,312.76317021675686,305.88121551840845,288.9816694737006
2013-12-21 06:00:00,321.63306,302.14236,322.4408,312.8423137534329,305.1572385722907,294.47030520066005
2013-12-21 06:10:00,279.65805,321.63306,374.6084,329.22692394579366,322.0003521828861,314.8332249473884
2013-12-21 06:20:00,313.6889,279.65805,319.77472,314.29421443745025,308.45525500508575,296.56999450479174
2013-12-21 06:30:00,313.98743,313.6889,322.27902,330.2651889336222,318.9123686863897,319.44417179860676
2013-12-21 06:40:00,310.84875,313.98743,347.61154,329.538014030577,319.55776503569757,311.9767322196257
2013-12-21 06:50:00,316.01263,310.84875,336.65613,340.69695798823886,326.21700261114285,327.9185139420802
2013-12-21 07:00:00,323.74387,316.01263,366.4286,345.4056499899157,332.10286134355925,331.8112499962796
2013-12-21 07:10:00,301.79507,323.74387,374.53012,352.57939861766846,336.17853363398694,339.5890394915441
2013-12-21 07:20:00,326.47913,301.79507,391.56696,346.17772537333747,334.114398069773,337.8701099247626
2013-12-21 07:30:00,342.92157,326.47913,370.67868,358.89445868841443,342.0904984004221,358.84877207631
2013-12-21 07:40:00,296.91846,342.92157,428.1872,369.9043785953499,349.2188653535539,356.05912036814175
2013-12-21 07:50:00,335.83932,296.91846,434.57974,357.2911505072787,345.15594936703906,354.5556163757418
2013-12-21 08:00:00,374.44254,335.83932,441.70938,374.1548565259116,357.7687924535536,378.3361000298507
2013-12-21 08:10:00,345.98758,374.44254,520.7941,392.88859494071494,366.97727368283347,390.1915321015493
2013-12-21 08:20:00,423.27612,345.98758,505.1134,401.33349753037885,380.7327360900128,412.44475422482145
2013-12-21 08:30:00,409.3582,423.27612,501.27405,449.7552450367638,418.147654461282,440.1711676518064
2013-12-21 08:40:00,468.2277,409.3582,487.5926,454.4228836977244,420.257161089666,441.8884990734079
2013-12-21 08:50:00,520.4716,468.2277,565.96643,509.0479140714225,471.4841129809801,519.8289677145771
2013-12-21 09:00:00,583.5124,520.4716,580.1967,548.6145648650406,510.7102651847899,522.4417519775427
2013-12-21 09:10:00,506.6174,583.5124,661.5094,616.1353355474529,554.1379110816663,608.0405366486082
2013-12-21 09:20:00,730.40265,506.6174,655.34924,604.7552309705537,579.4113188828569,597.1213230626821
2013-12-21 09:30:00,708.8068,730.40265,715.3645,722.5991200265727,679.7167912024345,729.272770453297
2013-12-21 09:40:00,748.7587,708.8068,741.9239,743.3726338101917,712.7469769871983,730.592257067702
2013-12-21 09:50:00,776.95844,748.7587,906.65796,832.2071582845837,796.2856895777434,846.902587434728
2013-12-21 10:00:00,834.7816,776.95844,928.20593,847.3748523769095,871.2145465288597,843.1684355147133
2013-12-21 10:10:00,927.0139,834.7816,1126.7924,893.7802186015184,924.3348967249783,950.8510371635329
2013-12-21 10:20:00,1075.7583,927.0139,1210.8842,961.2266463510128,1033.836918021024,1015.6204354321552
2013-12-21 10:30:00,1118.0957,1075.7583,1258.0514,1074.4402594801234,1114.6705152412837,1141.2004929503337
2013-12-21 10:40:00,1275.7828,1118.0957,1341.344,1157.809374256267,1190.3235348135618,1238.843599089148
2013-12-21 10:50:00,1225.114,1275.7828,1576.9667,1289.27732860599,1333.818515759829,1329.5620735741206
2013-12-21 11:00:00,1428.2644,1225.114,1711.0304,1306.6532243788374,1364.7176430202344,1315.8026269800075
2013-12-21 11:10:00,1449.5228,1428.2644,1827.1998,1437.6702011138,1470.5319440826981,1519.319293883632
2013-12-21 11:20:00,1457.4513,1449.5228,1836.7257,1474.5923664344061,1556.9269634140542,1543.5102127867003
2013-12-21 11:30:00,1642.2819,1457.4513,2003.9761,1535.0951584862928,1574.6226787530888,1635.1950830249018
2013-12-21 11:40:00,1650.584,1642.2819,1901.0997,1628.0840736027246,1697.4625223506987,1702.6260411813296
2013-12-21 11:50:00,1815.6241,1650.584,2234.783,1670.547167468747,1740.6962945353139,1726.8116518198851
2013-12-21 12:00:00,1969.3022,1815.6241,2436.8333,1801.0214753221837,1841.8766097735459,1912.554994222603
2013-12-21 12:10:00,1965.2988,1969.3022,2493.6182,1910.9686054018896,1953.4300342587749,1970.360159816831
2013-12-21 12:20:00,2041.4291,1965.2988,2576.761,1986.3039024322147,2003.3659556603145,2014.6310222734182
2013-12-21 12:30:00,2129.975,2041.4291,2569.2693,2059.7336520946737,2085.228394264181,2103.1069790591278
2013-12-21 12:40:00,2113.1958,2129.975,2529.5483,2114.6216340792107,2149.4716116457175,2144.9300473898943
2013-12-21 12:50:00,2121.882,2113.1958,2889.237,2142.7610527989623,2186.426300558948,2186.2996373380306
2013-12-21 13:00:00,2164.9204,2121.882,2800.5796,2162.763422356586,2223.1768521208646,2244.912465845562
2013-12-21 13:10:00,2325.1904,2164.9204,2811.1377,2178.4769571621405,2250.8584272510084,2228.868089361139
2013-12-21 13:20:00,2355.1355,2325.1904,2961.512,2268.1413998014204,2334.9931458827655,2277.746032836792
2013-12-21 13:30:00,2386.1697,2355.1355,2937.1152,2331.2446965194426,2388.989509796761,2343.185360914073
2013-12-21 13:40:00,2157.8718,2386.1697,3070.5964,2397.3325010018857,2419.456129723303,2390.9284588974338
2013-12-21 13:50:00,2452.4163,2157.8718,3123.7393,2293.511451650812,2367.7331048864203,2298.5004064395366
2013-12-21 14:00:00,2294.8982,2452.4163,3181.5417,2397.5020086014356,2456.125190869494,2466.043966168372
2013-12-21 14:10:00,2495.4827,2294.8982,3383.1099,2326.0820841281293,2427.4833687221962,2341.663955064167
2013-12-21 14:20:00,2569.2937,2495.4827,3220.7825,2471.681296427332,2485.2977579406797,2540.2665046127545
2013-12-21 14:30:00,2397.1416,2569.2937,3157.9006,2512.9341263478523,2587.305307449512,2482.2254819336804
2013-12-21 14:40:00,2213.5137,2397.1416,3079.857,2498.343601431312,2495.3416827455862,2502.3692214035573
2013-12-21 14:50:00,2490.4224,2213.5137,3346.252,2380.160247836285,2467.4883774375944,2378.279685496945
2013-12-21 15:00:00,2579.4656,2490.4224,3014.7808,2433.0085718573005,2510.8634721338367,2537.367494323619
2013-12-21 15:10:00,2429.455,2579.4656,3104.6562,2490.107574417014,2557.2948116396933,2517.448044733198
2013-12-21 15:20:00,2475.544,2429.455,3216.5642,2511.105363306862,2526.9842471083502,2512.9468530302333
2013-12-21 15:30:00,2627.732,2475.544,3130.777,2520.213887520978,2563.0570038596347,2535.3201306742267
2013-12-21 15:40:00,2615.4875,2627.732,3147.0364,2562.9505258196164,2602.2348652224496,2636.274848827121
2013-12-21 15:50:00,2511.2039,2615.4875,2968.4014,2600.3711408659065,2627.005230584241,2643.9663509454303
2013-12-21 16:00:00,2755.5808,2511.2039,3474.4814,2579.6275979936186,2588.8228246838744,2595.8879060153213
2013-12-21 16:10:00,2681.3354,2755.5808,3041.9165,2666.8737787904693,2670.774218484415,2713.059348403681
2013-12-21 16:20:00,2624.8208,2681.3354,3363.6506,2650.9475502512228,2676.0819750069127,2669.9027992735487
2013-12-21 16:30:00,2838.9736,2624.8208,3140.3357,2662.3142367481355,2638.2785992214826,2731.637788123365
2013-12-21 16:40:00,2782.5344,2838.9736,3193.6038,2725.873694175978,2729.58124464708,2783.7018440860106
2013-12-21 16:50:00,2546.956,2782.5344,3130.6248,2722.11811796883,2713.036594479521,2747.9062220958435
2013-12-21 17:00:00,2749.6194,2546.956,3010.8503,2635.695881385952,2632.2649091762537,2714.72879915567
2013-12-21 17:10:00,2715.9995,2749.6194,2893.586,2658.091835208912,2676.132547425513,2764.301955912588
2013-12-21 17:20:00,2544.2126,2715.9995,2915.0537,2615.58725576291,2659.2733854227613,2721.9319028980603
2013-12-21 17:30:00,2755.3923,2544.2126,2824.3813,2564.7762846648216,2579.7929342849006,2664.2340096470157
2013-12-21 17:40:00,2733.1387,2755.3923,2898.5122,2609.6857582545854,2644.2148427978477,2731.4616083230503
2013-12-21 17:50:00,2625.955,2733.1387,2690.0376,2591.179162638005,2614.569270745948,2692.5203658739074
2013-12-21 18:00:00,2288.7522,2625.955,2761.846,2578.4714481245474,2572.286135354241,2667.953057915848
2013-12-21 18:10:00,2231.908,2288.7522,2747.376,2369.9508070010675,2429.682756741689,2389.7436039719514
2013-12-21 18:20:00,2133.0562,2231.908,2856.41,2234.560747991257,2315.586808295155,2320.964701868549
2013-12-21 18:30:00,2152.1133,2133.0562,2998.2705,2086.5267463557825,2229.558944704181,2236.2378262795573
2013-12-21 18:40:00,1993.871,2152.1133,3010.9343,2053.348893787522,2137.1820002775426,2189.296352058451
2013-12-21 18:50:00,1951.8522,1993.871,2775.7188,1950.5570017556697,2041.8667751161947,2045.6770830870043
2013-12-21 19:00:00,1813.9457,1951.8522,2581.449,1895.081582998335,1953.4737059329075,2048.822689389137
2013-12-21 19:10:00,1655.6824,1813.9457,2637.1062,1776.675756931584,1852.9953224114797,1883.7123187952866
2013-12-21 19:20:00,1597.5039,1655.6824,2362.4297,1655.3263664723413,1701.02186074407,1761.0476681461932
2013-12-21 19:30:00,1325.4286,1597.5039,2403.5923,1558.00994046363,1623.2931064600675,1673.8462239764342
2013-12-21 19:40:00,1457.4199,1325.4286,2313.0232,1370.8098753666852,1442.809899147112,1445.5954080945698
2013-12-21 19:50:00,1450.1373,1457.4199,2341.259,1361.6343642707457,1413.4874970399133,1520.5441288209402
2013-12-21 20:00:00,1219.9036,1450.1373,2250.6663,1319.48960858655,1374.9271866049003,1444.6888124722263
2013-12-21 20:10:00,1292.1918,1219.9036,2147.2869,1237.6729012044266,1255.3172689115397,1319.2751406912032
2013-12-21 20:20:00,1162.7395,1292.1918,1903.3037,1220.9660150406912,1262.5432372900882,1351.2193177237389
2013-12-21 20:30:00,1148.6572,1162.7395,1660.0603,1119.8627890609296,1179.0865632182745,1218.7334280323244
2013-12-21 20:40:00,1033.7631,1148.6572,1681.1332,1101.8890035965,1139.2296493307815,1221.0138714892978
2013-12-21 20:50:00,946.29254,1033.7631,1615.8784,1012.6347898247543,1085.7264247311027,1109.9428887216338
2013-12-21 21:00:00,943.5213,946.29254,1501.5701,941.60803993634,997.9172051488736,1034.6654484195535
2013-12-21 21:10:00,952.71265,943.5213,1508.7454,895.1935801553738,977.0447700043661,992.7447267637399
2013-12-21 21:20:00,890.1043,952.71265,1505.9158,877.5793255874543,939.690412528883,1000.0561050686557
2013-12-21 21:30:00,913.2415,890.1043,1189.2582,848.8923374569553,904.2009781183581,950.3595931058434
2013-12-21 21:40:00,859.0975,913.2415,1117.6763,848.1625763091221,896.6883895381794,940.8312298141387
2013-12-21 21:50:00,780.55316,859.0975,1044.1868,812.2422188785787,861.9831183613442,886.4524329466549
2013-12-21 22:00:00,788.2426,780.55316,955.80475,768.034135769942,808.4423625020484,846.8170169888903
2013-12-21 22:10:00,706.01117,788.2426,1006.0294,742.4017750171333,792.5213155634226,828.4747808554232
2013-12-21 22:20:00,683.7204,706.01117,882.279,686.1242421743335,734.1630858434211,753.8233951793871
2013-12-21 22:30:00,653.22577,683.7204,958.2608,659.6440695418717,703.7594590139254,743.8890119881364
2013-12-21 22:40:00,590.1952,653.22577,859.8664,621.3606024055813,670.3252269879521,701.9478133384005
2013-12-21 22:50:00,508.78333,590.1952,771.5482,579.2634120177448,619.5162696158158,647.5892742941201
2013-12-21 23:00:00,559.73627,508.78333,809.5034,518.8552464122631,567.5796041669527,584.9892218331893
2013-12-21 23:10:00,489.1154,559.73627,773.7576,511.99350389830613,548.6930462750327,580.9500143152255
2013-12-21 23:20:00,517.43915,489.1154,729.79956,470.4106741479326,499.40343385547817,518.7543444781321
2013-12-21 23:30:00,570.5882,517.43915,746.2506,481.1966364293036,502.3294294763056,541.2045464872956
2013-12-21 23:40:00,525.5759,570.5882,793.1124,494.31011896587194,509.1338461786532,504.34755278639494
2013-12-21 23:50:00,463.4319,525.5759,685.05884,492.8378543200931,488.17656269535155,515.4292025600984
2013-12-22 00:00:00,485.2741,463.4319,659.70013,466.27680030626885,471.84454841058687,491.4411882509988
2013-12-22 00:10:00,469.79868,485.2741,588.81726,453.9524647655247,439.8107551228196,472.70985255142637
2013-12-22 00:20:00,406.76752,469.79868,587.33405,437.13517617837994,426.90825238034813,441.79217498172363
2013-12-22 00:30:00,498.52814,406.76752,505.8856,409.1218862449372,414.3580991407577,436.46363780463133
2013-12-22 00:40:00,419.48297,498.52814,498.685,435.1340293143731,442.1958736771749,447.67190155662047
2013-12-22 00:50:00,313.36545,419.48297,482.82147,403.26877094078344,397.82656170774226,388.1649161191208
2013-12-22 01:00:00,311.2208,313.36545,418.5851,353.88981751766295,355.2294708117979,372.17937466631287
2013-12-22 01:10:00,285.27692,311.2208,397.76035,315.47593967527825,336.87856362474713,344.0785578805341
2013-12-22 01:20:00,287.1131,285.27692,387.3037,279.62843079060593,295.3795092677645,295.83136184684525
2013-12-22 01:30:00,288.16458,287.1131,362.5135,274.99541831420663,292.8211630000104,296.16996759158275
2013-12-22 01:40:00,265.65384,288.16458,366.2237,270.18820152433995,291.26500324542764,281.0244234681759
2013-12-22 01:50:00,327.46786,265.65384,344.38333,260.6062404908069,275.25062819094745,271.9666426486664
2013-12-22 02:00:00,274.27466,327.46786,326.85522,284.9564243558013,295.014206813074,291.564677432476
2013-12-22 02:10:00,263.7229,274.27466,331.1099,268.4048133701819,278.0059014099117,271.1414296367956
2013-12-22 02:20:00,257.9314,263.7229,348.21936,267.58724967236174,271.91039261677486,264.0213972715531
2013-12-22 02:30:00,210.99529,257.9314,314.85608,250.75770408431734,265.7207091666243,262.71151635687494
2013-12-22 02:40:00,235.3852,210.99529,306.01614,223.73465573753487,241.9864203159267,233.34811463863383
2013-12-22 02:50:00,244.28406,235.3852,335.4564,224.81295616049619,243.85610660585448,244.67490857541313
2013-12-22 03:00:00,207.78162,244.28406,283.27878,223.2689302288739,238.74245040623788,227.04330970772963
2013-12-22 03:10:00,191.04721,207.78162,281.24432,214.26306786958614,234.2254698628684,227.8518528344105
2013-12-22 03:20:00,239.0879,191.04721,338.18475,200.33263626749596,223.40620367207154,221.39494088510895
2013-12-22 03:30:00,235.65778,239.0879,292.17737,211.21552715953064,226.7120677798129,217.53444903489483
2013-12-22 03:40:00,192.75902,235.65778,301.58112,216.6233875178286,230.44008387429957,217.84398688625345
2013-12-22 03:50:00,211.66522,192.75902,346.29553,207.77321537114216,228.50507242804147,219.80139951667803
2013-12-22 04:00:00,198.14497,211.66522,287.53348,207.7331746163277,223.10345181129742,210.88015322112975
2013-12-22 04:10:00,188.68126,198.14497,306.99564,195.39643025466214,210.70443411993708,199.50569445683414
2013-12-22 04:20:00,197.03189,188.68126,330.93472,193.20740184069265,217.65734321095084,219.08185306504228
2013-12-22 04:30:00,207.60875,197.03189,271.05948,192.62773907245557,214.02851094277622,197.50702448402927
2013-12-22 04:40:00,194.52625,207.60875,306.90762,198.046148938166,214.08342970319964,190.3093903223414
2013-12-22 04:50:00,199.42442,194.52625,315.5683,197.2010774723218,220.74135293199407,219.21630458908166
2013-12-22 05:00:00,191.96487,199.42442,252.07535,200.46901677733834,219.40311240010345,214.81019627874863
2013-12-22 05:10:00,184.78975,191.96487,306.58807,195.5072666912075,210.3450122616974,196.77023815004253
2013-12-22 05:20:00,202.44556,184.78975,312.18585,192.51676563438855,213.65471234123322,217.2803507765907
2013-12-22 05:30:00,188.9675,202.44556,271.6971,199.00850016497716,218.74734522943717,200.22427071789224
2013-12-22 05:40:00,196.66335,188.9675,281.80188,195.6769980502521,211.22202953161863,186.04779943784752
2013-12-22 05:50:00,218.4388,196.66335,308.57193,202.6898094669953,221.53174522273412,219.48024157360672
2013-12-22 06:00:00,204.28622,218.4388,260.56235,213.276232825774,228.6708859350252,216.53429700757292
2013-12-22 06:10:00,204.22127,204.28622,309.4452,215.14641312165202,225.79413712215535,206.58466849144307
2013-12-22 06:20:00,212.75473,204.22127,327.26434,219.43994867842858,232.76295440171927,226.30809807483092
2013-12-22 06:30:00,201.71213,212.75473,272.7059,221.7363979168648,232.5903751536519,213.62793837242558
2013-12-22 06:40:00,182.26083,201.71213,297.13336,219.61062002476297,228.87267893034243,208.5136637741607
2013-12-22 06:50:00,215.85309,182.26083,334.07584,210.0083990761885,225.1359780369768,217.66157643027276
2013-12-22 07:00:00,209.48022,215.85309,292.11954,221.82303416218622,232.3247597915849,228.62782148872944
2013-12-22 07:10:00,202.72679,209.48022,340.07,222.82292217353094,230.87670123965313,208.94183748393442
2013-12-22 07:20:00,241.69568,202.72679,330.6648,229.22205907392492,242.20225738341844,241.40876625669284
2013-12-22 07:30:00,212.7093,241.69568,389.08768,248.09637562535505,253.64426246030123,240.45190214037174
2013-12-22 07:40:00,195.13115,212.7093,530.94916,241.69930072583674,244.20728574113403,235.9482655817535
2013-12-22 07:50:00,250.33661,195.13115,414.2649,236.69595275859857,247.0810918799319,247.03953044252233
2013-12-22 08:00:00,234.88385,250.33661,405.94513,255.3355193582185,259.75636930934763,248.95850435988257
2013-12-22 08:10:00,237.84229,234.88385,459.02927,257.0700405938656,256.12625794448365,254.09604334725827
2013-12-22 08:20:00,284.89966,237.84229,463.02222,273.130380603316,280.081669546194,281.7680548764075
2013-12-22 08:30:00,271.18427,284.89966,473.4037,295.5324517248144,294.48557182152575,292.191739887246
2013-12-22 08:40:00,261.90845,271.18427,496.8063,302.0221443527675,294.3696006901963,312.9476095585997
2013-12-22 08:50:00,294.08463,261.90845,529.28625,307.93978322405223,310.4231637921557,316.2917600094863
2013-12-22 09:00:00,349.03415,294.08463,522.9733,319.4046152586998,319.06986730445834,354.1890732019073
2013-12-22 09:10:00,349.0551,349.03415,548.52747,353.7780817544077,343.7723076475167,386.54383088655686
2013-12-22 09:20:00,378.0785,349.0551,623.22516,378.73374695490213,372.88136195906515,396.0512446047791
2013-12-22 09:30:00,424.97803,378.0785,644.42413,411.27053805204105,395.01829596347187,455.8120104192074
2013-12-22 09:40:00,469.05362,424.97803,673.43353,442.57614626769333,429.1583972038806,475.0342932180303
2013-12-22 09:50:00,553.50824,469.05362,900.9782,485.8144824026699,478.6436157109567,537.0435309702757
2013-12-22 10:00:00,689.464,553.50824,816.3874,554.2178445283081,539.6300767176609,652.7305984248974
2013-12-22 10:10:00,631.2228,689.464,978.78156,656.2443096085551,626.6414016820131,697.5551775944887
2013-12-22 10:20:00,707.78723,631.2228,1081.3431,685.9520907430309,675.6526152599722,784.0155534620948
2013-12-22 10:30:00,766.17035,707.78723,1091.9026,749.565797279914,765.6106778201656,883.6490034304751
2013-12-22 10:40:00,803.88727,766.17035,1309.0472,777.1499644108716,862.1295294979919,847.8056718683654
2013-12-22 10:50:00,971.2718,803.88727,1374.8766,830.0888486103985,935.1180435728193,1006.1697223072035
2013-12-22 11:00:00,1046.3397,971.2718,1422.5747,936.017899986946,1052.7485507036993,1086.8950574614373
2013-12-22 11:10:00,1230.1509,1046.3397,1650.9298,1021.1189782455152,1116.3875082624693,1090.5683342363272
2013-12-22 11:20:00,1127.9285,1230.1509,1733.595,1176.7490566008976,1253.8412804337686,1345.2632403326922
2013-12-22 11:30:00,1449.8252,1127.9285,1695.4235,1185.2781452313282,1283.3544079233438,1263.7042901109717
2013-12-22 11:40:00,1383.4529,1449.8252,1849.1559,1367.0118836755612,1427.9599345162233,1465.0464603791186
2013-12-22 11:50:00,1643.272,1383.4529,1892.614,1375.1367499596386,1492.1647657300734,1486.1042576002903
2013-12-22 12:00:00,1733.9001,1643.272,2023.5764,1576.702848063003,1602.3874314388372,1679.1712654220942
2013-12-22 12:10:00,1675.9011,1733.9001,2123.922,1656.9432155260029,1740.318317570679,1663.982104361021
2013-12-22 12:20:00,1833.2424,1675.9011,2235.975,1719.0046878616402,1737.9804295546592,1831.25816526155
2013-12-22 12:30:00,1764.0161,1833.2424,2122.5881,1803.059328512773,1887.1582750459906,1855.0760873321267
2013-12-22 12:40:00,2001.0841,1764.0161,2134.2458,1784.019845548968,1875.5871411822875,1836.2504125388884
2013-12-22 12:50:00,1983.384,2001.0841,2539.8552,1924.174669748356,2000.3872798811994,2063.6612582565635
2013-12-22 13:00:00,2070.5903,1983.384,2578.364,1948.51832683457,2054.1834811787307,1967.4206905408532
2013-12-22 13:10:00,2207.3523,2070.5903,2608.727,2051.453386551391,2082.757143270434,2052.7811854475653
2013-12-22 13:20:00,2090.5422,2207.3523,2484.7502,2132.3879728728875,2208.87790849079,2152.4960482348065
2013-12-22 13:30:00,1998.6561,2090.5422,2361.1787,2128.825172203568,2178.9782447535817,2106.004040257913
2013-12-22 13:40:00,2118.2163,1998.6561,2399.082,2089.889629503508,2166.959425186554,2064.852444232428
2013-12-22 13:50:00,2046.2311,2118.2163,2422.2095,2098.9916494863555,2217.3106474814253,2149.633093908036
2013-12-22 14:00:00,2005.1089,2046.2311,2714.3743,2066.521889068863,2192.2101443058586,2047.098222617165
2013-12-22 14:10:00,2134.599,2005.1089,2583.7986,2061.4572644757955,2167.8478606695835,2093.5441794615244
2013-12-22 14:20:00,2146.1335,2134.599,2698.714,2098.7635635635447,2223.520495494775,2177.3665648034967
2013-12-22 14:30:00,2083.6038,2146.1335,2606.9653,2124.5206732278484,2224.085873230347,2134.933974405698
2013-12-22 14:40:00,2265.5212,2083.6038,2682.9873,2131.5192178195744,2215.9847842838903,2179.547166781595
2013-12-22 14:50:00,2261.104,2265.5212,2680.1707,2211.2533072130104,2287.03273540627,2282.200911232769
2013-12-22 15:00:00,2310.0312,2261.104,2645.5212,2234.606593936394,2301.3022308791806,2222.440708710814
2013-12-22 15:10:00,2401.2407,2310.0312,2729.0703,2307.6159929959244,2330.274860991957,2402.8699334682806
2013-12-22 15:20:00,2304.6191,2401.2407,2856.5369,2361.901472064542,2395.8421297253326,2426.790609366535
2013-12-22 15:30:00,2281.7644,2304.6191,2966.3352,2345.6268158406237,2358.8735652437263,2382.510890326597
2013-12-22 15:40:00,2348.8733,2281.7644,2922.6616,2332.6510761956333,2370.725345421387,2393.6167515815337
2013-12-22 15:50:00,2395.8262,2348.8733,2932.8667,2331.9427809054323,2389.1858741966735,2450.953892722636
2013-12-22 16:00:00,2172.3372,2395.8262,3102.4612,2360.0640937548023,2398.2890836540996,2441.978999140711
2013-12-22 16:10:00,2329.1118,2172.3372,2976.7158,2269.256646201668,2327.470029222416,2301.0878960170157
2013-12-22 16:20:00,2651.8508,2329.1118,2962.5496,2303.1681387173385,2353.494539270937,2434.7962436191347
2013-12-22 16:30:00,2556.0718,2651.8508,3077.3818,2426.8341168141687,2476.2420929095283,2503.137198345385
2013-12-22 16:40:00,2471.201,2556.0718,3341.7485,2492.7231402026796,2451.7660500583793,2516.6840918339885
2013-12-22 16:50:00,2486.2012,2471.201,2870.308,2506.2792676426698,2442.7706985513664,2499.1809718537543
2013-12-22 17:00:00,2402.3154,2486.2012,3017.3818,2461.027322859563,2454.7616338350404,2484.519759891236
2013-12-22 17:10:00,2440.9219,2402.3154,2786.843,2391.6528619027067,2418.7483299241953,2468.973876162294
2013-12-22 17:20:00,2260.968,2440.9219,2738.2166,2386.260771041215,2414.1321489203356,2518.8631040963696
2013-12-22 17:30:00,2325.243,2260.968,2814.9487,2274.930176048696,2326.150222982271,2335.2991669385633
2013-12-22 17:40:00,2008.1633,2325.243,3089.036,2267.2544284514693,2306.198692667384,2387.7543834366384
2013-12-22 17:50:00,2312.8545,2008.1633,2778.1636,2069.5510980383774,2174.6875150115984,2123.235254064369
2013-12-22 18:00:00,1884.4529,2312.8545,2793.8699,2155.2818383008,2183.1782368191743,2272.8282926091083
2013-12-22 18:10:00,2071.2512,1884.4529,2813.6404,1925.8669391310343,2031.742054160577,1994.3993674439023
2013-12-22 18:20:00,1986.6576,2071.2512,2760.8713,1992.4229323392806,1969.9979530458147,2060.5254048631905
2013-12-22 18:30:00,1833.105,1986.6576,2674.6514,1882.8623332665916,1966.6243320530793,1896.3841934569857
2013-12-22 18:40:00,1691.1321,1833.105,2497.2334,1830.9062027797954,1781.953323094979,1873.4750180721824
2013-12-22 18:50:00,1681.0178,1691.1321,2555.328,1702.1921954669583,1751.0065360257024,1684.3854991552762
2013-12-22 19:00:00,1457.5157,1681.0178,2471.1904,1626.464604460447,1631.8489125048402,1655.7239760241598
2013-12-22 19:10:00,1255.7268,1457.5157,2423.6038,1476.7093879332158,1523.1743389243738,1500.3651688464602
2013-12-22 19:20:00,1255.9373,1255.7268,2052.9524,1321.0305546337095,1359.7538332065135,1309.5572911134002
2013-12-22 19:30:00,1104.2017,1255.9373,1793.0516,1226.8075644152125,1300.7781061686137,1249.6531666313542
2013-12-22 19:40:00,929.8861,1104.2017,1750.4432,1103.8745301455792,1169.5327672395447,1152.531037218524
2013-12-22 19:50:00,896.4366,929.8861,1542.7161,981.6967549222222,1054.3200066923148,1023.5887209023068
2013-12-22 20:00:00,807.0841,896.4366,1552.5208,894.1381070936397,979.4383961406878,940.0063563503436
2013-12-22 20:10:00,1002.8872,807.0841,1458.4071,802.8782389738542,888.9647230450257,873.8488055313621
2013-12-22 20:20:00,794.06885,1002.8872,1356.0596,864.6960649380859,922.813224470956,956.9507492153643
2013-12-22 20:30:00,773.29156,794.06885,1211.9283,786.0581755265163,843.4937525998099,798.4521258490487
2013-12-22 20:40:00,666.1855,773.29156,1163.1595,777.940600137258,798.468780709292,790.8159489831135
2013-12-22 20:50:00,663.6102,666.1855,1058.606,674.0664848569709,761.497071014875,732.9575677280012
2013-12-22 21:00:00,622.58167,663.6102,966.96796,645.0977571279315,700.9858766982954,695.5887999061126
2013-12-22 21:10:00,596.79895,622.58167,981.40106,599.7951951663341,671.0826434692863,661.4977346636894
2013-12-22 21:20:00,650.94525,596.79895,827.83417,577.794679462675,631.8764016817576,644.8576110706091
2013-12-22 21:30:00,500.13675,650.94525,701.6924,587.444113658475,637.0407656930615,625.7967310808233
2013-12-22 21:40:00,519.0877,500.13675,754.4538,519.1329443408583,562.826478609738,565.3177297809385
2013-12-22 21:50:00,522.98975,519.0877,731.9561,509.0472001817499,545.591390565711,580.9600807668792
2013-12-22 22:00:00,535.3907,522.98975,651.9787,480.50026012917317,522.1542321863794,541.98529425935
2013-12-22 22:10:00,484.15634,535.3907,763.3276,491.75981849363075,508.7497561171526,528.8077356201231
2013-12-22 22:20:00,455.88104,484.15634,631.355,470.9645425782023,492.3019478435403,502.4879065543343
2013-12-22 22:30:00,444.85413,455.88104,682.82007,449.17624450559464,466.20209091689935,488.2461308401367
2013-12-22 22:40:00,423.22687,444.85413,692.96216,426.0325400622403,450.46539126446055,472.2002289774587
2013-12-22 22:50:00,406.41708,423.22687,672.80457,406.65405533570276,429.8722925818887,459.2519399157858
2013-12-22 23:00:00,471.26865,406.41708,579.7041,391.41721483869117,413.03759362899694,432.71508250166175
2013-12-22 23:10:00,413.9503,471.26865,567.53156,412.3129127246266,425.41841140540544,423.54284982551707
2013-12-22 23:20:00,342.5726,413.9503,505.4061,395.71225405399395,404.835651803287,399.27157928170806
2013-12-22 23:30:00,381.97705,342.5726,483.5202,363.4010791551184,374.859330432517,378.52163168672683
2013-12-22 23:40:00,298.52628,381.97705,497.01248,355.1906307597347,376.13983860502753,391.79312536090856
2013-12-22 23:50:00,353.7261,298.52628,499.63754,306.4040067901222,329.03458730262946,328.31743163498174
